intent,scenario,scheme,checkpoint_source_scheme,seed,env_seed,evaluation_seed,policy_seed,policy_fingerprint,evaluation_action_mode,training_steps,evaluation_steps,horizon_protocol,evaluation_action_sampling_seed,universal_training_reused,train_time_s,intent_name,episodes,intent_satisfaction_rate,soft_intent_compliance_score,soft_intent_compliance_p05,relaxed_intent_satisfaction_rate,intent_violation_rate,weighted_violation_mean,weighted_violation_p95,weighted_violation_cvar95,intent_regret_auc,positive_violation_mean,reliability_safety_margin_mean,reliability_safety_margin_p05,blocking_mean,blocking_p95,blocking_cvar95,interruption_mean,interruption_p95,interruption_cvar95,deadline_exposure_mean,deadline_exposure_cvar95,deadline_miss_proxy_mean,service_success_rate_mean,unfinished_rate_mean,request_conservation_error_max_abs,shield_override_rate_mean,delay_mean_ms,delay_p95_ms,delay_p99_ms,delay_cvar95_ms,throughput_mean_mbps,throughput_p05_mbps,throughput_cvar_low10_mbps,throughput_stability_cv,energy_eff_mean_bpj,energy_eff_p05_bpj,energy_per_mbit_j,energy_delay_product,fairness_mean,fairness_p05,fairness_deficit_mean,utilization_mean,utilization_p95,reward_mean,reward_stability_cv,qmax_terminal,qmax_oscillation_std,lambda_pressure_mean,lambda_terminal_pressure,action_entropy_norm,dynamic_violation_mean,dynamic_violation_step_cvar95,grant_like_action_rate,preempt_action_rate,deny_action_rate,feasibility_filter_active_rate,feasibility_filtered_action_fraction,shield_filter_active_rate,shield_filtered_action_fraction,shock_action_shift_l1,shock_throughput_bits_mean,pre_shock_throughput_bits_mean,shock_delay_ms_mean,pre_shock_delay_ms_mean,shock_block_rate,shock_interruption_rate,queue_load_mean,energy_per_delivered_bit_step,intent_switch_active,intent_action_shift_l1,intent_mode_shift_l1,counterfactual_intent_policy_l1,counterfactual_mode_policy_l1,counterfactual_argmax_change_rate,frozen_policy_entropy_norm,pre_mask_reject_probability,feasible_reject_probability,physical_infeasible_probability_mass,pre_mask_unsafe_probability_mass,shield_filtered_probability_mass,shield_filtered_raw_probability_mass,actual_shield_prevention_rate,stochastic_action_entropy,stochastic_action_entropy_nats,policy_mode_prob_defer,policy_mode_prob_grant,policy_mode_prob_protect,policy_mode_prob_coexist,policy_mode_prob_reject,intent_mode_prob__balanced_agentic__defer,intent_mode_prob__balanced_agentic__grant,intent_mode_prob__balanced_agentic__protect,intent_mode_prob__balanced_agentic__coexist,intent_mode_prob__balanced_agentic__reject,intent_mode_prob__reliability_first__defer,intent_mode_prob__reliability_first__grant,intent_mode_prob__reliability_first__protect,intent_mode_prob__reliability_first__coexist,intent_mode_prob__reliability_first__reject,intent_mode_prob__latency_critical__defer,intent_mode_prob__latency_critical__grant,intent_mode_prob__latency_critical__protect,intent_mode_prob__latency_critical__coexist,intent_mode_prob__latency_critical__reject,post_switch_violation_mean,switch_adaptation_time_steps,switch_adaptation_success,switch_pre_violation_reference,switch_post_violation_reference,switch_settling_band
balanced_agentic,nominal,MaxWeight,MaxWeight,11,471540437,1073362871,925285975,,stochastic,150,300,150-step training / 300-step held-out evaluation,1332386046,0,1.3999990187585354e-05,balanced_agentic,200,0.0,0.8974925286091943,0.872228406979644,0.425,1.0,0.10250747139080563,0.12777159302035596,0.13426010225899115,20.501494278161125,0.10250747139080563,0.057822358697826086,0.045906448202959846,0.0,0.0,0.0,0.12390829974531821,0.15409355179704015,0.1608265268077668,0.8476941201082724,0.8996712939954911,0.2883,0.5235146718296311,0.4764853281703689,0.0,0.0,74.211780337246,90.77086472602738,98.56602198990626,96.6957923419604,1.838322376889315,1.6752773801722036,1.6672569270764985,0.058983114547006006,18435343.885748625,17143687.20910479,0.05428299142686605,2.22167000464951,0.5065276749674366,0.45077394894346284,0.00928695750738236,0.1021290209382953,0.11240508855234055,-26.69012414725109,0.4061013800891586,,,,,0.12306893181832339,0.08776397648826716,0.1767084298592405,1.0,0.9497,0.0,0.9322833333333334,0.08481000000000001,0.0,0.0,0.15227838827838824,1609.1954488136305,1961.698415083914,81.79335715839032,70.7306396308321,0.0,0.11610711208171294,0.8023895833333333,5.434341634489977e-08,0.0,,,,,,,,,,,,,,,,,,,,,,,,,,,,,,,,,,,,,,,,,
balanced_agentic,nominal,PPO,PPO,11,471540437,1073362871,1897045420,b9c1e1a3273f0ff06c77,stochastic,150,300,150-step training / 300-step held-out evaluation,1332386046,0,259.96485530002974,balanced_agentic,200,0.005,0.9733731978230725,0.9555755860013306,1.0,0.995,0.02662680217692757,0.04442441399866931,0.04845370402041153,5.325360435385514,0.02676060520294228,0.05443631349421887,0.03554068556278015,8.369519540551897e-05,0.0,8.369519540551897e-05,0.13453573119738807,0.16445931443721984,0.17624724507603964,0.7811075177470415,0.8700754416868529,0.26858333333333334,0.7533506417859546,0.24656566301863997,0.0,0.0,81.74094942542268,98.28839826839825,103.141307277628,102.39568911793953,2.4619407905654724,2.2485773292486932,2.225704117679497,0.05813786804454317,33585082.96580452,31847548.669849478,0.02977974326375969,1.7978749681386688,0.6942849074180276,0.6325910204573624,0.0,0.13677448836474845,0.15008255186447014,52.07521858905681,0.18454769279056235,21.571008575666486,0.12208589956735064,,,0.32411606258495546,0.06464108838356021,0.2472412424128693,0.9999000000000001,0.004233333333333334,3.3333333333333335e-05,0.986,0.14364166666666667,0.0,0.0,0.12321611721611722,2423.3800670985324,2482.704257047672,90.1204730227268,74.92672672359124,4.761904761904762e-05,0.14039447104436586,0.6836722222222221,2.9799953346128212e-08,0.0,,,0.009447927771651312,0.008636549897859142,0.0,0.17964523119485803,8.558985521550824e-05,2.777581565547216e-05,6.02709307092042e-05,6.02709307092042e-05,0.0,0.0,0.0,0.17964523120278572,0.5381690169042536,3.971251742389459e-05,0.7969787231950572,0.0042449389809247565,0.1987088494909387,2.777581565547216e-05,3.971251742389459e-05,0.7969787231950572,0.0042449389809247565,0.1987088494909387,2.777581565547216e-05,,,,,,,,,,,,,,,,
balanced_agentic,nominal,PPO-Lagrangian,PPO-Lagrangian,11,471540437,1073362871,1897045420,97597eec01eed730a745,stochastic,150,300,150-step training / 300-step held-out evaluation,1332386046,0,273.0232358999783,balanced_agentic,200,0.0,0.9361485863092553,0.9047643639438654,0.965,1.0,0.06385141369074449,0.09523563605613451,0.10414622547330024,12.770282738148897,0.06385141369074449,0.056922589504528796,0.03744588744588746,3.968253968253968e-05,0.0,3.968253968253968e-05,0.10524397696597598,0.16255411255411248,0.17766930162889505,0.7987610072960485,0.8692424206626036,0.27093333333333336,0.6055632383492595,0.3943970791110579,0.0,0.0,89.07495343184527,105.05118601747809,111.61568181818178,110.89915876842674,1.959948138342055,1.6972858111086073,1.6941592482672145,0.07575864229745916,34274713.04598436,31921627.7259804,0.02915897901720001,1.5271923918443155,0.6889681998153094,0.599978324612035,0.0,0.10888600768566971,0.12176767103097812,25.412176854815907,0.4811954411240107,21.24425025650966,0.12137918968135644,,,0.0900145985387246,0.08849164770146874,0.24577651167708134,0.9999833333333333,0.018783333333333332,1.6666666666666667e-05,0.9858666666666666,0.13296333333333332,0.0,0.0,0.03774358974358974,1804.8039383049816,2043.4873229774041,97.8458147782084,83.76272573998158,0.0,0.10621104658264909,0.7152590277777777,2.923330519130548e-08,0.0,,,0.0031395815379862114,0.0027869374804836713,0.0,0.053154126093379314,2.3105286858033244e-05,1.1339662527096752e-05,1.1765824417480318e-05,1.1765824417480318e-05,0.0,0.0,0.0,0.05315412609153009,0.15923553100495494,6.783705185816266e-06,0.9724775085315105,0.017995454041654844,0.00950891405912184,1.1339662527096752e-05,6.783705185816266e-06,0.9724775085315105,0.017995454041654844,0.00950891405912184,1.1339662527096752e-05,,,,,,,,,,,,,,,,
balanced_agentic,nominal,PPO_CMDP,PPO_CMDP,11,471540437,1073362871,1897045420,3e02143445d692cb208a,stochastic,150,300,150-step training / 300-step held-out evaluation,1332386046,0,273.6423236000119,balanced_agentic,200,0.015,0.9765924429435473,0.9514268970906445,1.0,0.985,0.023407557056452567,0.04857310290935544,0.05954505330105649,4.681511411290513,0.0237640173161955,0.00951941139897825,-0.017348417230122124,0.00044500960125466363,0.006436965811965803,0.008259166384067634,0.19048058860102174,0.21734841723012213,0.2297689224810596,0.7703459171718342,0.8617320150511645,0.26365,0.8324098800357754,0.16714511036296983,0.0,0.0,68.41184397936216,83.33330357142857,89.62872180451127,87.12176634546444,2.6875795077455003,2.3634983600907096,2.3534009262971916,0.0644245533908904,30799099.82961299,29488211.020435013,0.032474574162850614,1.7912546765284356,0.6689986076153827,0.6109724316472471,0.0,0.14930997265252777,0.16404491436536867,53.073141190826625,0.17193796955481855,16.313100003571034,0.11627297453992139,,,0.4395263000477847,0.05238703665826987,0.2253161127388868,0.9992166666666665,0.005933333333333333,0.0002,0.9937666666666667,0.15043583333333332,0.0,0.0,0.21319413919413918,2703.928833731839,2678.7760245220875,78.3591696946525,61.41712408958528,0.00019047619047619048,0.19588468347182897,0.6381722222222223,3.249418700314396e-08,0.0,,,0.025152590694537645,0.02330911099184296,0.05818333333333334,0.2681757109961464,0.0005969298379822435,0.00018105617805333997,0.0004251954584980396,0.0004251954584980396,0.0,0.0,0.0,0.2681757109988222,0.8033826324224598,0.0005734285835357829,0.5842119092287864,0.006312734208246604,0.40872087180137795,0.00018105617805333997,0.0005734285835357829,0.5842119092287864,0.006312734208246604,0.40872087180137795,0.00018105617805333997,,,,,,,,,,,,,,,,
balanced_agentic,nominal,Intent-PPO-CMDP-NoRisk,Intent-PPO-CMDP-NoRisk,11,471540437,1073362871,1897045420,7d2ee40999bb1a6afe16,stochastic,150,300,150-step training / 300-step held-out evaluation,1332386046,0,275.69379829999525,balanced_agentic,200,0.0,0.9396255178927979,0.9145060052081625,0.995,1.0,0.06037448210720208,0.08549399479183747,0.09216687336086471,12.074896421440416,0.06037448210720208,0.05845310436448438,0.05139626544722086,0.00015726396618621173,0.0,0.00015726396618621173,0.10174599774948724,0.14845181836860485,0.16429505872652178,0.7971813438691907,0.8631719368663398,0.2687,0.617555722220441,0.3822870138133729,0.0,0.0,89.08601887079185,105.42814814814814,111.08858812073998,110.57434926885496,1.9861089334397173,1.7728035233828432,1.7594248195047026,0.06410020676017537,34240137.57905882,31719002.193577833,0.029204519500714284,1.5501864489441626,0.7000686680335966,0.6184634002743741,0.0,0.1103393851910954,0.12203098769960298,27.964870458141913,0.42578374122407686,16.737563756692968,0.08358146624495469,,,0.12674602411156705,0.08608844429817583,0.22665532832269522,0.9998833333333333,0.02613333333333333,6.666666666666667e-05,0.9867500000000001,0.13707333333333332,0.0,0.0,0.048527472527472526,1844.3807920204144,2062.4240865116512,97.17151655701159,84.09270292560497,0.0,0.10064248150731682,0.7033,2.9249756000738787e-08,0.0,,,0.005681902165199939,0.0030212752067746763,0.0,0.11386004975044667,0.00018719959055317473,7.646872146557801e-05,0.00011073997657217555,0.00011073997657217555,0.0,0.0,0.0,0.1138600497540352,0.34109422571662634,7.593326148163972e-05,0.9572015991985734,0.025737095795477335,0.016908903023001937,7.646872146557801e-05,7.593326148163972e-05,0.9572015991985734,0.025737095795477335,0.016908903023001937,7.646872146557801e-05,,,,,,,,,,,,,,,,
balanced_agentic,nominal,Intent-PPO-CMDP,Intent-PPO-CMDP,11,471540437,1073362871,1897045420,b12c9f3440d9c22ff923,stochastic,150,300,150-step training / 300-step held-out evaluation,1332386046,0,319.3185737999738,balanced_agentic,200,0.0,0.9542140030415118,0.9345963728586324,1.0,1.0,0.04578599695848812,0.06540362714136753,0.06840314312595376,9.157199391697624,0.04578599695848812,0.03943635324469457,0.021746523913005095,0.019901804799449876,0.03787878787878788,0.04072346119213422,0.10899635143242024,0.1551947729305376,0.16407118708942567,0.7968665433014437,0.881228586950453,0.2693166666666667,0.665602882112021,0.3144953130885291,0.0,0.0,82.89144985271818,99.80999999999999,110.15855921855919,105.8932381570072,2.1763640536389808,1.967007298677241,1.9542865410295593,0.06005364845005328,33946595.10662889,32185229.955531325,0.02946598394294569,1.59471648141947,0.6957159406219949,0.6207964175621459,0.0,0.12090911409105448,0.1330836036391202,44.57599857220952,0.21505133217173295,16.570640696124258,0.08030660667850774,,,0.2965548456581537,0.07342237881609641,0.2123926156924054,0.991,0.0405,0.008883333333333333,0.9933500000000001,0.1495358333333333,0.6766166666666668,0.04841666666666667,0.09603663003663003,2066.447312126911,2235.5499913762505,89.57633499463023,78.6333559287547,0.006095238095238095,0.10263382840012636,0.6601902777777778,2.9485794698993962e-08,0.0,,,0.0075230999589638425,0.006098098203203832,0.00065,0.26003670863506595,0.3903889724959525,0.11617372343432071,0.2790730996034836,0.38249940154238327,0.10792695219428909,0.10342630193889966,0.10905000000000001,0.21544988142604674,0.6454301631213886,0.00010025915589227172,0.8765918770062485,0.03942321986636548,0.07546275600762926,0.008421887963864545,0.00010025915589227172,0.8765918770062485,0.03942321986636548,0.07546275600762926,0.008421887963864545,,,,,,,,,,,,,,,,
balanced_agentic,nominal,Intent-PPO-CMDP-FullPolicy-NoShield,Intent-PPO-CMDP,11,471540437,1073362871,1897045420,b12c9f3440d9c22ff923,stochastic,150,300,150-step training / 300-step held-out evaluation,1332386046,1,319.3185737999738,balanced_agentic,200,0.0,0.7584212030956436,0.7203196015650553,0.0,1.0,0.5370767145015533,0.7920324893447779,0.9220367937984983,107.41534290031065,0.5370767145015533,-0.17330512875736204,-0.2684987277353689,0.23330512875736203,0.32849872773536887,0.3685552848329826,0.13352339685502992,0.18118354922421623,0.19631538649542668,0.7920397554346925,0.8861519762966129,0.27996666666666664,0.5358440188783851,0.2308508523642529,0.0,0.0,64.81928702058347,85.81630379746834,92.01666666666665,89.87988154661028,1.8011730464906321,1.5679412615652715,1.5443953259871015,0.08181511885087732,32289272.827114377,30273007.603611622,0.030962288278404054,1.0844611383059095,0.6882896826024184,0.6133871477179326,0.0,0.10006516924947956,0.11546279840731075,24.865371781722533,0.4347026515539952,16.570640696124258,0.08030660667850774,,,0.4534529983486306,0.6048580976386222,0.7932075117629711,0.8957166666666666,0.037450000000000004,0.10408333333333333,0.9899,0.15072333333333332,0.0,0.0,0.15666666666666668,1717.7199396667656,1846.1093347804076,66.62981524148985,62.96732807385663,0.08071428571428572,0.13453993541763917,0.5438486111111112,3.10282907037964e-08,0.0,,,0.008142511214787368,0.006442217049397719,0.0006333333333333333,0.27047350304522483,0.38771069078837805,0.10375152043128605,0.28954702665020254,0.28954702665020254,0.0,0.0,0.0,0.27047350303020473,0.8102662021687874,0.00017197830159424498,0.7889137659858182,0.03670119094153985,0.0704615443397618,0.10375152043128605,0.00017197830159424498,0.7889137659858182,0.03670119094153985,0.0704615443397618,0.10375152043128605,,,,,,,,,,,,,,,,
balanced_agentic,nominal,MaxWeight,MaxWeight,12,1729653623,2128646545,1400322755,,stochastic,150,300,150-step training / 300-step held-out evaluation,1702824011,0,1.179997343569994e-05,balanced_agentic,200,0.0,0.9060635888775479,0.8731607395052258,0.595,1.0,0.09393641112245212,0.12683926049477423,0.13461256273145478,18.787282224490422,0.09393641112245212,0.05827079641560969,0.04733128834355829,0.0,0.0,0.0,0.12080634879129688,0.15266871165644172,0.16537553100782823,0.8410209966570321,0.9099336378200216,0.2824333333333333,0.5266414794609525,0.47335852053904737,0.0,0.0,72.08200331068517,84.78445048309179,91.02956521739128,88.69471330628016,1.9445545136032678,1.7635035144715305,1.7487423602210985,0.056215217483435775,14959564.486917555,13946441.593527988,0.06687703258621693,2.8121936299910057,0.5077140223148211,0.4578107612343976,0.009164462485064391,0.10803080631129268,0.11744548113546233,-20.05753815220623,0.6233589819189176,,,,,0.1290117450831842,0.07740429846094528,0.18003202168109433,0.99995,0.9448666666666666,0.0,0.9357500000000001,0.08726166666666668,0.0,0.0,0.16123076923076923,1654.7613066093268,2100.5970096769283,80.09913339469792,68.61021516882134,0.0,0.11650854204765508,0.7963493055555554,6.696485548917957e-08,0.0,,,,,,,,,,,,,,,,,,,,,,,,,,,,,,,,,,,,,,,,,
balanced_agentic,nominal,PPO,PPO,12,1729653623,2128646545,1621075116,2fb07c1ee95b181950c4,stochastic,150,300,150-step training / 300-step held-out evaluation,1702824011,0,284.739809300052,balanced_agentic,200,0.01,0.9725237276148658,0.9544136261141415,1.0,0.99,0.027476272385134108,0.04558637388585842,0.04821698996640213,5.495254477026822,0.027753810490034458,0.0548939899101966,0.03321078431372551,0.0006426965355928088,0.0072571922993726985,0.008710765571928781,0.12891893720935338,0.16678921568627447,0.1768216378963276,0.7691077226175304,0.8438663909416867,0.2563333333333333,0.7058599581875281,0.2934973452768791,0.0,0.0,78.0036113135234,95.46855787222667,100.4928175566343,100.69522274552308,2.3689301697043623,2.1341173470406747,2.128944142304251,0.05759514160200243,28231392.35021043,26527874.45208335,0.03544230347317629,1.9647629645008735,0.7111559739255068,0.6341302019693466,0.0,0.13160723165024238,0.14232159043012307,51.96745763078245,0.19174908259537699,25.858988431334488,0.13509311810541438,,,0.3284564213832782,0.05566340147698559,0.2197131477515191,0.9989833333333334,0.02111666666666667,0.00028333333333333335,0.99375,0.150995,0.0,0.0,0.12868131868131866,2242.555342148889,2436.9781537726935,85.19680494723245,73.00540686692997,0.00023809523809523812,0.11115606916815918,0.6589868055555556,3.5466256476218106e-08,0.0,,,0.025865078641932326,0.024296612187930906,0.0,0.20154636018578415,0.0007110975696840588,0.00019919765472001992,0.000511959635184898,0.000511959635184898,0.0,0.0,0.0,0.201546360204492,0.6037789358819343,0.0007848473839069755,0.8258483154817323,0.021319220671612103,0.15184841880802863,0.00019919765472001992,0.0007848473839069755,0.8258483154817323,0.021319220671612103,0.15184841880802863,0.00019919765472001992,,,,,,,,,,,,,,,,
balanced_agentic,nominal,PPO-Lagrangian,PPO-Lagrangian,12,1729653623,2128646545,1621075116,5ff4062933b4dfa3978e,stochastic,150,300,150-step training / 300-step held-out evaluation,1702824011,0,266.70855040004244,balanced_agentic,200,0.0,0.941882902492664,0.9118261554393657,0.985,1.0,0.058117097507335874,0.08817384456063423,0.09595003252411019,11.623419501467176,0.058117097507335874,0.05827411103435375,0.05166316526610644,0.0009070562845134116,0.007636523781561948,0.008285265579601521,0.08952470870954209,0.13956139686387395,0.15638316828063725,0.8020384778143616,0.8698856373840009,0.2687666666666667,0.6048775616512385,0.39421538206424805,0.0,0.0,97.07597935670854,116.12827088452089,119.31165945165945,119.27565922059202,2.0760185829880977,1.8428698076145413,1.8106697121425719,0.07671674997137959,28658686.292193443,27008824.718216006,0.034874825364161435,2.1085131485859265,0.7055896512966653,0.6325094367527423,0.0,0.11533436572156099,0.12947884652094568,30.453897139255318,0.41457188863417976,26.29234703046875,0.151062278799873,,,0.15439600319277821,0.08865328642415105,0.20992742656928015,0.99905,0.0524,0.0004,0.9730166666666666,0.12757916666666666,0.0,0.0,0.05359706959706959,1896.4207054312096,2172.725132441806,105.4907780893784,91.89316218324421,0.0003333333333333334,0.09969847364161023,0.7312569444444444,3.494749048596796e-08,0.0,,,0.005223068221327185,0.004760726819625048,0.0,0.09771338635669471,0.0011472292017779913,0.00036286727592994383,0.0007845172585490465,0.0007845172585490465,0.0,0.0,0.0,0.0977133863507961,0.2927231450493299,0.0004340648300231505,0.9393685554836607,0.05351462567460926,0.006319886735776898,0.00036286727592994383,0.0004340648300231505,0.9393685554836607,0.05351462567460926,0.006319886735776898,0.00036286727592994383,,,,,,,,,,,,,,,,
balanced_agentic,nominal,PPO_CMDP,PPO_CMDP,12,1729653623,2128646545,1621075116,c2c338dd9800f45e9834,stochastic,150,300,150-step training / 300-step held-out evaluation,1702824011,0,270.83158040000126,balanced_agentic,200,0.07,0.9721920224618785,0.9425832449766609,1.0,0.9299999999999999,0.02780797753812149,0.057416755023338976,0.06990096717734856,5.561595507624298,0.02990105111625967,-0.009215120751100734,-0.03879757349979863,3.968253968253968e-05,0.0,3.968253968253968e-05,0.2092151207511007,0.23879757349979863,0.2483439936795831,0.7531088416619375,0.8413766012536922,0.2527166666666667,0.8620044278230253,0.13795588963729216,0.0,0.0,61.17562724675029,76.5320411663808,83.74010033444814,80.9535605971769,2.9048160002729855,2.619843640458763,2.5908704378131127,0.060709761850858066,24627852.48759214,23330606.631211933,0.04060499391923367,2.1647002313291503,0.6671218057806052,0.5965305538408481,0.0,0.16137866668183257,0.17706536605986473,60.51540542638017,0.16016420750637167,24.496898011674098,0.12156286266931669,,,0.43225643756772925,0.05173601668190722,0.21799001409002863,0.9996333333333334,0.0009,1.6666666666666667e-05,0.9941166666666668,0.15291083333333333,0.0,0.0,0.22783150183150183,2936.1831507885745,2887.9259961492075,70.00563228725505,55.02004940900015,4.761904761904762e-05,0.2156271837669626,0.6085881944444445,4.064604140733987e-08,0.0,,,0.039887001333775866,0.03876638688334169,0.05726666666666667,0.250866081494298,9.557775992007871e-05,2.712177926686924e-05,0.0015041058079544919,0.0015041058079544919,0.0,0.0,0.0,0.25086608149133205,0.7515276166636089,0.0003770355203120752,0.4733718180268408,0.0009323575275499552,0.5252916671460303,2.712177926686924e-05,0.0003770355203120752,0.4733718180268408,0.0009323575275499552,0.5252916671460303,2.712177926686924e-05,,,,,,,,,,,,,,,,
balanced_agentic,nominal,Intent-PPO-CMDP-NoRisk,Intent-PPO-CMDP-NoRisk,12,1729653623,2128646545,1621075116,53b75815fc19ab3c700d,stochastic,150,300,150-step training / 300-step held-out evaluation,1702824011,0,267.30905749998055,balanced_agentic,200,0.0,0.971692139813195,0.9556487369279928,1.0,1.0,0.028307860186804975,0.044351263072007166,0.04865838196683529,5.661572037360995,0.028307860186804975,0.054636740777191016,0.03329228243021349,3.597122302158273e-05,0.0,3.597122302158273e-05,0.134313934748437,0.1667077175697865,0.1754596066978868,0.7833018923680422,0.8620777578157359,0.2630166666666667,0.7150212663023288,0.2849427624746495,0.0,0.0,82.72764544677575,102.81484146850228,108.06116104868912,105.85699744932629,2.4267954317582423,2.217781012586123,2.1976258599708314,0.05289285429578984,28058974.194373656,26468355.69321693,0.03565524163262878,2.147476753459237,0.6977578435702045,0.6230360660579602,0.0,0.13482196843101346,0.14619065067447728,50.55935242269645,0.18303782916424152,23.769019036505334,0.09315755964490664,,,0.34204819080390114,0.0572439006758381,0.1998511382049993,0.9999833333333333,0.020666666666666663,1.6666666666666667e-05,0.9916166666666666,0.15251583333333332,0.0,0.0,0.09128205128205127,2328.6875802692257,2479.6227364061738,90.54213258330616,76.8164768879399,0.0,0.13476251325187819,0.6752902777777777,3.567489217203755e-08,0.0,,,0.00859958427663774,0.004209813419766714,0.0,0.27717249495251167,0.00017005571854022177,4.500670255217287e-05,0.0001250541601212349,0.0001250541601212349,0.0,0.0,0.0,0.2771724949519643,0.8303345884690799,3.21451765317716e-05,0.8074325425449388,0.02113735734577065,0.1713529482302065,4.500670255217287e-05,3.21451765317716e-05,0.8074325425449388,0.02113735734577065,0.1713529482302065,4.500670255217287e-05,,,,,,,,,,,,,,,,
balanced_agentic,nominal,Intent-PPO-CMDP,Intent-PPO-CMDP,12,1729653623,2128646545,1621075116,fc604e43c5d11a5118bd,stochastic,150,300,150-step training / 300-step held-out evaluation,1702824011,0,320.63457950000884,balanced_agentic,200,0.0,0.934886504932663,0.9078888327384045,0.985,1.0,0.06511349506733692,0.09211116726159542,0.09982668312410464,13.022699013467383,0.06511349506733692,-0.060273875113859295,-0.08590151877321367,0.011650208019161746,0.02964068546158098,0.03414196135920684,0.2602738751138593,0.2859015187732137,0.2932362783376098,0.677626717809857,0.8529940995724598,0.22798333333333332,0.8972428757001017,0.09110691628073657,0.0,0.0,45.244103540441955,65.28331653225807,74.62730303030303,70.50036190772244,3.0171699927253726,2.7047046662571073,2.668992828624831,0.061012847893772315,21038915.413610857,19826991.690311857,0.047522307655460026,1.9461689693232078,0.6486200894471347,0.5911268688071715,0.0,0.16762055515140958,0.1825358934242757,47.82824370939307,0.22225310427608774,19.39255953017724,0.11389086790564536,,,0.39729633558631433,0.08999296355753045,0.22949852109983154,0.9893666666666667,0.07033333333333333,0.005166666666666666,0.9953,0.1641525,0.6308,0.041675000000000004,0.11808791208791208,2915.452170085809,3071.941127992829,49.68747572007324,42.52559934339142,0.00523809523809524,0.2610178207248724,0.5045361111111111,4.7584722897667925e-08,0.0,,,0.029553357628061497,0.021010294587961394,0.0,0.40998517214854246,0.20083929535772568,0.04603999609276345,0.16737624661462433,0.20537442368564762,0.04083053554960716,0.037998177071023286,0.04005,0.3807910337857639,1.1407479893920012,0.005124513553348795,0.10657367703502534,0.07107979851596331,0.8119296611200546,0.0052923497756079095,0.005124513553348795,0.10657367703502534,0.07107979851596331,0.8119296611200546,0.0052923497756079095,,,,,,,,,,,,,,,,
balanced_agentic,nominal,Intent-PPO-CMDP-FullPolicy-NoShield,Intent-PPO-CMDP,12,1729653623,2128646545,1621075116,fc604e43c5d11a5118bd,stochastic,150,300,150-step training / 300-step held-out evaluation,1702824011,1,320.63457950000884,balanced_agentic,200,0.0,0.8222702812972935,0.7538813341547715,0.11,1.0,0.19953515847309106,0.34169538528995896,0.3808623150358842,39.90703169461821,0.19953515847309106,-0.07172745318079517,-0.10470825515348098,0.10980438607019068,0.1618065518890483,0.17757291659604227,0.26526785037259265,0.29266891033782066,0.2996165428200035,0.6638950887855455,0.8522772880558277,0.22483333333333333,0.8263366121879411,0.06385900174186826,0.0,0.0,38.9427285472661,57.10988387978142,66.12680931263856,63.62595992049218,2.815479136893069,2.431947798666905,2.371749488460208,0.08110040723568591,20743759.086931657,19592670.864274144,0.048172121424508434,1.5845126763980015,0.6278155796035579,0.5652877796210132,0.0,0.1564155076051705,0.175351296262009,42.47222747231958,0.23041811181612395,19.39255953017724,0.11389086790564536,,,0.49421228350802243,0.19756159875485743,0.3103213239722168,0.9400833333333333,0.06701666666666667,0.04803333333333334,0.9942333333333334,0.17957916666666665,0.0,0.0,0.15001465201465203,2714.5491588928808,2869.82604812394,40.62287735571346,37.61009534208628,0.046047619047619046,0.26369202792271834,0.43680277777777776,4.826552542315078e-08,0.0,,,0.029185541835567114,0.0207296158525092,0.0,0.4079389440482558,0.20874551461147675,0.04897979777182424,0.18788522112966027,0.18788522112966027,0.0,0.0,0.0,0.40793894405004205,1.2220758603302466,0.011557782320769063,0.09968690031083445,0.06868935576559852,0.7710861638309737,0.04897979777182424,0.011557782320769063,0.09968690031083445,0.06868935576559852,0.7710861638309737,0.04897979777182424,,,,,,,,,,,,,,,,
balanced_agentic,nominal,MaxWeight,MaxWeight,13,1025721121,372372750,961683956,,stochastic,150,300,150-step training / 300-step held-out evaluation,525245788,0,2.340000355616212e-05,balanced_agentic,200,0.0,0.9174923159395273,0.8887837668266033,0.815,1.0,0.08250768406047271,0.11121623317339664,0.1168095217442137,16.501536812094542,0.08250768406047271,0.05716488206152721,0.04153248587570624,0.0,0.0,0.0,0.12638094269920225,0.15846751412429375,0.1683289515307356,0.825694061511643,0.8960139003901666,0.2788,0.5513075575965357,0.4486924424034642,0.0,0.0,66.48932034840468,79.98488053270661,85.62298076923076,84.46376887181906,1.9586167376157275,1.7979044118393726,1.7824285231947428,0.05687892881527451,16915718.884906143,15832322.410014538,0.059128667120578494,2.3100463776430837,0.5096192512272771,0.4565773115727006,0.00847564634086239,0.10881204097865155,0.11988168613817177,-22.105680073487356,0.45232793475376654,,,,,0.14147105219272452,0.06676718261245641,0.16646487020841705,1.0,0.9381166666666667,0.0,0.9403333333333334,0.08799166666666668,0.0,0.0,0.17906959706959705,1651.354241616879,2124.0657739228,74.61872489945593,63.24545127368661,0.0,0.12229246505035199,0.7737986111111111,5.919936511840711e-08,0.0,,,,,,,,,,,,,,,,,,,,,,,,,,,,,,,,,,,,,,,,,
balanced_agentic,nominal,PPO,PPO,13,1025721121,372372750,535536204,3cabdc2e2c3a75659a16,stochastic,150,300,150-step training / 300-step held-out evaluation,525245788,0,262.1022107999888,balanced_agentic,200,0.0,0.9145412276374063,0.8797153067902174,0.77,1.0,0.08545877236259347,0.12028469320978256,0.13140298023524416,17.091754472518694,0.08545877236259347,-0.0812551636466834,-0.10906609798316243,0.0010563685870689735,0.008478197884977544,0.014855716627160117,0.2812551636466834,0.3090660979831624,0.31789721232265544,0.6839091706576336,0.8468291527477606,0.22795,0.9198566150572034,0.0790870163557276,0.0,0.0,46.419679636377104,63.35353107344631,69.6000717703349,67.41712849989717,2.9487573998131826,2.617638175891186,2.567299868415608,0.06528207361394527,23104026.523983803,22076602.704483587,0.04328108512279273,1.7772993333442748,0.6534730779476243,0.58697979850276,0.0,0.16381985554517683,0.1789916092306561,38.77826423493376,0.2810292285333925,25.773339520942898,0.1260413258688232,,,0.3248940418331049,0.10210579081622242,0.20421303423315315,0.9934999999999999,0.046833333333333324,0.00041666666666666664,0.9941833333333334,0.17835499999999996,0.0,0.0,0.16865201465201465,2922.709277220168,2962.783311978652,50.51697661697974,43.61383413145613,0.00019047619047619048,0.2857591854028083,0.49071597222222224,4.3312898681268447e-08,0.0,,,0.020339362959028762,0.013864721561516143,0.012983333333333333,0.42160084192151487,0.0015242819224967042,0.00036055163512379126,0.03499422008442092,0.03499422008442092,0.0,0.0,0.0,0.42160084192656,1.2630032487169305,0.00616517555657925,0.09573371664723211,0.0466627818401213,0.8510777743209436,0.00036055163512379126,0.00616517555657925,0.09573371664723211,0.0466627818401213,0.8510777743209436,0.00036055163512379126,,,,,,,,,,,,,,,,
balanced_agentic,nominal,PPO-Lagrangian,PPO-Lagrangian,13,1025721121,372372750,535536204,454f28c68eb87e33907f,stochastic,150,300,150-step training / 300-step held-out evaluation,525245788,0,254.03850810002768,balanced_agentic,200,0.065,0.9803931644507604,0.9593701968507403,1.0,0.935,0.019606835549239574,0.04062980314925956,0.04498197868723845,3.921367109847915,0.0209698775927696,0.023818687983741337,-0.001745237621133664,7.328465585740364e-05,0.0,7.328465585740364e-05,0.1759828906326639,0.20174523762113364,0.2105522217928189,0.7649282225585341,0.8614334576197378,0.2579,0.8192026521070725,0.18072406323707008,0.0,0.0,67.31209005078018,85.82732075471696,94.4738247863248,91.42455122350489,2.6464753406428736,2.398687282856578,2.384112832580061,0.05615078726395524,27300120.90411478,25728531.666213755,0.03663932942629792,1.958076695863347,0.6727595627849249,0.616551973737716,0.0,0.14702640781349297,0.1596647743042627,56.307469716855756,0.16615281008246616,25.83543927051386,0.11967838708539526,,,0.5924569105304767,0.044335084043808905,0.17156668302486822,0.9997333333333333,0.12261666666666667,3.3333333333333335e-05,0.9900999999999999,0.14745749999999996,0.0,0.0,0.2518095238095238,2636.78324440462,2651.694161694241,75.59600497243342,61.5885662779088,0.0,0.17516643051201414,0.6275743055555556,3.667234034598019e-08,0.0,,,0.017922115167676073,0.01373329233019403,0.008249999999999999,0.3441387288435838,0.0001303999438541564,4.376968355507202e-05,0.0005526969884418935,0.0005526969884418935,0.0,0.0,0.0,0.34413872884188135,1.0309474965714696,0.0001915677924645894,0.5384384125966318,0.12360304678213856,0.33772320314521,4.376968355507202e-05,0.0001915677924645894,0.5384384125966318,0.12360304678213856,0.33772320314521,4.376968355507202e-05,,,,,,,,,,,,,,,,
balanced_agentic,nominal,PPO_CMDP,PPO_CMDP,13,1025721121,372372750,535536204,a070e26e29e031606ad8,stochastic,150,300,150-step training / 300-step held-out evaluation,525245788,0,277.9400926999515,balanced_agentic,200,0.08,0.9849254620806753,0.9655449413808075,1.0,0.92,0.015074537919324624,0.034455058619192375,0.039931946411916566,3.014907583864925,0.016385367303613726,0.032246455204091334,-0.0024509803921568527,4.098360655737705e-05,0.0,4.098360655737705e-05,0.1663690486094613,0.20245098039215684,0.21402098726073007,0.7417900427967212,0.8418102571165546,0.24948333333333333,0.8042111206118159,0.1957478957816267,0.0,0.0,61.32834676799417,79.37848039215685,85.08426770708282,83.46352430994367,2.5858240570070343,2.3386272814150675,2.3360797268226396,0.057211811293176366,29591901.329339657,27552872.47507117,0.03383099981770369,1.6095197739659466,0.6849729953133612,0.6200763066682942,0.0,0.14365689205594634,0.15620223558565058,63.98867041650779,0.14379976264170088,24.69759438310317,0.12601677807973574,,,0.3931913915181495,0.03922450607729335,0.17999873999205068,0.9998833333333333,0.008433333333333333,1.6666666666666667e-05,0.9909166666666667,0.15294999999999997,0.0,0.0,0.1352087912087912,2461.940890687677,2652.530377332841,65.41639703722785,58.65920922360321,0.0,0.15779466702624764,0.5881034722222221,3.3856897370704314e-08,0.0,,,0.03389819416816809,0.024852988641357904,0.0196,0.2533229216579156,0.00029946393177289715,6.882146916138036e-05,0.000498425175407628,0.000498425175407628,0.0,0.0,0.0,0.2533229216565558,0.7588876520375334,7.521080158504647e-05,0.7070976477048814,0.008814290322387347,0.28394402970198485,6.882146916138036e-05,7.521080158504647e-05,0.7070976477048814,0.008814290322387347,0.28394402970198485,6.882146916138036e-05,,,,,,,,,,,,,,,,
balanced_agentic,nominal,Intent-PPO-CMDP-NoRisk,Intent-PPO-CMDP-NoRisk,13,1025721121,372372750,535536204,4606dec7f3efe1c94a9c,stochastic,150,300,150-step training / 300-step held-out evaluation,525245788,0,283.62103929999284,balanced_agentic,200,0.0,0.939107501166462,0.9165716209289082,1.0,1.0,0.06089249883353807,0.08342837907109178,0.08964229940739231,12.178499766707613,0.06089249883353807,-0.0640808441933787,-0.09076199955761996,0.0005588655012369821,0.0074741676234213504,0.009047519589482123,0.2640808441933787,0.29076199955762,0.296670382045565,0.6013180655783923,0.8046408047103331,0.20204999999999998,0.9435893381133098,0.05585179638545301,0.0,0.0,39.20694776529291,59.32211281365693,64.7253602484472,62.46549798570287,3.0208467224442357,2.6594567009394283,2.626040934358283,0.07343233697897153,23474181.051429823,22160839.611062847,0.04257742980582111,1.5128379841620208,0.6548104144092675,0.5973646686949711,0.0,0.16782481791356865,0.18798585328464817,52.09781466937398,0.1713910525980297,20.557773943991297,0.09501970006584819,,,0.360383119670509,0.07566991345060883,0.18332855155827935,0.9938333333333332,0.08085,0.00023333333333333333,0.9931666666666666,0.1765983333333333,0.0,0.0,0.1617069597069597,2979.613346934124,3043.049309257374,41.636910514524324,37.31150350088406,0.00019047619047619048,0.26714464634501295,0.4524916666666667,4.26441510372632e-08,0.0,,,0.01751669715243977,0.013259737911017519,0.0027166666666666667,0.3820222834268075,0.0012139067283268468,0.0002200547687502014,0.024281453726424224,0.024281453726424224,0.0,0.0,0.0,0.3820222834194442,1.1444364836564187,0.006132075458606489,0.0831712437724353,0.08149618517423456,0.8289804408259736,0.0002200547687502014,0.006132075458606489,0.0831712437724353,0.08149618517423456,0.8289804408259736,0.0002200547687502014,,,,,,,,,,,,,,,,
balanced_agentic,nominal,Intent-PPO-CMDP,Intent-PPO-CMDP,13,1025721121,372372750,535536204,09d0d30da2ff448dad2f,stochastic,150,300,150-step training / 300-step held-out evaluation,525245788,0,309.3859143999871,balanced_agentic,200,0.0,0.9407176118780899,0.9113247410871554,1.0,1.0,0.059282388121910126,0.08867525891284449,0.09407581030908671,11.856477624382025,0.059282388121910126,-0.059354658812213856,-0.08824248515931717,0.02518853563343726,0.042283702213279664,0.04526854547836871,0.25935465881221387,0.28824248515931716,0.2954949889390532,0.635583798172191,0.8053263075507313,0.2114666666666667,0.9160346786757064,0.05877678569085628,0.0,0.0,39.43460839584851,53.010443919573625,60.61490225563909,57.6795369461439,2.9596837421671967,2.563556368674518,2.5645635660574,0.06952828878117201,23487220.703271665,22145917.911021456,0.04255671038338163,1.4900887773703302,0.645844169461636,0.5829956519236703,0.0,0.16442687456484428,0.18120729802546776,54.94436151694481,0.1725904107621482,20.011558856135007,0.0924854731303008,,,0.45784809032248863,0.07460165451065306,0.18766955203897087,0.9821833333333333,0.09725000000000002,0.011016666666666666,0.9924333333333334,0.17229,0.6736666666666666,0.046377499999999995,0.18564102564102566,2928.4817441111545,2976.484818043528,41.105029517191824,37.87100103360766,0.00819047619047619,0.26406690623482976,0.4367243055555556,4.2623664231357504e-08,0.0,,,0.016985002818365135,0.012182193064476366,0.0004,0.3424734307043798,0.6793521121608939,0.21876880455325953,0.4842484633957874,0.6828375983731899,0.20778756002590995,0.19858913497740255,0.20688333333333334,0.34918336953589946,1.0460598895070232,0.00690119475171932,0.1123907592126292,0.09878486236333096,0.7708773324733335,0.011045851198986933,0.00690119475171932,0.1123907592126292,0.09878486236333096,0.7708773324733335,0.011045851198986933,,,,,,,,,,,,,,,,
balanced_agentic,nominal,Intent-PPO-CMDP-FullPolicy-NoShield,Intent-PPO-CMDP,13,1025721121,372372750,535536204,09d0d30da2ff448dad2f,stochastic,150,300,150-step training / 300-step held-out evaluation,525245788,1,309.3859143999871,balanced_agentic,200,0.0,0.6919552009402288,0.6191212747677143,0.0,1.0,1.2018160787749292,1.512097406057638,1.5977263921825229,240.36321575498584,1.2018160787749292,-0.4032081714106207,-0.4956038647342995,0.4632081714106207,0.5556038647342996,0.5851334639118249,0.2792360451940542,0.31440187839841816,0.3316806173181422,0.6744384688973909,0.7963195214655941,0.2482,0.5104196348742286,0.02637219371515074,0.0,0.0,24.561298968773652,33.89876447876446,37.69642807601607,37.888275946071644,1.6804046126202115,1.344168687055404,1.2881717678629159,0.1406764542933422,21776887.56092821,20455841.707130753,0.04585423621920758,0.5677614680286631,0.5778883057699913,0.49058771060398093,0.0017232527313984652,0.09335581181223394,0.11267439748063215,3.7171459654850394,2.83519929815391,20.011558856135007,0.0924854731303008,,,0.8185329000320491,1.2967447725992929,1.5281513440733188,0.7349166666666668,0.11585000000000001,0.2002833333333333,0.9764833333333334,0.30686166666666664,0.0,0.0,0.29567032967032963,1516.0335174938007,1768.9121253805863,18.388670670241396,26.865217557454745,0.1520952380952381,0.2872242591979175,0.21385277777777778,4.5996917563097195e-08,0.0,,,0.019286844337800976,0.01532426057865903,0.00515,0.3861177163984922,0.6481479185785451,0.20172243954617763,0.5820833493743929,0.5820833493743929,0.0,0.0,0.0,0.38611771614920465,1.1567053036591313,0.06456072122086293,0.11451601916825663,0.11789571682844585,0.501305103236257,0.20172243954617763,0.06456072122086293,0.11451601916825663,0.11789571682844585,0.501305103236257,0.20172243954617763,,,,,,,,,,,,,,,,
balanced_agentic,nominal,MaxWeight,MaxWeight,14,1103526060,1905340783,2088283503,,stochastic,150,300,150-step training / 300-step held-out evaluation,361046798,0,1.1199968867003918e-05,balanced_agentic,200,0.0,0.9265790945019247,0.8956161858472558,0.9,1.0,0.07342090549807538,0.10438381415274423,0.10975520132889216,14.684181099615076,0.07342090549807538,0.05532206715846462,0.03521059297265702,0.0,0.0,0.0,0.13040238813542393,0.16478940702734296,0.18508855906592864,0.8220382257699496,0.8887291846568122,0.28528333333333333,0.5611847658813911,0.4388152341186089,0.0,0.0,65.56395756393024,78.7894144144144,86.69511904761903,84.45375110570544,2.0619037078971263,1.8737316544984395,1.8574953369681837,0.06357242779970992,19884063.521049194,18675934.060030825,0.0502891870239631,2.0395267683971463,0.5213096932036158,0.47569203427412415,0.004801351376043625,0.1145502059942848,0.12394833933493705,-16.78479561600304,0.9089207920650634,,,,,0.14938749870528056,0.06086506124698757,0.17167117313955274,0.9999333333333333,0.9308166666666666,0.0,0.9414833333333332,0.09045,0.0,0.0,0.18860805860805863,1737.06506825948,2236.8168215481664,71.77982685849952,62.92201428777827,0.0,0.1274124689049338,0.7712513888888889,5.03846142942695e-08,0.0,,,,,,,,,,,,,,,,,,,,,,,,,,,,,,,,,,,,,,,,,
balanced_agentic,nominal,PPO,PPO,14,1103526060,1905340783,1823775964,0a65909e93fb2c778ea0,stochastic,150,300,150-step training / 300-step held-out evaluation,361046798,0,272.0849051999976,balanced_agentic,200,0.0,0.9486115917239237,0.9184411622786839,1.0,1.0,0.051388408276076054,0.08155883772131595,0.08774905339037453,10.277681655215211,0.051388408276076054,-0.04154515185075365,-0.06868037622158082,0.0011381501018071433,0.007754966085271316,0.010549591140869358,0.24154515185075365,0.2686803762215808,0.2766639415492468,0.7146087301180185,0.8398421257625184,0.24564999999999998,0.878556501832034,0.12030534806615872,0.0,0.0,49.934909241636824,67.82891304347825,77.6618083670715,75.1713081448761,2.893087756994685,2.656888391990877,2.6154242743554366,0.05219157675226239,25641671.248929948,24437420.22091023,0.03900366410471268,1.6904118741587577,0.65490970911,0.5923050459261767,0.0,0.16072709761081583,0.17368500938011747,44.668158802133156,0.2908874290548311,23.652352605943808,0.12485441088712515,,,0.5186862756268373,0.06564824890928227,0.1864538239992572,0.9982333333333334,0.28046666666666664,0.0005,0.9946333333333334,0.15663249999999998,0.0,0.0,0.13481318681318682,2710.3629838310367,2991.4780194674195,54.29511733380109,47.3596084261623,0.0005238095238095239,0.2468289004474174,0.5344541666666667,3.903693105245015e-08,0.0,,,0.03461378936310991,0.01678397593002799,0.0004,0.4381970359280465,0.002259419188822405,0.00045347755977213135,0.00651229718292198,0.00651229718292198,0.0,0.0,0.0,0.43819703593451975,1.312721002724739,0.0012187840255830256,0.07269134456144864,0.2801880027669265,0.6454483910862696,0.00045347755977213135,0.0012187840255830256,0.07269134456144864,0.2801880027669265,0.6454483910862696,0.00045347755977213135,,,,,,,,,,,,,,,,
balanced_agentic,nominal,PPO-Lagrangian,PPO-Lagrangian,14,1103526060,1905340783,1823775964,337f5a10e02765106fee,stochastic,150,300,150-step training / 300-step held-out evaluation,361046798,0,284.58887489995686,balanced_agentic,200,0.08,0.9838746055836157,0.9666875728780733,1.0,0.92,0.016125394416384196,0.03331242712192671,0.03774612038001351,3.225078883276839,0.01752760262650456,0.02750359220687152,-0.012205551511943346,0.0005274220335991855,0.007042253521126761,0.007695491232567975,0.17209165391135678,0.21220555151194334,0.22305077923623293,0.7493635985951355,0.828221621667856,0.25821666666666665,0.7901104791245992,0.20936209884180165,0.0,0.0,64.9876965073253,83.61776179849574,85.00086248331105,85.596640978221,2.627288247446479,2.435375754237147,2.41535666817478,0.0488848156571552,32602334.71676534,30114940.653672602,0.03070923885237859,1.573001634133984,0.6781375758244066,0.6106949713101585,0.0,0.14596045819147105,0.1571658016515701,61.16466789029895,0.13336815903095608,25.096186255169417,0.13391219218785813,,,0.4574933379443619,0.04430451236531587,0.1965141419375641,0.9991499999999999,0.03551666666666666,0.00023333333333333333,0.9950666666666667,0.15404583333333333,0.0,0.0,0.22073260073260073,2466.0002522791265,2714.1356294596694,70.99789847783039,61.655244680946964,0.00023809523809523812,0.15327145284652643,0.6188104166666668,3.0734813116483495e-08,0.0,,,0.015560605348780827,0.010375703299982395,0.009666666666666667,0.36485867640403813,0.0010479994032532433,0.00022911573363218672,0.001198958603076999,0.001198958603076999,0.0,0.0,0.0,0.3648586764047974,1.0930189121920437,0.0006330215593273802,0.6836212455327662,0.03635747171370632,0.2791591454605679,0.00022911573363218672,0.0006330215593273802,0.6836212455327662,0.03635747171370632,0.2791591454605679,0.00022911573363218672,,,,,,,,,,,,,,,,
balanced_agentic,nominal,PPO_CMDP,PPO_CMDP,14,1103526060,1905340783,1823775964,dadb88684cb84768bf3a,stochastic,150,300,150-step training / 300-step held-out evaluation,361046798,0,264.74071779998485,balanced_agentic,200,0.0,0.9317442709368131,0.9068215431802304,0.97,1.0,0.06825572906318676,0.09317845681976941,0.10221372397662068,13.651145812637353,0.06825572906318676,-0.07249522764585487,-0.09902369805431799,0.0007470846680226795,0.007639505296171369,0.009863764893581092,0.2724952276458549,0.299023698054318,0.3055464359102721,0.5340412363377951,0.7985112534695066,0.1832666666666667,0.9403757482802785,0.05887716705169887,0.0,0.0,35.10081517679136,52.52106316244862,55.75816621706937,56.31838213013448,3.0896704434132105,2.6656356952615288,2.6643485326642944,0.06936471184354043,26848666.901822034,25707585.75807393,0.037236429067880085,1.2114866744865576,0.6528124681627062,0.5950737308905633,0.0,0.17164835796740058,0.1893505088875065,58.05414413160714,0.17880768323115132,22.64835715577434,0.12212274123169051,,,0.33343263917924587,0.08129098808233415,0.1903562276303889,0.9824666666666667,0.030966666666666667,0.00031666666666666665,0.9958833333333333,0.18474583333333336,0.0,0.0,0.1266007326007326,2939.713706135546,3170.4163788704145,35.41864304177824,34.4843116844942,0.00047619047619047624,0.27899892718657193,0.4149444444444444,3.728059503321432e-08,0.0,,,0.03499299747772871,0.012830211142613276,0.0,0.40011092874680865,0.0020319089997846086,0.00030579725877874844,0.038083509917700875,0.038083509917700875,0.0,0.0,0.0,0.40011092874751925,1.1986252222506044,0.016957775583031482,0.10139217789610314,0.03163553002904982,0.8497087192330368,0.00030579725877874844,0.016957775583031482,0.10139217789610314,0.03163553002904982,0.8497087192330368,0.00030579725877874844,,,,,,,,,,,,,,,,
balanced_agentic,nominal,Intent-PPO-CMDP-NoRisk,Intent-PPO-CMDP-NoRisk,14,1103526060,1905340783,1823775964,72924e27f6df7ecb428f,stochastic,150,300,150-step training / 300-step held-out evaluation,361046798,0,270.7660398000153,balanced_agentic,200,0.0,0.931126120292042,0.905521510443523,0.99,1.0,0.06887387970795793,0.09447848955647682,0.09883477845980462,13.774775941591585,0.06887387970795793,-0.07401310801118219,-0.09948570508390418,0.0010923698094654883,0.00794290834613415,0.009275582204800561,0.2740131080111822,0.2994857050839042,0.3076916029688225,0.510694367898131,0.7883730868258491,0.17541666666666664,0.9461047427171436,0.05280288747339089,0.0,0.0,34.13641029858338,50.6985003277972,58.60642647058823,55.64773904504462,3.0956245298464085,2.702323969451269,2.6677870139985953,0.07353106078977387,26377441.78473685,25142143.881124143,0.037896088558594006,1.2013837975315202,0.6556502020078251,0.6035636290727968,0.0,0.17197914054702268,0.19067128760144975,57.700245869661536,0.17621755366403527,19.81193184534525,0.10929278837178003,,,0.30237138332498675,0.08212836985738402,0.1927261678187012,0.9907166666666666,0.06791666666666667,0.0004666666666666666,0.9958833333333333,0.19397083333333334,0.0,0.0,0.12138461538461538,2916.453725114835,3192.1011170095635,34.41248042758547,33.450802427039555,0.0005714285714285715,0.28293894857978863,0.40803819444444445,3.7945981726640235e-08,0.0,,,0.09037506586183433,0.02729472940472126,0.002816666666666667,0.41206369280835203,0.0027402544938629004,0.0004008580896881933,0.04536764744171271,0.04536764744171271,0.0,0.0,0.0,0.41206369280647814,1.2344325033002042,0.008942575547874181,0.051872179898700924,0.06933988256988537,0.8694445038938514,0.0004008580896881933,0.008942575547874181,0.051872179898700924,0.06933988256988537,0.8694445038938514,0.0004008580896881933,,,,,,,,,,,,,,,,
balanced_agentic,nominal,Intent-PPO-CMDP,Intent-PPO-CMDP,14,1103526060,1905340783,1823775964,fd2a9bdca11bd34bca64,stochastic,150,300,150-step training / 300-step held-out evaluation,361046798,0,319.06714920001104,balanced_agentic,200,0.025,0.9654949884056719,0.9343106303631018,1.0,0.975,0.03450501159432812,0.0656893696368981,0.07441485111877441,6.901002318865624,0.035389755481362174,-0.008395843990608996,-0.03597630960399169,0.03187820738343488,0.051104248549504024,0.055001181455677305,0.20797401080518044,0.23597630960399166,0.24836458849623716,0.7845013442648185,0.8809664547561061,0.26658333333333334,0.8366415629165934,0.1314802296999717,0.0,0.0,60.08039311221768,77.22438135037692,83.4323264670244,82.28756080063688,2.788467020731789,2.506891924687347,2.4827764651753257,0.060850206483836614,29575170.322146427,27627558.04551717,0.03381291024819104,1.6994253197946483,0.6374697801269913,0.5763456014526389,0.0,0.15491483448509935,0.1685830957641499,59.45349683296386,0.15963093865251238,20.810805294328347,0.10421381477258052,,,0.638276674063377,0.06299419025026864,0.23176984071414788,0.9851666666666666,0.1119,0.014066666666666665,0.9939166666666667,0.14826583333333332,0.6847166666666666,0.04797166666666666,0.15616849816849818,2752.009542213171,2808.097970703351,68.70045832208436,54.406147706149156,0.01280952380952381,0.20499946625536197,0.57858125,3.386675471031075e-08,0.0,,,0.02179119646994284,0.015111027831893624,0.020950000000000003,0.48013033255222903,0.6497820126173598,0.18741680840987607,0.4751159456712377,0.6377149570863032,0.17369553921030395,0.16259901141506558,0.17424999999999996,0.487796800658254,1.4613086186683142,0.0008850045024051321,0.4475675759786453,0.1115667945272708,0.42590823846371306,0.01407238652796576,0.0008850045024051321,0.4475675759786453,0.1115667945272708,0.42590823846371306,0.01407238652796576,,,,,,,,,,,,,,,,
balanced_agentic,nominal,Intent-PPO-CMDP-FullPolicy-NoShield,Intent-PPO-CMDP,14,1103526060,1905340783,1823775964,fd2a9bdca11bd34bca64,stochastic,150,300,150-step training / 300-step held-out evaluation,361046798,1,319.06714920001104,balanced_agentic,200,0.0,0.7213094105957822,0.6610647603766254,0.0,1.0,1.1562605843928784,1.3838367979811688,1.4848914025366837,231.2521168785757,1.1562605843928784,-0.39698687807564575,-0.47495112908661946,0.4569868780756458,0.5349511290866195,0.5592391721965843,0.24016946568179143,0.2785319142385023,0.29180337263655753,0.7367237530881581,0.8681703246396889,0.27313333333333334,0.5063937169870953,0.0366194049372589,0.0,0.0,32.5766098721717,47.54311507936508,54.04761774370203,53.49938808758084,1.7726528990175776,1.4681176347030904,1.4332189666711064,0.11397158270306873,25985053.4804624,23351458.35815122,0.038467990897730654,0.6664235741930933,0.5292405967385282,0.4469423753707185,0.009447781170656677,0.09848071661208765,0.11711350375451439,14.145960684772485,0.7322505674093086,20.810805294328347,0.10421381477258052,,,0.8784877443996854,1.1249729035136689,1.4109550921490197,0.7617,0.13396666666666668,0.20279999999999998,0.9790833333333333,0.2322275,0.0,0.0,0.2587838827838828,1693.4567914650383,1815.2969569304835,29.819902423302747,33.357345144306315,0.18352380952380953,0.24866388703839223,0.2969125,3.859011443886166e-08,0.0,,,0.023368381098493672,0.01736912215931761,0.009683333333333332,0.5180428059615927,0.5895399909638153,0.2023046984204913,0.46784098654972267,0.46784098654972267,0.0,0.0,0.0,0.5180428058986917,1.5519175527131768,0.03614990192139483,0.3145104527703275,0.13480098819233627,0.31223395869545,0.2023046984204913,0.03614990192139483,0.3145104527703275,0.13480098819233627,0.31223395869545,0.2023046984204913,,,,,,,,,,,,,,,,
balanced_agentic,nominal,MaxWeight,MaxWeight,15,1481178426,1997781942,559070905,,stochastic,150,300,150-step training / 300-step held-out evaluation,1073916742,0,1.0999967344105244e-05,balanced_agentic,200,0.02,0.9595159645173758,0.9323741590749923,1.0,0.98,0.04048403548262414,0.06762584092500758,0.07601507227138485,8.096807096524827,0.041310240288391975,0.02473283840272256,-0.06895144352714995,0.0,0.0,0.0,0.17157993264913327,0.2689514435271499,0.28312390223773626,0.6767035260420212,0.8660817280079509,0.23491666666666666,0.7235022521215535,0.27649774787844655,0.0,0.0,46.652946011576724,64.50271739130434,70.17281249999999,68.79821637510405,2.4536740300479396,2.165693348829155,2.151436280672867,0.11652374525814667,20322045.14905254,18444566.75304218,0.04922523384630473,1.6904603255246666,0.5792262847010401,0.51083356214265,0.0008900483827897562,0.13631522389155218,0.1723793369797522,13.343130231706338,2.6424702730189713,,,,,0.26659610189386945,0.03602339693345335,0.17267778661546146,0.9944833333333334,0.7616999999999998,0.0,0.9603666666666666,0.12320666666666666,0.0,0.0,0.28197069597069596,2085.977409509965,2651.664518029926,49.85601719250515,45.38728525065594,0.0,0.16353599303703276,0.6260791666666667,4.9703609765558804e-08,0.0,,,,,,,,,,,,,,,,,,,,,,,,,,,,,,,,,,,,,,,,,
balanced_agentic,nominal,PPO,PPO,15,1481178426,1997781942,1596015111,461e22a59e6f436fac36,stochastic,150,300,150-step training / 300-step held-out evaluation,1073916742,0,258.87767640000675,balanced_agentic,200,0.335,0.9915327280912736,0.9728266012684444,1.0,0.665,0.008467271908726383,0.027173398731555415,0.032324381526144086,1.6934543817452765,0.0127327397123705,0.03721346467730964,0.005160340574520572,0.0004955668075254244,0.007003068873572467,0.00784645006716603,0.16137142808966154,0.19483965942547943,0.20509654088219959,0.713327888498595,0.8143287417700303,0.24158333333333332,0.8802849635915284,0.1192194696009461,0.0,0.0,55.75537717082186,72.47448935245545,80.68827976190475,76.82127107111259,2.84288785018384,2.558468559638695,2.5326233424327946,0.06162582457650882,31855720.116303667,30090214.089550827,0.03138714511018332,1.49251792424935,0.6729732190128572,0.618518260079473,0.0,0.1579382138991022,0.17340174219912138,80.13715891885221,0.1300791389542317,26.33215643894737,0.15276361776873223,,,0.4415401828210069,0.03712349643382165,0.2177414520009448,0.9991833333333333,0.04006666666666666,0.00021666666666666668,0.9885166666666666,0.1407725,0.0,0.0,0.15732600732600732,2831.7897932286082,2848.863727005887,63.07523699940777,50.51588464115398,0.00028571428571428574,0.16286533715445026,0.5679006944444445,3.142080149391568e-08,0.0,,,0.021970979427277743,0.02130120631004795,3.3333333333333335e-05,0.2605376215119689,0.0012671220712784754,0.00024123841371922978,0.002351562156544,0.002351562156544,0.0,0.0,0.0,0.2605376215165844,0.7805009612522267,0.0006241929266853877,0.7186643678574967,0.04085408599786213,0.23961611480423656,0.00024123841371922978,0.0006241929266853877,0.7186643678574967,0.04085408599786213,0.23961611480423656,0.00024123841371922978,,,,,,,,,,,,,,,,
balanced_agentic,nominal,PPO-Lagrangian,PPO-Lagrangian,15,1481178426,1997781942,1596015111,c54dc7a9b9a68be549b7,stochastic,150,300,150-step training / 300-step held-out evaluation,1073916742,0,254.7300168000511,balanced_agentic,200,0.015,0.977963334046693,0.954145446637947,1.0,0.985,0.022036665953307076,0.04585455336205299,0.049378630372567914,4.407333190661415,0.022372249698788912,0.056438741319520244,0.035180320038213544,0.0004783671091873191,0.00699546931941298,0.007559957869689134,0.11126136660649687,0.16481967996178637,0.17999355925397809,0.7479307339019146,0.8313221376001264,0.2544,0.7275083548237695,0.2720132780670432,0.0,0.0,74.2321894525968,90.05573990549829,95.14056737588652,93.59323110406432,2.387908361035865,2.1182902154632792,2.085918332308798,0.07219647065686016,35147537.796176,32345867.276342966,0.028440687140814064,1.5124160097533483,0.7073410587342905,0.632502170381169,0.0,0.1326615756131036,0.1483318265668756,60.64113830787941,0.21865454697696068,24.756392627491348,0.26861411613873526,,,0.13555888954208442,0.0484424437246558,0.23066110094406497,0.9995166666666665,0.0125,0.00021666666666666668,0.9714,0.12539333333333333,0.0,0.0,0.05213919413919414,2214.329186944889,2481.374070161776,81.48221525329082,69.30807322197883,0.0003333333333333334,0.11992877929429016,0.64028125,2.850181501579871e-08,0.0,,,0.01001884308710393,0.008577692678396979,0.0,0.1028742478359128,0.0006085332392717417,0.00021526588198899786,0.00040872607581686655,0.00040872607581686655,0.0,0.0,0.0,0.1028742478364328,0.3081837043611936,0.0003132289407697697,0.9524778690884911,0.012368293530945249,0.034625342557804945,0.00021526588198899786,0.0003132289407697697,0.9524778690884911,0.012368293530945249,0.034625342557804945,0.00021526588198899786,,,,,,,,,,,,,,,,
balanced_agentic,nominal,PPO_CMDP,PPO_CMDP,15,1481178426,1997781942,1596015111,fc83225982e20e56ecdd,stochastic,150,300,150-step training / 300-step held-out evaluation,1073916742,0,273.55554740002844,balanced_agentic,200,0.075,0.9871820797932293,0.9695197044334974,1.0,0.925,0.012817920206770785,0.030480295566502464,0.03376466428050434,2.563584041354157,0.013857211034346796,0.054478051229763284,0.03329103214890019,0.0007068384519844989,0.007636523781561948,0.009731608617233201,0.1314016734499535,0.16670896785109982,0.17417447012359416,0.7403229079077468,0.8260547466472162,0.25170000000000003,0.8208318894624103,0.17846127208560525,0.0,0.0,68.58903676849454,82.73491674100505,88.5674401440144,85.95228806000345,2.685485273615699,2.412165204181772,2.3865974564763546,0.0626105471130162,34124383.18349096,32251874.556036472,0.02930639204217605,1.619425929814552,0.6784369372681743,0.6073098670007516,0.0,0.14919362631198324,0.16369558607391188,74.05543477590754,0.13427611204713133,24.33002335679956,0.14834496728010554,,,0.27653249487040754,0.04332675924426062,0.23342161609837647,0.9994999999999998,0.01083333333333333,0.0003,0.9711666666666666,0.13122999999999999,0.0,0.0,0.12668131868131868,2661.4871972142964,2698.407314754916,78.6169029850881,60.9651070032331,0.0005238095238095239,0.13847529987138163,0.6250395833333333,2.9334956032092636e-08,0.0,,,0.01386882597643789,0.010427182266568302,1.6666666666666667e-05,0.2112077459919002,0.0008429674349631755,0.0002634640483509018,0.0009243532375239451,0.0009243532375239451,0.0,0.0,0.0,0.21120774600015038,0.6327218611172443,0.00022748445549563513,0.8585022293530719,0.010700674883959144,0.13030614725912237,0.0002634640483509018,0.00022748445549563513,0.8585022293530719,0.010700674883959144,0.13030614725912237,0.0002634640483509018,,,,,,,,,,,,,,,,
balanced_agentic,nominal,Intent-PPO-CMDP-NoRisk,Intent-PPO-CMDP-NoRisk,15,1481178426,1997781942,1596015111,8c806f3e428ad93e5ba2,stochastic,150,300,150-step training / 300-step held-out evaluation,1073916742,0,275.68097020004643,balanced_agentic,200,0.005,0.9668364730027855,0.944854675103098,1.0,0.995,0.033163526997214324,0.05514532489690196,0.06649928066317715,6.632705399442865,0.03333017788664757,0.0524011313449773,0.019863000235867605,4.201680672268908e-05,0.0,4.201680672268908e-05,0.1291395137905248,0.1801369997641324,0.18950606256666283,0.7633478686043049,0.8496529993155246,0.25838333333333335,0.6854818059494926,0.3144761772437846,0.0,0.0,76.32102658389108,91.77265217391304,96.45577675079984,95.2408994418087,2.2473780882517933,1.994768145504413,1.9873987707543765,0.07478584272301833,34341180.87653474,31812762.494503286,0.029106973357414436,1.4977476562843717,0.6920999083997762,0.6160830723817902,0.0,0.12485433823621073,0.1406996800138768,47.271833845163044,0.29939724804844065,22.58964125611793,0.13652253146101623,,,0.09282065175375578,0.05474283002171932,0.242163313527431,0.9999166666666668,0.005,1.6666666666666667e-05,0.9659666666666666,0.11946499999999999,0.0,0.0,0.03966300366300366,2056.7947419328952,2349.9998901158156,83.40030588727785,71.74529044468362,4.761904761904762e-05,0.1415133358371304,0.6572916666666666,2.9186482421143586e-08,0.0,,,0.006634506287550508,0.005644878565726947,0.0,0.07028667200486603,0.00021494339564730056,7.184392016508117e-05,0.00014310632218360328,0.00014310632218360328,0.0,0.0,0.0,0.07028667200627804,0.21056005172991096,9.254455590094337e-05,0.9686612170823367,0.004816960220770902,0.026357434220826384,7.184392016508117e-05,9.254455590094337e-05,0.9686612170823367,0.004816960220770902,0.026357434220826384,7.184392016508117e-05,,,,,,,,,,,,,,,,
balanced_agentic,nominal,Intent-PPO-CMDP,Intent-PPO-CMDP,15,1481178426,1997781942,1596015111,618554fca77aa7604c32,stochastic,150,300,150-step training / 300-step held-out evaluation,1073916742,0,332.33217309997417,balanced_agentic,200,0.045,0.9818026094976492,0.9630542075312848,1.0,0.955,0.01819739050235086,0.03694579246871517,0.042616010760858414,3.639478100470172,0.019054859164765296,0.05377381204595457,0.03540000743853908,0.0038142488599275004,0.015054945054945049,0.020167165571439577,0.11232087840871674,0.1640657758097067,0.17557510814409785,0.7435213820783259,0.8244249382820451,0.25088333333333335,0.753405634670614,0.2427801164694585,0.0,0.0,72.29901020652939,88.21888888888888,91.259009009009,90.84059135040631,2.4689300724208403,2.1777644327834413,2.164761000088297,0.0709788536641801,35068307.59295771,32539221.046008572,0.028510310183013313,1.5267373783327238,0.6971892329986832,0.625799872778448,0.0,0.1371627818011578,0.15220502196146007,66.14765710181,0.18653305035325674,22.031113531673586,0.13650993732566244,,,0.1761148570845146,0.046026881224415554,0.23187902518608702,0.9983166666666666,0.01505,0.0016833333333333333,0.97425,0.129655,0.7837333333333334,0.06682333333333333,0.06387545787545787,2354.5425988943343,2530.5233273966514,79.27377276930171,67.25176511998058,0.0018571428571428571,0.11921263997485695,0.6261222222222222,2.8567298820408507e-08,0.0,,,0.024477950872674747,0.021892200793491787,0.0,0.16457928562683835,0.06657227420958994,0.022405895661596596,0.04460245144316225,0.06504083329288642,0.020852916190678403,0.02043838184972417,0.0204,0.13567709541018771,0.40645225350236336,9.963140203796228e-05,0.9334471770595537,0.015486233183781428,0.049402026095103586,0.0015649322595232544,9.963140203796228e-05,0.9334471770595537,0.015486233183781428,0.049402026095103586,0.0015649322595232544,,,,,,,,,,,,,,,,
balanced_agentic,nominal,Intent-PPO-CMDP-FullPolicy-NoShield,Intent-PPO-CMDP,15,1481178426,1997781942,1596015111,618554fca77aa7604c32,stochastic,150,300,150-step training / 300-step held-out evaluation,1073916742,1,332.33217309997417,balanced_agentic,200,0.005,0.9654774125606841,0.907794157596329,0.955,0.995,0.03452258743931595,0.09220584240367086,0.11712406229827918,6.90451748786319,0.03469606777820698,0.010083617626832232,-0.022370164438660824,0.049665170695450386,0.0823701644386608,0.0926860941549747,0.11730870088613637,0.1673111837327523,0.18345888185649262,0.7533050151370674,0.8365296060815556,0.2563333333333333,0.7107094463516731,0.23962538295287658,0.0,0.0,72.07873536807037,86.74044943820225,96.68471698113201,94.15748681572839,2.3695002626686277,2.087272979535911,2.0633253071698325,0.07400960528895838,34911324.64057005,32494788.785154667,0.02863217817625348,1.467031915723201,0.6981641004076209,0.6241404028216746,0.0,0.1316389034815904,0.1490630160354301,57.65599884583674,0.21719216196502872,22.031113531673586,0.13650993732566244,,,0.23117513465295322,0.05856578921765477,0.2360145818523697,0.9779499999999999,0.015983333333333332,0.021983333333333334,0.9744666666666667,0.12845083333333332,0.0,0.0,0.07939194139194139,2229.781201117468,2444.7336035038684,79.54571295240771,66.65609748891781,0.023238095238095238,0.12879428376099214,0.6263451388888889,2.8692623681073332e-08,0.0,,,0.024468820535052595,0.021886696379375722,0.0,0.1646414726561882,0.06641189630691872,0.022543393703565437,0.04430935545813416,0.04430935545813416,0.0,0.0,0.0,0.16464147266232998,0.4932217732199991,9.72801205552471e-05,0.914042214894784,0.015126372683594881,0.04819073859750036,0.022543393703565437,9.72801205552471e-05,0.914042214894784,0.015126372683594881,0.04819073859750036,0.022543393703565437,,,,,,,,,,,,,,,,
balanced_agentic,congestion_burst,MaxWeight,MaxWeight,11,471540437,1073362871,28237267,,stochastic,150,300,150-step training / 300-step held-out evaluation,546558637,0,1.179997343569994e-05,balanced_agentic,200,0.0,0.8549609914866833,0.8293744449928901,0.005,1.0,0.14503900851331686,0.1706255550071097,0.17645716016358223,29.00780170266337,0.14503900851331686,0.058200947031256396,0.04754819629034615,0.0,0.0,0.0,0.11870547312327105,0.15245180370965386,0.16623870504187588,0.872313151074384,0.9169329770799971,0.3875166666666667,0.3762205544624769,0.6237794455375232,0.0,0.0,80.62717840709513,95.18013698630136,99.07506944444444,97.95989785405449,1.903892721643753,1.7299553213033476,1.7190864133978654,0.05799248673756483,19052548.052486405,17839008.175719056,0.05251324918620793,2.4183217425196903,0.5030525771178108,0.4510825134084055,0.01018210034107541,0.10577181786909738,0.11416938289599432,-14.405066704265097,0.8157760919748895,,,,,0.1275541084011818,0.11159624608902817,0.18788264509389246,1.0,0.9463333333333332,0.0,0.9440333333333334,0.08899499999999999,0.0,0.0,0.1581391941391941,1629.0469709841104,2051.8865873835593,82.69334610478052,79.73778854102795,0.0,0.11719777347463191,0.8576104166666667,5.257937273269333e-08,0.0,,,,,,,,,,,,,,,,,,,,,,,,,,,,,,,,,,,,,,,,,
balanced_agentic,congestion_burst,PPO,PPO,11,471540437,1073362871,1897045420,b9c1e1a3273f0ff06c77,stochastic,150,300,150-step training / 300-step held-out evaluation,546558637,1,259.96485530002974,balanced_agentic,200,0.0,0.953886945764023,0.9330214197748065,1.0,1.0,0.0461130542359769,0.06697858022519351,0.07109831711133321,9.22261084719538,0.0461130542359769,0.05641205170609913,0.03685979249866197,2.551020408163265e-05,0.0,2.551020408163265e-05,0.13136021942078357,0.163140207501338,0.17327133587641408,0.8322333955153148,0.8850289696330922,0.3753833333333333,0.5686188018626593,0.431355687933259,0.0,0.0,92.12316003856624,104.73873024938129,110.8028723209379,108.42022691494779,2.68044838993451,2.4273610921445252,2.423819342306285,0.05494195786793019,34348733.21001738,33024514.62520613,0.029125876856974608,2.157627854858999,0.6858209959655517,0.6266360868991476,0.0,0.14891379944080613,0.16151409284417825,54.447480325651796,0.16518174657221438,21.571008575666486,0.12208589956735064,,,0.34139735946703204,0.0821076789794374,0.24345001111963185,0.9999833333333333,0.003766666666666667,1.6666666666666667e-05,0.9861166666666666,0.14264166666666664,0.0,0.0,0.10794871794871795,2548.011243135885,2751.760699749157,89.36900622181946,91.97281778729126,0.0,0.13496070277546196,0.7803395833333333,2.9129329749380426e-08,0.0,,,0.009765168518686647,0.009004627772679265,0.00016666666666666666,0.18308567230690656,6.734850524060046e-05,2.3760525284268274e-05,4.3588722278930306e-05,4.3588722278930306e-05,0.0,0.0,0.0,0.183085672313914,0.5484756573761225,3.190629836174076e-05,0.7732434873241668,0.003685958612636893,0.22301488723955032,2.3760525284268274e-05,3.190629836174076e-05,0.7732434873241668,0.003685958612636893,0.22301488723955032,2.3760525284268274e-05,,,,,,,,,,,,,,,,
balanced_agentic,congestion_burst,PPO-Lagrangian,PPO-Lagrangian,11,471540437,1073362871,1897045420,97597eec01eed730a745,stochastic,150,300,150-step training / 300-step held-out evaluation,546558637,1,273.0232358999783,balanced_agentic,200,0.0,0.8916789162380064,0.8578784297288338,0.34,1.0,0.10832108376199347,0.1421215702711662,0.1462740192676728,21.664216752398694,0.10832108376199347,0.059187621541558474,0.05197368421052634,0.0,0.0,0.0,0.0960549435310249,0.14802631578947367,0.15459140431366022,0.8413806424898794,0.8923780191726725,0.37818333333333337,0.43907229286031696,0.5609277071396831,0.0,0.0,94.76172437262241,111.44200310559006,121.52190789473683,117.88355015659636,2.0548352516979276,1.8153968585146654,1.807869318966913,0.0758353132805811,35100909.02972969,32679271.953207754,0.028474929976553102,1.6633892180120957,0.6947649134752854,0.6118026694108281,0.0,0.1141575139832182,0.12930129809873694,26.147638236495844,0.4905454032516215,21.24425025650966,0.12137918968135644,,,0.08145216503878189,0.11440140117211633,0.25357594640544506,1.0,0.016716666666666664,0.0,0.9875333333333333,0.13364916666666665,0.0,0.0,0.0407838827838828,1862.0551526832414,2158.639920398145,96.44448664372307,93.76053518383031,0.0,0.09732063350022419,0.7922312499999999,2.8539651050199663e-08,0.0,,,0.0028735964917753964,0.002547327932235182,0.0,0.05001414977451216,2.101552170086372e-05,1.0395275039542005e-05,1.062043030712974e-05,1.062043030712974e-05,0.0,0.0,0.0,0.050014149770302954,0.14982900260125948,6.3598573832115185e-06,0.974130164486685,0.01713846234960309,0.008714618031289093,1.0395275039542005e-05,6.3598573832115185e-06,0.974130164486685,0.01713846234960309,0.008714618031289093,1.0395275039542005e-05,,,,,,,,,,,,,,,,
balanced_agentic,congestion_burst,PPO_CMDP,PPO_CMDP,11,471540437,1073362871,1897045420,3e02143445d692cb208a,stochastic,150,300,150-step training / 300-step held-out evaluation,546558637,1,273.6423236000119,balanced_agentic,200,0.0,0.9598239321295058,0.9422916394469169,1.0,1.0,0.04017606787049404,0.05770836055308309,0.06682636283125952,8.035213574098808,0.04017606787049404,0.007590856732894062,-0.018675319556281305,0.00019829055865193678,0.0,0.00019829055865193678,0.19240914326710595,0.2186753195562813,0.2267717423824404,0.8354464862134069,0.8927286895812138,0.3776166666666667,0.6480022984244349,0.35179941101691303,0.0,0.0,84.42938779258681,95.1905875170581,102.20427419354837,98.88593265537638,3.06276171662831,2.827982869042374,2.809253709407764,0.045183744639594875,31595945.634725653,30483867.674507976,0.03166086550049268,2.456127386534751,0.6624275114301585,0.6097797387295104,0.0,0.17015342870157277,0.18319747070069226,55.109887246018914,0.16621168382371793,16.313100003571034,0.11627297453992139,,,0.44893610433343256,0.06546652570453895,0.22495557031214616,0.9993000000000001,0.0055000000000000005,0.00011666666666666667,0.9938666666666667,0.14871166666666666,0.0,0.0,0.16202930402930404,3011.6644237332866,3090.275643571785,81.71223314661876,84.65317202243324,9.523809523809524e-05,0.20116824602013772,0.7891631944444444,3.1664560247324937e-08,0.0,,,0.023124447060136583,0.021612201079327487,0.020166666666666666,0.24691919742840576,0.00045322979034507284,0.00014812519595238397,0.00030513972294853617,0.00030513972294853617,0.0,0.0,0.0,0.24691919742257137,0.7397038086788464,0.00044109278810310385,0.5074738524913213,0.005345954316474535,0.4865909752081487,0.00014812519595238397,0.00044109278810310385,0.5074738524913213,0.005345954316474535,0.4865909752081487,0.00014812519595238397,,,,,,,,,,,,,,,,
balanced_agentic,congestion_burst,Intent-PPO-CMDP-NoRisk,Intent-PPO-CMDP-NoRisk,11,471540437,1073362871,1897045420,7d2ee40999bb1a6afe16,stochastic,150,300,150-step training / 300-step held-out evaluation,546558637,1,275.69379829999525,balanced_agentic,200,0.0,0.8981596890213711,0.8675104140150566,0.455,1.0,0.10184031097862883,0.1324895859849434,0.13941804965189508,20.368062195725766,0.10184031097862883,0.058889289580839554,0.05438043547260839,0.0001621240565272055,0.0,0.0001621240565272055,0.08810068439064529,0.1434249778279448,0.1586623125442154,0.8364429960775438,0.9055377321525416,0.37689999999999996,0.44974512896769675,0.5500927469757761,0.0,0.0,93.91680993184957,110.54030585106379,118.02397593582889,115.67453962790569,2.092362860737805,1.8376221168213005,1.8400907161767468,0.07143527248033694,35473560.46013951,32836662.75548287,0.02818062476855231,1.6613158448926137,0.7126834277990269,0.6227189905124655,0.0,0.11624238115210028,0.12973251569433555,30.244886642627826,0.38374723068689187,16.737563756692968,0.08358146624495469,,,0.11704505621674603,0.11153651119487135,0.23439753566457255,0.9998166666666666,0.02356666666666667,0.0001,0.98745,0.13657416666666666,0.0,0.0,0.049641025641025634,1903.9254153942882,2193.8291774612394,94.28201379476599,93.5542479021372,4.761904761904762e-05,0.08426916920702128,0.7797416666666667,2.8239034049228817e-08,0.0,,,0.005119785134353491,0.0027323325051996413,0.0,0.10477695004699675,0.00016721199117430066,6.96694666977325e-05,9.755105684826352e-05,9.755105684826352e-05,0.0,0.0,0.0,0.10477695005099691,0.3138836907923259,6.721471690356201e-05,0.9607488937175342,0.023725163373095128,0.01538905872576925,6.96694666977325e-05,6.721471690356201e-05,0.9607488937175342,0.023725163373095128,0.01538905872576925,6.96694666977325e-05,,,,,,,,,,,,,,,,
balanced_agentic,congestion_burst,Intent-PPO-CMDP,Intent-PPO-CMDP,11,471540437,1073362871,1897045420,b12c9f3440d9c22ff923,stochastic,150,300,150-step training / 300-step held-out evaluation,546558637,1,319.3185737999738,balanced_agentic,200,0.0,0.9181064477934373,0.887276833302688,0.855,1.0,0.08189355220656257,0.11272316669731194,0.11839954587620452,16.378710441312514,0.08189355220656257,0.039937021333983413,0.02314814814814815,0.02006297866601658,0.036851851851851844,0.04260080818593148,0.09119874013965575,0.1285140305101567,0.13730084775800544,0.8447772800830988,0.9139737861679176,0.37555000000000005,0.48933353353323894,0.4906034878007445,0.0,0.0,91.92844599236358,104.32203351449274,110.5653325969563,108.23456520053405,2.2851654690353485,2.0638802622430537,2.0502802313393107,0.05573334597319436,35278333.34137624,33830159.74513703,0.028354902556462128,1.786968863510981,0.7134715828927389,0.6204431474570887,0.0,0.12695363716863045,0.13769061724837742,46.0811691203116,0.19615796511811437,16.570640696124258,0.08030660667850774,,,0.2944474425487587,0.09880900147151078,0.20821142136727125,0.9872166666666666,0.0374,0.012716666666666664,0.9927000000000001,0.1473325,0.6943833333333334,0.0496025,0.09026373626373627,2085.337965806899,2392.764893850669,89.86344073240168,92.59763166791988,0.014476190476190476,0.0864691562504772,0.7400861111111111,2.836235938949146e-08,0.0,,,0.007143041334638598,0.005840113207628614,0.0005333333333333333,0.25147638378628223,0.3907719815755465,0.12213608928215003,0.27326029916579153,0.37835119087979746,0.10928575838858863,0.105090891714006,0.10893333333333334,0.20595662173664714,0.6169908986886252,8.857712660393432e-05,0.8782055806366753,0.03755711446009162,0.07111429893208195,0.013034428844547294,8.857712660393432e-05,0.8782055806366753,0.03755711446009162,0.07111429893208195,0.013034428844547294,,,,,,,,,,,,,,,,
balanced_agentic,congestion_burst,Intent-PPO-CMDP-FullPolicy-NoShield,Intent-PPO-CMDP,11,471540437,1073362871,1897045420,b12c9f3440d9c22ff923,stochastic,150,300,150-step training / 300-step held-out evaluation,546558637,1,319.3185737999738,balanced_agentic,200,0.0,0.7258614487935511,0.6870911352374238,0.0,1.0,0.4019537631917977,0.6079650201546495,0.6679638700253313,80.39075263835954,0.4019537631917977,-0.10729969125346867,-0.18105301065975224,0.1672996912534687,0.24105301065975224,0.2612480218108334,0.10690325039801568,0.14950957127036862,0.16205506711588438,0.8451878676543493,0.9020172157162907,0.39025,0.41168344033157067,0.4210168684149606,0.0,0.0,79.75107751399887,93.42085365853659,99.68305405405403,97.2830619119642,1.9630521539881065,1.6674759819746783,1.6528616957585722,0.08250722294430202,34423858.27411905,32504408.964684535,0.029052440431187525,1.3644960148843521,0.7096355551256162,0.6049235925860443,0.0,0.10905845299933926,0.1234551805661098,25.700872349999067,0.46623245720722856,16.570640696124258,0.08030660667850774,,,0.4370999763010988,0.4931621871892534,0.7210359365506723,0.8944833333333334,0.03383333333333333,0.10545,0.9892,0.14968499999999998,0.0,0.0,0.14613919413919416,1826.7543446151178,2036.4432821120258,69.85075646876253,84.4764461645429,0.08238095238095239,0.10919687207876744,0.6670277777777778,2.9077748639651892e-08,0.0,,,0.007440567435540879,0.006008920529822286,0.0007833333333333334,0.25173756059239893,0.3890091438499471,0.10682321467487979,0.28671253710978517,0.28671253710978517,0.0,0.0,0.0,0.25173756058253904,0.7541383347028652,8.286605172459275e-05,0.7952623352609105,0.03398442011466097,0.06384716389782419,0.10682321467487979,8.286605172459275e-05,0.7952623352609105,0.03398442011466097,0.06384716389782419,0.10682321467487979,,,,,,,,,,,,,,,,
balanced_agentic,congestion_burst,MaxWeight,MaxWeight,12,1729653623,2128646545,1855510644,,stochastic,150,300,150-step training / 300-step held-out evaluation,2003409612,0,2.559996210038662e-05,balanced_agentic,200,0.0,0.8647119857614988,0.844745888524495,0.005,1.0,0.13528801423850123,0.1552541114755049,0.16089294477830057,27.057602847700245,0.13528801423850123,0.05819399086789547,0.048211948391922235,0.0,0.0,0.0,0.11410283181681433,0.15178805160807776,0.17225669266314458,0.8708237368290976,0.9153975846940631,0.38416666666666666,0.37845191249249277,0.6215480875075073,0.0,0.0,78.81750486654026,91.68282484635643,95.00513513513512,94.27180931554082,2.040097106722277,1.883519281557487,1.869470792955898,0.05373646488161798,15468716.106339801,14507475.745272897,0.06465816741682444,3.1190200625728695,0.5093312571516009,0.4625796941969935,0.006474459720306386,0.1133387281512376,0.12251626709014735,-7.922146231598604,1.4487203284862098,,,,,0.12796375935885063,0.10145831722441008,0.1837578339122149,1.0,0.946,0.0,0.9471333333333334,0.09095416666666668,0.0,0.0,0.15705494505494502,1721.8071062157355,2211.484030071953,79.55026372935139,78.56422226868925,0.0,0.11450343776626486,0.8566451388888887,6.474034975696328e-08,0.0,,,,,,,,,,,,,,,,,,,,,,,,,,,,,,,,,,,,,,,,,
balanced_agentic,congestion_burst,PPO,PPO,12,1729653623,2128646545,1621075116,2fb07c1ee95b181950c4,stochastic,150,300,150-step training / 300-step held-out evaluation,2003409612,1,284.739809300052,balanced_agentic,200,0.0,0.9425203738069091,0.9135725862731529,0.995,1.0,0.05747962619309077,0.08642741372684713,0.0909672095491717,11.495925238618154,0.05747962619309077,0.05881851105360056,0.054375565026475524,0.0002454497616801484,0.0,0.0002454497616801484,0.11265968964880357,0.14461429308565532,0.15684298166739707,0.8259272026770458,0.8874554389208914,0.3639,0.5229724928378328,0.476782057400487,0.0,0.0,89.03555218792854,105.046462585034,109.17837112743533,107.76126655978499,2.5365675053025454,2.295535421032788,2.2702786812517615,0.05929489261667434,29597821.28711978,28318352.807382777,0.03381268179168832,2.290924375943233,0.7245001340303441,0.6278301927393576,0.0,0.1409204169612525,0.15495396875617973,52.96062203259381,0.19850126391914122,25.858988431334488,0.13509311810541438,,,0.31596166387591995,0.0801192003315131,0.22123113375266484,0.9992333333333333,0.018533333333333336,0.00015,0.9933666666666667,0.14903416666666666,0.0,0.0,0.11486446886446884,2335.959219707493,2644.5873513921874,88.01711413350722,89.1776974277717,0.00014285714285714287,0.09895522052021295,0.7731256944444445,3.38117517926914e-08,0.0,,,0.024332374284369483,0.022994648963325936,0.0,0.1909564842081042,0.0005882383537323108,0.00016956669076371252,0.00041871576319709336,0.00041871576319709336,0.0,0.0,0.0,0.19095648422324477,0.5720545026319779,0.0006771060985889959,0.833407127836083,0.019410664493178055,0.14633553488138626,0.00016956669076371252,0.0006771060985889959,0.833407127836083,0.019410664493178055,0.14633553488138626,0.00016956669076371252,,,,,,,,,,,,,,,,
balanced_agentic,congestion_burst,PPO-Lagrangian,PPO-Lagrangian,12,1729653623,2128646545,1621075116,5ff4062933b4dfa3978e,stochastic,150,300,150-step training / 300-step held-out evaluation,2003409612,1,266.70855040004244,balanced_agentic,200,0.0,0.9031534905424,0.8738729332457321,0.585,1.0,0.09684650945759998,0.12612706675426788,0.12996629781670474,19.369301891519996,0.09684650945759998,0.059462979820861274,0.0548440254259922,0.00044546961154327147,0.005055711756742683,0.0055120866294334,0.07416829328552269,0.11677392739273924,0.1306612819220969,0.8400853715169998,0.9011445196945366,0.36991666666666667,0.44821591939794836,0.5513386109905085,0.0,0.0,101.71651316128269,116.37872340425533,124.61276886035311,121.8130337976954,2.2004325606232213,1.9927585837176003,1.9737332448851703,0.06363111134722461,29409316.525582314,27654958.929195844,0.0340296417048255,2.284957665458726,0.7244384300601068,0.6517491885224448,0.0,0.12224625336795675,0.1346204001973017,35.09345884002576,0.30353688106628374,26.29234703046875,0.151062278799873,,,0.18221299325138735,0.11113628988688033,0.21907939694770243,0.9992833333333333,0.07081666666666667,0.00028333333333333335,0.9731833333333333,0.1276525,0.0,0.0,0.06051282051282051,1956.5240416567126,2331.7679169898024,102.71531446995947,100.92718263247103,0.00042857142857142855,0.08156283226505325,0.8016284722222221,3.404532215369736e-08,0.0,,,0.006186854995923356,0.005737006350340976,0.0,0.11093647560138482,0.0010497642696489368,0.00033502969806597604,0.0007148581266558081,0.0007148581266558081,0.0,0.0,0.0,0.11093647558943193,0.3323359802375957,0.00038662464669743157,0.922674876343536,0.06969762340160518,0.0069058459100954026,0.00033502969806597604,0.00038662464669743157,0.922674876343536,0.06969762340160518,0.0069058459100954026,0.00033502969806597604,,,,,,,,,,,,,,,,
balanced_agentic,congestion_burst,PPO_CMDP,PPO_CMDP,12,1729653623,2128646545,1621075116,c2c338dd9800f45e9834,stochastic,150,300,150-step training / 300-step held-out evaluation,2003409612,1,270.83158040000126,balanced_agentic,200,0.0,0.9591122868547319,0.9372050473560981,1.0,1.0,0.040887713145268005,0.06279495264390166,0.06989638761553071,8.177542629053601,0.040887713145268005,0.0010232792567354547,-0.022402038393033823,0.0,0.0,0.0,0.19897672074326456,0.22240203839303382,0.2280558369115619,0.8312437423871711,0.8968589516675776,0.3661333333333333,0.6623391815107046,0.33766081848929547,0.0,0.0,79.40751026940751,94.6608434538903,101.27503798986936,98.67671915571802,3.265248776232219,2.9788518567802402,2.9814269274575413,0.04839994664288526,25738975.933613215,24712073.442670185,0.03886221488598319,3.022920030666877,0.6533948652543391,0.6014760750943603,0.0,0.18140270979067882,0.19502352139297832,64.80589770545757,0.17821339683804857,24.496898011674098,0.12156286266931669,,,0.42955678897338845,0.059388550960591306,0.20940683968375126,0.9999666666666667,0.0006833333333333333,0.0,0.9933333333333334,0.14982666666666666,0.0,0.0,0.13402197802197804,3214.3225279443104,3292.6706022334,74.55657936587852,80.72557147947852,0.0,0.20352517180781077,0.7733118055555557,3.88709220193256e-08,0.0,,,0.038844777295177095,0.037927740207240664,0.053200000000000004,0.23989363045451934,4.485971836398006e-05,1.26415207904377e-05,3.2218534494593776e-05,3.2218534494593776e-05,0.0,0.0,0.0,0.23989363046112608,0.71865709099243,3.5820732723660594e-05,0.45485553400629464,0.0005520537251134597,0.5445439500150777,1.26415207904377e-05,3.5820732723660594e-05,0.45485553400629464,0.0005520537251134597,0.5445439500150777,1.26415207904377e-05,,,,,,,,,,,,,,,,
balanced_agentic,congestion_burst,Intent-PPO-CMDP-NoRisk,Intent-PPO-CMDP-NoRisk,12,1729653623,2128646545,1621075116,53b75815fc19ab3c700d,stochastic,150,300,150-step training / 300-step held-out evaluation,2003409612,1,267.30905749998055,balanced_agentic,200,0.0,0.9429918854310412,0.9179602594062078,1.0,1.0,0.05700811456895871,0.08203974059379211,0.08770519448975492,11.401622913791742,0.05700811456895871,0.05810161598764887,0.045550202839756596,0.0,0.0,0.0,0.12079396431135983,0.1544497971602434,0.16409595390099835,0.8297814080051079,0.8878330039791178,0.3666833333333333,0.5254495553878615,0.47455044461213847,0.0,0.0,92.41881709747351,107.19593613933236,110.37006627393225,110.1896542771628,2.5828977890488165,2.3281123441371263,2.3218202918746003,0.05733373498995771,29175015.34288139,27949273.478648834,0.03429851135241629,2.4562024016102484,0.7096288459746449,0.6340646354241878,0.0,0.1434943216138231,0.15611930705638294,52.55315755658895,0.18063336506426653,23.769019036505334,0.09315755964490664,,,0.33542539314739644,0.07994788718819226,0.20302686429983205,0.9999666666666667,0.020266666666666665,0.0,0.9913833333333334,0.1501625,0.0,0.0,0.08389743589743592,2396.9470788296244,2683.0250945514563,91.05497689740149,92.19163835967287,0.0,0.1233917412526631,0.7821416666666667,3.429905477783016e-08,0.0,,,0.008028080769245233,0.003930385707150605,0.0,0.2671088438364541,0.00014810075082465058,4.1059885563830275e-05,0.00010704533628035727,0.00010704533628035727,0.0,0.0,0.0,0.2671088438436213,0.8001865840540298,2.8520632045183008e-05,0.8144811223729235,0.019543448880575034,0.1659058482288924,4.1059885563830275e-05,2.8520632045183008e-05,0.8144811223729235,0.019543448880575034,0.1659058482288924,4.1059885563830275e-05,,,,,,,,,,,,,,,,
balanced_agentic,congestion_burst,Intent-PPO-CMDP,Intent-PPO-CMDP,12,1729653623,2128646545,1621075116,fc604e43c5d11a5118bd,stochastic,150,300,150-step training / 300-step held-out evaluation,2003409612,1,320.63457950000884,balanced_agentic,200,0.0,0.9277664624526147,0.9007645435985354,0.96,1.0,0.07223353754738522,0.09923545640146457,0.1071532781104068,14.446707509477044,0.07223353754738522,-0.04362255415914254,-0.06862341217731874,0.011960888790284807,0.025586045228902347,0.03064449748772378,0.24362255415914255,0.2686234121773187,0.2767759184589149,0.822905363215749,0.8872791103238145,0.36546666666666666,0.6865101409247643,0.30152897028495096,0.0,0.0,66.22309399276102,80.7757462686567,84.91769966254216,83.73216095906665,3.401609939282624,3.1967901125274225,3.177233137880647,0.03915934474017787,22564058.630014144,21679397.866571277,0.044326450140820976,2.9955611289998365,0.6430207118041759,0.5839083277157018,0.0,0.18897832996014574,0.20128490383284595,53.0038297608412,0.1937987974816234,19.39255953017724,0.11389086790564536,,,0.4082956647382966,0.09074614208523087,0.2277711567468065,0.9906999999999999,0.0717,0.007383333333333333,0.9953500000000001,0.15003249999999999,0.6279333333333333,0.04133083333333334,0.10927472527472527,3364.403350558551,3421.644256287893,59.54702434104368,69.58291496149619,0.008666666666666666,0.24435008702002783,0.7408611111111111,4.4342267630845076e-08,0.0,,,0.029697140275619104,0.021595558807688285,0.0,0.41088967227748086,0.1758517717890993,0.04835913491982916,0.13000056000314586,0.16889396785753996,0.040829324380974794,0.038893407854394095,0.0417,0.380526394411963,1.1399552006790525,0.001693933912500975,0.11679919635638608,0.06991246016520267,0.8039174514959359,0.007676958069974309,0.001693933912500975,0.11679919635638608,0.06991246016520267,0.8039174514959359,0.007676958069974309,,,,,,,,,,,,,,,,
balanced_agentic,congestion_burst,Intent-PPO-CMDP-FullPolicy-NoShield,Intent-PPO-CMDP,12,1729653623,2128646545,1621075116,fc604e43c5d11a5118bd,stochastic,150,300,150-step training / 300-step held-out evaluation,2003409612,1,320.63457950000884,balanced_agentic,200,0.0,0.8604847871119513,0.7646813341395463,0.275,1.0,0.1416198185540414,0.2454317428297817,0.27667834955867904,28.32396371080828,0.1416198185540414,-0.050638743487676184,-0.07708359780582485,0.08339268963770383,0.12445050449959091,0.13528479347542968,0.24736277906888596,0.27474184069977947,0.2824237390141205,0.8250379511882187,0.8949094741541617,0.3696166666666667,0.6436424369319957,0.2729648734303005,0.0,0.0,62.5662040292697,75.26636363636362,80.81215637109642,78.36890569217336,3.238455659778284,3.007179380528015,2.976989060461954,0.04519827540495574,22416577.324300982,21439820.42735747,0.044615613093939764,2.711976249198208,0.634474704110416,0.581785751804645,0.0,0.17991420332101576,0.19411111225904376,43.76451721545485,0.22643654890031362,19.39255953017724,0.11389086790564536,,,0.4839874759466619,0.16039537680715094,0.28904603563354164,0.9463333333333332,0.06698333333333334,0.05199999999999999,0.9938833333333333,0.14935749999999998,0.0,0.0,0.12243223443223443,3205.3325585393586,3256.2911758300124,53.62664107499722,67.08908205104443,0.050095238095238095,0.24891837581520238,0.7098347222222222,4.464016128835166e-08,0.0,,,0.029406402275527547,0.021294337414964816,0.0,0.40879037037793686,0.17880877232934908,0.051319462608606245,0.13040535176601856,0.13040535176601856,0.0,0.0,0.0,0.40879037037912513,1.2246265056628345,0.0016690188685470717,0.10882860933737598,0.06582842274482278,0.7723544864406479,0.051319462608606245,0.0016690188685470717,0.10882860933737598,0.06582842274482278,0.7723544864406479,0.051319462608606245,,,,,,,,,,,,,,,,
balanced_agentic,congestion_burst,MaxWeight,MaxWeight,13,1025721121,372372750,1935381396,,stochastic,150,300,150-step training / 300-step held-out evaluation,1279880031,0,1.2899981811642647e-05,balanced_agentic,200,0.0,0.8787820766751022,0.8528992343453207,0.08,1.0,0.12121792332489773,0.14710076565467925,0.15404361522040716,24.243584664979544,0.12121792332489773,0.057267230991545154,0.04096704893202684,0.0,0.0,0.0,0.12020309463219313,0.15903295106797316,0.17568291247500561,0.8584472723657778,0.9078761027118633,0.3831333333333333,0.40446788688698004,0.5955321131130199,0.0,0.0,74.8360115104578,85.96898061288303,94.19286872586872,91.07159232079661,2.105984568879155,1.9160758232809505,1.9118922434516505,0.057340052057607296,17583976.46627639,16631727.947156962,0.056878653536207316,2.6892822132892547,0.5069562846112531,0.46059970105918463,0.008930290868596934,0.11699914271550864,0.12804987465754444,-5.9441239121480836,2.1688382364165695,,,,,0.13955883500456565,0.0916041618055468,0.1745306752809222,1.0,0.9389833333333333,0.0,0.9467833333333334,0.09088416666666667,0.0,0.0,0.17865934065934064,1765.3521216413587,2289.4020404687385,75.22456995776403,75.07079058366328,0.0,0.12327357929412602,0.8505701388888889,5.694478640958194e-08,0.0,,,,,,,,,,,,,,,,,,,,,,,,,,,,,,,,,,,,,,,,,
balanced_agentic,congestion_burst,PPO,PPO,13,1025721121,372372750,535536204,3cabdc2e2c3a75659a16,stochastic,150,300,150-step training / 300-step held-out evaluation,1279880031,1,262.1022107999888,balanced_agentic,200,0.0,0.9074935265627572,0.8766648320846308,0.65,1.0,0.09250647343724275,0.12333516791536915,0.13115581972211782,18.50129468744855,0.09250647343724275,-0.0678992115546077,-0.09436896522259247,0.00019199618056372394,0.0,0.00019199618056372394,0.26789921155460766,0.2943689652225925,0.30377303440742026,0.817401505501016,0.8758408059607159,0.3611666666666666,0.719728243702553,0.2800797601168834,0.0,0.0,65.18088201431378,81.88636363636364,86.13702770067408,85.6575832150244,3.318437487870932,3.1055966399081387,3.0901550115691854,0.04159524293215259,24207711.920210782,23295870.981888674,0.04131731950577188,2.681064530432642,0.6665332822037374,0.6083279462370172,0.0,0.18435763821505177,0.19627673674965349,39.17453639664174,0.3035027882786949,25.773339520942898,0.1260413258688232,,,0.2709522126644571,0.10397646957786724,0.2131023921996701,0.9995666666666666,0.03791666666666667,0.00011666666666666667,0.9935166666666666,0.1580033333333333,0.0,0.0,0.12170695970695972,3329.9912941056223,3312.216207590715,56.11594534292568,69.83095886063956,0.00019047619047619048,0.2711665597706846,0.6970548611111111,4.1329495442161444e-08,0.0,,,0.019761438140308837,0.012522475370246068,0.0126,0.4021598375946063,0.0006734613939730688,0.00013994086541946828,0.0006280433707531691,0.0006280433707531691,0.0,0.0,0.0,0.4021598376007101,1.204763204627679,0.00041508410530529706,0.08199012781296468,0.03775501187272466,0.8796998353435859,0.00013994086541946828,0.00041508410530529706,0.08199012781296468,0.03775501187272466,0.8796998353435859,0.00013994086541946828,,,,,,,,,,,,,,,,
balanced_agentic,congestion_burst,PPO-Lagrangian,PPO-Lagrangian,13,1025721121,372372750,535536204,454f28c68eb87e33907f,stochastic,150,300,150-step training / 300-step held-out evaluation,1279880031,1,254.03850810002768,balanced_agentic,200,0.0,0.9615418002400591,0.9447956612764451,1.0,1.0,0.03845819975994074,0.05520433872355475,0.061363600714720724,7.691639951988148,0.03845819975994074,0.03345596490137887,0.002307341541267691,5.407933584729164e-05,0.0,5.407933584729164e-05,0.16618448788548676,0.19769265845873232,0.20469381856619578,0.8323577043069617,0.8865614097772311,0.3687,0.6184053836610792,0.38154053700307344,0.0,0.0,83.44115671952349,96.38008849557521,101.43563160944515,100.0722883718424,2.9294456819693697,2.672299868878571,2.65309227652791,0.053119319404798374,28622486.899004392,27464564.87181759,0.03494943391683424,2.5628734741983705,0.6666969793526505,0.6221308939931337,0.0,0.16274698233163165,0.17549625681853806,58.760525693179986,0.16105305016571378,25.83543927051386,0.11967838708539526,,,0.5897639006355836,0.060477886022555945,0.17555017836982947,0.9999666666666667,0.12030000000000002,3.3333333333333335e-05,0.9891833333333334,0.14483249999999998,0.0,0.0,0.2540879120879121,2868.2373548483474,2962.404011957612,80.02468350253977,84.78672554880637,4.761904761904762e-05,0.17228530787271823,0.77665625,3.4962048112919724e-08,0.0,,,0.017354985836147443,0.013709196373590762,0.007583333333333333,0.33668504712457825,0.00010327072602849399,3.3633541457888984e-05,6.963893605235303e-05,6.963893605235303e-05,0.0,0.0,0.0,0.3366850471229456,1.0086182616892545,3.245614487391165e-05,0.5423593680415791,0.11949331951639318,0.33808122275569585,3.3633541457888984e-05,3.245614487391165e-05,0.5423593680415791,0.11949331951639318,0.33808122275569585,3.3633541457888984e-05,,,,,,,,,,,,,,,,
balanced_agentic,congestion_burst,PPO_CMDP,PPO_CMDP,13,1025721121,372372750,535536204,a070e26e29e031606ad8,stochastic,150,300,150-step training / 300-step held-out evaluation,1279880031,1,277.9400926999515,balanced_agentic,200,0.0,0.9647547443223796,0.9418442841880341,1.0,1.0,0.03524525567762035,0.05815571581196581,0.06364157979565799,7.049051135524071,0.03524525567762035,0.04715727562794077,0.017195096174170383,0.00010446528658323686,0.0,0.00010446528658323686,0.14927647437339586,0.18280490382582962,0.18799836786108087,0.8148335971799818,0.8758181341129744,0.3638666666666667,0.6049346512574743,0.39496088345594244,0.0,0.0,77.3857766318777,89.55362745098037,94.7393896103896,92.76454171899596,2.8372590198343683,2.591980083172882,2.5658969185286433,0.055687688197681454,31147636.658636104,29746804.325162917,0.032126484270143474,2.1161409288939597,0.6907731970811725,0.6191948205499292,0.0,0.15762550110190934,0.1722394587938656,64.96472946165092,0.14172996092294907,24.69759438310317,0.12601677807973574,,,0.39518134058161364,0.05243901270642023,0.18274649399907933,0.9998666666666667,0.007949999999999999,6.666666666666667e-05,0.9904333333333334,0.15027666666666664,0.0,0.0,0.11458608058608057,2703.8507448020205,2909.0942448517853,70.8287375109411,81.32890404805111,0.00014285714285714287,0.14519426316268066,0.7384819444444445,3.212682095391076e-08,0.0,,,0.03337698341693146,0.02439520163948119,0.021733333333333334,0.25020116507652,0.00024943074678397974,6.202435791924946e-05,0.00018782013793794378,0.00018782013793794378,0.0,0.0,0.0,0.2502011650848949,0.7495357051256297,5.4200791846937375e-05,0.7071211228625279,0.008097796860029073,0.28466485512767686,6.202435791924946e-05,5.4200791846937375e-05,0.7071211228625279,0.008097796860029073,0.28466485512767686,6.202435791924946e-05,,,,,,,,,,,,,,,,
balanced_agentic,congestion_burst,Intent-PPO-CMDP-NoRisk,Intent-PPO-CMDP-NoRisk,13,1025721121,372372750,535536204,4606dec7f3efe1c94a9c,stochastic,150,300,150-step training / 300-step held-out evaluation,1279880031,1,283.62103929999284,balanced_agentic,200,0.0,0.9317951701730172,0.9045648610839797,0.98,1.0,0.06820482982698266,0.09543513891602018,0.10442778403706994,13.640965965396532,0.06820482982698266,-0.04723350157908937,-0.07054012382856728,0.0002192014236177594,0.0,0.0002192014236177594,0.24723350157908938,0.2705401238285673,0.27891973617420374,0.7946972426831468,0.8641944547934161,0.3575833333333333,0.7668926550681189,0.23288814350826328,0.0,0.0,61.052043627111246,72.46716457786845,78.36704668570863,76.49591514990635,3.584193545908988,3.328498996672902,3.304050557678919,0.04262432676285241,25315073.572087087,24368342.07539966,0.03950629212320231,2.593457794822419,0.6595552729324209,0.6068402569501211,0.0,0.19912186366161042,0.2132693561775588,58.44505464895278,0.17524080959610167,20.557773943991297,0.09501970006584819,,,0.2897897001189028,0.07523218858105739,0.18612872914951695,0.99905,0.0653,0.00013333333333333334,0.9930833333333333,0.15053666666666665,0.0,0.0,0.10904761904761905,3583.803721016785,3584.4034516201737,52.19614686971571,65.47345785465836,0.00014285714285714287,0.2520239648670461,0.7197472222222223,3.952363512791981e-08,0.0,,,0.014722999652097663,0.010698691695439315,0.0026,0.3278031897468384,0.00040147479838737956,9.568520616127612e-05,0.0009285800648112044,0.0009285800648112044,0.0,0.0,0.0,0.32780318973777256,0.9820105948713876,0.0007930138373674584,0.061529010606726914,0.06544478799489767,0.8721375023548467,9.568520616127612e-05,0.0007930138373674584,0.061529010606726914,0.06544478799489767,0.8721375023548467,9.568520616127612e-05,,,,,,,,,,,,,,,,
balanced_agentic,congestion_burst,Intent-PPO-CMDP,Intent-PPO-CMDP,13,1025721121,372372750,535536204,09d0d30da2ff448dad2f,stochastic,150,300,150-step training / 300-step held-out evaluation,1279880031,1,309.3859143999871,balanced_agentic,200,0.0,0.9235041085263387,0.8970573722220738,0.915,1.0,0.07649589147366119,0.10294262777792622,0.11169202275406542,15.299178294732238,0.07649589147366119,-0.045749669815469574,-0.06745527051549373,0.03627705715299258,0.05340195213124967,0.055707162474822415,0.24574966981546958,0.2674552705154937,0.27355463784561795,0.8317107292918337,0.9056028453463156,0.36788333333333334,0.7425972048050901,0.22112573804191732,0.0,0.0,62.50302695179724,75.0215103159252,79.67308504293892,78.38940032622295,3.486833557481497,3.247400030646189,3.21743182671145,0.04480502061400504,25437082.593058776,24441466.892516926,0.039313426276497775,2.57036274230601,0.6433254506371145,0.594549958671617,0.0,0.1937129754156387,0.20865007176265377,61.92674804482958,0.15440763563493085,20.011558856135007,0.0924854731303008,,,0.4012459375631819,0.07917025056340903,0.18289603758123923,0.9777666666666667,0.07273333333333333,0.02208333333333333,0.9917333333333334,0.14941749999999998,0.6888333333333333,0.04806083333333334,0.14704029304029306,3493.165005158379,3483.4243164247137,54.14263387850421,66.71451730967911,0.028809523809523806,0.2508688364241015,0.6749291666666667,3.933348013458475e-08,0.0,,,0.01529690036562569,0.011021041609608812,0.0006,0.3005993097380507,0.6413968721615482,0.21884839472323267,0.42925423480160857,0.6203037225722613,0.19736514425516663,0.19104948777065262,0.19648333333333334,0.29503155750670784,0.8838355585397448,0.00016941769817758857,0.08663291067438887,0.07265823916596059,0.8189463125238112,0.021593119937661907,0.00016941769817758857,0.08663291067438887,0.07265823916596059,0.8189463125238112,0.021593119937661907,,,,,,,,,,,,,,,,
balanced_agentic,congestion_burst,Intent-PPO-CMDP-FullPolicy-NoShield,Intent-PPO-CMDP,13,1025721121,372372750,535536204,09d0d30da2ff448dad2f,stochastic,150,300,150-step training / 300-step held-out evaluation,1279880031,1,309.3859143999871,balanced_agentic,200,0.0,0.7152169856752146,0.658183572470287,0.0,1.0,1.0098730602825317,1.371966966881887,1.4902278492106573,201.97461205650632,1.0098730602825317,-0.3384345776477747,-0.4523585617299472,0.3984345776477747,0.5123585617299471,0.5628325746971575,0.2560050490025602,0.2901532341240607,0.2969358223042195,0.8489054815982356,0.9244633930574043,0.40480000000000005,0.4959505682737583,0.10561485407846699,0.0,0.0,48.16744718137309,62.48588235294117,68.490675,66.18087175700907,2.433384080264097,1.93992936207614,1.8882828732151193,0.12531895997632136,24200952.11284435,22721370.376968488,0.041256956297608734,1.4507171061640436,0.5744471844211222,0.5004476555980472,0.001222328394884428,0.1351880044591165,0.1643263665842925,11.015157116664472,1.3172329396747442,20.011558856135007,0.0924854731303008,,,0.6580986939483573,1.1797688249975442,1.49979911666578,0.7491999999999999,0.0725,0.24426666666666666,0.9760166666666666,0.16408583333333332,0.0,0.0,0.1944908424908425,2397.44188762406,2452.737568608732,36.627335983255435,53.65917051005802,0.25547619047619047,0.25364944509653076,0.4715951388888889,4.137463340574624e-08,0.0,,,0.016244621001526953,0.011827871125831809,0.0005,0.33271304225500303,0.6931280874879167,0.2429020679698688,0.4730882405165087,0.4730882405165087,0.0,0.0,0.0,0.3327130420560897,0.9967191979197544,0.006178892538944876,0.08105683144346772,0.07203561270604927,0.5978265953416694,0.2429020679698688,0.006178892538944876,0.08105683144346772,0.07203561270604927,0.5978265953416694,0.2429020679698688,,,,,,,,,,,,,,,,
balanced_agentic,congestion_burst,MaxWeight,MaxWeight,14,1103526060,1905340783,5320529,,stochastic,150,300,150-step training / 300-step held-out evaluation,501583040,0,1.090002479031682e-05,balanced_agentic,200,0.0,0.8853200138689123,0.8569807885311549,0.145,1.0,0.11467998613108754,0.143019211468845,0.14925060361180562,22.93599722621751,0.11467998613108754,0.056413184988282926,0.034287148594377516,0.0,0.0,0.0,0.12396423939498781,0.16571285140562247,0.17638419275120712,0.8556219871205414,0.9022763454514591,0.3878666666666667,0.40923427845755783,0.5907657215424422,0.0,0.0,74.75232678641602,84.90251282051281,90.13155923344947,88.35246041238008,2.1732502398568267,1.9838472379378898,1.9632349957812554,0.06240045751406016,20781517.044920683,19469791.191742975,0.04811358180879138,2.344894971779819,0.5183578644143852,0.467794995619122,0.005111625667889923,0.12073612443649036,0.1343539290482587,-1.3099997596206483,11.863299929591657,,,,,0.14717452500557202,0.08622704934248313,0.17409643209751033,1.0,0.9336500000000001,0.0,0.94625,0.09191416666666667,0.0,0.0,0.183010989010989,1820.628089784058,2363.123705280624,73.48539391723291,75.47174162433576,0.0,0.12826475851182007,0.8530534722222223,4.819430545808562e-08,0.0,,,,,,,,,,,,,,,,,,,,,,,,,,,,,,,,,,,,,,,,,
balanced_agentic,congestion_burst,PPO,PPO,14,1103526060,1905340783,1823775964,0a65909e93fb2c778ea0,stochastic,150,300,150-step training / 300-step held-out evaluation,501583040,1,272.0849051999976,balanced_agentic,200,0.0,0.9450248520716857,0.9203691499709837,0.995,1.0,0.05497514792831424,0.07963085002901611,0.08972541926482827,10.995029585662849,0.05497514792831424,-0.02789608428145077,-0.05366928144580642,0.0005636225843813707,0.0053549391784685875,0.006793984510997049,0.2278960842814508,0.2536692814458064,0.25922841848128975,0.8085198993852584,0.8680377809986013,0.3686499999999999,0.6722833558859346,0.3271530215296842,0.0,0.0,67.42631417843943,80.90704948646125,83.77305764411027,82.99514300233344,3.2086733883605167,2.980550592761601,2.9526027883444703,0.044893889489400186,27401916.17303221,26279671.798288863,0.03649994552381592,2.369018233015842,0.6664497469504227,0.6114403821752802,0.0,0.17825963268669537,0.19018120122844182,50.87726926870147,0.2336663439833442,23.652352605943808,0.12485441088712515,,,0.5083728468077706,0.06815558146105082,0.19070741021270127,0.9994666666666666,0.27266666666666667,0.00035000000000000005,0.9945666666666668,0.14913166666666666,0.0,0.0,0.12329670329670328,3075.466778121914,3280.4000246428395,60.404383611662,71.05276660487317,0.00042857142857142855,0.22971198896909414,0.7151874999999999,3.6513580165756e-08,0.0,,,0.035220286917937806,0.015855701885724917,0.0,0.43373837919865976,0.0015606530429893603,0.00039772596991551735,0.0012077694882813037,0.0012077694882813037,0.0,0.0,0.0,0.43373837919104075,1.2993640608215995,0.00020946019176229047,0.0717738794150864,0.2759144765579951,0.6517044578652407,0.00039772596991551735,0.00020946019176229047,0.0717738794150864,0.2759144765579951,0.6517044578652407,0.00039772596991551735,,,,,,,,,,,,,,,,
balanced_agentic,congestion_burst,PPO-Lagrangian,PPO-Lagrangian,14,1103526060,1905340783,1823775964,337f5a10e02765106fee,stochastic,150,300,150-step training / 300-step held-out evaluation,501583040,1,284.58887489995686,balanced_agentic,200,0.0,0.9632951332420815,0.9419929416023165,1.0,1.0,0.036704866757918495,0.05800705839768341,0.062452532626020005,7.340973351583699,0.036704866757918495,0.043691653528455415,0.007768973046227987,0.0002922695347866928,0.004672411757761768,0.005380274416664089,0.1532964268431064,0.192231026953772,0.19981878505882328,0.811501769854379,0.8665343094084967,0.36798333333333333,0.5866874485465672,0.4130202819186461,0.0,0.0,78.81917310761666,92.77113907652446,96.75143115942029,95.37627383589616,2.8350270323356326,2.5714023324325357,2.5703069222619908,0.05007684878323066,34615288.647828534,33068414.694635686,0.02891023383856136,1.9380364364591607,0.6791005859792747,0.6172628092905221,0.0,0.157501501796424,0.17094217007533324,63.85256239696975,0.13879268994969365,25.096186255169417,0.13391219218785813,,,0.4345722916181296,0.05947975450805816,0.18967022596355712,0.9994166666666666,0.0323,0.00018333333333333334,0.9943000000000001,0.15115499999999998,0.0,0.0,0.19330402930402932,2639.988058199247,2940.048018409072,74.88489277447057,81.69831751719332,9.523809523809524e-05,0.13951893369546664,0.7531604166666667,2.891125979967717e-08,0.0,,,0.013900319313969012,0.009495810118820325,0.008983333333333334,0.32789474966142407,0.0007908508052743038,0.000184701024119278,0.0006072866570132346,0.0006072866570132346,0.0,0.0,0.0,0.3278947496588358,0.9822848838818808,0.0004371369958365637,0.713767586761147,0.03160616930126961,0.25400440591762746,0.000184701024119278,0.0004371369958365637,0.713767586761147,0.03160616930126961,0.25400440591762746,0.000184701024119278,,,,,,,,,,,,,,,,
balanced_agentic,congestion_burst,PPO_CMDP,PPO_CMDP,14,1103526060,1905340783,1823775964,dadb88684cb84768bf3a,stochastic,150,300,150-step training / 300-step held-out evaluation,501583040,1,264.74071779998485,balanced_agentic,200,0.0,0.9332025560255636,0.9068093654091735,0.98,1.0,0.06679744397443635,0.09319063459082651,0.09920238966328725,13.35948879488727,0.06679744397443635,-0.054482734999096394,-0.0802853374644113,0.00024146989230558593,0.0,0.00024146989230558593,0.2544827349990964,0.28028533746441125,0.2854780226518595,0.7612839741958379,0.8353446973601819,0.35086666666666666,0.7570984341523272,0.24266009595536717,0.0,0.0,57.483528843006134,68.48660362490149,73.65744424168693,71.72059065508078,3.5722420695321744,3.3574139244098533,3.3283136438936785,0.03921688174027135,28901424.681289196,27922356.717465397,0.034604607972931765,2.1317657981671707,0.6776551442131021,0.6205994235952774,0.0,0.19845789275178746,0.2114807975947009,61.82155937159474,0.16116425720072947,22.64835715577434,0.12212274123169051,,,0.2574230285589594,0.07841289726208502,0.19176761044328203,0.9956499999999999,0.021366666666666666,0.00015,0.99535,0.15176833333333334,0.0,0.0,0.07736996336996338,3457.882255404076,3633.8204309857656,48.2113753956105,62.09859394240408,4.761904761904762e-05,0.2580506376259217,0.6636388888888889,3.4615914261048066e-08,0.0,,,0.03618994850903396,0.010766199401317572,0.0,0.38092432635443074,0.0005936496662071597,0.00014514163404729297,0.001340542913329705,0.001340542913329705,0.0,0.0,0.0,0.3809243263444612,1.141147298211915,0.0050834842174038546,0.0835922598234047,0.022085179585869526,0.8890939347392746,0.00014514163404729297,0.0050834842174038546,0.0835922598234047,0.022085179585869526,0.8890939347392746,0.00014514163404729297,,,,,,,,,,,,,,,,
balanced_agentic,congestion_burst,Intent-PPO-CMDP-NoRisk,Intent-PPO-CMDP-NoRisk,14,1103526060,1905340783,1823775964,72924e27f6df7ecb428f,stochastic,150,300,150-step training / 300-step held-out evaluation,501583040,1,270.7660398000153,balanced_agentic,200,0.0,0.9298274046553705,0.9032071965047156,0.96,1.0,0.07017259534462945,0.09679280349528435,0.10490601243817899,14.034519068925892,0.07017259534462945,-0.05693271950208314,-0.0816933936180594,0.0002926057137190458,0.004570457682913877,0.0053954932698147065,0.25693271950208313,0.2816933936180594,0.28653726659765216,0.763471136009596,0.8415564817293015,0.3496333333333334,0.7578439923999934,0.24186340188628763,0.0,0.0,56.67364251997611,68.56216216216215,71.4225290505432,70.59688435194849,3.5885246110544666,3.3891943772348325,3.353754822017926,0.039387665717449186,28312117.32220842,27361632.498465598,0.03532724007305223,2.155400701793015,0.6667182857110585,0.6200700455685421,0.0,0.19936247839191484,0.21258746510456145,60.51097696065747,0.16509793140646167,19.81193184534525,0.10929278837178003,,,0.2386482235329805,0.08097959650838674,0.19419265357473395,0.9996,0.05376666666666667,0.00018333333333333334,0.9953333333333333,0.1524325,0.0,0.0,0.07087912087912088,3491.926935728753,3640.538743922159,46.8566951320631,61.65689698659698,0.00019047619047619048,0.2591430039579248,0.6711152777777778,3.533433529127106e-08,0.0,,,0.09966270916228016,0.02481319103397014,0.07993333333333333,0.4213813017593486,0.0007763488570435685,0.00019903193220058367,0.001206763814384696,0.001206763814384696,0.0,0.0,0.0,0.42138130176930955,1.2623455651825142,0.0001749813182859501,0.04416843192314584,0.056080094803030354,0.8993774600233373,0.00019903193220058367,0.0001749813182859501,0.04416843192314584,0.056080094803030354,0.8993774600233373,0.00019903193220058367,,,,,,,,,,,,,,,,
balanced_agentic,congestion_burst,Intent-PPO-CMDP,Intent-PPO-CMDP,14,1103526060,1905340783,1823775964,fd2a9bdca11bd34bca64,stochastic,150,300,150-step training / 300-step held-out evaluation,501583040,1,319.06714920001104,balanced_agentic,200,0.0,0.9530453133170691,0.9357350856627485,1.0,1.0,0.04695468668293086,0.0642649143372513,0.0718391219292962,9.390937336586171,0.04695468668293086,0.006823586631074745,-0.01722877478393491,0.03390897219473338,0.052096967713787086,0.05600111992293283,0.19058716336701503,0.2172287747839349,0.22316483900934383,0.8610421305569185,0.9151962790706124,0.3845666666666666,0.630744977665408,0.3353460501398587,0.0,0.0,79.34579412980527,89.69304347826086,96.60188764352105,94.19609620270897,3.1477728315082585,2.906710058170051,2.881781360217375,0.0447090731862873,31852439.30307308,30650323.22481168,0.03140446897918703,2.35309793530112,0.6343221673464626,0.5903245516004693,0.0,0.1748762684171254,0.1872100860646981,67.81871712235086,0.1421834348343586,20.810805294328347,0.10421381477258052,,,0.6345181319559271,0.07290709818681593,0.23499509958530113,0.9780166666666666,0.09243333333333333,0.021400000000000002,0.9937333333333334,0.14502416666666668,0.6805666666666668,0.047150833333333336,0.15282783882783882,3076.8428644491614,3185.9658906939258,74.55665308968328,81.57382653273031,0.03004761904761905,0.1907126599953502,0.7463972222222222,3.141455448074719e-08,0.0,,,0.020119613040852434,0.01464469203871005,0.014033333333333333,0.4444295397448607,0.6709323539832363,0.22290884843261055,0.4589205660838306,0.6517094749849559,0.20202199535072382,0.19278890890112524,0.20215,0.4553380577690486,1.3640709150361305,0.0006119370488473719,0.4586490600285329,0.09293684361895509,0.42634628760880305,0.021455871694861656,0.0006119370488473719,0.4586490600285329,0.09293684361895509,0.42634628760880305,0.021455871694861656,,,,,,,,,,,,,,,,
balanced_agentic,congestion_burst,Intent-PPO-CMDP-FullPolicy-NoShield,Intent-PPO-CMDP,14,1103526060,1905340783,1823775964,fd2a9bdca11bd34bca64,stochastic,150,300,150-step training / 300-step held-out evaluation,501583040,1,319.06714920001104,balanced_agentic,200,0.0,0.7043676362504314,0.6635200191919091,0.0,1.0,1.1905092389887306,1.4033722455108588,1.5038081456032324,238.10184779774613,1.1905092389887306,-0.4036327200918383,-0.48036124794745483,0.4636327200918383,0.5403612479474548,0.572714333611637,0.20733211314557687,0.23965079879101897,0.24728422985420365,0.8744849748584196,0.9254557636256454,0.41430000000000006,0.3969524627421594,0.1394148171660022,0.0,0.0,56.16906846924992,69.11556876858081,77.28750886075946,74.22429775143928,2.0586562835040554,1.8137004560112926,1.761412504196283,0.08235270913184156,29681281.38777534,27784047.11965031,0.03371304161422989,1.169500077593061,0.563047289627855,0.4891051696643368,0.0016596672695583824,0.11436979352800308,0.12943571432848938,-0.9706653348776274,11.628753267406784,20.810805294328347,0.10421381477258052,,,0.8017152381350866,1.0284771412823357,1.3913662884204936,0.7054666666666667,0.07963333333333333,0.29238333333333333,0.9796,0.13670666666666664,0.0,0.0,0.18981684981684982,2004.3192318945046,2087.9146959091977,47.938905846725895,59.86111920739742,0.2999047619047619,0.20800038339544435,0.5549069444444444,3.374664322961923e-08,0.0,,,0.022335704095330085,0.01712799822461562,0.014900000000000002,0.45889344281900457,0.6524815714383803,0.2905534200080987,0.37787251758684726,0.37787251758684726,0.0,0.0,0.0,0.4588934426933939,1.374721896398899,0.0020524778179277876,0.32228200568606696,0.07986628761950876,0.3052458088683978,0.2905534200080987,0.0020524778179277876,0.32228200568606696,0.07986628761950876,0.3052458088683978,0.2905534200080987,,,,,,,,,,,,,,,,
balanced_agentic,congestion_burst,MaxWeight,MaxWeight,15,1481178426,1997781942,448460546,,stochastic,150,300,150-step training / 300-step held-out evaluation,1853986158,0,1.1499971151351929e-05,balanced_agentic,200,0.115,0.9421352645008463,0.9016538623084176,0.96,0.885,0.05786473549915374,0.09834613769158243,0.10267549003397947,11.572947099830747,0.06538388191994772,0.04481876079536794,0.001947133283693245,0.0,0.0,0.0,0.14856707814722514,0.19805286671630676,0.2086713303410051,0.7956311345928881,0.8957008112643156,0.3625333333333333,0.5236885299770434,0.47631147002295665,0.0,0.0,59.67908349457015,75.1128735357399,77.06214080803248,77.19905196536085,2.634375761567955,2.3280780172659146,2.3121208221211598,0.11310413759101341,20588693.679348394,18820287.617609568,0.048478610227914894,2.286500404916292,0.5493192496650545,0.48910764603367757,0.0013581356333512713,0.14635420897599746,0.17935029010234183,25.21573345460364,1.4083685251640634,,,,,0.2364932641477568,0.049436053866218244,0.16720363051345213,0.9995833333333334,0.8533333333333333,0.0,0.9592333333333335,0.10077166666666666,0.0,0.0,0.24546520146520145,2321.712873471604,2802.732701312147,54.890141740951655,62.601522483870646,0.0,0.14119919872525163,0.7867638888888888,4.8858180212023204e-08,0.0,,,,,,,,,,,,,,,,,,,,,,,,,,,,,,,,,,,,,,,,,
balanced_agentic,congestion_burst,PPO,PPO,15,1481178426,1997781942,1596015111,461e22a59e6f436fac36,stochastic,150,300,150-step training / 300-step held-out evaluation,1853986158,1,258.87767640000675,balanced_agentic,200,0.005,0.9736080658442614,0.958669716670912,1.0,0.995,0.026391934155738532,0.04133028332908785,0.0442374769042964,5.2783868311477065,0.026524556940440737,0.04405608513687472,0.015204962487571206,0.00021464347850653137,0.0,0.00021464347850653137,0.15362039466527297,0.1847950375124288,0.19430984185478192,0.7979814902629321,0.8650869617351337,0.36141666666666666,0.6920943606364384,0.30769099588505516,0.0,0.0,73.89437483193113,85.81841285697494,91.00651162790697,89.43730545591585,3.317434214353022,3.053177479977446,3.02464795255338,0.05072517360495736,33317665.086419918,32257410.755400714,0.030023262196531043,2.207968292395392,0.6635209133272931,0.6141301963941816,0.0,0.18430190079739014,0.199432858560219,86.59796628018097,0.11720247970437149,26.33215643894737,0.15276361776873223,,,0.47600516840122525,0.04521629987972409,0.2300415942462576,0.9997166666666666,0.04878333333333333,0.0001333333333333333,0.9882166666666666,0.13651333333333335,0.0,0.0,0.1258754578754579,3234.1143822649315,3362.2987393235335,68.48639907730625,75.64971272862736,0.0,0.15777079320618576,0.7573854166666666,3.002927880774657e-08,0.0,,,0.022867889984308352,0.022279152644033386,6.666666666666667e-05,0.278076892971321,0.000977979733022897,0.00020604029947985435,0.0007811895793384438,0.0007811895793384438,0.0,0.0,0.0,0.2780768929770718,0.8330439228210329,0.000188608721682951,0.6745483903072469,0.049571818028990834,0.27548514264259955,0.00020604029947985435,0.000188608721682951,0.6745483903072469,0.049571818028990834,0.27548514264259955,0.00020604029947985435,,,,,,,,,,,,,,,,
balanced_agentic,congestion_burst,PPO-Lagrangian,PPO-Lagrangian,15,1481178426,1997781942,1596015111,c54dc7a9b9a68be549b7,stochastic,150,300,150-step training / 300-step held-out evaluation,1853986158,1,254.7300168000511,balanced_agentic,200,0.0,0.9550164161091473,0.9202183001595505,0.985,1.0,0.04498358389085258,0.07978169984044937,0.09618432406699289,8.996716778170516,0.04498358389085258,0.05885835772304586,0.0546524064171123,0.00023195590431672006,0.0,0.00023195590431672006,0.08960844144553613,0.1388888888888889,0.15633773202775128,0.8013471109452207,0.8700602852084526,0.3575666666666667,0.5509893172428432,0.44877872685284004,0.0,0.0,84.45246993534043,95.69115646258503,100.70731958762887,98.9766170776896,2.5611380206110756,2.2424426263065675,2.210449995491768,0.08082060865444832,36927403.86090584,34596382.4280127,0.027060465962234246,1.755908431937244,0.722343835103346,0.6487984985643285,0.0,0.14228544558950418,0.16181473438271424,63.863430323899074,0.21807450300956066,24.756392627491348,0.26861411613873526,,,0.1366352968982247,0.07019133555214767,0.23728822026683447,0.9996333333333334,0.012850000000000002,0.00015,0.9708166666666667,0.12534666666666666,0.0,0.0,0.05293040293040292,2313.595054489187,2694.4303869844007,79.46522933089123,86.0187828614528,0.00019047619047619048,0.09791300760225775,0.7343180555555555,2.711365511273171e-08,0.0,,,0.009795375588536853,0.0083616027326935,0.0,0.10065039961105532,0.0005326420546785776,0.00019136082043138568,0.00034134539772341795,0.00034134539772341795,0.0,0.0,0.0,0.10065039961888254,0.3015216504843928,0.00027142273470753077,0.9534367782687022,0.012142073173016988,0.033958365003141956,0.00019136082043138568,0.00027142273470753077,0.9534367782687022,0.012142073173016988,0.033958365003141956,0.00019136082043138568,,,,,,,,,,,,,,,,
balanced_agentic,congestion_burst,PPO_CMDP,PPO_CMDP,15,1481178426,1997781942,1596015111,fc83225982e20e56ecdd,stochastic,150,300,150-step training / 300-step held-out evaluation,1853986158,1,273.55554740002844,balanced_agentic,200,0.0,0.9697926502868188,0.9540311147981685,1.0,1.0,0.030207349713181064,0.04596888520183139,0.051839257423130544,6.041469942636213,0.030207349713181064,0.05522765357178508,0.034193207769565116,0.000320709564826425,0.004559059200603307,0.005961702608745695,0.1316570686854599,0.1658067922304349,0.1721862638833436,0.8081233461551269,0.8719295265390026,0.3594833333333334,0.639507689382418,0.36017160105275553,0.0,0.0,84.34443808545315,96.16120448179272,101.98594690265485,99.71881119518244,3.0203555938860744,2.6878548098166086,2.6489079959462454,0.06509415204494619,35156844.99674595,33601661.38452054,0.02844893151890315,2.1742112588769005,0.6742877689261598,0.6172153526435316,0.0,0.1677975329936708,0.18572406255059662,77.49284716256756,0.14405643461853337,24.33002335679956,0.14834496728010554,,,0.3131307239312243,0.06001003672783178,0.23889898701008694,0.9997166666666666,0.010216666666666666,0.0002,0.9723,0.13111083333333334,0.0,0.0,0.09293040293040292,2838.8059822250398,3118.1130770881705,80.43275782509942,84.2036860511806,0.00023809523809523812,0.1363449325408849,0.7478402777777778,2.8461252561185936e-08,0.0,,,0.014462416702001215,0.011205017970378756,0.00011666666666666667,0.2261382970451927,0.0007167502289202042,0.00021966296487486287,0.0004971812589201943,0.0004971812589201943,0.0,0.0,0.0,0.2261382970455248,0.6774497947458178,0.00010621920167586986,0.8217135991142382,0.010699973482602494,0.1672605452366085,0.00021966296487486287,0.00010621920167586986,0.8217135991142382,0.010699973482602494,0.1672605452366085,0.00021966296487486287,,,,,,,,,,,,,,,,
balanced_agentic,congestion_burst,Intent-PPO-CMDP-NoRisk,Intent-PPO-CMDP-NoRisk,15,1481178426,1997781942,1596015111,8c806f3e428ad93e5ba2,stochastic,150,300,150-step training / 300-step held-out evaluation,1853986158,1,275.68097020004643,balanced_agentic,200,0.0,0.9397853397132565,0.9057688666222483,0.985,1.0,0.0602146602867435,0.09423113337775155,0.09855337982462349,12.0429320573487,0.0602146602867435,0.05636313977359844,0.031146439767129434,0.0,0.0,0.0,0.11238235330900234,0.16885356023287057,0.179520557033454,0.8084431873724083,0.8719744123312786,0.3619166666666666,0.5149123024578143,0.4850876975421858,0.0,0.0,85.06756746468915,95.94599232456139,98.75787356321837,98.67158656570203,2.4059565782097176,2.1373624577044192,2.1259263328141023,0.07227409631760061,36192461.658240005,33067780.819800418,0.02762259958214175,1.6960459021670407,0.7101608733489363,0.6284643146387802,0.0,0.1336642543449843,0.15017976210513082,51.48060943899392,0.281529918134562,22.58964125611793,0.13652253146101623,,,0.09174890849217338,0.07871574661910757,0.2365856589566274,0.9999666666666667,0.004583333333333333,0.0,0.9675999999999999,0.12095833333333333,0.0,0.0,0.04224908424908425,2129.554812861842,2554.788298012421,80.83221549977652,86.33032828706862,0.0,0.12344009381475807,0.7439500000000001,2.769098993265723e-08,0.0,,,0.006274825437677573,0.005399482937856334,0.0,0.06712131471048106,0.00018098989601965647,6.167054722234059e-05,0.00011932403464714474,0.00011932403464714474,0.0,0.0,0.0,0.06712131471666653,0.20107748874009235,7.63591105827255e-05,0.9698042708165119,0.0043919120255245135,0.025665787500158604,6.167054722234059e-05,7.63591105827255e-05,0.9698042708165119,0.0043919120255245135,0.025665787500158604,6.167054722234059e-05,,,,,,,,,,,,,,,,
balanced_agentic,congestion_burst,Intent-PPO-CMDP,Intent-PPO-CMDP,15,1481178426,1997781942,1596015111,618554fca77aa7604c32,stochastic,150,300,150-step training / 300-step held-out evaluation,1853986158,1,332.33217309997417,balanced_agentic,200,0.0,0.9611850073741592,0.9308257751086239,1.0,1.0,0.038814992625840754,0.06917422489137613,0.07729216030353038,7.76299852516815,0.038814992625840754,0.05598103425290348,0.04689703153988868,0.0033336277022920353,0.011176322892473792,0.014973860998967687,0.09349517049657596,0.13573336289696733,0.15398825832628835,0.7970312008149676,0.8601750841419269,0.3546666666666667,0.5663127250527177,0.4303536472449903,0.0,0.0,84.7363807401244,98.30416087388282,100.33716478475652,99.68114455948847,2.637842495010308,2.3109707519537497,2.293511566687191,0.0760669765303171,36793822.9094698,34701101.16911116,0.02717236775296674,1.8220802859556158,0.7195534278105882,0.6475640295426631,0.0,0.1465468052783504,0.16530031215934307,68.02228724362475,0.19672140970808552,22.031113531673586,0.13650993732566244,,,0.1828302606453752,0.06744328692548805,0.23108027650155627,0.9978833333333332,0.015633333333333336,0.0020666666666666667,0.9753499999999999,0.129415,0.7796500000000001,0.0657975,0.06544322344322344,2384.950218053012,2774.015259525776,79.27130940668557,86.22925291795517,0.0027142857142857147,0.10246734373244236,0.7308368055555556,2.720430900142969e-08,0.0,,,0.02476558683232951,0.022315328823874915,0.0,0.166617887773515,0.06808396135415373,0.02465208348429502,0.04385009448073674,0.06579223484704498,0.02233064806083667,0.021942140366308233,0.023400000000000004,0.13684270424551637,0.40994410550869714,8.686634846937501e-05,0.9316848585610876,0.015443189673102516,0.05044572819770055,0.002339357219639957,8.686634846937501e-05,0.9316848585610876,0.015443189673102516,0.05044572819770055,0.002339357219639957,,,,,,,,,,,,,,,,
balanced_agentic,congestion_burst,Intent-PPO-CMDP-FullPolicy-NoShield,Intent-PPO-CMDP,15,1481178426,1997781942,1596015111,618554fca77aa7604c32,stochastic,150,300,150-step training / 300-step held-out evaluation,1853986158,1,332.33217309997417,balanced_agentic,200,0.0,0.9536097288347344,0.9227042744691192,0.985,1.0,0.046390271165265486,0.07729572553088088,0.09653979875719865,9.278054233053098,0.046390271165265486,0.019903460134279936,-0.006749482401656314,0.040096539865720066,0.06674948240165629,0.0753346428667713,0.0912555186715981,0.12703477617462075,0.1413767847991117,0.8037517507142976,0.8650438427691038,0.35923333333333324,0.5505757025443021,0.4093277575899779,0.0,0.0,83.38932821194638,94.58466666666666,97.59360205831904,96.60106246253791,2.5974378343292988,2.2681736039742524,2.27113422186007,0.0711071182246466,36870001.43078624,35108090.45309541,0.0271192455415276,1.7621971532888028,0.7191592105365961,0.6515013424701358,0.0,0.14430210190718326,0.1615370358970311,62.98200660461211,0.17380427021155126,22.031113531673586,0.13650993732566244,,,0.2426476339665151,0.0749258092251319,0.239405538997987,0.9749500000000001,0.0154,0.024916666666666667,0.9739166666666667,0.12797583333333332,0.0,0.0,0.08238095238095237,2355.8048618443772,2727.5478964365648,78.5491919651722,84.74551178113262,0.025047619047619048,0.09707843115102072,0.7333097222222221,2.7141616644883604e-08,0.0,,,0.02485272863751721,0.022406484212840274,0.0,0.16723538980363706,0.06797520119376382,0.025295638690652756,0.04310184339174268,0.04310184339174268,0.0,0.0,0.0,0.16723538979881403,0.5009924545006891,8.470978726547212e-05,0.9104622761458168,0.01504488809663257,0.049112487279632404,0.025295638690652756,8.470978726547212e-05,0.9104622761458168,0.01504488809663257,0.049112487279632404,0.025295638690652756,,,,,,,,,,,,,,,,
balanced_agentic,mixed_stress,MaxWeight,MaxWeight,11,471540437,1073362871,1422107241,,stochastic,150,300,150-step training / 300-step held-out evaluation,982698968,0,1.2100033927708864e-05,balanced_agentic,200,0.0,0.8177874250969228,0.7892089948510325,0.0,1.0,0.18221257490307713,0.21079100514896731,0.22127569710719674,36.44251498061543,0.18221257490307713,0.028132256691585714,-0.008834330342306409,0.0,0.0,0.0,0.17118712739784597,0.20883433034230642,0.21909909991483295,0.9020395316323777,0.9340417228903171,0.42394999999999994,0.3068235971262879,0.6931764028737122,0.0,0.0,88.63071118198182,102.17298773690078,103.46750856164381,104.56325055054234,1.7778245039150717,1.6094972681642816,1.6050164525673793,0.05768391581570113,18773743.495176326,17656271.91153169,0.05328010228594087,2.5186013197718418,0.4950753372978604,0.4453532762349711,0.014999331671234494,0.09876802799528177,0.1090986856563403,14.869955200780884,0.7999320872162734,,,,,0.12544193283005656,0.14221003682120795,0.22784949890021658,1.0,0.9483,0.0,0.9616,0.09462416666666666,0.0,0.0,0.15263003663003663,1152.235593372482,2114.6800711303117,94.40124056449656,87.13340860830104,0.0,0.29016694576562463,0.8559020833333334,5.333418244295264e-08,0.0,,,,,,,,,,,,,,,,,,,,,,,,,,,,,,,,,,,,,,,,,
balanced_agentic,mixed_stress,PPO,PPO,11,471540437,1073362871,1897045420,b9c1e1a3273f0ff06c77,stochastic,150,300,150-step training / 300-step held-out evaluation,982698968,1,259.96485530002974,balanced_agentic,200,0.0,0.9093323704285576,0.8765600214780647,0.755,1.0,0.0906676295714422,0.12343997852193526,0.1366008109805889,18.13352591428844,0.0906676295714422,0.01775770050902606,-0.015649847094801224,0.0,0.0,0.0,0.1818951198179297,0.21564984709480123,0.22923312098948617,0.8731139019725052,0.9240125908736726,0.4096666666666667,0.4603615198155815,0.5396384801844184,0.0,0.0,103.8551458049436,118.46888333163213,125.32942553191488,122.6386400519896,2.4828598703099263,2.2111995420626727,2.203606240182066,0.05931620647935841,33243384.234857406,31617915.793087166,0.030091904049345926,2.3278294166700113,0.6691103512221853,0.600003049589163,0.0,0.13793665946166256,0.15068106013838165,78.16242608389882,0.14001472434380094,21.571008575666486,0.12208589956735064,,,0.33575934685478287,0.11864626309731177,0.26139764425303513,0.9999833333333333,0.0031833333333333336,0.0,0.9852166666666666,0.14677416666666665,0.0,0.0,0.08528205128205127,1917.8956549036934,2787.0713709132833,104.41564160455319,101.86168338032478,0.0,0.2724240933284636,0.7945020833333334,3.010016366833658e-08,0.0,,,0.009686964350072127,0.008942726628348063,0.00025,0.18075815723315367,6.366879763557223e-05,2.1825393507480692e-05,4.184406567350459e-05,4.184406567350459e-05,0.0,0.0,0.0,0.1807581572361071,0.5415030453403529,3.059256314505704e-05,0.7776062649464344,0.0035764866035846543,0.2187648304933284,2.1825393507480692e-05,3.059256314505704e-05,0.7776062649464344,0.0035764866035846543,0.2187648304933284,2.1825393507480692e-05,,,,,,,,,,,,,,,,
balanced_agentic,mixed_stress,PPO-Lagrangian,PPO-Lagrangian,11,471540437,1073362871,1897045420,97597eec01eed730a745,stochastic,150,300,150-step training / 300-step held-out evaluation,982698968,1,273.0232358999783,balanced_agentic,200,0.0,0.8558080378413774,0.8322323109160951,0.0,1.0,0.14419196215862257,0.1677676890839049,0.18251730432656937,28.83839243172451,0.14419196215862257,0.05353781036368927,0.024559979494190032,2.336448598130841e-05,0.0,2.336448598130841e-05,0.12345891980231777,0.17544002050580995,0.19151462538605016,0.8788297974819542,0.9324540286051055,0.41251666666666664,0.3657319167629612,0.6342447187510575,0.0,0.0,100.1048417489366,114.93432601880876,125.09918918918915,122.25445541761785,1.9619475259319938,1.761374208569269,1.7519850392905663,0.06263281989820639,34221853.8451007,32231706.22111825,0.029221153957591194,1.7217143062590055,0.663175960505931,0.5875642131651505,0.0,0.10899708477399964,0.12038011855482011,57.70467179922204,0.21794368594953342,21.24425025650966,0.12137918968135644,,,0.07783154613549094,0.13968818129507413,0.26139764937551263,0.9999666666666667,0.01578333333333333,1.6666666666666667e-05,0.9883333333333333,0.14087166666666665,0.0,0.0,0.03612454212454213,1601.8981476791926,2155.8202680681193,105.42292467930085,97.56544654322828,0.0,0.17963629087619482,0.7903243055555556,2.925729325913847e-08,0.0,,,0.0028004267186565344,0.0024798056130617,0.0,0.04887328780005852,2.0571965644764186e-05,1.0430499584424585e-05,1.0141655532651187e-05,1.0141655532651187e-05,0.0,0.0,0.0,0.048873287803145926,0.14641128558657687,6.286862809128102e-06,0.9747985318381888,0.01666849619699944,0.008516254602418146,1.0430499584424585e-05,6.286862809128102e-06,0.9747985318381888,0.01666849619699944,0.008516254602418146,1.0430499584424585e-05,,,,,,,,,,,,,,,,
balanced_agentic,mixed_stress,PPO_CMDP,PPO_CMDP,11,471540437,1073362871,1897045420,3e02143445d692cb208a,stochastic,150,300,150-step training / 300-step held-out evaluation,982698968,1,273.6423236000119,balanced_agentic,200,0.0,0.8757499878297181,0.8300287838739163,0.17,1.0,0.12425001217028178,0.16997121612608368,0.18175129243755853,24.850002434056357,0.12425001217028178,-0.06340884855734366,-0.09511192200860517,0.00014333518626440784,0.0,0.00014333518626440784,0.2634088485573437,0.2951119220086052,0.3040259126976667,0.8707973496395297,0.9203659582939728,0.40901666666666664,0.5221065735557111,0.47775009125802453,0.0,0.0,97.14537395079418,107.69622124370956,110.58727653880463,110.06365152877406,2.81148813482974,2.5907388817216424,2.5781180751576427,0.05140977873648518,30270422.92838803,28914872.650130995,0.033044935628598344,2.7076002425404746,0.6382793536495123,0.5866832622400451,0.0,0.15619378526831892,0.1696094172066798,71.79566273015513,0.16088166368892984,16.313100003571034,0.11627297453992139,,,0.44786814507342454,0.1321963021684924,0.2505358124455073,0.9996,0.005266666666666666,0.0001,0.9945166666666667,0.154545,0.0,0.0,0.1866373626373626,2113.875512409592,3187.1257007482823,93.6416606360057,96.3687241235466,0.00019047619047619048,0.3928296809219594,0.79274375,3.305455246011896e-08,0.0,,,0.022269527018145167,0.02087063253904911,0.014783333333333332,0.24003588844049226,0.00041035849934594186,0.00012150771004060791,0.00028887992537139965,0.00028887992537139965,0.0,0.0,0.0,0.24003588844295223,0.7190832578197575,0.0004095943395660395,0.49091566582065255,0.005059598203781574,0.5034936339259591,0.00012150771004060791,0.0004095943395660395,0.49091566582065255,0.005059598203781574,0.5034936339259591,0.00012150771004060791,,,,,,,,,,,,,,,,
balanced_agentic,mixed_stress,Intent-PPO-CMDP-NoRisk,Intent-PPO-CMDP-NoRisk,11,471540437,1073362871,1897045420,7d2ee40999bb1a6afe16,stochastic,150,300,150-step training / 300-step held-out evaluation,982698968,1,275.69379829999525,balanced_agentic,200,0.0,0.8611870923228744,0.836279383769345,0.015,1.0,0.1388129076771256,0.16372061623065498,0.1682634376300996,27.76258153542512,0.1388129076771256,0.054906609674383516,0.02910984075132709,4.779962759435034e-05,0.0,4.779962759435034e-05,0.11592661537906995,0.17089015924867293,0.18240259351957758,0.877569824117693,0.926102081952988,0.40998333333333337,0.37574349304895,0.6242087073234557,0.0,0.0,99.85867083652151,113.56418390804598,120.4741922120961,117.61805519617594,1.997751595898004,1.7686608012062373,1.7583232544587069,0.07090706174768309,34399098.844191104,32540793.989852708,0.0290593327683733,1.7391384639099101,0.6812462822260085,0.606755628632071,0.0,0.11098619977211133,0.12447090270978955,61.878120583040236,0.1977120414736833,16.737563756692968,0.08358146624495469,,,0.11490631256518034,0.13574330484204922,0.2500050275641766,0.9998833333333335,0.023216666666666663,3.3333333333333335e-05,0.9897666666666667,0.14394833333333332,0.0,0.0,0.047172161172161164,1639.0374055101017,2190.9053907222606,105.0447658572674,97.30435557073237,4.761904761904762e-05,0.16520140214109438,0.7813145833333333,2.9099937890594722e-08,0.0,,,0.005091429733224331,0.0027079678302064703,0.0,0.10400403890400209,0.00016657100799846578,6.504472535303901e-05,0.0001015350131811802,0.0001015350131811802,0.0,0.0,0.0,0.1040040389149932,0.3115682559576103,6.690785088755712e-05,0.961087859280215,0.023546815885435675,0.01523337225810875,6.504472535303901e-05,6.690785088755712e-05,0.961087859280215,0.023546815885435675,0.01523337225810875,6.504472535303901e-05,,,,,,,,,,,,,,,,
balanced_agentic,mixed_stress,Intent-PPO-CMDP,Intent-PPO-CMDP,11,471540437,1073362871,1897045420,b12c9f3440d9c22ff923,stochastic,150,300,150-step training / 300-step held-out evaluation,982698968,1,319.3185737999738,balanced_agentic,200,0.0,0.8733767745334462,0.8474090228038623,0.065,1.0,0.12662322546655377,0.15259097719613746,0.15883606163850533,25.324645093310753,0.12662322546655377,0.0385961523024533,0.0147044058276286,0.017813917847913682,0.03302669230081373,0.03651846563032775,0.13370071333613764,0.1845568783068783,0.19911385533512066,0.8838793318627299,0.9305222768509104,0.41251666666666664,0.39908181916080415,0.5831042629912822,0.0,0.0,98.14119930953491,113.54462025316454,121.94079865361077,118.91554241282297,2.125605734752162,1.919698449282081,1.8926411968216201,0.0629989823547918,33873699.23376508,32280902.683762815,0.0295249315768571,1.8477543293053513,0.6884119268500482,0.621809547923194,0.0,0.11808920748623124,0.13016065974198945,72.77331829258715,0.15245581501499525,16.570640696124258,0.08030660667850774,,,0.29517114690568014,0.12654788473446307,0.21629893814521473,0.9873333333333334,0.03706666666666667,0.012599999999999998,0.9937,0.15310166666666666,0.6296166666666667,0.044122499999999995,0.0962857142857143,1671.0053943253154,2370.3905334435426,100.89315796798161,96.84026770813165,0.012476190476190476,0.2013335979840276,0.7453,2.9543925244703404e-08,0.0,,,0.007226255619266219,0.005918203072016839,0.0005666666666666666,0.24642965909009185,0.3892482790419741,0.11078908493839495,0.2828793436718112,0.37706792687455376,0.0981401511531357,0.09418858320274262,0.09768333333333334,0.20621228069456407,0.6177567844798801,9.046502667969678e-05,0.8781043886668463,0.037623673707345026,0.07135682411951931,0.01282464847960984,9.046502667969678e-05,0.8781043886668463,0.037623673707345026,0.07135682411951931,0.01282464847960984,,,,,,,,,,,,,,,,
balanced_agentic,mixed_stress,Intent-PPO-CMDP-FullPolicy-NoShield,Intent-PPO-CMDP,11,471540437,1073362871,1897045420,b12c9f3440d9c22ff923,stochastic,150,300,150-step training / 300-step held-out evaluation,982698968,1,319.3185737999738,balanced_agentic,200,0.0,0.6921445766434637,0.6474568766001946,0.0,1.0,0.3677592801996312,0.5215811489030213,0.5830435559570925,73.55185603992625,0.3677592801996312,-0.07832489269144176,-0.13235414344109997,0.13832489269144177,0.19235414344109997,0.21170410492573327,0.15351046238051141,0.20437823337804176,0.22296844868233584,0.8894859997152476,0.9310039954847948,0.4302500000000001,0.33445500278354695,0.5272201045250113,0.0,0.0,89.75350976588007,104.29924999999997,113.19499172870135,110.72100560261728,1.849134519366479,1.6141375862577119,1.6066928038586368,0.08263471836774146,32880042.125862643,31260058.1621097,0.030415388463323336,1.5143789658153632,0.6630624296332168,0.5749677671222422,6.28074891433228e-05,0.10272969552035996,0.11721097732678018,50.039980661469855,0.26031875736904836,16.570640696124258,0.08030660667850774,,,0.4282782638146647,0.48998145423908873,0.7388487887716927,0.9018833333333335,0.03411666666666666,0.098,0.9902666666666665,0.1553858333333333,0.0,0.0,0.17858608058608064,1495.5604768058352,2039.5205422837503,85.11156063343795,91.30833971251661,0.06076190476190476,0.23658342976328592,0.6705381944444444,3.0442220337479935e-08,0.0,,,0.007468651990325381,0.006049152170627769,0.00065,0.2463346194360379,0.38765983544213484,0.09779774021078844,0.2942787377378917,0.2942787377378917,0.0,0.0,0.0,0.24633461943225715,0.7379525695268527,0.00010396538350949152,0.8035996769657444,0.03427395541879464,0.06422466202116307,0.09779774021078844,0.00010396538350949152,0.8035996769657444,0.03427395541879464,0.06422466202116307,0.09779774021078844,,,,,,,,,,,,,,,,
balanced_agentic,mixed_stress,MaxWeight,MaxWeight,12,1729653623,2128646545,1775211512,,stochastic,150,300,150-step training / 300-step held-out evaluation,270404651,0,2.6100024115294218e-05,balanced_agentic,200,0.0,0.8354763974133428,0.8103034991555719,0.0,1.0,0.16452360258665708,0.18969650084442813,0.1996717790837789,32.90472051733141,0.16452360258665708,0.0347937221840985,-0.004773785761809689,0.0,0.0,0.0,0.16340536392698327,0.20477378576180966,0.21746099394004306,0.8943160559416813,0.9411228458097538,0.4147666666666667,0.3184518630240049,0.681548136975995,0.0,0.0,86.65144269927745,97.55168173218415,102.90933930093772,101.49366526014495,1.9415062892105777,1.7598324641822034,1.7478331720489213,0.05853408651605439,15376956.409632495,14419045.53538927,0.06504828521261871,3.2830062278987726,0.5106282252485796,0.4570789718317762,0.006920475167669039,0.10786146051169876,0.11808835372804989,27.812130073145426,0.46673182552851095,,,,,0.13211760594978808,0.12757257144689024,0.21294255718175464,1.0,0.9441166666666666,0.0,0.96875,0.09977333333333334,0.0,0.0,0.15835164835164833,1236.7185831285133,2321.0073617163052,90.96702951243373,85.6528318068958,0.0,0.28278684851836766,0.8491361111111111,6.51253485517499e-08,0.0,,,,,,,,,,,,,,,,,,,,,,,,,,,,,,,,,,,,,,,,,
balanced_agentic,mixed_stress,PPO,PPO,12,1729653623,2128646545,1621075116,2fb07c1ee95b181950c4,stochastic,150,300,150-step training / 300-step held-out evaluation,270404651,1,284.739809300052,balanced_agentic,200,0.0,0.9000982008429886,0.8759588958843896,0.495,1.0,0.09990179915701133,0.12404110411561042,0.13016805166575904,19.980359831402268,0.09990179915701133,0.0430084569932245,0.009189432989690745,0.00039274987791546083,0.004787000439174351,0.006023139070103979,0.15203253772948266,0.19081056701030924,0.19841362009491326,0.8657293860507949,0.9110235054219379,0.40055,0.428053038776636,0.5715542113454486,0.0,0.0,94.88399646147096,107.3505376344086,112.33504530087895,112.45401805601867,2.3726403838428656,2.114075608567286,2.098105888468054,0.06281509155266855,28244420.814662166,26947921.37848888,0.035416644379827965,2.391958013763059,0.6960662978509297,0.6266378520295641,0.0,0.13181335465793698,0.14526370953845794,82.45107658727973,0.13552770289617708,25.858988431334488,0.13509311810541438,,,0.320739200617157,0.10563413233759827,0.20671326741852242,0.9991,0.019950000000000002,0.0002666666666666666,0.9938333333333332,0.1542383333333333,0.0,0.0,0.12047619047619047,1851.980494354681,2652.995708951887,97.68773937954846,93.55980243243548,0.00019047619047619048,0.21858865982914014,0.77014375,3.5432994754564645e-08,0.0,,,0.024281428214548765,0.02296503727933007,0.0,0.19082822822284234,0.000581011224981559,0.00015247700801419674,0.0004285751257629018,0.0004285751257629018,0.0,0.0,0.0,0.19082822820809825,0.571670281948126,0.0006770836136140096,0.8325992240731651,0.01949335603643452,0.14707785926877215,0.00015247700801419674,0.0006770836136140096,0.8325992240731651,0.01949335603643452,0.14707785926877215,0.00015247700801419674,,,,,,,,,,,,,,,,
balanced_agentic,mixed_stress,PPO-Lagrangian,PPO-Lagrangian,12,1729653623,2128646545,1621075116,5ff4062933b4dfa3978e,stochastic,150,300,150-step training / 300-step held-out evaluation,270404651,1,266.70855040004244,balanced_agentic,200,0.0,0.8642048175403731,0.8393676958450517,0.025,1.0,0.13579518245962677,0.1606323041549483,0.165036861338258,27.159036491925356,0.13579518245962677,0.05769016617089242,0.047682119205298024,0.0003979819832003996,0.004567257341544132,0.004890741228209716,0.10847076097973142,0.152317880794702,0.16822665389646466,0.8778971698275939,0.9225576063920128,0.40435000000000004,0.36763079387414194,0.6319712241426577,0.0,0.0,107.68957635262497,125.71854166666667,131.59677938808372,130.40953889576093,2.085630646423181,1.8489476211726417,1.853167989823928,0.06864858857146941,28209711.798589062,26573867.23892046,0.03548103528739582,2.3907194036872346,0.688251232288794,0.6046113720295593,0.0,0.11586836924573227,0.12886456810724425,64.3622665112372,0.2015779217851002,26.29234703046875,0.151062278799873,,,0.18461011269897692,0.13412662089159555,0.22774185052128326,0.9994666666666666,0.0718,0.00028333333333333335,0.9733666666666667,0.13364499999999999,0.0,0.0,0.0638095238095238,1630.0789655963558,2330.927705329932,112.71209702202147,105.31535201425675,0.00023809523809523812,0.17585218022217147,0.808063888888889,3.549461367244035e-08,0.0,,,0.006327250574820633,0.005891012418565397,0.0,0.1107110720006437,0.0010039449855725718,0.0002865549932274013,0.0007174926364000797,0.0007174926364000797,0.0,0.0,0.0,0.11071107200262344,0.33166073143801866,0.0003643047709039184,0.9219081604806406,0.07064540763254391,0.006795572122684192,0.0002865549932274013,0.0003643047709039184,0.9219081604806406,0.07064540763254391,0.006795572122684192,0.0002865549932274013,,,,,,,,,,,,,,,,
balanced_agentic,mixed_stress,PPO_CMDP,PPO_CMDP,12,1729653623,2128646545,1621075116,c2c338dd9800f45e9834,stochastic,150,300,150-step training / 300-step held-out evaluation,270404651,1,270.83158040000126,balanced_agentic,200,0.0,0.8751162083938371,0.8350850453116161,0.175,1.0,0.1248837916061628,0.16491495468838382,0.17513910632838078,24.97675832123256,0.1248837916061628,-0.06309415221309289,-0.09304983139752715,0.0,0.0,0.0,0.26309415221309285,0.29304983139752716,0.3010541491787685,0.8700001707897578,0.9184821168870186,0.40391666666666665,0.517982704789248,0.482017295210752,0.0,0.0,95.26864409622033,108.92021404883931,115.31497225305213,113.75227985002834,2.955504501307202,2.725555789373397,2.7100643280602927,0.04876789974123662,24843280.021245822,23724048.55363923,0.040270856303092906,3.4016821289248584,0.6394044960084159,0.5879659492626002,0.0,0.16419469451706675,0.17738175021482763,78.49974303878686,0.16039421711023238,24.496898011674098,0.12156286266931669,,,0.43007149548546697,0.12839799152674758,0.23419628947974722,0.9999666666666667,0.00048333333333333334,0.0,0.9944166666666666,0.15545416666666664,0.0,0.0,0.10846153846153847,2192.416430602644,3366.3980778404243,92.63780888901928,94.47380278382523,0.0,0.38419778553155454,0.7928451388888889,4.02819907153476e-08,0.0,,,0.039161526614403024,0.03833285411781889,0.056400000000000006,0.24004105938164777,4.090109059617382e-05,1.0672939703829325e-05,3.0228426326008224e-05,3.0228426326008224e-05,0.0,0.0,0.0,0.24004105939819123,0.7190987486172519,3.2523764872535575e-05,0.4669045764332246,0.0004898184267540177,0.532562408435445,1.0672939703829325e-05,3.2523764872535575e-05,0.4669045764332246,0.0004898184267540177,0.532562408435445,1.0672939703829325e-05,,,,,,,,,,,,,,,,
balanced_agentic,mixed_stress,Intent-PPO-CMDP-NoRisk,Intent-PPO-CMDP-NoRisk,12,1729653623,2128646545,1621075116,53b75815fc19ab3c700d,stochastic,150,300,150-step training / 300-step held-out evaluation,270404651,1,267.30905749998055,balanced_agentic,200,0.0,0.8958051983191713,0.8686348339088423,0.385,1.0,0.10419480168082865,0.13136516609115764,0.13773569303861546,20.83896033616573,0.10419480168082865,0.028678038203136413,-0.006077480425382718,7.073556192828585e-05,0.0,7.073556192828585e-05,0.17029588678881416,0.2060774804253827,0.21496745006001516,0.8708431829279485,0.9209420287324037,0.4036333333333333,0.42205585124912437,0.5778734131889474,0.0,0.0,100.82004537830504,117.24842226047045,122.07977272727271,120.38032203310154,2.3645971669838852,2.129643928783047,2.115108410705345,0.06114161174317061,27935218.096317768,26596717.90088561,0.03580808988615747,2.560981629818323,0.6965490458194021,0.6240812423000451,0.0,0.1313665092768825,0.1447844315165222,75.42106882781863,0.15450854477118944,23.769019036505334,0.09315755964490664,,,0.3338717871620321,0.1162198079508288,0.2119577352511441,0.9999166666666668,0.0189,5e-05,0.9924666666666667,0.15590416666666665,0.0,0.0,0.08493772893772895,1825.2061868678265,2655.0384639694544,103.1937345823959,98.88511590312564,0.0,0.2567466947294604,0.7806041666666667,3.5825442552916135e-08,0.0,,,0.007879082427126816,0.0038641100518184267,0.0,0.26407495107939366,0.00014628941946998996,3.681055727481358e-05,0.00010948314008108074,0.00010948314008108074,0.0,0.0,0.0,0.26407495108819795,0.7910978536121063,2.8255117422914802e-05,0.8168467794998293,0.01931829386281826,0.1637698609626547,3.681055727481358e-05,2.8255117422914802e-05,0.8168467794998293,0.01931829386281826,0.1637698609626547,3.681055727481358e-05,,,,,,,,,,,,,,,,
balanced_agentic,mixed_stress,Intent-PPO-CMDP,Intent-PPO-CMDP,12,1729653623,2128646545,1621075116,fc604e43c5d11a5118bd,stochastic,150,300,150-step training / 300-step held-out evaluation,270404651,1,320.63457950000884,balanced_agentic,200,0.0,0.8289883880236372,0.7902601654495129,0.0,1.0,0.17101161197636272,0.20973983455048698,0.21947468875192416,34.202322395272546,0.17101161197636272,-0.11961647918665001,-0.14691708408353896,0.007817272101455006,0.019090262970859972,0.022888820418305242,0.31961647918665004,0.346917084083539,0.3585779121673224,0.8669263530430316,0.9161032899270646,0.4040000000000001,0.531590924700483,0.460591803198062,0.0,0.0,81.88679404892262,95.13589743589743,100.06497023809523,97.9622572407301,3.0497927119167034,2.8094560541688334,2.7912593569039705,0.04494266955854997,21560232.543646928,20595999.363680284,0.046391977047310545,3.4757483576410335,0.6187884625257767,0.5691017342919594,0.0,0.16943292843981692,0.18123659447360407,55.481939544524366,0.2117707015446734,19.39255953017724,0.11389086790564536,,,0.4079321317846689,0.1702271143130638,0.26622354957276445,0.99285,0.07255,0.00545,0.9958166666666668,0.15603499999999998,0.5770833333333334,0.03702333333333334,0.10673260073260074,2157.3495872544586,3530.3390098117593,76.6607972351913,83.11030916027131,0.005523809523809525,0.4637621733713162,0.7505041666666666,4.641181838076518e-08,0.0,,,0.029882911690935963,0.02191105881725625,0.0,0.4074920465412147,0.16868863083624475,0.04355727933183461,0.12733305219127572,0.1636047145219436,0.03802266239305143,0.03627166233066789,0.03788333333333333,0.37900434619165707,1.1353955517035765,0.0015859939958017336,0.12174851852051269,0.07065654739603942,0.8003744932950376,0.005634446792608564,0.0015859939958017336,0.12174851852051269,0.07065654739603942,0.8003744932950376,0.005634446792608564,,,,,,,,,,,,,,,,
balanced_agentic,mixed_stress,Intent-PPO-CMDP-FullPolicy-NoShield,Intent-PPO-CMDP,12,1729653623,2128646545,1621075116,fc604e43c5d11a5118bd,stochastic,150,300,150-step training / 300-step held-out evaluation,270404651,1,320.63457950000884,balanced_agentic,200,0.0,0.7839068774785222,0.685823078751788,0.0,1.0,0.21623317743394932,0.31417692124821184,0.33312544158951574,43.24663548678986,0.21623317743394932,-0.12151018096244413,-0.15044525048344531,0.06817553089038801,0.10682216433814821,0.11642188021600189,0.32151018096244416,0.3504452504834453,0.35619018803402636,0.8706484098287746,0.921628721003067,0.40673333333333334,0.5002779842600884,0.4315464848495236,0.0,0.0,78.93356496740971,91.58751803751804,96.01194444444444,94.5123714465366,2.9168550386765744,2.6973818552586777,2.6766895669215316,0.04793417625854528,21441853.893961918,20516287.859654907,0.04664897291678616,3.222106602905423,0.6090063920770664,0.5612315158436615,0.0,0.16204750214869856,0.1743396251053679,48.35993986923238,0.2635648168120129,19.39255953017724,0.11389086790564536,,,0.4841599683413347,0.23401730297089135,0.32733885354803716,0.9508166666666666,0.06778333333333335,0.04761666666666667,0.9947833333333332,0.15589583333333332,0.0,0.0,0.11638827838827841,2077.3933794897766,3368.8728551617733,70.42965442169003,81.27946666981124,0.04314285714285714,0.46304766303630557,0.7284770833333333,4.667080362324196e-08,0.0,,,0.029637325547277157,0.021666396411964123,0.0,0.4062671824792301,0.17102884891891562,0.04645924206820537,0.1275432112751758,0.1275432112751758,0.0,0.0,0.0,0.40626718248411176,1.2170677102535021,0.0017066070861520375,0.11463011571576752,0.06709997341378258,0.7701040617160925,0.04645924206820537,0.0017066070861520375,0.11463011571576752,0.06709997341378258,0.7701040617160925,0.04645924206820537,,,,,,,,,,,,,,,,
balanced_agentic,mixed_stress,MaxWeight,MaxWeight,13,1025721121,372372750,51736825,,stochastic,150,300,150-step training / 300-step held-out evaluation,630784621,0,1.1100026313215494e-05,balanced_agentic,200,0.0,0.8441620556820422,0.8176360258420784,0.015,1.0,0.15583794431795772,0.18236397415792144,0.19916185340160567,31.167588863591547,0.15583794431795772,0.026516661684509567,-0.009124869383490048,0.0,0.0,0.0,0.17213783336045174,0.20912486938349004,0.2227599100687439,0.8841923296391784,0.9252352002728976,0.41159999999999997,0.33676145836939514,0.6632385416306047,0.0,0.0,83.29600108043134,93.28630514705883,95.58363458528952,94.95203193392462,1.9781280462873472,1.7864577231326562,1.7780973391812132,0.062304274570293895,17308371.445456795,16233808.248257574,0.057777109062928246,2.855982979991895,0.5007002418467511,0.4442250329592879,0.011272403574442964,0.10989600257151927,0.12113947330377062,25.988062806134558,0.578508397894984,,,,,0.1370371432509916,0.12219956307639336,0.204810318447144,1.0,0.9406333333333333,0.0,0.9638833333333332,0.09738,0.0,0.0,0.17153113553113553,1243.722688470788,2373.577085111648,87.00901186631211,82.73986654660392,0.0,0.29779296813951134,0.8493513888888888,5.7863043042323137e-08,0.0,,,,,,,,,,,,,,,,,,,,,,,,,,,,,,,,,,,,,,,,,
balanced_agentic,mixed_stress,PPO,PPO,13,1025721121,372372750,535536204,3cabdc2e2c3a75659a16,stochastic,150,300,150-step training / 300-step held-out evaluation,630784621,1,262.1022107999888,balanced_agentic,200,0.0,0.7933194033014382,0.7546206676972484,0.0,1.0,0.20671539293282876,0.24537933230275152,0.2513740388538844,41.34307858656575,0.20671539293282876,-0.16003656378892095,-0.18889566395663956,9.635656468428826e-05,0.0,9.635656468428826e-05,0.36003656378892096,0.38889566395663955,0.39479463344872345,0.8636314986656081,0.9128122596908659,0.39795,0.5318951901091701,0.46800845332614566,0.0,0.0,83.5369399405947,96.08952599388378,100.64623266745006,98.81406683515345,2.7777056603115136,2.596076902064003,2.569644188017649,0.04635851135827746,22613040.897104427,21721771.76989469,0.04422852190603042,3.0788495457176253,0.6517014662938595,0.5946165921741311,0.0,0.1543169811284174,0.16763663149398966,20.348691691120543,0.6363555426139746,25.773339520942898,0.1260413258688232,,,0.27867425367388704,0.2006743186264735,0.31864250397600974,0.9993666666666666,0.0391,6.666666666666667e-05,0.9931,0.16115333333333332,0.0,0.0,0.12041758241758242,1739.7062246363346,3336.6284333673793,73.72376997862506,85.78467537486097,0.0,0.5275310808759464,0.7205701388888889,4.424973523575178e-08,0.0,,,0.01986091087187203,0.012744394540761055,0.013266666666666666,0.4056068236392932,0.0007028442164400403,0.00012192281418352826,0.0007091844067702837,0.0007091844067702837,0.0,0.0,0.0,0.4056068236388563,1.2150894519486437,0.00043627720583172135,0.08331365247542638,0.03851888699059179,0.8776092605139667,0.00012192281418352826,0.00043627720583172135,0.08331365247542638,0.03851888699059179,0.8776092605139667,0.00012192281418352826,,,,,,,,,,,,,,,,
balanced_agentic,mixed_stress,PPO-Lagrangian,PPO-Lagrangian,13,1025721121,372372750,535536204,454f28c68eb87e33907f,stochastic,150,300,150-step training / 300-step held-out evaluation,630784621,1,254.03850810002768,balanced_agentic,200,0.0,0.9010230536436694,0.8613195122993859,0.53,1.0,0.09897694635633052,0.13868048770061414,0.14974941604273503,19.795389271266103,0.09897694635633052,-0.025955662105184726,-0.06372938796936758,9.417471864016559e-05,0.0,9.417471864016559e-05,0.22595566210518478,0.26372938796936757,0.27237549440980946,0.8737556056098051,0.922792211578642,0.40340000000000004,0.497948115798658,0.5019577094827018,0.0,0.0,94.93296315141735,110.72970716083276,112.65219714336095,112.13089341097728,2.713944808042519,2.458763787878659,2.4401785412507815,0.059249945873623165,27395673.94068657,26150299.860281814,0.03651513196115426,2.8223584982571737,0.6419599907051935,0.5896567028663947,0.0,0.1507747115579177,0.16467384881728495,79.24081425182422,0.1550573963194453,25.83543927051386,0.11967838708539526,,,0.590433934799577,0.1120194359920022,0.19828192212344534,0.9999166666666668,0.1206,6.666666666666667e-05,0.9901833333333333,0.1500608333333333,0.0,0.0,0.25168498168498166,2096.4376970376907,3046.448637045118,93.00998152355423,94.88954519744976,4.761904761904762e-05,0.3347438037594355,0.7823076388888889,3.6529296869097154e-08,0.0,,,0.017368871427689222,0.013742342952485815,0.007516666666666667,0.33586061181241555,0.00010300208645639398,3.113302569001553e-05,7.187075610144315e-05,7.187075610144315e-05,0.0,0.0,0.0,0.33586061181252175,1.00614847422236,3.234373564035466e-05,0.5438777676105788,0.12030873583011223,0.3357500197979786,3.113302569001553e-05,3.234373564035466e-05,0.5438777676105788,0.12030873583011223,0.3357500197979786,3.113302569001553e-05,,,,,,,,,,,,,,,,
balanced_agentic,mixed_stress,PPO_CMDP,PPO_CMDP,13,1025721121,372372750,535536204,a070e26e29e031606ad8,stochastic,150,300,150-step training / 300-step held-out evaluation,630784621,1,277.9400926999515,balanced_agentic,200,0.0,0.9150975207338083,0.8773997506223448,0.795,1.0,0.08490247926619152,0.12260024937765517,0.1295358121935717,16.980495853238303,0.08490247926619152,-0.007674356412927617,-0.0430965429164949,0.00019402848766135564,0.0,0.00019402848766135564,0.20767435641292764,0.2430965429164949,0.25089901286204364,0.8601458221828596,0.9052516440313566,0.40203333333333335,0.4890026468754945,0.5108033246368442,0.0,0.0,87.46779080668624,99.96420123565754,101.3288574468085,101.1663781916741,2.660819475188936,2.4102268058550886,2.3902835571082144,0.05697498971479262,29956553.416462947,28746426.851563144,0.03340585782943091,2.3324237306657203,0.6630358366638857,0.5967993257983583,0.0,0.1478233041771631,0.1611112064123449,87.70653127630932,0.12547452704438394,24.69759438310317,0.12601677807973574,,,0.3974300691262026,0.09942326506123361,0.19032841989732635,0.9998166666666666,0.008,0.00013333333333333334,0.9895333333333334,0.15485916666666666,0.0,0.0,0.1021098901098901,2028.4904814655708,3001.3043179630545,84.37906818994671,89.18963632243192,0.00019047619047619048,0.3103742574554946,0.7515562499999998,3.340445691586382e-08,0.0,,,0.033500436032371114,0.02448704591614228,0.019083333333333334,0.25143414350149035,0.00025033287344000064,5.585892970268175e-05,0.00019448028280634835,0.00019448028280634835,0.0,0.0,0.0,0.25143414350383125,0.753229378367833,5.475481972011032e-05,0.7064612612411578,0.008158484214552085,0.2852696407948673,5.585892970268175e-05,5.475481972011032e-05,0.7064612612411578,0.008158484214552085,0.2852696407948673,5.585892970268175e-05,,,,,,,,,,,,,,,,
balanced_agentic,mixed_stress,Intent-PPO-CMDP-NoRisk,Intent-PPO-CMDP-NoRisk,13,1025721121,372372750,535536204,4606dec7f3efe1c94a9c,stochastic,150,300,150-step training / 300-step held-out evaluation,630784621,1,283.62103929999284,balanced_agentic,200,0.0,0.8407913655235728,0.8048324657137144,0.0,1.0,0.15920863447642722,0.19516753428628567,0.19958483676951058,31.841726895285444,0.15920863447642722,-0.12437661448223811,-0.1513163035756571,9.637323315080202e-05,0.0,9.637323315080202e-05,0.3243766144822381,0.3513163035756571,0.3592860138402027,0.8592255533941028,0.9087985189613039,0.40049999999999997,0.5966303742486272,0.40327325251822194,0.0,0.0,78.81558434725457,91.25864661654136,94.96291481246027,93.13164948010937,3.253429711237284,3.0086212181776704,2.988298985360665,0.047256157374593113,24229585.048761986,23337947.627669048,0.04128257010746737,3.175714924825181,0.6203615351449536,0.5688228772045509,0.0001387244252212036,0.18074609506873798,0.19399395936139988,60.54379285453895,0.20792124210648655,20.557773943991297,0.09501970006584819,,,0.2788615047108125,0.15744023147422526,0.2552902376468749,0.99965,0.06253333333333334,6.666666666666667e-05,0.9933333333333333,0.15695583333333332,0.0,0.0,0.12163369963369963,2317.0525573789428,3757.6327940840833,70.27276460991618,80.68766080370693,9.523809523809524e-05,0.4715792838889586,0.7388777777777779,4.129414639874201e-08,0.0,,,0.014004760340232283,0.01011458958771223,0.0027166666666666667,0.3127317365973405,0.0003479783571817372,7.803171833227997e-05,0.0005390950222147308,0.0005390950222147308,0.0,0.0,0.0,0.3127317365863066,0.9368605562561839,0.00033703511513090325,0.05808993968867102,0.061986942051902555,0.8795080514259632,7.803171833227997e-05,0.00033703511513090325,0.05808993968867102,0.061986942051902555,0.8795080514259632,7.803171833227997e-05,,,,,,,,,,,,,,,,
balanced_agentic,mixed_stress,Intent-PPO-CMDP,Intent-PPO-CMDP,13,1025721121,372372750,535536204,09d0d30da2ff448dad2f,stochastic,150,300,150-step training / 300-step held-out evaluation,630784621,1,309.3859143999871,balanced_agentic,200,0.0,0.8314131399235437,0.7908937201473086,0.0,1.0,0.16858686007645624,0.20910627985269128,0.21584144340349615,33.71737201529125,0.16858686007645624,-0.12311622753658095,-0.15295550619760695,0.02791940491620414,0.043022377215925604,0.04967503287988715,0.323116227536581,0.35295550619760696,0.3585723068763539,0.886532694546656,0.9379197346806188,0.4124333333333333,0.5798182697465916,0.3922623253372043,0.0,0.0,80.97749992455503,92.76679392011312,95.5165254237288,94.50821173269682,3.2029175156336964,2.9678555030206057,2.9330481587816957,0.049642243720637656,24442474.546057977,23375052.78019438,0.04091536652488432,3.183595041018559,0.6141937137129955,0.5717590919366262,0.0,0.17793986197964984,0.1933516237475826,65.41973264131919,0.18484294837617551,20.011558856135007,0.0924854731303008,,,0.3824116367892647,0.16509165066837334,0.2680082304350446,0.9803333333333333,0.06870000000000001,0.0193,0.9920333333333334,0.15628916666666665,0.6228666666666667,0.04186333333333333,0.1566153846153846,2291.629832145082,3693.6108836660283,72.02937182476055,83.15431967769804,0.019285714285714285,0.47145766953680557,0.7048048611111112,4.093854967667212e-08,0.0,,,0.014745292151741434,0.01042795707144894,0.0008666666666666667,0.28671871890570755,0.6174447640198751,0.18892431081449437,0.43440011147476015,0.598641738117742,0.169527299785466,0.16424162664298195,0.16938333333333333,0.2808379305429197,0.8413152521655388,0.00032437341937576906,0.08141278141829301,0.06728856540836137,0.8314992203584629,0.019475059395506932,0.00032437341937576906,0.08141278141829301,0.06728856540836137,0.8314992203584629,0.019475059395506932,,,,,,,,,,,,,,,,
balanced_agentic,mixed_stress,Intent-PPO-CMDP-FullPolicy-NoShield,Intent-PPO-CMDP,13,1025721121,372372750,535536204,09d0d30da2ff448dad2f,stochastic,150,300,150-step training / 300-step held-out evaluation,630784621,1,309.3859143999871,balanced_agentic,200,0.0,0.6100206444964917,0.564294838182775,0.0,1.0,0.8601517367519896,1.143234039727375,1.257389064058331,172.03034735039793,0.8601517367519896,-0.24138147747438957,-0.3422145038920091,0.3005461943994169,0.40221450389200897,0.44004217471497975,0.3375856765512989,0.3682622869018309,0.3723391249053995,0.9055794583501827,0.951386743591448,0.4421000000000001,0.4271914447330719,0.2722623608675112,0.0,0.0,70.6131733319445,81.41711657907311,85.37063440860214,84.09228052758172,2.4282012502996158,2.041264109943709,2.042677414312759,0.0868621553333218,23574657.730965614,22075042.120296873,0.04239579407931293,2.1807929582947385,0.5418620918499509,0.4790680957124497,0.002451011862641535,0.13490006946108973,0.1535849586510898,22.877745368139163,0.5687908747257769,20.011558856135007,0.0924854731303008,,,0.6074121657496963,1.123350822318522,1.4692063842491836,0.7887833333333333,0.061549999999999994,0.20493333333333333,0.9756666666666667,0.16819583333333335,0.0,0.0,0.21347985347985352,1827.8408730256494,2751.4722226779054,53.46054308325045,75.04215779520081,0.16857142857142857,0.48281877523161987,0.5329013888888889,4.2461243872886206e-08,0.0,,,0.015487139791135024,0.011112035139796483,0.0007666666666666666,0.3103495508832813,0.6563366471277681,0.20556471165314819,0.4703369127517648,0.4703369127517648,0.0,0.0,0.0,0.3103495507703256,0.9297241653256474,0.005970425791646683,0.07326572493641344,0.06183540441325881,0.6533637332055329,0.20556471165314819,0.005970425791646683,0.07326572493641344,0.06183540441325881,0.6533637332055329,0.20556471165314819,,,,,,,,,,,,,,,,
balanced_agentic,mixed_stress,MaxWeight,MaxWeight,14,1103526060,1905340783,408848433,,stochastic,150,300,150-step training / 300-step held-out evaluation,955564766,0,1.0800024028867483e-05,balanced_agentic,200,0.0,0.8499901666615258,0.8246973211295319,0.02,1.0,0.1500098333384741,0.17530267887046802,0.18452446741349043,30.00196666769482,0.1500098333384741,0.026182319150510926,-0.009115405552531276,0.0,0.0,0.0,0.17293475283253087,0.20911540555253127,0.21685447500411673,0.8832838580240218,0.9300459348696991,0.4190833333333333,0.3384654096328943,0.6615345903671057,0.0,0.0,83.53012321342993,94.50920955201777,99.12025147679324,97.38475949018648,2.045223245179298,1.8355578406128652,1.8218664484922642,0.06937413717664268,20819311.35405103,19577999.81323655,0.04803246414502861,2.461727425675171,0.51531461868621,0.46035032252113095,0.006196455089991779,0.1136235136210721,0.12508905749543034,32.73216992592922,0.491383291279212,,,,,0.14826549772055586,0.11759054445235112,0.20680891805373386,1.0,0.9329500000000001,0.0,0.96455,0.09783916666666666,0.0,0.0,0.18418315018315012,1290.9296771712256,2451.3813202605666,85.5712766394897,83.07567638423616,0.0,0.2943664187080039,0.8472534722222221,4.8097018352471945e-08,0.0,,,,,,,,,,,,,,,,,,,,,,,,,,,,,,,,,,,,,,,,,
balanced_agentic,mixed_stress,PPO,PPO,14,1103526060,1905340783,1823775964,0a65909e93fb2c778ea0,stochastic,150,300,150-step training / 300-step held-out evaluation,955564766,1,272.0849051999976,balanced_agentic,200,0.0,0.8399013239336206,0.7978369551925394,0.0,1.0,0.16009867606637937,0.20216304480746056,0.21082046700110973,32.01973521327587,0.16009867606637937,-0.10430626723604267,-0.13618050225710346,0.000581460676294889,0.004929802955665023,0.006083721268736145,0.30430626723604265,0.33618050225710344,0.34515587636946965,0.8570174163485629,0.9040330029201027,0.4046333333333334,0.5113541468809517,0.4880643924427534,0.0,0.0,82.41749772239487,94.18153594771242,97.5778324468085,96.27561534575734,2.7812960061609466,2.586406022865019,2.5484205985805635,0.050098049984913115,26009567.58870796,25003335.047318224,0.03845180689726858,2.6442629765541468,0.6525614247552488,0.5919157640923414,0.0,0.15451644478671928,0.1672556004748268,47.154759547170855,0.31319439251006237,23.652352605943808,0.12485441088712515,,,0.5132418548741804,0.15216968450186857,0.2523185668266706,0.99945,0.28445,0.00039999999999999996,0.9955333333333334,0.15408583333333334,0.0,0.0,0.13444688644688646,1752.3224197991854,3335.3587065095867,76.81555589238113,83.90278578398717,0.00042857142857142855,0.4592046736365314,0.7242708333333334,3.847036593323751e-08,0.0,,,0.03439230682778462,0.015921059606813406,0.0,0.4316523369002205,0.00146928314231846,0.00034930060684025045,0.0011710370227774355,0.0011710370227774355,0.0,0.0,0.0,0.43165233689907917,1.2931148366035716,0.00019426668708367678,0.07001048663720957,0.2828748011605471,0.6465711449083195,0.00034930060684025045,0.00019426668708367678,0.07001048663720957,0.2828748011605471,0.6465711449083195,0.00034930060684025045,,,,,,,,,,,,,,,,
balanced_agentic,mixed_stress,PPO-Lagrangian,PPO-Lagrangian,14,1103526060,1905340783,1823775964,337f5a10e02765106fee,stochastic,150,300,150-step training / 300-step held-out evaluation,955564766,1,284.58887489995686,balanced_agentic,200,0.0,0.9135439276622038,0.885771731464825,0.8,1.0,0.08645607233779597,0.11422826853517486,0.1285506913388263,17.291214467559193,0.08645607233779597,-0.0007404668880772955,-0.03972298745026017,0.00023714268583412829,0.0,0.00023714268583412829,0.20071354381115422,0.23972298745026016,0.2506558138709033,0.8532619201619452,0.8973934035594644,0.40614999999999996,0.47106630434413105,0.5286965529700347,0.0,0.0,86.74529087492432,97.77780559032124,100.16417862194382,99.90161127386969,2.6189204202553396,2.4151115008942896,2.3693445858786735,0.05202882364454382,33531212.004288092,31829727.449699227,0.029841848693751838,2.0338325253724725,0.6585604473196941,0.5889237009891257,0.0,0.1454955789030744,0.15712961084980173,89.10460328097965,0.11869103946934306,25.096186255169417,0.13391219218785813,,,0.42536892138120075,0.10459928955848874,0.20032680495856198,0.9995333333333332,0.03001666666666667,0.00016666666666666666,0.9955000000000002,0.1571408333333333,0.0,0.0,0.20868131868131867,1960.3556221708266,2973.5322346085404,84.68015693669564,88.65809189416755,0.00019047619047619048,0.28405948588509694,0.7421604166666667,2.984871060259984e-08,0.0,,,0.013445997230565776,0.00923261625314903,0.01,0.31990430597253,0.0007489010904213899,0.0001489612253402283,0.0006019600729880306,0.0006019600729880306,0.0,0.0,0.0,0.31990430596345054,0.9583476538235993,0.00041254279753965217,0.7193390785928259,0.030560650639860954,0.2495387667444333,0.0001489612253402283,0.00041254279753965217,0.7193390785928259,0.030560650639860954,0.2495387667444333,0.0001489612253402283,,,,,,,,,,,,,,,,
balanced_agentic,mixed_stress,PPO_CMDP,PPO_CMDP,14,1103526060,1905340783,1823775964,dadb88684cb84768bf3a,stochastic,150,300,150-step training / 300-step held-out evaluation,955564766,1,264.74071779998485,balanced_agentic,200,0.0,0.8326738252572093,0.7980450966084123,0.0,1.0,0.1673261747427905,0.20195490339158767,0.21173970869511877,33.4652349485581,0.1673261747427905,-0.13778267045501386,-0.16430888267179575,0.00016367339117046655,0.0,0.00016367339117046655,0.3377826704550139,0.36430888267179573,0.37202532486694595,0.8266407771619473,0.8836908878654255,0.3932166666666667,0.5713295267306082,0.4285067998782213,0.0,0.0,73.73348135874694,83.17817460317458,87.12207036620421,86.28774507155273,3.063613463397404,2.862194294637846,2.846681937313208,0.04628608261143342,27502479.424177352,26491531.21952888,0.03636937806623094,2.4646533125096814,0.6637576357304528,0.6065596636097567,0.0,0.17020074796652246,0.18332834594224284,50.419876041977496,0.2420487027826883,22.64835715577434,0.12212274123169051,,,0.2586219032604392,0.1633870106387571,0.26287540600158144,0.9947666666666666,0.021216666666666665,0.00011666666666666667,0.9958333333333332,0.1568125,0.0,0.0,0.07928937728937728,1960.5770673574953,3657.5561381881244,64.59804249103351,75.92852401268823,0.00014285714285714287,0.4972831405586047,0.6850715277777778,3.6377437861178946e-08,0.0,,,0.03620212560056716,0.01076966569403941,0.0,0.37824106747967384,0.0005358760919554323,0.00012354155145147887,0.0008168852193963616,0.0008168852193963616,0.0,0.0,0.0,0.37824106749236,1.1331089730703758,0.004816047449460028,0.08368875185408811,0.021587639741709713,0.8897840194032907,0.00012354155145147887,0.004816047449460028,0.08368875185408811,0.021587639741709713,0.8897840194032907,0.00012354155145147887,,,,,,,,,,,,,,,,
balanced_agentic,mixed_stress,Intent-PPO-CMDP-NoRisk,Intent-PPO-CMDP-NoRisk,14,1103526060,1905340783,1823775964,72924e27f6df7ecb428f,stochastic,150,300,150-step training / 300-step held-out evaluation,955564766,1,270.7660398000153,balanced_agentic,200,0.0,0.8309576797864134,0.7923031810026128,0.005,1.0,0.16904232021358648,0.20769681899738715,0.21558925693619302,33.8084640427173,0.16904232021358648,-0.13931151352725776,-0.16988436013557773,0.00029046085083343374,0.004404761904761898,0.005370620525440605,0.33931151352725775,0.36988436013557774,0.37584075947834383,0.8344702764250408,0.8936156135649391,0.3974166666666667,0.5774812338591828,0.4222283052899837,0.0,0.0,74.87351389307987,84.8477131836341,91.2083851749655,88.86938317577139,3.1209985136495053,2.9125310886329836,2.89657670037589,0.04295835688153262,27150944.064866934,26019981.621505212,0.036840828290978206,2.5826908143638807,0.6497315868416444,0.5927097759174206,0.0,0.17338880631386147,0.18666938585643106,49.70438848648918,0.23379859979996695,19.81193184534525,0.10929278837178003,,,0.24406641827310538,0.16633245328265667,0.2656736249269576,0.9996166666666666,0.05603333333333334,0.0002,0.9958833333333333,0.15807166666666667,0.0,0.0,0.08431501831501832,1971.4558807264025,3739.9830083004076,66.20816365779494,77.03092622393065,0.0003333333333333334,0.49917820290404863,0.6979756944444445,3.6854276405237624e-08,0.0,,,0.10173737979511664,0.024749184933483735,0.03118333333333333,0.4288977037385095,0.0007410281402433946,0.00017613621212675157,0.0011603205879570444,0.0011603205879570444,0.0,0.0,0.0,0.42889770372630553,1.284862693106091,0.00019209581880514064,0.04520270041381707,0.05747826993821077,0.8969507976170402,0.00017613621212675157,0.00019209581880514064,0.04520270041381707,0.05747826993821077,0.8969507976170402,0.00017613621212675157,,,,,,,,,,,,,,,,
balanced_agentic,mixed_stress,Intent-PPO-CMDP,Intent-PPO-CMDP,14,1103526060,1905340783,1823775964,fd2a9bdca11bd34bca64,stochastic,150,300,150-step training / 300-step held-out evaluation,955564766,1,319.06714920001104,balanced_agentic,200,0.0,0.8787145801987719,0.8484821865498767,0.145,1.0,0.12128541980122792,0.1515178134501231,0.16817559653790248,24.257083960245584,0.12128541980122792,-0.0482888608940559,-0.07773805757671623,0.0228208524768592,0.0380952380952381,0.04252993044409907,0.24828886089405594,0.2777380575767162,0.29366391779488044,0.892971387075384,0.9412633414421172,0.4187666666666667,0.504577329808858,0.4726018177142828,0.0,0.0,92.36054865555133,105.81132973944294,109.152402022756,108.4704303108784,2.8929084537949876,2.686016572604607,2.6752101534582033,0.04240037841078807,30966586.64986246,29562330.437843073,0.032305287731326356,2.5895008799577717,0.6188793331717521,0.5717587053068117,0.0,0.1607171363219438,0.1720151569266758,85.25481853820813,0.1415126887670279,20.810805294328347,0.10421381477258052,,,0.6219700467839361,0.13246548508188924,0.2490487545729159,0.9833499999999998,0.09075,0.01615,0.9948000000000001,0.15089333333333332,0.6273,0.04219666666666667,0.14889377289377287,2160.196691933316,3287.4455563358893,89.2441351671987,93.16739596030793,0.01861904761904762,0.3655393001375902,0.7544791666666667,3.231197903857847e-08,0.0,,,0.019414510998130755,0.014041361337530605,0.009333333333333334,0.43838995923072466,0.6725636318947893,0.2107877339036085,0.47176360048865207,0.6580888852919096,0.1948339266994922,0.18632528480325747,0.19561666666666666,0.4490591154752852,1.34526088496292,0.0005789607925826126,0.47000979878139193,0.0911231187705468,0.4218748171482901,0.01641330450718864,0.0005789607925826126,0.47000979878139193,0.0911231187705468,0.4218748171482901,0.01641330450718864,,,,,,,,,,,,,,,,
balanced_agentic,mixed_stress,Intent-PPO-CMDP-FullPolicy-NoShield,Intent-PPO-CMDP,14,1103526060,1905340783,1823775964,fd2a9bdca11bd34bca64,stochastic,150,300,150-step training / 300-step held-out evaluation,955564766,1,319.06714920001104,balanced_agentic,200,0.0,0.6048758898177927,0.5524511040856505,0.0,1.0,1.1287596557527746,1.4110120612199268,1.472784254595391,225.75193115055492,1.1287596557527746,-0.3417160494990979,-0.43488570147915734,0.4017160494990979,0.49488570147915734,0.5211987501347523,0.27410596130499815,0.3217763861024131,0.33034767938261506,0.9067207547391308,0.9441878759763689,0.4497833333333333,0.31047361084039965,0.28781033966050246,0.0,0.0,70.9457572657912,83.50111940298507,91.63274193548386,87.90058880342107,1.879648718105998,1.6227321773653929,1.6016774184706457,0.08401558428425425,29035993.17935998,27261743.055035476,0.03444865596998438,1.3781505368950295,0.5584111578752988,0.4859922479628833,0.0018100680896886477,0.10442492878366653,0.11892107889325192,4.612918436428355,2.5931906239407194,20.810805294328347,0.10421381477258052,,,0.7952695130025239,0.9781156605757567,1.3286955359350285,0.7125,0.07468333333333334,0.2859166666666667,0.9790333333333333,0.14148333333333332,0.0,0.0,0.2092967032967033,1448.9350724142125,2111.571450401574,63.014668281299265,73.21828707865647,0.2553809523809524,0.40105086259986245,0.6072194444444444,3.4478703850209495e-08,0.0,,,0.021074112401067505,0.016184348438625786,0.009766666666666667,0.44346687930074735,0.6608653735612038,0.28440904993965005,0.3903555456673395,0.3903555456673395,0.0,0.0,0.0,0.4434668791456094,1.328508042108769,0.0016555519512857465,0.33330802659610187,0.07548575176998758,0.30514161974297477,0.28440904993965005,0.0016555519512857465,0.33330802659610187,0.07548575176998758,0.30514161974297477,0.28440904993965005,,,,,,,,,,,,,,,,
balanced_agentic,mixed_stress,MaxWeight,MaxWeight,15,1481178426,1997781942,533834020,,stochastic,150,300,150-step training / 300-step held-out evaluation,615353400,0,4.2899977415800095e-05,balanced_agentic,200,0.0,0.8995633755598591,0.8543622811608671,0.4,1.0,0.10043662444014081,0.14563771883913282,0.15695783688763457,20.087324888028164,0.10043662444014081,0.0014481480169689076,-0.03547927913410145,0.0,0.0,0.0,0.1985375662687454,0.23547927913410144,0.2509668549892957,0.8422842437289242,0.9132697456946,0.39965000000000006,0.4280343666033933,0.5719656333966067,0.0,0.0,71.55848293632356,82.44102836879432,86.47408791208791,85.21801059047871,2.4704141325998488,2.184671751273679,2.161296986290225,0.09551793311827365,20316229.993392516,18774759.45132921,0.04916109557645133,2.6071960857376744,0.5478162951386291,0.49471950462945335,0.0013527780300884933,0.1372452295888805,0.16570238645128707,54.87831756996707,0.5351310029899551,,,,,0.2323791427321795,0.08857663274080604,0.18040979958828493,0.9999666666666667,0.8639,0.0,0.9700666666666666,0.10598250000000001,0.0,0.0,0.2813186813186813,1582.984658759371,2948.260772360109,67.03524990273812,73.73432561482838,0.0,0.32000919926272736,0.8000763888888889,4.942435485165449e-08,0.0,,,,,,,,,,,,,,,,,,,,,,,,,,,,,,,,,,,,,,,,,
balanced_agentic,mixed_stress,PPO,PPO,15,1481178426,1997781942,1596015111,461e22a59e6f436fac36,stochastic,150,300,150-step training / 300-step held-out evaluation,615353400,1,258.87767640000675,balanced_agentic,200,0.0,0.9348132756497404,0.8963520218643133,0.94,1.0,0.06518672435025948,0.1036479781356866,0.11027724869640805,13.037344870051896,0.06518672435025948,-0.009209517823463081,-0.043907317073170714,0.00026085310596296563,0.0042418739452637745,0.00479333330569999,0.20920951782346311,0.24390731707317073,0.24674341697453145,0.8538421937626087,0.9001329946116501,0.40208333333333335,0.5625081814479579,0.43723096544607915,0.0,0.0,88.11263116721955,100.39844751679925,104.38405263157894,102.90028015017178,3.1241650051208523,2.875548201322516,2.8536762620783147,0.05019270497755025,32135916.44943067,30863245.77014234,0.031127707898717695,2.5706356766182603,0.6303581368865625,0.5830801891127296,0.0,0.17356472250671398,0.1883731787409267,108.54025142305383,0.10876764885695993,26.33215643894737,0.15276361776873223,,,0.4844139818920995,0.08545133364077163,0.22986381258084293,0.99965,0.05221666666666666,0.00018333333333333334,0.9886833333333332,0.14321666666666666,0.0,0.0,0.12168498168498168,2403.2380371002932,3512.356449439615,81.98157984013075,88.9491126545384,4.761904761904762e-05,0.31679359075224695,0.7618215277777778,3.1136110413228667e-08,0.0,,,0.022594354920149495,0.022034230082830314,0.0006666666666666666,0.280625619288839,0.0009064712143231837,0.00016892637995792232,0.0007376384191978071,0.0007376384191978071,0.0,0.0,0.0,0.28062561929184965,0.8406792244986696,0.0001791444201555839,0.664805011903558,0.0512027630104223,0.28364415428590617,0.00016892637995792232,0.0001791444201555839,0.664805011903558,0.0512027630104223,0.28364415428590617,0.00016892637995792232,,,,,,,,,,,,,,,,
balanced_agentic,mixed_stress,PPO-Lagrangian,PPO-Lagrangian,15,1481178426,1997781942,1596015111,c54dc7a9b9a68be549b7,stochastic,150,300,150-step training / 300-step held-out evaluation,615353400,1,254.7300168000511,balanced_agentic,200,0.0,0.9072827185622035,0.8747550803780858,0.61,1.0,0.0927172814377963,0.12524491962191414,0.1383131833091592,18.54345628755926,0.0927172814377963,0.04927172973399053,0.009639408259708264,0.00020953659031378878,0.0,0.00020953659031378878,0.13468756267674006,0.19036059174029174,0.20934761260303794,0.8548193708496805,0.9077597435081112,0.39840000000000003,0.44592681614012136,0.5538636472695647,0.0,0.0,92.8112737760874,103.86193181818182,110.24232441471571,107.77181244846625,2.3985194091612323,2.123430527457401,2.0993334429880415,0.0825392898177836,35508261.680802055,32876876.13624464,0.028147626860001582,1.8797799376597781,0.6870534430320825,0.6181713435024522,0.0,0.1332510782867351,0.15452277769977957,85.81477528783391,0.1953861664873806,24.756392627491348,0.26861411613873526,,,0.12897640136373034,0.10211029971214568,0.2420952644588751,0.9996833333333334,0.01225,0.00015,0.9734833333333335,0.13171833333333333,0.0,0.0,0.04844688644688645,1868.0905704721968,2684.134937686098,92.26980441641976,92.14600705385543,4.761904761904762e-05,0.21241965225074114,0.7459312500000002,2.820383421179136e-08,0.0,,,0.009557570903866918,0.008144295052655544,0.0,0.0983324241640799,0.0005007683927923445,0.00016290710288656678,0.0003379152629429387,0.0003379152629429387,0.0,0.0,0.0,0.09833242415858288,0.2945776165886669,0.0002562190137837554,0.9546531488515155,0.011884022863767794,0.03304370216804637,0.00016290710288656678,0.0002562190137837554,0.9546531488515155,0.011884022863767794,0.03304370216804637,0.00016290710288656678,,,,,,,,,,,,,,,,
balanced_agentic,mixed_stress,PPO_CMDP,PPO_CMDP,15,1481178426,1997781942,1596015111,fc83225982e20e56ecdd,stochastic,150,300,150-step training / 300-step held-out evaluation,615353400,1,273.55554740002844,balanced_agentic,200,0.0,0.933216277533527,0.9092465088731608,0.975,1.0,0.06678372246647295,0.09075349112683921,0.10727578834631593,13.35674449329459,0.06678372246647295,0.013899344819950907,-0.023913419016030953,0.00023737485635645628,0.00021645021645014262,0.0047474971271291265,0.1857426218258087,0.22391341901603096,0.23329951914665945,0.8586726787574059,0.9021086617789992,0.40295000000000003,0.5247217477104497,0.4750408774331939,0.0,0.0,96.44254855772883,108.08584281888182,113.26971153846152,111.35632857793999,2.8839173382325622,2.582226238419065,2.5589848201667813,0.06300407304482886,33814149.025741905,32198702.203968585,0.029581854715110687,2.468301123656658,0.6469410285395931,0.5914278459548825,0.0,0.16021762990180904,0.17557321023088215,99.55213492397303,0.13382606072241734,24.33002335679956,0.14834496728010554,,,0.32523382732570577,0.09283183267990229,0.24793278275886332,0.9997666666666667,0.011133333333333334,0.00016666666666666666,0.9736166666666665,0.13693916666666667,0.0,0.0,0.08981684981684981,2131.8625398900795,3288.8699219554383,93.2494285324122,95.02820202951898,9.523809523809524e-05,0.2852322527882448,0.7569548611111111,2.959517773565508e-08,0.0,,,0.014378339893661118,0.011189443809673716,0.00031666666666666665,0.2287959122791477,0.0006875886542617399,0.00018792059099869112,0.0004997476228928679,0.0004997476228928679,0.0,0.0,0.0,0.22879591227729282,0.6854112984663139,0.0001025416512334259,0.8096334600958517,0.010725168022671013,0.17935090963924538,0.00018792059099869112,0.0001025416512334259,0.8096334600958517,0.010725168022671013,0.17935090963924538,0.00018792059099869112,,,,,,,,,,,,,,,,
balanced_agentic,mixed_stress,Intent-PPO-CMDP-NoRisk,Intent-PPO-CMDP-NoRisk,15,1481178426,1997781942,1596015111,8c806f3e428ad93e5ba2,stochastic,150,300,150-step training / 300-step held-out evaluation,615353400,1,275.68097020004643,balanced_agentic,200,0.0,0.8962630399160837,0.8648304302075792,0.44,1.0,0.10373696008391618,0.13516956979242079,0.14673193717611266,20.747392016783238,0.10373696008391618,0.039257670818493316,-0.00534054487179485,2.145922746781116e-05,0.0,2.145922746781116e-05,0.15131869491278008,0.2053405448717948,0.21592199966538472,0.8540634755917759,0.9094974101353192,0.39718333333333333,0.42417524248335253,0.5758032982891796,0.0,0.0,92.00343096120035,104.58316279069767,108.18494382022472,107.29847676127547,2.281540117936534,2.0095302348546316,1.9944313176952793,0.07497597705455494,35040070.73644665,32941644.804335438,0.02853259077448879,1.7967787192417959,0.6743527049518567,0.6018164216528334,0.0,0.12675222877425188,0.1438536835514782,75.66958186569937,0.2000594642338756,22.58964125611793,0.13652253146101623,,,0.08765239078472913,0.10661161146313844,0.2430036412759791,0.99995,0.004666666666666667,1.6666666666666667e-05,0.9686499999999999,0.12856083333333332,0.0,0.0,0.037516483516483526,1792.999171344335,2544.6006276400267,93.95700769107957,90.50423722165306,0.0,0.2340655216326203,0.7575812500000001,2.8581915821384307e-08,0.0,,,0.0062104984290001445,0.0053578335186467065,0.0,0.06653762127039166,0.00017560043233464512,5.368441809255017e-05,0.00012192009054077839,0.00012192009054077839,0.0,0.0,0.0,0.06653762127003143,0.1993288994441456,7.423592190127438e-05,0.9699838915841812,0.004318967789143671,0.02556922028668126,5.368441809255017e-05,7.423592190127438e-05,0.9699838915841812,0.004318967789143671,0.02556922028668126,5.368441809255017e-05,,,,,,,,,,,,,,,,
balanced_agentic,mixed_stress,Intent-PPO-CMDP,Intent-PPO-CMDP,15,1481178426,1997781942,1596015111,618554fca77aa7604c32,stochastic,150,300,150-step training / 300-step held-out evaluation,615353400,1,332.33217309997417,balanced_agentic,200,0.0,0.9144983511929838,0.8840923763118921,0.8,1.0,0.08550164880701606,0.11590762368810786,0.12474860476027383,17.100329761403213,0.08550164880701606,0.04819303394821928,0.011202478175161927,0.00291532503606711,0.010111423513485367,0.014000693812634177,0.13729070650498404,0.18879752182483805,0.2013818910544089,0.8524348642998346,0.8994674459765595,0.39751666666666663,0.45882173721487896,0.538262937749054,0.0,0.0,93.0623730939734,105.20462962962964,113.29229717091417,109.99035375939793,2.471942241571566,2.112621223555933,2.1239349570782173,0.08165807473510266,35455788.615652494,33428990.811803237,0.028186651562450152,1.9452578807063576,0.6897151455416857,0.6247318959566801,0.0,0.13733012453175367,0.15530465845553956,90.84461730113897,0.17157503733579768,22.031113531673586,0.13650993732566244,,,0.18042581115278433,0.09978855251543045,0.24458061393952202,0.99785,0.0154,0.002033333333333333,0.9762333333333334,0.13589083333333332,0.7267166666666666,0.05963583333333333,0.06252747252747252,1917.1273978524632,2770.6886958818527,92.18108224682969,92.51068335718777,0.002285714285714286,0.2165933719766803,0.7386027777777778,2.8229274671778967e-08,0.0,,,0.024721446497144188,0.022250035374017107,0.0,0.1658429206289189,0.06902287400345637,0.022804141957143108,0.046611061071042334,0.06707107771088287,0.020824689839231154,0.02046001663984054,0.020683333333333335,0.13842863431911312,0.41469512741377074,8.75615047077244e-05,0.9305696263265656,0.015789881753053597,0.05155932928928922,0.0019936011263837873,8.75615047077244e-05,0.9305696263265656,0.015789881753053597,0.05155932928928922,0.0019936011263837873,,,,,,,,,,,,,,,,
balanced_agentic,mixed_stress,Intent-PPO-CMDP-FullPolicy-NoShield,Intent-PPO-CMDP,15,1481178426,1997781942,1596015111,618554fca77aa7604c32,stochastic,150,300,150-step training / 300-step held-out evaluation,615353400,1,332.33217309997417,balanced_agentic,200,0.0,0.9051344796419872,0.8751868765763887,0.6,1.0,0.09486552035801286,0.12481312342361126,0.13613251854759162,18.973104071602574,0.09486552035801286,0.02374685802961493,0.00295472249269719,0.03211753115597516,0.05420510523958799,0.059428707748280074,0.14450257912320716,0.19552946435364832,0.2014343347780172,0.8541383602858119,0.9026738421676604,0.40058333333333335,0.43826334078424467,0.5296191280597803,0.0,0.0,91.43652945583727,104.09123711340204,108.67421203830368,107.10124393323517,2.3922765359162863,2.0682157925831577,2.0685511561666727,0.08530636023879808,35299625.64520936,33052894.012666766,0.028314514355802515,1.858067496305452,0.6913108677076927,0.6149909436820368,0.0,0.13290425199534922,0.1504818826841165,82.28776537299629,0.18849907394049964,22.031113531673586,0.13650993732566244,,,0.2333429066680182,0.10757888068094776,0.2460960737634419,0.9774166666666666,0.015,0.022533333333333336,0.9767,0.13524,0.0,0.0,0.07527472527472527,1857.2890836581175,2680.3467025168393,89.60928287732912,91.0975477121732,0.019761904761904762,0.22996389521727914,0.7329104166666667,2.836397416395236e-08,0.0,,,0.024706498009910535,0.022242436824836554,0.0,0.16574323719181203,0.06877526072097263,0.02296385696710254,0.04620486237562589,0.04620486237562589,0.0,0.0,0.0,0.1657432371922192,0.4965223647800452,8.511387280087389e-05,0.9113491479020749,0.015390602564190656,0.050211278693831,0.02296385696710254,8.511387280087389e-05,0.9113491479020749,0.015390602564190656,0.050211278693831,0.02296385696710254,,,,,,,,,,,,,,,,
reliability_first,nominal,MaxWeight,MaxWeight,11,471540437,1073362871,25100091,,stochastic,150,300,150-step training / 300-step held-out evaluation,377296230,0,1.1200027074664831e-05,reliability_first,200,0.0,0.9292445697803099,0.907468017305242,0.985,1.0,0.0707554302196901,0.092531982694758,0.09927437684759773,14.151086043938019,0.0707554302196901,0.024853989243664453,0.005906448202959839,0.0,0.0,0.0,0.12390829974531821,0.15409355179704015,0.1608265268077668,0.8476941201082724,0.8996712939954911,0.2883,0.5235146718296311,0.4764853281703689,0.0,0.0,74.211780337246,90.77086472602738,98.56602198990626,96.6957923419604,1.838322376889315,1.6752773801722036,1.6672569270764985,0.058983114547006006,18435343.885748625,17143687.20910479,0.05428299142686605,2.22167000464951,0.5065276749674366,0.45077394894346284,0.00928695750738236,0.1021290209382953,0.11240508855234055,-26.69012414725109,0.4061013800891586,,,,,0.12306893181832339,0.07152228971025107,0.24181098086860886,1.0,0.9497,0.0,0.9322833333333334,0.08481000000000001,0.0,0.0,0.15227838827838824,1609.1954488136305,1961.698415083914,81.79335715839032,70.7306396308321,0.0,0.11610711208171294,0.8023895833333333,5.434341634489977e-08,0.0,,,,,,,,,,,,,,,,,,,,,,,,,,,,,,,,,,,,,,,,,
reliability_first,nominal,PPO,PPO,11,471540437,1073362871,1897045420,b9c1e1a3273f0ff06c77,stochastic,150,300,150-step training / 300-step held-out evaluation,377296230,1,259.96485530002974,reliability_first,200,0.02,0.9814723186700004,0.9589490206470328,1.0,0.98,0.01852768132999948,0.041050979352966956,0.062387886507811297,3.7055362659998963,0.01890579727550968,0.016656110290775798,-0.013652289505542755,3.937007874015748e-05,0.0,3.937007874015748e-05,0.13982255831744256,0.17365228950554273,0.18159881937061367,0.7796976803588792,0.8761005908821335,0.2625,0.7615689276067841,0.2383917023144758,0.0,0.0,80.6336904703372,97.64463755199044,108.18787391304348,105.95425205204565,2.4476057627864765,2.1862678719432775,2.1753606513172152,0.06090676421530563,33465052.974516924,31893717.692935843,0.029892680505365983,1.7698812131568855,0.6910959806560668,0.6215647080565151,0.0,0.135978097932582,0.14889603222878858,51.908150221265586,0.18382895532581117,21.571008575666486,0.12208589956735064,,,0.3282529634433607,0.05329962572404692,0.2670213455154216,0.9999666666666667,0.004516666666666667,1.6666666666666667e-05,0.9847500000000001,0.14385666666666666,0.0,0.0,0.12829304029304028,2417.5477404208177,2463.7908517526016,89.00676810540186,73.92075699605469,0.0,0.1468958705173285,0.6704076388888888,2.990350590420472e-08,0.0,,,0.009458903945809905,0.00864596831174098,0.0,0.18284548394754302,9.149588602497968e-05,2.9316334649307037e-05,6.21807433157558e-05,6.21807433157558e-05,0.0,0.0,0.0,0.18284548394431901,0.5477561173255946,4.279675777907194e-05,0.7905492674221642,0.004356587217175621,0.2050220322682319,2.9316334649307037e-05,,,,,,4.279675777907194e-05,0.7905492674221642,0.004356587217175621,0.2050220322682319,2.9316334649307037e-05,,,,,,,,,,,
reliability_first,nominal,PPO-Lagrangian,PPO-Lagrangian,11,471540437,1073362871,1897045420,97597eec01eed730a745,stochastic,150,300,150-step training / 300-step held-out evaluation,377296230,1,273.0232358999783,reliability_first,200,0.0,0.9569228738278389,0.9216023985846029,0.995,1.0,0.04307712617216104,0.07839760141539703,0.09474566676561662,8.615425234432209,0.04307712617216104,0.025332237487620292,-0.00024106612341904575,3.472222222222222e-05,0.0,3.472222222222222e-05,0.10661904379190044,0.160241066123419,0.17440744622178758,0.8035558700317043,0.873289275265113,0.27326666666666666,0.6005030640015849,0.3994622137761928,0.0,0.0,90.6350402394083,107.98654320987653,114.40045551298424,112.36445744507253,1.95532204323342,1.7302465309182726,1.7026974955459597,0.0737047422787646,34225154.54708975,31494982.171472855,0.02920563759876375,1.5527529922748529,0.6838033390285821,0.5952811290706554,0.0,0.10862900240185666,0.1211828880296355,23.665268073243297,0.5354151350920664,21.24425025650966,0.12137918968135644,,,0.08495150235613298,0.07163345981389817,0.2746266841176706,0.9999833333333333,0.018066666666666665,1.6666666666666667e-05,0.9845833333333335,0.13161,0.0,0.0,0.03938461538461538,1832.4278782221827,2021.4958243933186,99.01308004705203,85.3484157942894,0.0,0.10495208731348661,0.7200256944444444,2.9276644648214393e-08,0.0,,,0.0031380795413777276,0.0027866765527443126,0.0,0.051594593438125516,2.100556125919774e-05,1.0937534448528104e-05,1.0068175984679414e-05,1.0068175984679414e-05,0.0,0.0,0.0,0.051594593438532996,0.15456358870471024,6.2268637387436865e-06,0.9732514851221146,0.017794606195741868,0.008936744283956324,1.0937534448528104e-05,,,,,,6.2268637387436865e-06,0.9732514851221146,0.017794606195741868,0.008936744283956324,1.0937534448528104e-05,,,,,,,,,,,
reliability_first,nominal,PPO_CMDP,PPO_CMDP,11,471540437,1073362871,1897045420,3e02143445d692cb208a,stochastic,150,300,150-step training / 300-step held-out evaluation,377296230,1,273.6423236000119,reliability_first,200,0.03,0.9283142743063973,0.8657159026190818,0.78,0.97,0.07168572569360256,0.13428409738091787,0.1596725774410583,14.337145138720512,0.0739028099934047,-0.02889011220762043,-0.059054995637274114,0.0003279702881654173,0.0,0.0003279702881654173,0.18889011220762042,0.21905499563727404,0.22979855034224847,0.7747600320255283,0.8591927450364413,0.26261666666666666,0.8425972837845669,0.15707474592726775,0.0,0.0,67.374833395602,85.00567102378824,89.72746218487394,88.46973541079369,2.7015847497854133,2.4381346003629374,2.4293698352877326,0.05865584692141982,30696332.825947218,29314338.81548434,0.03257851225267998,1.778970730937217,0.6684099102869407,0.6029331129706165,0.0,0.15008804165474518,0.16366746310982372,54.5982706725895,0.18070125908955567,16.313100003571034,0.11627297453992139,,,0.4410037418696973,0.07167083944213495,0.25763943439489095,0.99925,0.00605,0.00015,0.9939,0.14989916666666667,0.0,0.0,0.22636630036630037,2703.0935272620345,2700.772331144157,77.79351349760225,60.070473809625966,0.00023809523809523812,0.19612673182703141,0.6363840277777777,3.260136182761803e-08,0.0,,,0.025007219836780257,0.023146379863752356,0.06175,0.2676241930697809,0.0005794182000960859,0.00017885557245065018,0.00048733012810522365,0.00048733012810522365,0.0,0.0,0.0,0.2676241930734016,0.8017304323738333,0.0005848967735618488,0.5755018835659889,0.00628583156390824,0.4174485325240906,0.00017885557245065018,,,,,,0.0005848967735618488,0.5755018835659889,0.00628583156390824,0.4174485325240906,0.00017885557245065018,,,,,,,,,,,
reliability_first,nominal,Intent-PPO-CMDP-NoRisk,Intent-PPO-CMDP-NoRisk,11,471540437,1073362871,1897045420,7d2ee40999bb1a6afe16,stochastic,150,300,150-step training / 300-step held-out evaluation,377296230,1,275.69379829999525,reliability_first,200,0.0,0.9628356448990393,0.9388038268419902,0.99,1.0,0.03716435510096072,0.061196173158009834,0.07656755553836558,7.432871020192144,0.03716435510096072,0.0256061387463093,0.0008508158508158571,0.00041563480215730766,0.006352794282269862,0.00767978465074109,0.10135448816926917,0.15914918414918414,0.16823193257537467,0.7964257163143409,0.884119447607955,0.2702666666666667,0.6169373347059621,0.3826470304918806,0.0,0.0,89.67041881337407,107.33717948717948,111.8852151462994,111.42410060816492,2.002756615981919,1.7749617151901835,1.7532297176845222,0.07428614755040379,34553060.56561141,32222617.591949288,0.028927352600033623,1.5585018325519844,0.7034295592150468,0.6268469345416748,0.0,0.11126425644343994,0.12552582119165717,27.925211353133253,0.4587251246789487,16.737563756692968,0.08358146624495469,,,0.12679384180716513,0.06712152483189843,0.25431884267559046,0.9997833333333332,0.025549999999999996,0.00018333333333333334,0.9869666666666668,0.13768333333333332,0.0,0.0,0.05025641025641025,1881.1288259590572,2068.2485029173085,98.25134421881208,84.23138313295625,0.00014285714285714287,0.09837159309490709,0.7107847222222222,2.898286630364113e-08,0.0,,,0.005694767937220042,0.0030233078863221995,0.0,0.11493795074891729,0.00019082352590840692,7.863385793855229e-05,0.00011219895463974796,0.00011219895463974796,0.0,0.0,0.0,0.1149379507531365,0.3443233285273301,7.755267873173457e-05,0.9568603009263947,0.025881366524649375,0.01710214601228558,7.863385793855229e-05,,,,,,7.755267873173457e-05,0.9568603009263947,0.025881366524649375,0.01710214601228558,7.863385793855229e-05,,,,,,,,,,,
reliability_first,nominal,Intent-PPO-CMDP,Intent-PPO-CMDP,11,471540437,1073362871,1897045420,b12c9f3440d9c22ff923,stochastic,150,300,150-step training / 300-step held-out evaluation,377296230,1,319.3185737999738,reliability_first,200,0.0,0.976006834515728,0.962330400536792,1.0,1.0,0.023993165484271887,0.03766959946320798,0.04715418855523071,4.7986330968543776,0.023993165484271887,0.01764949137453873,0.006366747425802543,0.011110600970839667,0.022573609596510353,0.024462744194474504,0.10770870999780818,0.14503179231363733,0.15856038627127586,0.7829372960952312,0.8657865352152333,0.26499999999999996,0.6762722541719915,0.3126171448571688,0.0,0.0,82.4861186410941,100.82524486383183,104.4159306301905,103.6053082155692,2.1761166029573467,1.9458541875799698,1.93553152801957,0.061692800776208416,33917730.49990108,32070870.39281554,0.029483403130979025,1.5876760602817621,0.7041915608514497,0.6407925176523568,0.0,0.12089536683096369,0.13315843134289929,44.25217171036979,0.21430574586551632,16.570640696124258,0.08030660667850774,,,0.286638868103403,0.05672962025225079,0.24337256892044393,0.9948666666666668,0.039983333333333336,0.004966666666666667,0.9930833333333333,0.14903,0.6895833333333333,0.04957583333333333,0.09386080586080586,2045.9012361146765,2246.232569718786,89.60519593295288,77.88683082236365,0.004380952380952381,0.10289531285646211,0.6634937500000001,2.9514829774127288e-08,0.0,,,0.0075731454451738985,0.006133900705363028,0.00075,0.26140554061877613,0.38995843347414744,0.11690144505967556,0.2778481257036234,0.3848919706576315,0.11165024543466671,0.1070438449540081,0.11111666666666667,0.21567224299121449,0.6460962988385597,0.00010674790995302767,0.8772671728259092,0.04089316893208183,0.076441831813709,0.005291078518347048,,,,,,0.00010674790995302767,0.8772671728259092,0.04089316893208183,0.076441831813709,0.005291078518347048,,,,,,,,,,,
reliability_first,nominal,Intent-PPO-CMDP-FullPolicy-NoShield,Intent-PPO-CMDP,11,471540437,1073362871,1897045420,b12c9f3440d9c22ff923,stochastic,150,300,150-step training / 300-step held-out evaluation,377296230,1,319.3185737999738,reliability_first,200,0.0,0.747745279862163,0.695701606110645,0.0,1.0,1.3149228411208693,1.9384427518093024,2.15545876805934,262.98456822417387,1.3149228411208693,-0.1992094623411444,-0.2985655347508728,0.22920946234114437,0.3285655347508727,0.35857251412350905,0.13104589682150936,0.1733809612172945,0.1930351472262599,0.7990403529645479,0.8732496555860971,0.28291666666666665,0.5335326024568684,0.2372579352019872,0.0,0.0,66.99376033873865,88.08506097560974,91.70498701298699,91.7822920842692,1.799466697527946,1.5617026974789259,1.5324286890914092,0.08814448354288211,32342219.400426865,30207083.28450563,0.03090000044984626,1.1175267032960257,0.6878193565543586,0.5998744234655463,0.0,0.09997037208488589,0.11235635072386943,23.29352123806297,0.4842096239621378,16.570640696124258,0.08030660667850774,,,0.4470544352153065,1.2970636992009315,1.6941045286093714,0.8973666666666668,0.037033333333333335,0.1023,0.9893333333333334,0.15165416666666665,0.0,0.0,0.15534065934065933,1704.6886528327846,1850.5010292868806,69.15783367144986,65.04711335126518,0.07838095238095238,0.13592560102014872,0.5509381944444445,3.0976440575955306e-08,0.0,,,0.008025375411569313,0.006384075606111716,0.0007833333333333334,0.26651968939963916,0.387035514501662,0.10295522443727238,0.2895850377420366,0.2895850377420366,0.0,0.0,0.0,0.26651968940535165,0.7984216350891975,0.00032775506107684106,0.7897730662737547,0.03743220435960232,0.06951174986829382,0.10295522443727238,,,,,,0.00032775506107684106,0.7897730662737547,0.03743220435960232,0.06951174986829382,0.10295522443727238,,,,,,,,,,,
reliability_first,nominal,MaxWeight,MaxWeight,12,1729653623,2128646545,1216872919,,stochastic,150,300,150-step training / 300-step held-out evaluation,1300659026,0,1.160003012046218e-05,reliability_first,200,0.0,0.9348160134175779,0.908703251349458,0.995,1.0,0.06518398658242212,0.09129674865054198,0.09595890694966767,13.036797316484424,0.06518398658242212,0.02628535196655669,0.007331288343558283,0.0,0.0,0.0,0.12080634879129688,0.15266871165644172,0.16537553100782823,0.8410209966570321,0.9099336378200216,0.2824333333333333,0.5266414794609525,0.47335852053904737,0.0,0.0,72.08200331068517,84.78445048309179,91.02956521739128,88.69471330628016,1.9445545136032678,1.7635035144715305,1.7487423602210985,0.056215217483435775,14959564.486917555,13946441.593527988,0.06687703258621693,2.8121936299910057,0.5077140223148211,0.4578107612343976,0.009164462485064391,0.10803080631129268,0.11744548113546233,-20.05753815220623,0.6233589819189176,,,,,0.1290117450831842,0.06530036456874833,0.25298727900397133,0.99995,0.9448666666666666,0.0,0.9357500000000001,0.08726166666666668,0.0,0.0,0.16123076923076923,1654.7613066093268,2100.5970096769283,80.09913339469792,68.61021516882134,0.0,0.11650854204765508,0.7963493055555554,6.696485548917957e-08,0.0,,,,,,,,,,,,,,,,,,,,,,,,,,,,,,,,,,,,,,,,,
reliability_first,nominal,PPO,PPO,12,1729653623,2128646545,1621075116,2fb07c1ee95b181950c4,stochastic,150,300,150-step training / 300-step held-out evaluation,1300659026,1,284.739809300052,reliability_first,200,0.015,0.9825433698189916,0.9638774494789758,1.0,0.985,0.017456630181008535,0.03612255052102409,0.05941343752595948,3.4913260362017073,0.017722467188841153,0.021397816312417658,-0.007490263843396165,0.00031272010288304014,0.0,0.00031272010288304014,0.12923837638167923,0.16749026384339616,0.18042831287771421,0.7751126210184873,0.845832659351329,0.25725000000000003,0.7085126245008637,0.2911746553962533,0.0,0.0,78.04576874138033,97.06750392464679,101.88063829787234,100.32336924990265,2.3879565119193926,2.1682905835608293,2.1577513667696735,0.056267262109005886,28156861.456836388,26463584.47884321,0.035527509462983345,1.9863775338118248,0.7035878822053405,0.6246201516519162,0.0,0.13266425066218848,0.14411633153176323,53.070594668932074,0.18543381724619343,25.858988431334488,0.13509311810541438,,,0.3303888945876538,0.06232287933767902,0.2757062931429867,0.9990166666666667,0.021616666666666666,0.00013333333333333334,0.9934166666666667,0.1513,0.0,0.0,0.12029304029304029,2247.562932737586,2463.553054555749,84.6506391315876,73.21950964659086,0.00014285714285714287,0.11387892101140547,0.6580437499999999,3.555878326423193e-08,0.0,,,0.025686263019989938,0.024136147991029207,0.0,0.20748557522682787,0.0007849130053461072,0.00021977681693666768,0.0005652081265359026,0.0005652081265359026,0.0,0.0,0.0,0.2074855752230464,0.6215712339925943,0.0008629113894954785,0.820563614063089,0.0225291322620783,0.15582456546840068,0.00021977681693666768,,,,,,0.0008629113894954785,0.820563614063089,0.0225291322620783,0.15582456546840068,0.00021977681693666768,,,,,,,,,,,
reliability_first,nominal,PPO-Lagrangian,PPO-Lagrangian,12,1729653623,2128646545,1621075116,5ff4062933b4dfa3978e,stochastic,150,300,150-step training / 300-step held-out evaluation,1300659026,1,266.70855040004244,reliability_first,200,0.0,0.9644147129381715,0.9420798072931065,1.0,1.0,0.035585287061828515,0.057920192706893504,0.06711482036582068,7.117057412365703,0.035585287061828515,0.02859793434244226,0.021930814940577248,0.0005758216783928384,0.007358428446005266,0.008663312914561124,0.0885047480573686,0.13486842105263158,0.1449694265926228,0.8101117048681948,0.8881057193300604,0.2718166666666667,0.6080421137795217,0.3913820645420854,0.0,0.0,98.53845924278838,114.48702338766832,121.71870544090055,119.2187419359503,2.09224411238926,1.8619794114082122,1.8426147544899039,0.06749335640374378,28683175.891089354,26767196.397192292,0.034860430564022056,2.156116004438154,0.7050451325741888,0.6337859475828405,0.0,0.11623578402162554,0.12819919851314585,30.659482925008152,0.3576864749417722,26.29234703046875,0.151062278799873,,,0.15887856937765685,0.0702205868164496,0.24891823157383283,0.9992666666666666,0.055999999999999994,0.00025,0.9724833333333334,0.12727666666666668,0.0,0.0,0.05323076923076922,1909.0512580885395,2190.886418551185,107.65170900172306,93.01729184826017,0.00019047619047619048,0.09482774367704926,0.7368708333333334,3.49168064377162e-08,0.0,,,0.005267711826145816,0.004803086140560937,0.0,0.10198823919458627,0.0012226163791742718,0.0003842688809098181,0.000838522847996233,0.000838522847996233,0.0,0.0,0.0,0.10198823920614536,0.30552945971279416,0.00046785068093799063,0.936227176463158,0.056194447257462574,0.006726256717531647,0.0003842688809098181,,,,,,0.00046785068093799063,0.936227176463158,0.056194447257462574,0.006726256717531647,0.0003842688809098181,,,,,,,,,,,
reliability_first,nominal,PPO_CMDP,PPO_CMDP,12,1729653623,2128646545,1621075116,c2c338dd9800f45e9834,stochastic,150,300,150-step training / 300-step held-out evaluation,1300659026,1,270.83158040000126,reliability_first,200,0.0,0.8904817270985962,0.8227880527158812,0.39,1.0,0.10951827290140384,0.17721194728411868,0.19105010701272382,21.90365458028077,0.10951827290140384,-0.049386087469568754,-0.08172619047619048,0.0,0.0,0.0,0.20938608746956877,0.24172619047619046,0.2478783864782818,0.7620239386316539,0.8592683713212667,0.2527833333333333,0.8692890064775608,0.1307109935224392,0.0,0.0,61.58394283072192,79.15777027027028,85.51855816010614,82.74238499843709,2.9040448534713943,2.6551593777949405,2.6228664584311,0.05270369085283677,24563000.785851207,23283513.316246673,0.04072219773384969,2.1848582882570224,0.6578321256123567,0.5933245393379567,0.0,0.16133582519285525,0.17417076294921488,60.096798615534745,0.16628845084304175,24.496898011674098,0.12156286266931669,,,0.4322693032133316,0.11021034599878106,0.3064407225538798,0.9996666666666667,0.00085,0.0,0.9937166666666667,0.15238583333333333,0.0,0.0,0.23223443223443227,2945.0513746652086,2881.964418982416,70.32544842197605,55.39319273080822,0.0,0.21701228699109135,0.6012145833333333,4.0751313463970757e-08,0.0,,,0.039943945838485845,0.038815097346652984,0.05676666666666667,0.25208206061179694,9.825860509576174e-05,2.504654755522964e-05,0.0010903109920756386,0.0010903109920756386,0.0,0.0,0.0,0.25208206062106986,0.7551703645865325,0.0003839581657593241,0.47454108677613804,0.0009358364716320969,0.5241140720389152,2.504654755522964e-05,,,,,,0.0003839581657593241,0.47454108677613804,0.0009358364716320969,0.5241140720389152,2.504654755522964e-05,,,,,,,,,,,
reliability_first,nominal,Intent-PPO-CMDP-NoRisk,Intent-PPO-CMDP-NoRisk,12,1729653623,2128646545,1621075116,53b75815fc19ab3c700d,stochastic,150,300,150-step training / 300-step held-out evaluation,1300659026,1,267.30905749998055,reliability_first,200,0.03,0.9829164929575915,0.9612175714816023,1.0,0.97,0.017083507042408356,0.03878242851839781,0.05707461945016699,3.416701408481671,0.017611862930317895,0.0182439365974063,-0.009167623284067535,8.166666666666665e-05,0.0,8.166666666666665e-05,0.13614018033393147,0.1691676232840675,0.17813988043107026,0.773597912742116,0.8479116760415837,0.2559166666666667,0.720457823947853,0.2794605093854804,0.0,0.0,81.90962688101496,101.5824199084668,106.91094571526118,105.56815397826324,2.4205196220078458,2.1659268841010006,2.168195344846526,0.056428670656695525,27960604.08053252,26374357.08320203,0.03578294980476755,2.128339715448498,0.6988267564966079,0.6278261571302906,0.0,0.1344733123337692,0.146274015271742,50.91815863872384,0.19053577065328053,23.769019036505334,0.09315755964490664,,,0.34385817151327985,0.053911547627873625,0.2432968759953247,0.99995,0.020816666666666664,3.3333333333333335e-05,0.9917166666666668,0.1521533333333333,0.0,0.0,0.08690109890109891,2311.048440440973,2479.465642851545,89.75139345053458,75.90152476332312,9.523809523809524e-05,0.13364413160750405,0.6752784722222223,3.580769300619384e-08,0.0,,,0.008634947593390604,0.004229661941608671,0.0,0.28031358981673554,0.00018521976727222528,4.9315982997095734e-05,0.00013590993873467127,0.00013590993873467127,0.0,0.0,0.0,0.2803135898098559,0.8397444677091602,3.567884650796479e-05,0.8056881025088813,0.02178926185675642,0.1724376408048572,4.9315982997095734e-05,,,,,,3.567884650796479e-05,0.8056881025088813,0.02178926185675642,0.1724376408048572,4.9315982997095734e-05,,,,,,,,,,,
reliability_first,nominal,Intent-PPO-CMDP,Intent-PPO-CMDP,12,1729653623,2128646545,1621075116,fc604e43c5d11a5118bd,stochastic,150,300,150-step training / 300-step held-out evaluation,1300659026,1,320.63457950000884,reliability_first,200,0.0,0.7983161697592308,0.7480251924302245,0.0,1.0,0.20168383024076925,0.2519748075697756,0.26241430475582594,40.33676604815385,0.20168383024076925,-0.09828045418110917,-0.12289524784788652,0.008220196056923288,0.020863095238095226,0.022194324456417773,0.2582804541811092,0.2828952478478865,0.2895698336968552,0.6713548410862632,0.849887198526915,0.22686666666666666,0.900809361425088,0.09097044251798873,0.0,0.0,44.603983918914274,64.11297619047619,73.57722028932423,71.63782615245165,3.036192243986609,2.764443715428206,2.745013683993796,0.055135585184341605,21122167.040413596,19819543.816592082,0.04734423620147609,1.9234959947918007,0.6474985148078803,0.5886714632711909,0.0,0.16867734688814487,0.1833543895940815,49.72486953972406,0.18022443421600445,19.39255953017724,0.11389086790564536,,,0.3991868772595923,0.22882309086467528,0.38260676278436023,0.9919833333333332,0.07348333333333333,0.003666666666666667,0.9957333333333334,0.16119416666666667,0.6512833333333333,0.04336666666666666,0.11594139194139196,2911.7556100014626,3103.1965853632255,48.58830317615083,42.097316962435606,0.0036190476190476194,0.25723224411492984,0.5012861111111111,4.740432955485337e-08,0.0,,,0.029428216031952205,0.02084628296310632,0.0,0.4185209547448299,0.20242965888581954,0.046318876380320756,0.16616718274123532,0.205597954120328,0.04236815663771228,0.039430771379092656,0.04413333333333334,0.388278975884984,1.1631798592011384,0.004376277531854275,0.10900864322494946,0.07335341995951357,0.8092471934863704,0.004014465797312377,,,,,,0.004376277531854275,0.10900864322494946,0.07335341995951357,0.8092471934863704,0.004014465797312377,,,,,,,,,,,
reliability_first,nominal,Intent-PPO-CMDP-FullPolicy-NoShield,Intent-PPO-CMDP,12,1729653623,2128646545,1621075116,fc604e43c5d11a5118bd,stochastic,150,300,150-step training / 300-step held-out evaluation,1300659026,1,320.63457950000884,reliability_first,200,0.0,0.5976937735430897,0.547680380297308,0.0,1.0,0.7277374438012246,1.0630418281410619,1.1612058464737474,145.54748876024493,0.7277374438012246,-0.10964820794021429,-0.14131868595982225,0.11163036921324586,0.16429511278195488,0.17818768132775148,0.2651915074750496,0.2890916816841415,0.2966933727227016,0.6676681046300982,0.8434110017816006,0.22698333333333331,0.8278049063714912,0.06056472441526291,0.0,0.0,39.45630018813088,55.984472934472926,60.585879310344794,59.98300533227668,2.819504621381591,2.446824895854697,2.3841919559222706,0.0773789727373141,20698811.474224195,19588908.47101159,0.048295610497448474,1.6118257322892933,0.6310695260566603,0.5671407865997947,0.0,0.15663914563231057,0.17477501556626177,41.89221980865357,0.24981623225269528,19.39255953017724,0.11389086790564536,,,0.5011415267145864,0.6030225632605339,0.8255803330602564,0.9405333333333332,0.06961666666666667,0.04895000000000001,0.9940666666666667,0.17567916666666666,0.0,0.0,0.14257142857142857,2745.8354322318,2859.172646308401,42.30485204890672,37.499767621965496,0.0479047619047619,0.26334046840535047,0.44319861111111114,4.8370470082077076e-08,0.0,,,0.029087734401564633,0.0206217312045023,0.0,0.4167536546921694,0.20946005952369165,0.05002401802056829,0.18483901117455354,0.18483901117455354,0.0,0.0,0.0,0.4167536546768394,1.2484823734369828,0.010442424666139052,0.10181137648676523,0.07071523953090633,0.7670069412956211,0.05002401802056829,,,,,,0.010442424666139052,0.10181137648676523,0.07071523953090633,0.7670069412956211,0.05002401802056829,,,,,,,,,,,
reliability_first,nominal,MaxWeight,MaxWeight,13,1025721121,372372750,71371985,,stochastic,150,300,150-step training / 300-step held-out evaluation,1186372877,0,1.179997343569994e-05,reliability_first,200,0.0,0.9443113955736473,0.9218049399143265,0.995,1.0,0.05568860442635268,0.07819506008567335,0.08851637283371709,11.137720885270536,0.05568860442635268,0.02393676159641596,0.0015324858757062285,0.0,0.0,0.0,0.12638094269920225,0.15846751412429375,0.1683289515307356,0.825694061511643,0.8960139003901666,0.2788,0.5513075575965357,0.4486924424034642,0.0,0.0,66.48932034840468,79.98488053270661,85.62298076923076,84.46376887181906,1.9586167376157275,1.7979044118393726,1.7824285231947428,0.05687892881527451,16915718.884906143,15832322.410014538,0.059128667120578494,2.3100463776430837,0.5096192512272771,0.4565773115727006,0.00847564634086239,0.10881204097865155,0.11988168613817177,-22.105680073487356,0.45232793475376654,,,,,0.14147105219272452,0.05762654759486698,0.22882002066402737,1.0,0.9381166666666667,0.0,0.9403333333333334,0.08799166666666668,0.0,0.0,0.17906959706959705,1651.354241616879,2124.0657739228,74.61872489945593,63.24545127368661,0.0,0.12229246505035199,0.7737986111111111,5.919936511840711e-08,0.0,,,,,,,,,,,,,,,,,,,,,,,,,,,,,,,,,,,,,,,,,
reliability_first,nominal,PPO,PPO,13,1025721121,372372750,535536204,3cabdc2e2c3a75659a16,stochastic,150,300,150-step training / 300-step held-out evaluation,1186372877,1,262.1022107999888,reliability_first,200,0.0,0.754757114858949,0.7017531458088524,0.0,1.0,0.24545822443658305,0.29824685419114766,0.31813366933178505,49.09164488731661,0.24545822443658305,-0.11950947296107142,-0.14536633675004704,0.001100399669513042,0.00819672131147541,0.012526069454408857,0.2795094729610714,0.30536633675004704,0.3155418354676534,0.6854860421939749,0.8478879851745027,0.22828333333333334,0.9187128047888871,0.08018679554159983,0.0,0.0,47.27257542548363,66.66986607142857,71.79226275876204,70.80124726821394,2.9591840610655935,2.623747965254898,2.6199941635803263,0.061439608609712384,23167005.486012526,21957883.34314325,0.04316384633763977,1.8114345005646706,0.654183682773441,0.5821623627468956,0.0,0.16439911450364408,0.17921519539020098,38.594418248613216,0.3174283059940022,25.773339520942898,0.1260413258688232,,,0.3266763736043533,0.24376582265018876,0.3321336573298457,0.99395,0.04683333333333334,0.00045,0.9940833333333333,0.17723666666666665,0.0,0.0,0.17052747252747252,2931.8518149200986,2973.9014243747065,52.2497029190494,43.914197911701365,0.0006190476190476191,0.2861869237574717,0.4937847222222222,4.319986976929607e-08,0.0,,,0.020282521278823237,0.013772949635363432,0.014433333333333333,0.4247521570220829,0.0015555623807174484,0.00033284739850855465,0.032325816062286294,0.032325816062286294,0.0,0.0,0.0,0.4247521570122235,1.27244374502319,0.005807249595411902,0.09774446262524711,0.047182679033138115,0.8489327613476942,0.00033284739850855465,,,,,,0.005807249595411902,0.09774446262524711,0.047182679033138115,0.8489327613476942,0.00033284739850855465,,,,,,,,,,,
reliability_first,nominal,PPO-Lagrangian,PPO-Lagrangian,13,1025721121,372372750,535536204,454f28c68eb87e33907f,stochastic,150,300,150-step training / 300-step held-out evaluation,1186372877,1,254.03850810002768,reliability_first,200,0.04,0.947142242346649,0.8894233443951636,0.87,0.96,0.052857757653350976,0.11057665560483623,0.1261150141231913,10.571551530670195,0.0550601642222406,-0.018237083562335454,-0.05056338028169013,0.00015786638967434167,0.0,0.00015786638967434167,0.17816400663925852,0.2105633802816901,0.21670873635857718,0.7734619838576848,0.8658374662423196,0.2597333333333333,0.8157387940121404,0.18410333959818523,0.0,0.0,68.47070602942301,87.40843056916363,93.3876034441521,91.0826427012174,2.6579077118536962,2.4286926269839557,2.401006398545415,0.05390395763067092,27387350.887925766,25480213.59764503,0.03652708660870111,1.9942563905958204,0.6717053390239838,0.6076626272420058,0.0,0.14766153954742758,0.1606376993697629,55.54562004502886,0.1715782709613598,25.83543927051386,0.11967838708539526,,,0.5911014105463874,0.0702315986531508,0.18628389715610694,0.9998499999999999,0.12113333333333333,6.666666666666667e-05,0.9902333333333333,0.14716833333333332,0.0,0.0,0.24238827838827842,2625.6971420883724,2675.251864804255,76.94148450879428,62.6827543593182,9.523809523809524e-05,0.17651457862010075,0.6350479166666667,3.6563175387287e-08,0.0,,,0.017541243113493664,0.013437309815568956,0.006999999999999999,0.3437760606900463,0.00013415569585380292,3.999138986867836e-05,0.00020762287534995674,0.00020762287534995674,0.0,0.0,0.0,0.34377606068799615,1.0298610398782855,6.482714753513207e-05,0.5437805910195768,0.1204311369741039,0.3356834534689155,3.999138986867836e-05,,,,,,6.482714753513207e-05,0.5437805910195768,0.1204311369741039,0.3356834534689155,3.999138986867836e-05,,,,,,,,,,,
reliability_first,nominal,PPO_CMDP,PPO_CMDP,13,1025721121,372372750,535536204,a070e26e29e031606ad8,stochastic,150,300,150-step training / 300-step held-out evaluation,1186372877,1,277.9400926999515,reliability_first,200,0.07,0.9681581159970158,0.8944028694622539,0.945,0.9299999999999999,0.03184188400298406,0.10559713053774608,0.12209952423777001,6.3683768005968115,0.034238584949445226,-0.006821173804520104,-0.04556892577224526,0.00018423154773035196,0.0,0.00018423154773035196,0.1664951918345138,0.2055689257722452,0.2181603616405045,0.7396421378527694,0.8421233438442656,0.2480833333333333,0.7976120796907702,0.20220368876149947,0.0,0.0,63.12248928541947,79.84446242358862,87.41373340321452,84.16685743077011,2.5664312035203602,2.319266544490334,2.294148224004733,0.05805394770296303,29615124.615587868,27493204.66507197,0.0338051459252497,1.642925286355849,0.6886811738589235,0.622472207357047,0.0,0.1425795113066867,0.15541362883506246,61.71725080306436,0.14520320174490478,24.69759438310317,0.12601677807973574,,,0.39615127447772785,0.07141433348470012,0.22061351319427036,0.9997499999999999,0.008616666666666667,8.333333333333333e-05,0.9900166666666667,0.1530633333333333,0.0,0.0,0.15125274725274726,2437.880583264695,2635.650768273411,67.44416480667941,60.212773658092644,0.00019047619047619048,0.15520675338677545,0.5938548611111111,3.383165515825772e-08,0.0,,,0.03369976189695585,0.024670419501276894,0.020216666666666664,0.2551585461338773,0.00031932828940916326,7.291986391827612e-05,0.0005510033725997275,0.0005510033725997275,0.0,0.0,0.0,0.25515854613675143,0.7643866915349814,0.00010887227005563962,0.7078462635908656,0.00914045377950169,0.2828314904956588,7.291986391827612e-05,,,,,,0.00010887227005563962,0.7078462635908656,0.00914045377950169,0.2828314904956588,7.291986391827612e-05,,,,,,,,,,,
reliability_first,nominal,Intent-PPO-CMDP-NoRisk,Intent-PPO-CMDP-NoRisk,13,1025721121,372372750,535536204,4606dec7f3efe1c94a9c,stochastic,150,300,150-step training / 300-step held-out evaluation,1186372877,1,283.62103929999284,reliability_first,200,0.0,0.7902581594031787,0.7429450985124885,0.0,1.0,0.20974184059682113,0.2570549014875115,0.2725614613185887,41.948368119364225,0.20974184059682113,-0.1043446741083335,-0.1286202148526298,0.000745355396492122,0.007695289206917113,0.008378963926468516,0.26434467410833346,0.2886202148526298,0.2962209363579153,0.5865522997912131,0.7960465000998131,0.1941,0.9420036132386579,0.05725103136484991,0.0,0.0,38.151546887001025,52.6901515151515,58.867446345444634,57.61995751202458,2.999493011783876,2.646349245383126,2.5664562723360245,0.07677487775327695,23446612.345077604,22307501.98970654,0.04262594018670093,1.46337365387191,0.6553693904372035,0.5875206149621791,0.0,0.16663850065465977,0.1867326440053999,52.61637467505385,0.16641173189599556,20.557773943991297,0.09501970006584819,,,0.3732458781812243,0.20469026665094725,0.2921687161711041,0.9918,0.08311666666666667,0.0003166666666666667,0.9934000000000001,0.18208333333333332,0.0,0.0,0.151992673992674,2939.339250575036,3031.8834985886356,39.635446609858725,36.75281426384526,0.00023809523809523812,0.2688885648132225,0.44031041666666665,4.269136456238779e-08,0.0,,,0.01769213931617466,0.013448961977506486,0.0025333333333333336,0.38816294022261033,0.0014710592051544408,0.00026648466085920784,0.031164900469654793,0.031164900469654793,0.0,0.0,0.0,0.38816294020224473,1.1628322473614725,0.00764543499105941,0.08726544065961406,0.08319215677349887,0.8216304829149685,0.00026648466085920784,,,,,,0.00764543499105941,0.08726544065961406,0.08319215677349887,0.8216304829149685,0.00026648466085920784,,,,,,,,,,,
reliability_first,nominal,Intent-PPO-CMDP,Intent-PPO-CMDP,13,1025721121,372372750,535536204,09d0d30da2ff448dad2f,stochastic,150,300,150-step training / 300-step held-out evaluation,1186372877,1,309.3859143999871,reliability_first,200,0.0,0.8008248392231178,0.7441892737475274,0.0,1.0,0.1991751607768822,0.25581072625247253,0.2678684891525839,39.83503215537644,0.1991751607768822,-0.0982198243017102,-0.12455188437489322,0.013972682616827445,0.02631578947368421,0.027359493438989912,0.2582198243017102,0.2845518843748932,0.29248778628109395,0.640065717423623,0.8338883039795857,0.21439999999999998,0.9237674286235185,0.06225988875965409,0.0,0.0,40.88076772863073,56.50975963530873,65.11778047480907,61.64776824079011,2.9959184273890838,2.602597560345146,2.5899976763489,0.07218362338883015,23607070.017636366,22375942.74505514,0.0423440927738007,1.555833486301958,0.646138050688171,0.5813458498554946,0.0,0.1664399126327269,0.1844637318307497,54.62233367273079,0.15701221618515307,20.011558856135007,0.0924854731303008,,,0.4468518609411575,0.18887838342543126,0.2739903113363664,0.9864666666666667,0.09738333333333334,0.006216666666666667,0.9928999999999999,0.17242999999999997,0.6810833333333334,0.04706333333333333,0.1951282051282051,2960.680016156951,3014.8929565140793,43.34364210711101,38.99174232324967,0.005666666666666666,0.26466848296634826,0.45443194444444446,4.241338264594812e-08,0.0,,,0.0169028874950116,0.012140084280776902,0.00041666666666666664,0.3441340725132389,0.6708272715705934,0.21705492552974878,0.47836491832012656,0.6796788415502035,0.21065086571135958,0.20131392323007702,0.21193333333333336,0.35062668670806063,1.0503836813406415,0.007587190378698332,0.11346104393863954,0.09793494336323764,0.7745813598789993,0.006435462440425252,,,,,,0.007587190378698332,0.11346104393863954,0.09793494336323764,0.7745813598789993,0.006435462440425252,,,,,,,,,,,
reliability_first,nominal,Intent-PPO-CMDP-FullPolicy-NoShield,Intent-PPO-CMDP,13,1025721121,372372750,535536204,09d0d30da2ff448dad2f,stochastic,150,300,150-step training / 300-step held-out evaluation,1186372877,1,309.3859143999871,reliability_first,200,0.0,0.5154127587731103,0.4362265985664197,0.0,1.0,3.079931592957881,3.6609143619351694,3.785837650142441,615.9863185915763,3.079931592957881,-0.44320836671071345,-0.5302258064516129,0.4732083667107135,0.5602258064516129,0.5808253665142742,0.27940909755874477,0.31193732193732193,0.32000092667870517,0.6816357713586991,0.8189994209850242,0.25093333333333334,0.5013873934150602,0.0254042398742263,0.0,0.0,24.84736043002634,35.382717803030296,43.71874999999999,41.57995431946412,1.6562718815968005,1.2872223868568735,1.2740041735067724,0.1392786417884009,21753824.5804842,20346511.157014478,0.04589484608151023,0.5666267340709985,0.5833439967084941,0.4862534245484992,0.002215631036252062,0.0920151045331556,0.11275518770890225,2.5439526874264486,3.7493599236904567,20.011558856135007,0.0924854731303008,,,0.8236381375942287,2.9937455654498852,3.4828435814276815,0.7296166666666667,0.11928333333333335,0.20509999999999998,0.975,0.3058416666666667,0.0,0.0,0.3043736263736264,1521.4097510623585,1728.8899518845772,18.279617441138086,27.490538411017713,0.1514761904761905,0.289966386650098,0.21432430555555557,4.605488179480385e-08,0.0,,,0.01929986019604093,0.015327867975965527,0.0036,0.3909534805207543,0.6448896727463835,0.20355697369867007,0.5774132353388682,0.5774132353388682,0.0,0.0,0.0,0.39095348027892013,1.1711919583298147,0.06527466466566921,0.11606610316655712,0.11761003620628213,0.4974922222628215,0.20355697369867007,,,,,,0.06527466466566921,0.11606610316655712,0.11761003620628213,0.4974922222628215,0.20355697369867007,,,,,,,,,,,
reliability_first,nominal,MaxWeight,MaxWeight,14,1103526060,1905340783,1583094611,,stochastic,150,300,150-step training / 300-step held-out evaluation,727285505,0,1.2699980288743973e-05,reliability_first,200,0.0,0.948974834967898,0.9235543905195187,0.98,1.0,0.051025165032101985,0.07644560948048118,0.09432301778121423,10.205033006420397,0.051025165032101985,0.021417696832541563,-0.0047894070273429845,0.0,0.0,0.0,0.13040238813542393,0.16478940702734296,0.18508855906592864,0.8220382257699496,0.8887291846568122,0.28528333333333333,0.5611847658813911,0.4388152341186089,0.0,0.0,65.56395756393024,78.7894144144144,86.69511904761903,84.45375110570544,2.0619037078971263,1.8737316544984395,1.8574953369681837,0.06357242779970992,19884063.521049194,18675934.060030825,0.0502891870239631,2.0395267683971463,0.5213096932036158,0.47569203427412415,0.004801351376043625,0.1145502059942848,0.12394833933493705,-16.78479561600304,0.9089207920650634,,,,,0.14938749870528056,0.05534822740766796,0.2328474500821308,0.9999333333333333,0.9308166666666666,0.0,0.9414833333333332,0.09045,0.0,0.0,0.18860805860805863,1737.06506825948,2236.8168215481664,71.77982685849952,62.92201428777827,0.0,0.1274124689049338,0.7712513888888889,5.03846142942695e-08,0.0,,,,,,,,,,,,,,,,,,,,,,,,,,,,,,,,,,,,,,,,,
reliability_first,nominal,PPO,PPO,14,1103526060,1905340783,1823775964,0a65909e93fb2c778ea0,stochastic,150,300,150-step training / 300-step held-out evaluation,727285505,1,272.0849051999976,reliability_first,200,0.0,0.8323432534917433,0.7799277030123342,0.015,1.0,0.1676567465082568,0.2200722969876658,0.23228410972750962,33.53134930165136,0.1676567465082568,-0.07954469458996571,-0.10693548387096773,0.0012189146850134314,0.007695289206917113,0.010243564236382672,0.2395446945899657,0.2669354838709677,0.2733892932303335,0.7212190103241525,0.8392455641566936,0.2516,0.8771782110721051,0.12160287424288146,0.0,0.0,50.634004086394626,71.29778421964546,79.48553887954454,76.56283953344048,2.914763827868809,2.6415302611221207,2.6060969656318838,0.057002452461318784,25752540.296995066,24290190.260293465,0.03883068708376179,1.7192616406576648,0.6505041311685474,0.5918623235450681,0.0,0.16193132377048935,0.17723949209646364,46.91368120618803,0.27543895559836173,23.652352605943808,0.12485441088712515,,,0.5267034445949202,0.174965316486812,0.28239639420571794,0.9975,0.2835333333333333,0.0005333333333333334,0.9947666666666667,0.15709666666666666,0.0,0.0,0.12653479853479854,2738.5861022000004,3009.6287570750906,56.37942550883954,47.38817976274065,0.0005714285714285715,0.24440018047191578,0.5432472222222223,3.88804807197293e-08,0.0,,,0.0347727541057095,0.016730968013949677,0.0007166666666666666,0.44754344959494835,0.002541060030805188,0.0005174691739237005,0.008009046592924254,0.008009046592924254,0.0,0.0,0.0,0.44754344958941883,1.3407203557527057,0.0020135277026783775,0.07655091674896379,0.28182636938288025,0.639091716991554,0.0005174691739237005,,,,,,0.0020135277026783775,0.07655091674896379,0.28182636938288025,0.639091716991554,0.0005174691739237005,,,,,,,,,,,
reliability_first,nominal,PPO-Lagrangian,PPO-Lagrangian,14,1103526060,1905340783,1823775964,337f5a10e02765106fee,stochastic,150,300,150-step training / 300-step held-out evaluation,727285505,1,284.58887489995686,reliability_first,200,0.02,0.9617334957288918,0.9024149115817641,0.955,0.98,0.038266504271108205,0.0975850884182359,0.11599974415403731,7.653300854221641,0.039047453337865516,-0.010637134017161527,-0.04727089811596853,0.0004960226420335847,0.007142857142857143,0.007751429378313842,0.17052238389205235,0.20727089811596852,0.2172749924424274,0.7452807004259726,0.8269200091054613,0.25453333333333333,0.795515628348206,0.20398834900976057,0.0,0.0,64.05322703486374,80.30649122807017,85.97809433962259,84.92986006698027,2.6302639792232525,2.4428076204635976,2.4187553919083817,0.04509368626454363,32707103.696482014,30165127.20071128,0.030617375887217257,1.5474961343155649,0.6745921175225073,0.6214935198076166,0.0,0.14612577662351403,0.15660712371488725,62.124305024157344,0.13318110085108126,25.096186255169417,0.13391219218785813,,,0.4574144409110029,0.09426175705600917,0.2769890108018791,0.99875,0.036950000000000004,0.00021666666666666668,0.9949666666666667,0.15355666666666665,0.0,0.0,0.22619780219780222,2463.0808901726955,2720.285642558169,70.02759424464622,60.75187223475121,0.00023809523809523812,0.15262584626903575,0.6147874999999999,3.063009935407015e-08,0.0,,,0.015721424800598224,0.0104636395392522,0.010666666666666666,0.3656949838606192,0.0010859183296398423,0.00023982631036028313,0.0010950794930904802,0.0010950794930904802,0.0,0.0,0.0,0.3656949838689221,1.0955242654529358,0.0007538814851472672,0.6849399437439981,0.036824046888660186,0.2772423015718342,0.00023982631036028313,,,,,,0.0007538814851472672,0.6849399437439981,0.036824046888660186,0.2772423015718342,0.00023982631036028313,,,,,,,,,,,
reliability_first,nominal,PPO_CMDP,PPO_CMDP,14,1103526060,1905340783,1823775964,dadb88684cb84768bf3a,stochastic,150,300,150-step training / 300-step held-out evaluation,727285505,1,264.74071779998485,reliability_first,200,0.0,0.7777557613454387,0.721357246693227,0.0,1.0,0.22224423865456125,0.2786427533067729,0.28734180586521324,44.44884773091225,0.22224423865456125,-0.11104715361501391,-0.13926786521935777,0.0008619135567456704,0.007877140357455317,0.009223149466947436,0.2710471536150139,0.2992678652193578,0.3040398304593894,0.5388814636239272,0.7704712645128942,0.18525,0.9413120854581762,0.057826000985078084,0.0,0.0,34.61306871576649,47.577799205236076,57.94717701863349,54.56325460005064,3.0890163924566183,2.7154033893815144,2.665077580041456,0.07012251403138514,26786599.318926863,25508447.903569452,0.03731896452678439,1.197046875259708,0.6520473346713045,0.5914568087560952,0.0,0.17161202180314547,0.19103403886386605,58.74098193762064,0.15197654728792637,22.64835715577434,0.12212274123169051,,,0.3386773565684835,0.21707029113944004,0.3125921187878645,0.9825999999999999,0.03261666666666667,0.00036666666666666667,0.9958333333333335,0.18423083333333332,0.0,0.0,0.12675457875457877,2932.999478760896,3173.025499831238,34.92205697824078,33.937188379443896,0.00042857142857142866,0.2761861755928374,0.41132847222222224,3.7360399459259394e-08,0.0,,,0.0349500989580397,0.012903063705084664,0.0,0.4099525710005708,0.0022126692322668932,0.0003493550242172654,0.03808940460902795,0.03808940460902795,0.0,0.0,0.0,0.4099525709940766,1.228108147553389,0.01722800503503986,0.10318203667050613,0.03319998080432596,0.8460406224659107,0.0003493550242172654,,,,,,0.01722800503503986,0.10318203667050613,0.03319998080432596,0.8460406224659107,0.0003493550242172654,,,,,,,,,,,
reliability_first,nominal,Intent-PPO-CMDP-NoRisk,Intent-PPO-CMDP-NoRisk,14,1103526060,1905340783,1823775964,72924e27f6df7ecb428f,stochastic,150,300,150-step training / 300-step held-out evaluation,727285505,1,270.7660398000153,reliability_first,200,0.0,0.7729942349617215,0.7210144927536233,0.0,1.0,0.22700576503827852,0.2789855072463768,0.28597444576479136,45.4011530076557,0.22700576503827852,-0.11336052954383063,-0.13975169118436592,0.001102645219257663,0.008130081300813009,0.010052203100914082,0.27336052954383067,0.29975169118436595,0.30293557358121714,0.5149403038584168,0.7869736456332869,0.17721666666666663,0.9438645675095616,0.05503278727118084,0.0,0.0,34.508481289300406,50.8332948690425,55.25249603300536,54.96094929739704,3.0959271901510554,2.7694727199683977,2.702282561433809,0.06889639758971061,26403966.675091278,25152280.557390228,0.03786041279005525,1.2134536277721355,0.6562072012967347,0.5957545199478192,0.0,0.17199595500839193,0.1890818235129225,57.35103133902924,0.19469508507159866,19.81193184534525,0.10929278837178003,,,0.30937236363938625,0.22770526074432051,0.3271713114078797,0.9917333333333334,0.07206666666666667,0.0004666666666666666,0.9960833333333332,0.1888708333333333,0.0,0.0,0.12081318681318681,2933.811132658926,3183.220451877586,34.87131157151159,33.682294381401434,0.00047619047619047624,0.2784820931702992,0.41383125,3.790536318734306e-08,0.0,,,0.09082497873831503,0.02725151225000507,0.00145,0.43077551542667225,0.0027428280436472665,0.00041623234331589166,0.039203075684133636,0.039203075684133636,0.0,0.0,0.0,0.43077551542935816,1.2904881142285831,0.007485736290987726,0.0542772342394108,0.07242590155210765,0.8653948955741779,0.00041623234331589166,,,,,,0.007485736290987726,0.0542772342394108,0.07242590155210765,0.8653948955741779,0.00041623234331589166,,,,,,,,,,,
reliability_first,nominal,Intent-PPO-CMDP,Intent-PPO-CMDP,14,1103526060,1905340783,1823775964,fd2a9bdca11bd34bca64,stochastic,150,300,150-step training / 300-step held-out evaluation,727285505,1,319.06714920001104,reliability_first,200,0.0,0.8996656311891502,0.8426252581605235,0.51,1.0,0.10033436881084977,0.1573747418394765,0.18147670136790933,20.066873762169955,0.10033436881084977,-0.043306625419451586,-0.07237204771466818,0.018351840475675542,0.027595785440613023,0.02852265092472762,0.2033066254194516,0.23237204771466818,0.24345493667575896,0.7768328995467317,0.8626735600481709,0.2665666666666667,0.8392692903283168,0.14237886919600767,0.0,0.0,61.13281730725161,77.73508116883117,85.31999282468308,82.05807905852136,2.8151218561281555,2.589429679197155,2.5550033349627976,0.05203217342067843,29813618.048571464,28013708.69091186,0.033552895009594984,1.7322990288997722,0.6490030142141577,0.5889538802632971,0.0,0.15639565867378638,0.17089567739806025,59.60679656982266,0.15727859064576344,20.810805294328347,0.10421381477258052,,,0.6275568167331671,0.1276299657829612,0.3225009651483899,0.9909500000000001,0.11440000000000002,0.008216666666666666,0.9943000000000001,0.14827583333333333,0.7013333333333333,0.04940666666666666,0.14430036630036627,2789.4474193043343,2828.9465528794444,69.64454823341437,55.647907720412114,0.008285714285714285,0.19935649897242705,0.60205,3.358852351544078e-08,0.0,,,0.021730434171301275,0.015043264075547664,0.0219,0.4827958534129318,0.6456892551068575,0.18520384628990672,0.47307517206387106,0.6384452239950008,0.17696394225511006,0.16537005193112975,0.17614999999999997,0.4899199097076764,1.4676688849679433,0.0009577080731059262,0.4502428511735392,0.1128184659476113,0.4275201457424067,0.008460829063336825,,,,,,0.0009577080731059262,0.4502428511735392,0.1128184659476113,0.4275201457424067,0.008460829063336825,,,,,,,,,,,
reliability_first,nominal,Intent-PPO-CMDP-FullPolicy-NoShield,Intent-PPO-CMDP,14,1103526060,1905340783,1823775964,fd2a9bdca11bd34bca64,stochastic,150,300,150-step training / 300-step held-out evaluation,727285505,1,319.06714920001104,reliability_first,200,0.0,0.597051887282938,0.5216284910209759,0.0,1.0,2.8594989233155514,3.447883123265483,3.5576579416664216,571.8997846631103,2.8594989233155514,-0.42115847522606714,-0.5039639532107901,0.4511584752260671,0.5339639532107902,0.5530694020082018,0.23928967776942456,0.2728233034571062,0.2823111882898781,0.7422119767708152,0.8729217505006502,0.2759166666666667,0.5121366058741504,0.03670491889978237,0.0,0.0,33.769497769211654,47.189670868347335,54.20316510454214,51.92236043690074,1.7899920244156748,1.4500828026478079,1.433368941718262,0.11329229860960423,26136962.416491657,24190611.398059588,0.038224571178684254,0.6931697061822232,0.5375654019067081,0.4695828967827291,0.005905817234088937,0.09944400135642636,0.11818040070918992,14.367925242291824,0.6758093391767336,20.810805294328347,0.10421381477258052,,,0.8706711334721088,2.522588056223552,3.1443556525441414,0.7681833333333333,0.1332,0.2007,0.9793666666666667,0.22165666666666667,0.0,0.0,0.25460073260073257,1731.856107789502,1821.2959795220754,31.49569691537452,34.33281282137861,0.1832857142857143,0.24562574521745476,0.3075173611111111,3.835701671808994e-08,0.0,,,0.02337932043632001,0.017265130672378812,0.0097,0.5213126955606521,0.5885658631157736,0.20082139171408486,0.46093162910950675,0.46093162910950675,0.0,0.0,0.0,0.5213126954273478,1.5617132663051279,0.03125265269629958,0.31964011488300964,0.133802543073619,0.31448329763298694,0.20082139171408486,,,,,,0.03125265269629958,0.31964011488300964,0.133802543073619,0.31448329763298694,0.20082139171408486,,,,,,,,,,,
reliability_first,nominal,MaxWeight,MaxWeight,15,1481178426,1997781942,662787489,,stochastic,150,300,150-step training / 300-step held-out evaluation,1321376352,0,1.1300027836114168e-05,reliability_first,200,0.0,0.9355625255654877,0.7828866161596649,0.78,1.0,0.06443747443451227,0.21711338384033488,0.24535560228534403,12.887494886902454,0.06443747443451227,-0.013052391391416366,-0.10895144352714996,0.0,0.0,0.0,0.17157993264913327,0.2689514435271499,0.28312390223773626,0.6767035260420212,0.8660817280079509,0.23491666666666666,0.7235022521215535,0.27649774787844655,0.0,0.0,46.652946011576724,64.50271739130434,70.17281249999999,68.79821637510405,2.4536740300479396,2.165693348829155,2.151436280672867,0.11652374525814667,20322045.14905254,18444566.75304218,0.04922523384630473,1.6904603255246666,0.5792262847010401,0.51083356214265,0.0008900483827897562,0.13631522389155218,0.1723793369797522,13.343130231706338,2.6424702730189713,,,,,0.26659610189386945,0.07216822787995589,0.25700811324847017,0.9944833333333334,0.7616999999999998,0.0,0.9603666666666666,0.12320666666666666,0.0,0.0,0.28197069597069596,2085.977409509965,2651.664518029926,49.85601719250515,45.38728525065594,0.0,0.16353599303703276,0.6260791666666667,4.9703609765558804e-08,0.0,,,,,,,,,,,,,,,,,,,,,,,,,,,,,,,,,,,,,,,,,
reliability_first,nominal,PPO,PPO,15,1481178426,1997781942,1596015111,461e22a59e6f436fac36,stochastic,150,300,150-step training / 300-step held-out evaluation,1321376352,1,258.87767640000675,reliability_first,200,0.255,0.9778184246982643,0.9206087203538753,0.975,0.745,0.02218157530173568,0.07939127964612466,0.09828198709431452,4.436315060347136,0.029773926579510977,-0.0022543158322635578,-0.037911759118541034,0.000536457505679732,0.007249021474664127,0.007886700666736132,0.16194299510820506,0.19791175911854103,0.20381601725608361,0.7182756015800049,0.8111945613903906,0.24658333333333332,0.8723836863009993,0.12707985619332096,0.0,0.0,55.696016840460125,71.06727952395482,79.84042814470627,75.27671095598363,2.850873044667881,2.520600733458121,2.498347237858817,0.06595682846102315,31840178.43493463,30069039.11977561,0.03140222655104109,1.4958350737076234,0.6672305526118559,0.6085698414717058,0.0,0.15838183581488227,0.17484998765305018,80.16918023544935,0.12550768547976876,26.33215643894737,0.15276361776873223,,,0.44872068833321854,0.04718643841975711,0.2722376595565466,0.9993666666666666,0.0434,0.00023333333333333333,0.9885666666666667,0.14040499999999997,0.0,0.0,0.1346227106227106,2816.753960494587,2869.2448592227324,61.877278614838986,51.20025199796779,0.00028571428571428574,0.16335420420675234,0.5735777777777777,3.1445168739362654e-08,0.0,,,0.022090860447253044,0.02142362129763443,5e-05,0.26557921845033156,0.001363233201813389,0.0002578795189163034,0.002268220569426836,0.002268220569426836,0.0,0.0,0.0,0.2655792184459804,0.795604235883869,0.0005321596352595725,0.7118694212950066,0.04220448642152512,0.2451360531292923,0.0002578795189163034,,,,,,0.0005321596352595725,0.7118694212950066,0.04220448642152512,0.2451360531292923,0.0002578795189163034,,,,,,,,,,,
reliability_first,nominal,PPO-Lagrangian,PPO-Lagrangian,15,1481178426,1997781942,1596015111,c54dc7a9b9a68be549b7,stochastic,150,300,150-step training / 300-step held-out evaluation,1321376352,1,254.7300168000511,reliability_first,200,0.1,0.9882185867276673,0.9713784597912863,0.995,0.9,0.011781413272332796,0.02862154020871363,0.04460345404457257,2.3562826544665594,0.013090459191480885,0.025089592563303568,0.0018084066471163423,0.0004572208277138941,0.0065855704697986555,0.007849579142276538,0.11054583994502093,0.15819159335288363,0.16972754204155693,0.748348186778291,0.8288459211325273,0.25601666666666667,0.7266720431698447,0.27287073600244144,0.0,0.0,74.62042108426233,91.67020202020203,95.73910011001098,94.2080237635574,2.4003381067451794,2.0876275121179764,2.07984177730835,0.07359244849937954,35285997.16058405,32657568.67786324,0.028326379407546832,1.522097378154131,0.7030956448374962,0.6457987766666231,0.0,0.13335211704139888,0.14901167678488794,60.98635997940381,0.23775950651061342,24.756392627491348,0.26861411613873526,,,0.13639857171779687,0.04054064157624559,0.2444651472867062,0.9994166666666666,0.012466666666666666,0.0002,0.9706833333333332,0.12548666666666666,0.0,0.0,0.05087912087912087,2216.359334934224,2499.4035992587715,80.99808423840265,70.14940299113428,0.00038095238095238096,0.12028919057167058,0.6380048611111111,2.8392403414327208e-08,0.0,,,0.010007652701135785,0.00856870508679758,0.0,0.10582379074319824,0.0006347104702028518,0.0002246179818401855,0.00041640362183161016,0.00041640362183161016,0.0,0.0,0.0,0.10582379074709948,0.3170197452509101,0.0003290289947888324,0.9508004647471359,0.012822885799900144,0.03582300247633504,0.0002246179818401855,,,,,,0.0003290289947888324,0.9508004647471359,0.012822885799900144,0.03582300247633504,0.0002246179818401855,,,,,,,,,,,
reliability_first,nominal,PPO_CMDP,PPO_CMDP,15,1481178426,1997781942,1596015111,fc83225982e20e56ecdd,stochastic,150,300,150-step training / 300-step held-out evaluation,1321376352,1,273.55554740002844,reliability_first,200,0.25,0.9903109420751461,0.9713597295644981,1.0,0.75,0.009689057924853901,0.028640270435501818,0.046037303897068824,1.9378115849707802,0.0129187438998052,0.018506180924769647,-0.007636244441910829,0.0004489330613104667,0.006245448704219307,0.007736425201364615,0.13337973522144664,0.16763624444191083,0.179198121926142,0.7414623554277798,0.828830532525649,0.24903333333333333,0.8237546294682523,0.17579643747043733,0.0,0.0,69.09596928872338,83.36145998940117,92.26870003051569,88.66093354592977,2.6739938534896526,2.417545049099159,2.3962236997035773,0.058828933849319434,34049687.87680342,31856125.490867108,0.029371476033274644,1.628021533889062,0.6790514160424577,0.6205009240006288,0.0,0.14855521408275846,0.1620304222154816,73.4742104200333,0.12365945217007382,24.33002335679956,0.14834496728010554,,,0.2804622460182909,0.04134155024096552,0.2674071422701715,0.9995833333333334,0.011533333333333333,0.0002,0.9714833333333333,0.13218333333333335,0.0,0.0,0.10888644688644687,2641.2183130664566,2691.6422214098343,78.51107582805135,61.817582158776716,0.00023809523809523812,0.13762803185824457,0.6209916666666667,2.9404280351742157e-08,0.0,,,0.01391281113159127,0.01046727217618677,0.0,0.21709848241149182,0.0009273721744735464,0.00028147996332398726,0.0011316253656872403,0.0011316253656872403,0.0,0.0,0.0,0.21709848241681345,0.6503689303156418,0.00026245134693709773,0.854369123435267,0.011430987085676634,0.13365595816879525,0.00028147996332398726,,,,,,0.00026245134693709773,0.854369123435267,0.011430987085676634,0.13365595816879525,0.00028147996332398726,,,,,,,,,,,
reliability_first,nominal,Intent-PPO-CMDP-NoRisk,Intent-PPO-CMDP-NoRisk,15,1481178426,1997781942,1596015111,8c806f3e428ad93e5ba2,stochastic,150,300,150-step training / 300-step held-out evaluation,1321376352,1,275.68097020004643,reliability_first,200,0.01,0.9755774614794948,0.934625029373507,0.99,0.99,0.024422538520505216,0.06537497062649285,0.09192843901265828,4.884507704101043,0.02466923082879315,0.015456357209332505,-0.02152866242038215,0.0003037237622395527,0.0,0.0003037237622395527,0.13369727051785832,0.18152866242038215,0.1893160577485558,0.7680853996301866,0.8511164165769494,0.2577166666666667,0.6897716696179523,0.3099246066198081,0.0,0.0,76.18226171546998,93.67900197628457,99.09363829787233,97.00627378430775,2.251374774322454,2.0307400928135277,2.0125734518224876,0.07292572689222716,34371500.56982419,31859912.663505077,0.029086326032754725,1.496620812059993,0.6875943606222531,0.6222025834713764,0.0,0.1250763763512474,0.1421088617327196,47.80348507881409,0.29747474478687325,22.58964125611793,0.13652253146101623,,,0.09438075717513306,0.047792823366935175,0.25448892390464267,0.9997499999999999,0.004516666666666666,0.00013333333333333334,0.9664333333333335,0.12037416666666667,0.0,0.0,0.03915750915750916,2064.149479504333,2352.1883946091343,83.14063517259936,71.48927855042693,0.00023809523809523812,0.15101817926143624,0.6537354166666666,2.916158611347631e-08,0.0,,,0.0066482533446888285,0.005659947169318347,0.0,0.07370844558349679,0.00023910581262216483,7.733732655099186e-05,0.00016177686341139512,0.00016177686341139512,0.0,0.0,0.0,0.07370844558763177,0.2208107692803668,0.00010439513900256828,0.966989712401236,0.0051855620834299135,0.027642993049780684,7.733732655099186e-05,,,,,,0.00010439513900256828,0.966989712401236,0.0051855620834299135,0.027642993049780684,7.733732655099186e-05,,,,,,,,,,,
reliability_first,nominal,Intent-PPO-CMDP,Intent-PPO-CMDP,15,1481178426,1997781942,1596015111,618554fca77aa7604c32,stochastic,150,300,150-step training / 300-step held-out evaluation,1321376352,1,332.33217309997417,reliability_first,200,0.18,0.9910506200190234,0.977738076748746,0.995,0.8200000000000001,0.008949379980976556,0.022261923251254048,0.03850483917418856,1.789875996195311,0.010913878025581164,0.02341162290551086,0.00906984821198869,0.003986184683299691,0.014609353879426868,0.017184548292560643,0.10824377107452643,0.14940660741353176,0.16324128303381275,0.742034871610185,0.8312734053836017,0.25065,0.7559496160239224,0.24006419929277784,0.0,0.0,72.86543502986987,88.97285902503292,94.84518745959917,94.19052829419682,2.488293040954509,2.1827760600618227,2.1750393837632807,0.06967246442177567,35213707.6494977,32722160.586124755,0.02839397711107848,1.5444383238415198,0.7011994635360455,0.6397181754436608,0.0,0.1382385022752505,0.15655519830597453,67.22368460620312,0.189824512418624,22.031113531673586,0.13650993732566244,,,0.1862988173516039,0.04126817141045709,0.26000963171688496,0.9981666666666666,0.0176,0.0017666666666666666,0.9751166666666665,0.12988416666666666,0.7871833333333333,0.06698,0.06578021978021978,2338.138782930141,2569.1453337368616,79.8046241338432,67.91187203824458,0.0017619047619047623,0.11670945437378955,0.63166875,2.843795691445398e-08,0.0,,,0.024385066489500076,0.02181043088088766,0.0,0.17450615528733407,0.07080533758497422,0.024007377256732024,0.04729417025183871,0.06925936135629585,0.022437188040362547,0.02196519110445713,0.02296666666666667,0.14408963433934827,0.4316539678749789,0.00011685725493780016,0.9285031070801801,0.01686849415407684,0.05292858735217038,0.0015829541586349293,,,,,,0.00011685725493780016,0.9285031070801801,0.01686849415407684,0.05292858735217038,0.0015829541586349293,,,,,,,,,,,
reliability_first,nominal,Intent-PPO-CMDP-FullPolicy-NoShield,Intent-PPO-CMDP,15,1481178426,1997781942,1596015111,618554fca77aa7604c32,stochastic,150,300,150-step training / 300-step held-out evaluation,1321376352,1,332.33217309997417,reliability_first,200,0.0,0.866688520760201,0.7936578096790944,0.32,1.0,0.17255948941260676,0.41157845949021826,0.4900261419151358,34.51189788252135,0.17255948941260676,-0.024759334907954077,-0.06525879917184264,0.054408136028612074,0.09525879917184264,0.10611360938107124,0.11177325263384223,0.15582123172777376,0.16458089982971988,0.7483377691944475,0.8291730502180948,0.25544999999999995,0.7192071457274701,0.22638471824391776,0.0,0.0,70.4756022780833,87.29620098039216,89.86604502688172,89.4390147580108,2.404457531985209,2.1231006782333854,2.088377717376839,0.0715018747274413,34903173.56016181,32632813.66580892,0.028643452452347628,1.4561379638470096,0.6994540788262017,0.6218674632758384,0.0,0.13358097399917826,0.1490744092503154,61.429396731002264,0.18969274106205464,22.031113531673586,0.13650993732566244,,,0.24513517739506455,0.13778282459688973,0.3284149772615767,0.9758166666666664,0.016883333333333334,0.024033333333333334,0.9742000000000001,0.1291658333333333,0.0,0.0,0.08173626373626373,2279.6637617874644,2471.6541774763027,77.1531663439684,65.54959098555364,0.023619047619047623,0.11639552649043736,0.615375,2.86956930811341e-08,0.0,,,0.024548376219663964,0.021954743280363124,0.0,0.17562078593556785,0.071066208056869,0.02436858011725654,0.04721169212995718,0.04721169212995718,0.0,0.0,0.0,0.17562078593996447,0.5261128563472685,0.00011603944829570948,0.907033096753272,0.01658889881222034,0.051893384868955506,0.02436858011725654,,,,,,0.00011603944829570948,0.907033096753272,0.01658889881222034,0.051893384868955506,0.02436858011725654,,,,,,,,,,,
reliability_first,congestion_burst,MaxWeight,MaxWeight,11,471540437,1073362871,958348009,,stochastic,150,300,150-step training / 300-step held-out evaluation,1856632149,0,1.0999967344105244e-05,reliability_first,200,0.0,0.8907271164815928,0.8713370708151749,0.23,1.0,0.10927288351840733,0.1286629291848252,0.13728985771756358,21.854576703681467,0.10927288351840733,0.02626698206547686,0.007548196290346143,0.0,0.0,0.0,0.11870547312327105,0.15245180370965386,0.16623870504187588,0.872313151074384,0.9169329770799971,0.3875166666666667,0.3762205544624769,0.6237794455375232,0.0,0.0,80.62717840709513,95.18013698630136,99.07506944444444,97.95989785405449,1.903892721643753,1.7299553213033476,1.7190864133978654,0.05799248673756483,19052548.052486405,17839008.175719056,0.05251324918620793,2.4183217425196903,0.5030525771178108,0.4510825134084055,0.01018210034107541,0.10577181786909738,0.11416938289599432,-14.405066704265097,0.8157760919748895,,,,,0.1275541084011818,0.09338263599524049,0.2381782079201514,1.0,0.9463333333333332,0.0,0.9440333333333334,0.08899499999999999,0.0,0.0,0.1581391941391941,1629.0469709841104,2051.8865873835593,82.69334610478052,79.73778854102795,0.0,0.11719777347463191,0.8576104166666667,5.257937273269333e-08,0.0,,,,,,,,,,,,,,,,,,,,,,,,,,,,,,,,,,,,,,,,,
reliability_first,congestion_burst,PPO,PPO,11,471540437,1073362871,1897045420,b9c1e1a3273f0ff06c77,stochastic,150,300,150-step training / 300-step held-out evaluation,1856632149,1,259.96485530002974,reliability_first,200,0.0,0.9658765036964144,0.9457699161196707,0.995,1.0,0.034123496303585694,0.0542300838803293,0.06482958922637612,6.824699260717138,0.034123496303585694,0.021921119230463706,-0.0006334841628959365,2.6595744680851064e-05,0.0,2.6595744680851064e-05,0.1333435748854768,0.16063348416289594,0.1659333162354722,0.8342636617915764,0.9029367790268321,0.3753666666666667,0.5737453474690142,0.426228056786305,0.0,0.0,92.72134157527249,106.86133928571427,113.0508125819135,111.52038546168815,2.7025800466454823,2.43078704841543,2.4252092944012476,0.056455499735177384,34315628.79154203,33271513.233497143,0.029150796427961482,2.191441854919376,0.6872424090663245,0.6234108018108625,0.0,0.15014333592474902,0.1646982740221879,54.125516610668775,0.1649484203832542,21.571008575666486,0.12208589956735064,,,0.34813192642737356,0.06884461919307959,0.2634933311842628,0.99995,0.0033833333333333332,1.6666666666666667e-05,0.9872833333333334,0.14280916666666665,0.0,0.0,0.10343589743589743,2562.9198514920326,2777.7816901896495,90.20911881217424,92.20551305055706,0.0,0.13781518895314793,0.7849666666666667,2.9153164152192202e-08,0.0,,,0.009786545671714254,0.009039439483101396,0.0003166666666666667,0.18604295908017243,6.993398977698358e-05,2.4926254718301215e-05,4.5008544571173556e-05,4.5008544571173556e-05,0.0,0.0,0.0,0.18604295906721066,0.5573348967451272,3.3379952137436555e-05,0.7652409427711827,0.0037038521285719917,0.23099689889338954,2.4926254718301215e-05,,,,,,3.3379952137436555e-05,0.7652409427711827,0.0037038521285719917,0.23099689889338954,2.4926254718301215e-05,,,,,,,,,,,
reliability_first,congestion_burst,PPO-Lagrangian,PPO-Lagrangian,11,471540437,1073362871,1897045420,97597eec01eed730a745,stochastic,150,300,150-step training / 300-step held-out evaluation,1856632149,1,273.0232358999783,reliability_first,200,0.0,0.9221888261330069,0.8968094565209062,0.92,1.0,0.07781117386699304,0.10319054347909393,0.11716525396246673,15.562234773398608,0.07781117386699304,0.027448085051838902,0.008634105960264907,3.205128205128205e-05,0.0,3.205128205128205e-05,0.09322837698953933,0.15136589403973508,0.16323512088809933,0.8377377449810265,0.9023686852409337,0.37555,0.4440607674562175,0.5559071812617313,0.0,0.0,93.43965761695563,109.55659371492703,117.00148863636362,113.60565204246207,2.0586392231682917,1.810690380310187,1.8196537013238214,0.06881990983927667,35390775.996587574,33056062.907078944,0.02825233347712203,1.630373321116658,0.6988113519197313,0.5942146278913294,0.0,0.11436884573157176,0.12711586565151062,27.957174078061627,0.42701471921482614,21.24425025650966,0.12137918968135644,,,0.08299043800845855,0.08870442836315064,0.2672454156609961,0.9999833333333333,0.017433333333333335,1.6666666666666667e-05,0.9875999999999999,0.1343475,0.0,0.0,0.03849084249084249,1862.5929613764938,2164.2025949023387,94.38689147840203,92.77236407279779,0.0,0.09328388105649531,0.7829749999999999,2.830153581982863e-08,0.0,,,0.0028990751999276574,0.0025678027805733456,0.0,0.049041256139134515,1.9461237465487526e-05,9.587778384227221e-06,9.873619311779138e-06,9.873619311779138e-06,0.0,0.0,0.0,0.04904125613958349,0.14691447375297803,5.937433814180695e-06,0.9746018150959453,0.017082544697717483,0.008300114994138711,9.587778384227221e-06,,,,,,5.937433814180695e-06,0.9746018150959453,0.017082544697717483,0.008300114994138711,9.587778384227221e-06,,,,,,,,,,,
reliability_first,congestion_burst,PPO_CMDP,PPO_CMDP,11,471540437,1073362871,1897045420,3e02143445d692cb208a,stochastic,150,300,150-step training / 300-step held-out evaluation,1856632149,1,273.6423236000119,reliability_first,200,0.0,0.9088735599239282,0.8511369715764318,0.595,1.0,0.09112644007607176,0.14886302842356813,0.163718532467591,18.225288015214353,0.09112644007607176,-0.032922095274872526,-0.0609197159143146,0.00024254496687765428,0.0,0.00024254496687765428,0.19292209527487256,0.22091971591431458,0.22630053476849582,0.8323195580293066,0.88896374749808,0.37405,0.6573392268574146,0.3424182281757078,0.0,0.0,82.5602922278264,94.51122089552237,96.8037413170325,97.20073568204614,3.089809012654098,2.8458492162430553,2.827059548651726,0.05102690314153482,31495362.6344914,30404820.15045458,0.031758250627409494,2.430416380461781,0.6619804768922972,0.6125149347929517,0.0,0.17165605625856098,0.18830869942060405,56.81199367583467,0.17666136106275288,16.313100003571034,0.11627297453992139,,,0.44727238255527624,0.0858428181483189,0.26689722314390596,0.9994166666666666,0.0049,0.00015,0.9928,0.14800333333333332,0.0,0.0,0.17302564102564105,3074.586898919314,3098.0055354343667,79.01519019392606,83.25860570776914,9.523809523809524e-05,0.19757959229074828,0.7866916666666667,3.176438045026755e-08,0.0,,,0.023128302266565818,0.021601105095369815,0.02008333333333333,0.24498822031008602,0.0004390291640448434,0.00014588644694389538,0.00029317665595717717,0.00029317665595717717,0.0,0.0,0.0,0.2449882203042536,0.7339191182060075,0.0004303185662868226,0.4978905297633169,0.005294232938120786,0.49623903228533167,0.00014588644694389538,,,,,,0.0004303185662868226,0.4978905297633169,0.005294232938120786,0.49623903228533167,0.00014588644694389538,,,,,,,,,,,
reliability_first,congestion_burst,Intent-PPO-CMDP-NoRisk,Intent-PPO-CMDP-NoRisk,11,471540437,1073362871,1897045420,7d2ee40999bb1a6afe16,stochastic,150,300,150-step training / 300-step held-out evaluation,1856632149,1,275.69379829999525,reliability_first,200,0.0,0.9286963827831138,0.9032809167719557,0.99,1.0,0.0713036172168861,0.09671908322804439,0.09957855469299963,14.26072344337722,0.0713036172168861,0.029254726415407665,0.024515597305919876,0.00010661993906014112,0.0,0.00010661993906014112,0.08474757986071647,0.12938146561052669,0.14277307291064406,0.8326456290738616,0.8882617128042065,0.3729,0.45612038405212857,0.5437729960088113,0.0,0.0,92.95818835360025,107.25501725129384,111.49745670460163,110.9059299152007,2.1070052964464763,1.8585446631873597,1.8482687291172346,0.0713491333392752,35653174.90871334,33528781.88013721,0.028038385848180684,1.6475080345222761,0.7151853998139741,0.6287096719528369,0.00021183371467373008,0.11705584980258202,0.13182728006668465,32.43922633578274,0.34764853711860355,16.737563756692968,0.08358146624495469,,,0.11495834484281259,0.08337428875077733,0.24524182847208753,0.9998666666666668,0.022983333333333335,6.666666666666667e-05,0.9869833333333332,0.13664166666666666,0.0,0.0,0.04598534798534798,1923.5466067314578,2205.7907447545654,93.29491961906106,92.54798684919419,0.0,0.08203627106547426,0.7794173611111112,2.808232282455473e-08,0.0,,,0.0051774945993023945,0.0027606446642378575,0.0,0.10635199763667588,0.00017197334689526882,7.097066158647017e-05,0.00010101164311478918,0.00010101164311478918,0.0,0.0,0.0,0.10635199763669982,0.31860211167719943,6.929871719065376e-05,0.9601899971743788,0.02400991875459985,0.015659814692244235,7.097066158647017e-05,,,,,,6.929871719065376e-05,0.9601899971743788,0.02400991875459985,0.015659814692244235,7.097066158647017e-05,,,,,,,,,,,
reliability_first,congestion_burst,Intent-PPO-CMDP,Intent-PPO-CMDP,11,471540437,1073362871,1897045420,b12c9f3440d9c22ff923,stochastic,150,300,150-step training / 300-step held-out evaluation,1856632149,1,319.3185737999738,reliability_first,200,0.0,0.9426676959147551,0.9236018657386585,0.995,1.0,0.05733230408524488,0.07639813426134137,0.08478559853819391,11.466460817048976,0.05733230408524488,0.01575784612177911,0.003677248677248678,0.013658139544657657,0.02526540919398062,0.026784687562120497,0.09151167586974543,0.13035378015032165,0.14940382630591703,0.835407435535992,0.8971367052618315,0.37248333333333333,0.4912532737043456,0.49508858675099676,0.0,0.0,90.97424943631977,104.211914893617,109.00147368421051,107.58122933661564,2.2756907184933226,2.05577513171202,2.025816956823461,0.05975888064999116,35370083.84352105,33819254.32506966,0.028277700138917526,1.756293358406076,0.7307811395614094,0.6572635667542155,0.0,0.1264272621385179,0.13837103949923515,45.975497880306456,0.20363722998628409,16.570640696124258,0.08030660667850774,,,0.28921676898482207,0.07821651626886783,0.23175580962775308,0.99125,0.03818333333333333,0.008666666666666666,0.9931,0.14791583333333333,0.6938333333333334,0.04981166666666667,0.09093040293040293,2054.686965782399,2394.6927391838217,88.89000596967409,91.83684541665272,0.011571428571428571,0.09048013023610048,0.7515361111111111,2.8290788313003334e-08,0.0,,,0.00719327702643269,0.00587387775955265,0.0005,0.25137935529350414,0.3902592328659133,0.12017428380053916,0.27459868004691,0.38133447713165025,0.11102924025815002,0.10673579708474022,0.10948333333333334,0.20571775664919215,0.6162753228371111,9.504379257868732e-05,0.8797531216235512,0.038915478672911785,0.07202949973873317,0.009206856172225122,,,,,,9.504379257868732e-05,0.8797531216235512,0.038915478672911785,0.07202949973873317,0.009206856172225122,,,,,,,,,,,
reliability_first,congestion_burst,Intent-PPO-CMDP-FullPolicy-NoShield,Intent-PPO-CMDP,11,471540437,1073362871,1897045420,b12c9f3440d9c22ff923,stochastic,150,300,150-step training / 300-step held-out evaluation,1856632149,1,319.3185737999738,reliability_first,200,0.0,0.7199536327210109,0.6958549150934755,0.0,1.0,0.9448715616424218,1.3947440278990026,1.5117657675100218,188.97431232848436,0.9448715616424218,-0.13586062710248503,-0.20507375469850597,0.16586062710248506,0.23507375469850594,0.2546872783023786,0.10421558571022987,0.1419159413650939,0.1564480039925904,0.8444735406396228,0.9014030266037658,0.3913,0.40910363622237,0.425035736675145,0.0,0.0,81.43802476525364,94.59491335044929,99.89778280542984,98.63515920818375,1.956375700088691,1.7167491033831663,1.678586989411383,0.07708693086227895,34468939.41148007,32625975.00227188,0.029017358936777385,1.3869430479177107,0.7095939939298946,0.6113668155110232,0.0,0.10868753889381616,0.12118374027586604,25.645176663812318,0.4202174524853854,16.570640696124258,0.08030660667850774,,,0.4375237301731372,1.07094612791321,1.551679676224612,0.8951,0.0349,0.10485,0.9891,0.1490775,0.0,0.0,0.15279120879120878,1777.4197065188648,2052.7366197032143,70.29311797976958,86.49502452340498,0.08390476190476188,0.10813752829457159,0.6741097222222223,2.9041378378794302e-08,0.0,,,0.0074416443199502805,0.006013423817788528,0.0007000000000000001,0.2510071854105177,0.3883050931454071,0.10535055572224472,0.2873484988927792,0.2873484988927792,0.0,0.0,0.0,0.25100718541398126,0.7519503262386141,8.537702318984962e-05,0.7956926463489066,0.03494747705325672,0.0639239438524022,0.10535055572224472,,,,,,8.537702318984962e-05,0.7956926463489066,0.03494747705325672,0.0639239438524022,0.10535055572224472,,,,,,,,,,,
reliability_first,congestion_burst,MaxWeight,MaxWeight,12,1729653623,2128646545,2047986418,,stochastic,150,300,150-step training / 300-step held-out evaluation,157504053,0,1.3000040780752897e-05,reliability_first,200,0.0,0.8967171952272568,0.878831670318544,0.365,1.0,0.10328280477274326,0.12116832968145591,0.1290548204634016,20.656560954548652,0.10328280477274326,0.026500162477113298,0.00821194839192223,0.0,0.0,0.0,0.11410283181681433,0.15178805160807776,0.17225669266314458,0.8708237368290976,0.9153975846940631,0.38416666666666666,0.37845191249249277,0.6215480875075073,0.0,0.0,78.81750486654026,91.68282484635643,95.00513513513512,94.27180931554082,2.040097106722277,1.883519281557487,1.869470792955898,0.05373646488161798,15468716.106339801,14507475.745272897,0.06465816741682444,3.1190200625728695,0.5093312571516009,0.4625796941969935,0.006474459720306386,0.1133387281512376,0.12251626709014735,-7.922146231598604,1.4487203284862098,,,,,0.12796375935885063,0.0848209917822079,0.23649220720737887,1.0,0.946,0.0,0.9471333333333334,0.09095416666666668,0.0,0.0,0.15705494505494502,1721.8071062157355,2211.484030071953,79.55026372935139,78.56422226868925,0.0,0.11450343776626486,0.8566451388888887,6.474034975696328e-08,0.0,,,,,,,,,,,,,,,,,,,,,,,,,,,,,,,,,,,,,,,,,
reliability_first,congestion_burst,PPO,PPO,12,1729653623,2128646545,1621075116,2fb07c1ee95b181950c4,stochastic,150,300,150-step training / 300-step held-out evaluation,157504053,1,284.739809300052,reliability_first,200,0.0,0.9580194235966323,0.9349482949379431,1.0,1.0,0.04198057640336779,0.06505170506205701,0.07012127229932666,8.396115280673557,0.04198057640336779,0.027281718272238447,0.01254345254345255,0.0002459050499902487,0.0,0.0002459050499902487,0.11474360541660557,0.14745654745654743,0.15452610923449855,0.8225636566333908,0.8827727371206986,0.36375,0.5240818359018816,0.4756722590481282,0.0,0.0,87.48910690191781,101.94002970297029,106.21981376787495,104.21263063275815,2.538019541311993,2.3027123880437257,2.2853614414115944,0.054376105861390044,29447485.177930593,28143460.52261286,0.03398753647217816,2.2640701878815754,0.7229951454508587,0.6424140844808455,0.0,0.14100108562844407,0.15311676348943984,54.020335864514735,0.17298049568962232,25.858988431334488,0.13509311810541438,,,0.3286404657651207,0.08118606416631118,0.2976404589919441,0.99895,0.021366666666666666,0.00015000000000000001,0.9933833333333334,0.14943916666666668,0.0,0.0,0.10515750915750914,2347.270061643683,2640.7307995949277,86.22765779825183,87.67551154314717,0.00014285714285714287,0.1042061014612667,0.7683416666666667,3.398352914787458e-08,0.0,,,0.024514881255076927,0.02316239623091375,0.0,0.1992189189982676,0.0006710069293190978,0.0001906586225384005,0.0004804043092893111,0.0004804043092893111,0.0,0.0,0.0,0.19921891899272154,0.5968065451290342,0.0007720480678550201,0.8250799155450045,0.021072336429205397,0.15288504133539665,0.0001906586225384005,,,,,,0.0007720480678550201,0.8250799155450045,0.021072336429205397,0.15288504133539665,0.0001906586225384005,,,,,,,,,,,
reliability_first,congestion_burst,PPO-Lagrangian,PPO-Lagrangian,12,1729653623,2128646545,1621075116,5ff4062933b4dfa3978e,stochastic,150,300,150-step training / 300-step held-out evaluation,157504053,1,266.70855040004244,reliability_first,200,0.0,0.9285285336934131,0.9020224674890458,0.98,1.0,0.07147146630658668,0.09797753251095409,0.10196778898056853,14.294293261317337,0.07147146630658668,0.029048629265969003,0.024373904007274145,0.0006222621596148298,0.0054068742655699175,0.006793892063183654,0.07404019203152033,0.11866666666666657,0.1351649529452771,0.8436437178817675,0.8936483099393064,0.3711666666666666,0.4499335429276756,0.5494441949127097,0.0,0.0,102.33624927057087,116.71017072814821,124.20325716659741,122.36770272094252,2.206733302851434,1.9549596229298711,1.927490791249752,0.07117735950380065,29265553.252793953,27772071.7760963,0.034182297425943815,2.315804258608372,0.7162528555836315,0.6380775170011775,0.0,0.12259629460285743,0.13602961633536184,35.17739500526552,0.3144670535585677,26.29234703046875,0.151062278799873,,,0.18765989262023716,0.08943969535584818,0.2511579067092573,0.9993000000000001,0.07295,0.0003833333333333333,0.9722833333333333,0.12609166666666666,0.0,0.0,0.06699633699633699,1968.9192410205171,2334.7870284526957,103.92047937092131,101.26246851081498,0.00023809523809523812,0.08048863177407675,0.8033868055555555,3.420992958659158e-08,0.0,,,0.0062019483277677475,0.00575143853164344,0.0,0.114451088389971,0.0011129158936320981,0.00037210927022373957,0.0007409487596940261,0.0007409487596940261,0.0,0.0,0.0,0.11445108839833772,0.34286481925828105,0.0004140163608086177,0.9196308404924919,0.07228876984912098,0.0072942640273547755,0.00037210927022373957,,,,,,0.0004140163608086177,0.9196308404924919,0.07228876984912098,0.0072942640273547755,0.00037210927022373957,,,,,,,,,,,
reliability_first,congestion_burst,PPO_CMDP,PPO_CMDP,12,1729653623,2128646545,1621075116,c2c338dd9800f45e9834,stochastic,150,300,150-step training / 300-step held-out evaluation,157504053,1,270.83158040000126,reliability_first,200,0.0,0.8900724921241965,0.8365226489816784,0.41,1.0,0.1099275078758035,0.16347735101832161,0.1905469306542404,21.9855015751607,0.1099275078758035,-0.041694533889451775,-0.06859451558446907,0.0,0.0,0.0,0.2016945338894518,0.22859451558446905,0.2391599288281653,0.8386660472197178,0.890758312978936,0.37165,0.654170531532057,0.345829468467943,0.0,0.0,81.62834615346841,96.74221357063404,100.55998968312454,99.0650883164602,3.267422441429478,3.038431256801849,3.0028542058311403,0.04500192039343812,25734065.88476284,24856425.276766688,0.038872112093435135,3.110324334257084,0.654451142001675,0.6061021380719596,0.0,0.1815234689683043,0.19542981406340085,62.36238890680017,0.18116033930498074,24.496898011674098,0.12156286266931669,,,0.42834577313149785,0.11974469411520491,0.3097312582804709,0.9999333333333333,0.0004166666666666667,0.0,0.9942166666666666,0.1502675,0.0,0.0,0.1396043956043956,3230.9469358142674,3287.063098299206,78.04808789373784,82.20344776806017,0.0,0.20525398961417224,0.7842868055555556,3.8877947349852075e-08,0.0,,,0.03907191095936212,0.03816126640974889,0.053233333333333334,0.2408268498877289,4.684107642069923e-05,1.2996598647197615e-05,3.384483772297728e-05,3.384483772297728e-05,0.0,0.0,0.0,0.24082684987827682,0.7214527665186959,3.744761543864416e-05,0.45316793723507875,0.0005762216095046979,0.5462053969413307,1.2996598647197615e-05,,,,,,3.744761543864416e-05,0.45316793723507875,0.0005762216095046979,0.5462053969413307,1.2996598647197615e-05,,,,,,,,,,,
reliability_first,congestion_burst,Intent-PPO-CMDP-NoRisk,Intent-PPO-CMDP-NoRisk,12,1729653623,2128646545,1621075116,53b75815fc19ab3c700d,stochastic,150,300,150-step training / 300-step held-out evaluation,157504053,1,267.30905749998055,reliability_first,200,0.0,0.9566363171408645,0.9372240731266265,1.0,1.0,0.04336368285913538,0.06277592687337358,0.0686571837653372,8.672736571827077,0.04336368285913538,0.02631466852162616,0.0020930232558139653,5.1019086836039675e-05,0.0,5.1019086836039675e-05,0.12231800273988835,0.15790697674418602,0.16274245115876546,0.8311741601831129,0.8876317012700252,0.3641,0.5273063610373255,0.47264261987583844,0.0,0.0,92.43448560607634,105.92799806576402,114.70130916196264,111.32155771969155,2.57128476087198,2.323777548798954,2.3092170375060257,0.05893894912938406,29052080.774256412,27977805.319340266,0.034428596021123706,2.454848936221491,0.7094437216334228,0.6388943643239302,0.0,0.14284915338177664,0.1578490554239843,51.78767408201863,0.1895063503661465,23.769019036505334,0.09315755964490664,,,0.3381881043367854,0.07326369763382796,0.24588346617759144,0.9999166666666666,0.020349999999999997,3.3333333333333335e-05,0.9915833333333335,0.15069416666666666,0.0,0.0,0.09735531135531136,2405.484482238258,2660.5618339824446,91.45633745798112,91.673247026266,0.0,0.12656988888964357,0.7778868055555554,3.443830379258319e-08,0.0,,,0.008041539562445497,0.003932581753754285,0.0,0.269961547631118,0.00015998882310368548,4.3956679114565795e-05,0.00011603738362214157,0.00011603738362214157,0.0,0.0,0.0,0.2699615476218915,0.808732520829483,3.1270131722010446e-05,0.8127369285062542,0.02006406460639897,0.1671237800765104,4.3956679114565795e-05,,,,,,3.1270131722010446e-05,0.8127369285062542,0.02006406460639897,0.1671237800765104,4.3956679114565795e-05,,,,,,,,,,,
reliability_first,congestion_burst,Intent-PPO-CMDP,Intent-PPO-CMDP,12,1729653623,2128646545,1621075116,fc604e43c5d11a5118bd,stochastic,150,300,150-step training / 300-step held-out evaluation,157504053,1,320.63457950000884,reliability_first,200,0.0,0.807113567705644,0.7536468086116044,0.0,1.0,0.19288643229435606,0.24635319138839562,0.2535100022637361,38.577286458871214,0.19288643229435606,-0.08466553925085227,-0.1090960097087225,0.010750087212730755,0.022385119643491446,0.02478011410570998,0.2446655392508523,0.2690960097087225,0.2742118317882394,0.8273627760637402,0.8966412597649176,0.37148333333333333,0.6781412834550328,0.31110862933223654,0.0,0.0,67.52170723893103,79.71184495192304,87.01061559139782,85.54693106787957,3.395297806567107,3.1908744067340664,3.169895092309632,0.039706287349526484,22563670.72978795,21809064.684977062,0.044328810787102824,3.0487978029666185,0.6442117112798543,0.5962975264330375,0.0,0.18862765592039485,0.20063912837847905,51.71872822534959,0.20078868672747646,19.39255953017724,0.11389086790564536,,,0.41300464346464716,0.22952191977461478,0.3846005125701357,0.99145,0.0733,0.006749999999999999,0.9953833333333333,0.15014916666666667,0.6496666666666667,0.04301833333333334,0.112989010989011,3354.698330069216,3417.1590631428953,60.68681459121152,70.9159565000784,0.008904761904761905,0.24528109391738617,0.7491604166666668,4.433941820309623e-08,0.0,,,0.02970628129793944,0.021621326046721238,0.0,0.4201927828945013,0.17574414577734201,0.04838541337371312,0.12992334348270823,0.17017614356429156,0.042354828787662765,0.04025280008158334,0.042316666666666676,0.38880369970003487,1.1647517912685885,0.0018259655640861195,0.1213258450071055,0.07301114677782312,0.7976837324300832,0.006153310220902132,,,,,,0.0018259655640861195,0.1213258450071055,0.07301114677782312,0.7976837324300832,0.006153310220902132,,,,,,,,,,,
reliability_first,congestion_burst,Intent-PPO-CMDP-FullPolicy-NoShield,Intent-PPO-CMDP,12,1729653623,2128646545,1621075116,fc604e43c5d11a5118bd,stochastic,150,300,150-step training / 300-step held-out evaluation,157504053,1,320.63457950000884,reliability_first,200,0.0,0.6208447980120892,0.5652430800992571,0.0,1.0,0.5465805291651464,0.779139531656177,0.8479524574818431,109.31610583302928,0.5465805291651464,-0.0872680416460227,-0.11206460533329109,0.08603803404186607,0.12445050449959091,0.13512672850976243,0.24490962243887643,0.2715062272891691,0.2760618136183194,0.8285589687776121,0.8926546619058657,0.37318333333333326,0.637257340477658,0.27670462548047586,0.0,0.0,62.68798665971872,77.15168067226891,81.26101694915252,80.02570600939012,3.2337620855890052,3.0336228251894375,3.0205374654581254,0.040691912282406664,22428732.652076177,21615099.005181383,0.04459658309762683,2.71215950105067,0.6323077682887444,0.5730513374676909,8.40716629936733e-06,0.1796534491993892,0.1922119343790627,44.559094864497126,0.22859937503883573,19.39255953017724,0.11389086790564536,,,0.4933522991380523,0.5283387741743819,0.7306031833009027,0.9442499999999998,0.06893333333333335,0.053950000000000005,0.9935500000000002,0.14911916666666664,0.0,0.0,0.11931135531135531,3208.072761412841,3247.5947986069395,53.78295218951329,67.26645524802895,0.05647619047619047,0.24644180565176008,0.7118722222222221,4.4611540235234504e-08,0.0,,,0.029359563962752303,0.021263493828889056,0.0,0.41806508534947256,0.1797796026087803,0.05230352740092183,0.13039424580621387,0.13039424580621387,0.0,0.0,0.0,0.4180650853509769,1.2524110686320251,0.0017974272798573804,0.11210040528503319,0.06836007329364319,0.7654385667405443,0.05230352740092183,,,,,,0.0017974272798573804,0.11210040528503319,0.06836007329364319,0.7654385667405443,0.05230352740092183,,,,,,,,,,,
reliability_first,congestion_burst,MaxWeight,MaxWeight,13,1025721121,372372750,287179648,,stochastic,150,300,150-step training / 300-step held-out evaluation,1805977525,0,2.1599989850074053e-05,reliability_first,200,0.0,0.9079454127085264,0.8875821400074744,0.77,1.0,0.09205458729147367,0.11241785999252568,0.1304019488613705,18.410917458294733,0.09205458729147367,0.024796250616573756,0.0009670489320268318,0.0,0.0,0.0,0.12020309463219313,0.15903295106797316,0.17568291247500561,0.8584472723657778,0.9078761027118633,0.3831333333333333,0.40446788688698004,0.5955321131130199,0.0,0.0,74.8360115104578,85.96898061288303,94.19286872586872,91.07159232079661,2.105984568879155,1.9160758232809505,1.9118922434516505,0.057340052057607296,17583976.46627639,16631727.947156962,0.056878653536207316,2.6892822132892547,0.5069562846112531,0.46059970105918463,0.008930290868596934,0.11699914271550864,0.12804987465754444,-5.9441239121480836,2.1688382364165695,,,,,0.13955883500456565,0.0810961100694509,0.230679994190048,1.0,0.9389833333333333,0.0,0.9467833333333334,0.09088416666666667,0.0,0.0,0.17865934065934064,1765.3521216413587,2289.4020404687385,75.22456995776403,75.07079058366328,0.0,0.12327357929412602,0.8505701388888889,5.694478640958194e-08,0.0,,,,,,,,,,,,,,,,,,,,,,,,,,,,,,,,,,,,,,,,,
reliability_first,congestion_burst,PPO,PPO,13,1025721121,372372750,535536204,3cabdc2e2c3a75659a16,stochastic,150,300,150-step training / 300-step held-out evaluation,1805977525,1,262.1022107999888,reliability_first,200,0.0,0.7625133526009769,0.7118789305228233,0.0,1.0,0.23748664739902295,0.28812106947717675,0.30239751248077507,47.49732947980459,0.23748664739902295,-0.10848444161834675,-0.13348673724098523,0.0001327349568056042,0.0,0.0001327349568056042,0.2684844416183467,0.29348673724098523,0.29945424641250307,0.8149080510658838,0.8785791234721186,0.36205,0.7047665336776288,0.2951007313655656,0.0,0.0,66.46839013890077,80.76764705882351,83.50552984312074,83.04414133637158,3.267942416728202,3.0344967478399525,3.0314505199759023,0.04300966054130434,24253435.26735307,23500079.402421735,0.04123352474639108,2.6869604338648756,0.6687768627210933,0.6207489480788995,0.0,0.18155235648490012,0.19488559810716585,36.6322362446275,0.3089627474361096,25.773339520942898,0.1260413258688232,,,0.28195786442004617,0.24563161948675358,0.34114360443357067,0.9994333333333333,0.038599999999999995,8.333333333333333e-05,0.9932333333333334,0.15841166666666665,0.0,0.0,0.122989010989011,3254.620955118778,3275.1155114409685,57.833337399438754,71.01279726822216,9.523809523809524e-05,0.27085289559468423,0.7068763888888889,4.125115644826894e-08,0.0,,,0.019769123642696344,0.012529528700123898,0.01275,0.4059420824413786,0.0007202601758621202,0.000148052968632708,0.000871843595842725,0.000871843595842725,0.0,0.0,0.0,0.40594208245408436,1.2160937976014161,0.00044787163988167366,0.08508541270419753,0.03894504779394453,0.8753736148933435,0.000148052968632708,,,,,,0.00044787163988167366,0.08508541270419753,0.03894504779394453,0.8753736148933435,0.000148052968632708,,,,,,,,,,,
reliability_first,congestion_burst,PPO-Lagrangian,PPO-Lagrangian,13,1025721121,372372750,535536204,454f28c68eb87e33907f,stochastic,150,300,150-step training / 300-step held-out evaluation,1805977525,1,254.03850810002768,reliability_first,200,0.0,0.9576314707452042,0.9147542806048728,0.985,1.0,0.04236852925479585,0.08524571939512715,0.10116349059211963,8.47370585095917,0.04236852925479585,-0.0034135427910950457,-0.02927335769703142,7.844612150708774e-05,0.0,7.844612150708774e-05,0.16327061349816574,0.1892733576970314,0.19565507751284522,0.8280366355914333,0.8855294503902067,0.3667666666666667,0.622241394170768,0.37768015970772495,0.0,0.0,81.94776575309828,94.7136304347826,99.9680157925239,98.62719843361724,2.9367650904556295,2.67026922903571,2.6740624302347884,0.05269727085238972,28597292.836147547,27458205.089846972,0.03497767282345034,2.525332059444929,0.6706730812581279,0.6178782816640521,0.0,0.16315361613642387,0.17673874582723,60.051952316351965,0.17114416588948436,25.83543927051386,0.11967838708539526,,,0.590089901702677,0.07054642067801283,0.18172912482637898,0.99995,0.12003333333333334,5e-05,0.9900333333333333,0.14463416666666665,0.0,0.0,0.24313553113553113,2862.814504575592,2976.584636698726,78.1416651169391,83.52844819949138,4.761904761904762e-05,0.16657061467048837,0.7744451388888889,3.499073795287269e-08,0.0,,,0.017493851685771854,0.013781416483267188,0.007450000000000001,0.33933908595194295,0.00011354441282673866,3.7043756238119676e-05,7.650282028359267e-05,7.650282028359267e-05,0.0,0.0,0.0,0.33933908595588946,1.0165690514763697,3.5941748873801905e-05,0.5444302029213135,0.12010121786369603,0.3353955937098785,3.7043756238119676e-05,,,,,,3.5941748873801905e-05,0.5444302029213135,0.12010121786369603,0.3353955937098785,3.7043756238119676e-05,,,,,,,,,,,
reliability_first,congestion_burst,PPO_CMDP,PPO_CMDP,13,1025721121,372372750,535536204,a070e26e29e031606ad8,stochastic,150,300,150-step training / 300-step held-out evaluation,1805977525,1,277.9400926999515,reliability_first,200,0.005,0.9647762860452802,0.9222867330693725,0.98,0.995,0.035223713954719765,0.07771326693062747,0.09657345860921576,7.044742790943953,0.035400717542431924,0.00531042010894103,-0.026036099585062235,0.00012760816036916844,0.0,0.00012760816036916844,0.15362431328448717,0.18603609958506223,0.19323861483754384,0.8159084862617181,0.8828570713465765,0.36418333333333336,0.6053877046604503,0.39448468717918045,0.0,0.0,77.02255301551396,89.96755148005148,93.60298267326728,93.28148733975023,2.8576254032433415,2.6034458030143286,2.5696886778708596,0.05335259986420667,31060806.474864587,29629957.338862717,0.032221818593853875,2.1276221880492323,0.6866930195970967,0.6271791556437268,0.0,0.15875696684685234,0.1712110976720456,64.39437407801856,0.14213213287644377,24.69759438310317,0.12601677807973574,,,0.39967871585600195,0.08143955854372573,0.2260679868632841,0.9997499999999999,0.00835,8.333333333333333e-05,0.9899833333333333,0.15022666666666665,0.0,0.0,0.10901831501831502,2749.1904663256532,2916.0134461990197,70.49869084478244,81.00376703508705,0.00014285714285714287,0.14898186614405848,0.7447555555555556,3.221822608412823e-08,0.0,,,0.03361823949252514,0.024364599846576976,0.02125,0.2545441968844184,0.00026609359038287476,6.642813397457619e-05,0.00019967326454619426,0.00019967326454619426,0.0,0.0,0.0,0.25454419687926033,0.7625462656370812,5.890586292395265e-05,0.7035549866702177,0.008576316094624059,0.2877433632382597,6.642813397457619e-05,,,,,,5.890586292395265e-05,0.7035549866702177,0.008576316094624059,0.2877433632382597,6.642813397457619e-05,,,,,,,,,,,
reliability_first,congestion_burst,Intent-PPO-CMDP-NoRisk,Intent-PPO-CMDP-NoRisk,13,1025721121,372372750,535536204,4606dec7f3efe1c94a9c,stochastic,150,300,150-step training / 300-step held-out evaluation,1805977525,1,283.62103929999284,reliability_first,200,0.0,0.8113351339235851,0.7659408340288677,0.0,1.0,0.18866486607641486,0.2340591659711323,0.24857134971638475,37.732973215282975,0.18866486607641486,-0.08602764120061841,-0.10860330806259637,0.00019552277545007422,0.0,0.00019552277545007422,0.24602764120061843,0.26860330806259636,0.27472324852592434,0.7962010374565344,0.8641389899623168,0.35845,0.7611868611547075,0.23861761606984244,0.0,0.0,61.09811200528612,72.57362556561084,76.2368904109589,75.02716350415551,3.584219465932654,3.361539187190958,3.3493005933137665,0.0428102675918287,25348032.04350711,24409825.43958718,0.039455937388441754,2.592125383482814,0.6567071698159045,0.6066273608479276,0.0,0.19912330366292522,0.2134515696573584,58.71103542913351,0.16216614711788252,20.557773943991297,0.09501970006584819,,,0.2924736591925148,0.19215754769168775,0.28476726259579044,0.9994333333333333,0.06578333333333333,0.00011666666666666667,0.9930500000000001,0.14942916666666664,0.0,0.0,0.10945054945054945,3575.1375134924297,3589.1097480158514,51.8627575623944,65.86306474445215,0.00014285714285714287,0.2516094005134281,0.7176326388888888,3.9470273057324106e-08,0.0,,,0.01471747127973367,0.01070453885490752,0.0027,0.330846590077341,0.00039423940176284755,0.00010069098654522615,0.0003313447042076458,0.0003313447042076458,0.0,0.0,0.0,0.3308465900978622,0.9911278075514539,0.00032668714972255536,0.06267383288995515,0.06592754730066396,0.870971241673113,0.00010069098654522615,,,,,,0.00032668714972255536,0.06267383288995515,0.06592754730066396,0.870971241673113,0.00010069098654522615,,,,,,,,,,,
reliability_first,congestion_burst,Intent-PPO-CMDP,Intent-PPO-CMDP,13,1025721121,372372750,535536204,09d0d30da2ff448dad2f,stochastic,150,300,150-step training / 300-step held-out evaluation,1805977525,1,309.3859143999871,reliability_first,200,0.0,0.8141771753483923,0.7662641408884682,0.01,1.0,0.18582282465160788,0.23373585911153164,0.2524036769966721,37.164564930321575,0.18582282465160788,-0.08165357809655255,-0.10445480631276902,0.021530355959453535,0.028735632183908046,0.029292209744198393,0.24165357809655255,0.264454806312769,0.2736877540833019,0.8236277284769632,0.8915021275431732,0.37048333333333333,0.7402018756874381,0.23826776835310817,0.0,0.0,63.65555475006723,75.30719747340424,79.87445675130239,78.40293678307215,3.539018647491894,3.314592765619386,3.305894399788058,0.04146173916208025,25558994.23180378,24432225.133755323,0.03913501381739274,2.644879585475976,0.6461628109573606,0.6038364306083028,0.0,0.196612147082883,0.21084130182206465,62.200607713625814,0.15485127312467586,20.011558856135007,0.0924854731303008,,,0.3831548491296243,0.18500529000882288,0.27988041196038743,0.9863666666666666,0.07131666666666667,0.013483333333333332,0.9918833333333333,0.14938083333333332,0.7005333333333335,0.049135,0.14211721611721612,3527.7081829634735,3545.1088976225815,55.18609006987406,67.87974319642971,0.021238095238095236,0.24858299625242164,0.7009486111111112,3.9150070423646916e-08,0.0,,,0.015276181644752253,0.011067422530765704,0.00055,0.3036215918257579,0.6354539291966836,0.22323426530318868,0.4190250825446673,0.6223433072968462,0.20981215780863033,0.20331822475217884,0.2091166666666667,0.2982371775905825,0.893438738081761,0.0001921553559871236,0.08905982702287123,0.07368726519990902,0.8235687370369456,0.013492015384287155,,,,,,0.0001921553559871236,0.08905982702287123,0.07368726519990902,0.8235687370369456,0.013492015384287155,,,,,,,,,,,
reliability_first,congestion_burst,Intent-PPO-CMDP-FullPolicy-NoShield,Intent-PPO-CMDP,13,1025721121,372372750,535536204,09d0d30da2ff448dad2f,stochastic,150,300,150-step training / 300-step held-out evaluation,1805977525,1,309.3859143999871,reliability_first,200,0.0,0.5553530299882111,0.47832264298011057,0.0,1.0,2.5202836627204714,3.2915200614793876,3.4789422753792962,504.0567325440943,2.5202836627204714,-0.3605052272236133,-0.4804081632653061,0.3905052272236132,0.510408163265306,0.5358733268489162,0.2594132237919602,0.29147141683814504,0.2994944669865849,0.8496523171953794,0.9260957441984127,0.4026666666666667,0.49581286735504493,0.11368190542134173,0.0,0.0,48.75202059837982,61.9402722323049,64.42416383616381,64.58574386740926,2.4427474730817176,1.9315555106233389,1.9374903792299345,0.12277779884394291,24234621.778206605,22846697.945200242,0.04121748039916552,1.4725630128586007,0.5753457636018434,0.5075971894757094,0.001115081261947151,0.13570819294898429,0.1644366913403863,10.88469404086747,1.368512901834745,20.011558856135007,0.0924854731303008,,,0.6463893701554135,2.6716035020425775,3.3766897947992107,0.7559666666666667,0.06926666666666667,0.24025,0.9740833333333333,0.159945,0.0,0.0,0.18803663003663004,2410.137587469601,2460.3066422574725,36.543271177286606,54.47676799543062,0.24347619047619048,0.25778433633135817,0.47546041666666666,4.1307779133494206e-08,0.0,,,0.01617218182610952,0.011704407754699062,0.00046666666666666666,0.3354263356687396,0.68978047037132,0.24029615197808546,0.468443571164225,0.468443571164225,0.0,0.0,0.0,0.33542633546650735,1.0048474985569638,0.004128436762672265,0.08165664134382214,0.07045827394729112,0.603460495968129,0.24029615197808546,,,,,,0.004128436762672265,0.08165664134382214,0.07045827394729112,0.603460495968129,0.24029615197808546,,,,,,,,,,,
reliability_first,congestion_burst,MaxWeight,MaxWeight,14,1103526060,1905340783,1121976478,,stochastic,150,300,150-step training / 300-step held-out evaluation,1459840339,0,1.090002479031682e-05,reliability_first,200,0.0,0.9121904958935961,0.8879195016866988,0.835,1.0,0.08780950410640376,0.11208049831330129,0.12859891850983976,17.56190082128075,0.08780950410640376,0.02346343014055665,-0.005712851405622491,0.0,0.0,0.0,0.12396423939498781,0.16571285140562247,0.17638419275120712,0.8556219871205414,0.9022763454514591,0.3878666666666667,0.40923427845755783,0.5907657215424422,0.0,0.0,74.75232678641602,84.90251282051281,90.13155923344947,88.35246041238008,2.1732502398568267,1.9838472379378898,1.9632349957812554,0.06240045751406016,20781517.044920683,19469791.191742975,0.04811358180879138,2.344894971779819,0.5183578644143852,0.467794995619122,0.005111625667889923,0.12073612443649036,0.1343539290482587,-1.3099997596206483,11.863299929591657,,,,,0.14717452500557202,0.07792376050934291,0.23665668607837445,1.0,0.9336500000000001,0.0,0.94625,0.09191416666666667,0.0,0.0,0.183010989010989,1820.628089784058,2363.123705280624,73.48539391723291,75.47174162433576,0.0,0.12826475851182007,0.8530534722222223,4.819430545808562e-08,0.0,,,,,,,,,,,,,,,,,,,,,,,,,,,,,,,,,,,,,,,,,
reliability_first,congestion_burst,PPO,PPO,14,1103526060,1905340783,1823775964,0a65909e93fb2c778ea0,stochastic,150,300,150-step training / 300-step held-out evaluation,1459840339,1,272.0849051999976,reliability_first,200,0.0,0.8462256532025347,0.7854445577546638,0.055,1.0,0.15377434679746524,0.21455544224533613,0.22588043289077353,30.75486935949305,0.15377434679746524,-0.06758016378549264,-0.09576439232409382,0.0007098905224005961,0.0056179775280898875,0.006197882434583296,0.22758016378549265,0.2557643923240938,0.2628806723878687,0.8043638595501912,0.8674162022012615,0.36308333333333337,0.6768222720232575,0.322467837454342,0.0,0.0,67.62121893553272,80.33144339279212,84.67924812030074,83.29085228070237,3.1915631130429323,2.9620711606594097,2.94354880649223,0.04545303114777357,27302510.59988087,26259405.42148793,0.036632397199975596,2.371772484113145,0.6676353721802964,0.6107518178486119,0.0,0.17730906183571846,0.1919194172064114,50.69294892523905,0.21707675168993193,23.652352605943808,0.12485441088712515,,,0.516542369222769,0.1771969947972599,0.291828092004152,0.9993833333333333,0.27745,0.00043333333333333337,0.9944666666666667,0.14905166666666667,0.0,0.0,0.11567765567765566,3044.6734197813266,3270.657563260719,60.50629108195117,71.1668494281323,0.00042857142857142855,0.22992319174725298,0.717798611111111,3.6649649335942403e-08,0.0,,,0.03513592987880197,0.015879273463101435,0.0,0.4410593435593833,0.0016973669065336267,0.0004331803429627088,0.001272059583891899,0.001272059583891899,0.0,0.0,0.0,0.4410593435503756,1.3212957100263976,0.00023393808445367717,0.07470515683979499,0.2769291802281554,0.6476985445046333,0.0004331803429627088,,,,,,0.00023393808445367717,0.07470515683979499,0.2769291802281554,0.6476985445046333,0.0004331803429627088,,,,,,,,,,,
reliability_first,congestion_burst,PPO-Lagrangian,PPO-Lagrangian,14,1103526060,1905340783,1823775964,337f5a10e02765106fee,stochastic,150,300,150-step training / 300-step held-out evaluation,1459840339,1,284.58887489995686,reliability_first,200,0.0,0.9628656292483257,0.9243149355849648,0.985,1.0,0.03713437075167428,0.07568506441503514,0.09818815255546079,7.426874150334855,0.03713437075167428,0.0056159240702454835,-0.02737499999999999,0.00037824297932132183,0.00510204081632653,0.005987627897186276,0.153291948802796,0.18737499999999999,0.1958945370019843,0.8132343361421666,0.8653181238169264,0.36778333333333335,0.5881497840711731,0.4114719729495056,0.0,0.0,78.38567091827747,91.45663691214149,97.89388598682716,95.794258446435,2.8246613662548588,2.5973663601551578,2.5782803454669705,0.04872547470777468,34721903.76570321,33136602.23513197,0.028813106684606894,1.9138787123400454,0.6796984707422983,0.6274908306962353,0.0,0.15692563145860328,0.1690791653189902,64.01140505305675,0.15524318458451977,25.096186255169417,0.13391219218785813,,,0.4306527782510722,0.10664257975252901,0.2828775242273574,0.9993500000000001,0.03181666666666667,0.0002333333333333333,0.9946333333333334,0.15147416666666666,0.0,0.0,0.19076923076923077,2632.0701530404785,2928.3643272164504,73.27607465578878,81.81657165651191,0.00019047619047619048,0.1416294896598329,0.7486027777777778,2.8821505325866422e-08,0.0,,,0.01392090062103683,0.00952058129825564,0.009033333333333332,0.3262782351979661,0.0008064432627197072,0.00018851521313814217,0.0006180443975406136,0.0006180443975406136,0.0,0.0,0.0,0.32627823519516147,0.9774422393323846,0.0004487723361298886,0.7167213363084827,0.03183208273098451,0.2508092934112648,0.00018851521313814217,,,,,,0.0004487723361298886,0.7167213363084827,0.03183208273098451,0.2508092934112648,0.00018851521313814217,,,,,,,,,,,
reliability_first,congestion_burst,PPO_CMDP,PPO_CMDP,14,1103526060,1905340783,1823775964,dadb88684cb84768bf3a,stochastic,150,300,150-step training / 300-step held-out evaluation,1459840339,1,264.74071779998485,reliability_first,200,0.0,0.8021273833798364,0.7536029993775161,0.0,1.0,0.19787261662016356,0.2463970006224838,0.2594946450428157,39.57452332403271,0.19787261662016356,-0.09348548916697828,-0.11949602012737297,0.00018520815681473448,0.0,0.00018520815681473448,0.2534854891669783,0.27949602012737296,0.28298565559210254,0.7663063186864576,0.8413260368392322,0.3502166666666666,0.7583963610643625,0.24141843077882277,0.0,0.0,57.6968886708093,67.89133372502938,73.99019298412395,71.87616738499736,3.550581120851622,3.3287189593873108,3.296915129579024,0.042627920238796135,28819423.352738086,27693916.278508235,0.03470024968894569,2.132581749954311,0.6783023957891575,0.6312002882494929,0.0,0.19725450671397893,0.21071714441294445,60.769618216832775,0.16607723791134515,22.64835715577434,0.12212274123169051,,,0.2652952270019903,0.20679607736345956,0.3038536741899959,0.9951333333333333,0.022949999999999998,0.00011666666666666667,0.9950666666666667,0.15157999999999996,0.0,0.0,0.07301098901098901,3466.702366818333,3595.746603792623,48.483887157993586,62.57727834879,0.00014285714285714287,0.2560144565587209,0.6682513888888889,3.471421227351688e-08,0.0,,,0.036215881070630694,0.010733301526575034,0.0,0.39104067180066837,0.0006254639142347601,0.0001549601458833865,0.000644529959401518,0.000644529959401518,0.0,0.0,0.0,0.3910406718074108,1.1714531608056946,0.0051143803167235154,0.08531392411173502,0.022980723644100393,0.8864360117815576,0.0001549601458833865,,,,,,0.0051143803167235154,0.08531392411173502,0.022980723644100393,0.8864360117815576,0.0001549601458833865,,,,,,,,,,,
reliability_first,congestion_burst,Intent-PPO-CMDP-NoRisk,Intent-PPO-CMDP-NoRisk,14,1103526060,1905340783,1823775964,72924e27f6df7ecb428f,stochastic,150,300,150-step training / 300-step held-out evaluation,1459840339,1,270.7660398000153,reliability_first,200,0.0,0.7918473118617162,0.7404258101839304,0.0,1.0,0.20815268813828375,0.25957418981606944,0.27132120410271005,41.63053762765675,0.20815268813828375,-0.09781137062377944,-0.12220941754265034,0.00040936677437316036,0.0050583964646464625,0.006256093380628475,0.25781137062377946,0.28220941754265033,0.2901152636083898,0.7701170238929244,0.8486282682683859,0.3479,0.7585218378102789,0.24106879541534787,0.0,0.0,57.93520541262729,68.96343866578889,73.05079716312055,72.33169455716678,3.57580219190715,3.315720593025614,3.3050154112841845,0.04214287405407732,28315625.56725113,27380176.612948183,0.03531766413404109,2.1949734136090226,0.6636083104293323,0.6154618347651389,0.0,0.198655677328175,0.21231238483209394,58.9779009067306,0.16765572027938797,19.81193184534525,0.10929278837178003,,,0.25955543754115185,0.22646486060616453,0.33441228339397144,0.9993666666666666,0.06125,0.00025,0.99505,0.15250083333333334,0.0,0.0,0.07368498168498169,3452.0048630131305,3642.4622920808533,48.50159707017815,62.669920328180616,0.00023809523809523812,0.2607326066207879,0.6770013888888888,3.5332076303207956e-08,0.0,,,0.09998388944712402,0.024765796036805877,0.08495,0.4399398020892599,0.0008985359254413597,0.0002296302982735215,0.0014947681733715286,0.0014947681733715286,0.0,0.0,0.0,0.43993980208277933,1.3179418635203377,0.00034622359892748497,0.0473030865439863,0.060599117390525585,0.8915219421682872,0.0002296302982735215,,,,,,0.00034622359892748497,0.0473030865439863,0.060599117390525585,0.8915219421682872,0.0002296302982735215,,,,,,,,,,,
reliability_first,congestion_burst,Intent-PPO-CMDP,Intent-PPO-CMDP,14,1103526060,1905340783,1823775964,fd2a9bdca11bd34bca64,stochastic,150,300,150-step training / 300-step held-out evaluation,1459840339,1,319.06714920001104,reliability_first,200,0.0,0.9108072473186365,0.8520459718423883,0.63,1.0,0.08919275268136329,0.14795402815761163,0.16028189191512582,17.838550536272656,0.08919275268136329,-0.029727517736486013,-0.05965170527670527,0.022446112794471295,0.02804000840071406,0.02843231017867192,0.18964105761960157,0.21965170527670527,0.22521999937459114,0.8471313448983662,0.9038633763418812,0.3792999999999999,0.6402638889895038,0.33728999821602473,0.0,0.0,78.24847415859286,90.38233761026463,97.45577262309882,94.57189233354576,3.132922661996225,2.885819398819703,2.879526529046204,0.044564916261944566,31733408.56767319,30314078.45677286,0.03152178542152882,2.31823583511932,0.6423205980494405,0.5978915085895882,0.0,0.1740512589997903,0.18713059587886083,66.06506364543304,0.14538591083969682,20.810805294328347,0.10421381477258052,,,0.6250731021345142,0.1230685564623493,0.30496598626691435,0.9853166666666665,0.09698333333333334,0.014049999999999998,0.9942,0.14480749999999998,0.7040833333333333,0.049710000000000004,0.1455311355311355,3058.4343211232945,3173.031768620112,73.59782726517979,80.58522614163805,0.01961904761904762,0.18802895714197213,0.763979861111111,3.153513449396399e-08,0.0,,,0.02026234064682918,0.01469037710855868,0.013616666666666666,0.45144238681992976,0.6644335304855968,0.22027350235727605,0.45544701177165,0.6518189042077027,0.20652743436724832,0.19637189243605285,0.20625,0.4616144917732772,1.3828734309454298,0.000677812321020008,0.4607617055842402,0.0972748396448454,0.4271483935512409,0.014137248898653487,,,,,,0.000677812321020008,0.4607617055842402,0.0972748396448454,0.4271483935512409,0.014137248898653487,,,,,,,,,,,
reliability_first,congestion_burst,Intent-PPO-CMDP-FullPolicy-NoShield,Intent-PPO-CMDP,14,1103526060,1905340783,1823775964,fd2a9bdca11bd34bca64,stochastic,150,300,150-step training / 300-step held-out evaluation,1459840339,1,319.06714920001104,reliability_first,200,0.0,0.6243710888439792,0.549315862250047,0.0,1.0,2.8439497212236655,3.39776153074988,3.536276079647127,568.7899442447331,2.8439497212236655,-0.42303262129538644,-0.5074058332484984,0.45303262129538646,0.5374058332484984,0.556353563772882,0.2065701348252405,0.23987199855473668,0.24558863481484,0.8709035292766986,0.9249567619825646,0.4089,0.4029843428052885,0.14398303589932498,0.0,0.0,56.48391615470473,72.03569644431383,77.77687368421051,75.48267882109812,2.0693884132288924,1.8114520360842243,1.7738684315895548,0.08185686505596243,29697363.449438125,27687610.97776761,0.03368742912508486,1.1812883918556696,0.5693311946069478,0.48432626160192926,0.002213565723186107,0.11496602295716066,0.1295531259403789,0.7920424465359491,14.280801963584862,20.810805294328347,0.10421381477258052,,,0.8034822749100781,2.2746468445490775,3.039943028699323,0.7141333333333334,0.08221666666666667,0.28378333333333333,0.9787166666666667,0.13719666666666666,0.0,0.0,0.1803956043956044,2018.419513987191,2096.833205128269,47.503522098371974,60.406810270584266,0.2868571428571428,0.20763922194747553,0.5597826388888889,3.372685514901869e-08,0.0,,,0.02225171634644466,0.016978006302978476,0.013916666666666666,0.4636587620418794,0.6472722857369666,0.2839913891247241,0.3792124949608632,0.3792124949608632,0.0,0.0,0.0,0.4636587619737588,1.3889975171608773,0.0022957373093058842,0.3250966501815493,0.0819086414355233,0.30670758194889747,0.2839913891247241,,,,,,0.0022957373093058842,0.3250966501815493,0.0819086414355233,0.30670758194889747,0.2839913891247241,,,,,,,,,,,
reliability_first,congestion_burst,MaxWeight,MaxWeight,15,1481178426,1997781942,571129856,,stochastic,150,300,150-step training / 300-step held-out evaluation,437302725,0,1.5400000847876072e-05,reliability_first,200,0.025,0.9436919301119864,0.9107202221332656,0.975,0.975,0.056308069888013686,0.08927977786673433,0.11027127912099903,11.261613977602737,0.05775186655180891,0.007998564570580163,-0.03805286671630676,0.0,0.0,0.0,0.14856707814722514,0.19805286671630676,0.2086713303410051,0.7956311345928881,0.8957008112643156,0.3625333333333333,0.5236885299770434,0.47631147002295665,0.0,0.0,59.67908349457015,75.1128735357399,77.06214080803248,77.19905196536085,2.634375761567955,2.3280780172659146,2.3121208221211598,0.11310413759101341,20588693.679348394,18820287.617609568,0.048478610227914894,2.286500404916292,0.5493192496650545,0.48910764603367757,0.0013581356333512713,0.14635420897599746,0.17935029010234183,25.21573345460364,1.4083685251640634,,,,,0.2364932641477568,0.07065074500431814,0.23797765198031995,0.9995833333333334,0.8533333333333333,0.0,0.9592333333333335,0.10077166666666666,0.0,0.0,0.24546520146520145,2321.712873471604,2802.732701312147,54.890141740951655,62.601522483870646,0.0,0.14119919872525163,0.7867638888888888,4.8858180212023204e-08,0.0,,,,,,,,,,,,,,,,,,,,,,,,,,,,,,,,,,,,,,,,,
reliability_first,congestion_burst,PPO,PPO,15,1481178426,1997781942,1596015111,461e22a59e6f436fac36,stochastic,150,300,150-step training / 300-step held-out evaluation,437302725,1,258.87767640000675,reliability_first,200,0.015,0.9726895613915881,0.9262856265043204,1.0,0.985,0.02731043860841169,0.07371437349567952,0.08264335397956706,5.462087721682337,0.027726333612600698,0.005444204369851491,-0.026144875408679085,0.0004130880269438313,0.005025125628140704,0.005723489997969401,0.15391427690154633,0.18614487540867908,0.1917356058793747,0.801790651235621,0.8572207892908329,0.3604833333333333,0.6990824375564543,0.3005044744166019,0.0,0.0,73.13358654924778,83.3292818181818,87.53966403162052,86.71329372264744,3.3486522876608675,3.0567339303272028,3.038237905859552,0.0493305528978505,33255982.76439863,32143217.750629168,0.030078209458010433,2.2098365914155407,0.6581912251767241,0.6084226604952778,0.0,0.18603623820338153,0.200916686315291,88.86020506627133,0.10642031518262374,26.33215643894737,0.15276361776873223,,,0.4825641388160672,0.05263702825627572,0.2771992423703376,0.9995833333333333,0.05140000000000001,0.0002666666666666667,0.9889166666666667,0.1369675,0.0,0.0,0.11599267399267399,3301.592343832663,3373.992257414518,66.91591029335176,75.40676026560713,0.00019047619047619048,0.15968555490962447,0.754504861111111,3.008176160523422e-08,0.0,,,0.02284989351141352,0.022261696604756978,6.666666666666667e-05,0.28123543375447974,0.0010723892543926014,0.0002255377934670839,0.0008470014910944859,0.0008470014910944859,0.0,0.0,0.0,0.2812354337450929,0.84250606533713,0.00020962460607247915,0.6708108171791847,0.05038528716696405,0.2783687332543117,0.0002255377934670839,,,,,,0.00020962460607247915,0.6708108171791847,0.05038528716696405,0.2783687332543117,0.0002255377934670839,,,,,,,,,,,
reliability_first,congestion_burst,PPO-Lagrangian,PPO-Lagrangian,15,1481178426,1997781942,1596015111,c54dc7a9b9a68be549b7,stochastic,150,300,150-step training / 300-step held-out evaluation,437302725,1,254.7300168000511,reliability_first,200,0.005,0.9672418096642994,0.9416779275651941,0.99,0.995,0.03275819033570056,0.05832207243480592,0.07570235833903705,6.551638067140111,0.032922804357488,0.02803453110609106,0.01759444683936199,0.00022144687469185007,0.0,0.00022144687469185007,0.09232596985117031,0.14240555316063802,0.15814542889631703,0.795415910304703,0.8516134058508381,0.35724999999999996,0.5433630890371113,0.45641546408819694,0.0,0.0,84.05584423327926,96.29687387387386,101.78587058823528,100.0392698589141,2.541946756445506,2.217129863474039,2.2118789574341626,0.07544042035492543,36914634.09695424,34482608.75413726,0.02707446633538285,1.7354636585351224,0.7247589875388358,0.6522212490772189,0.0,0.14121926424697254,0.15810093467224764,63.407424672548274,0.22014650358202462,24.756392627491348,0.26861411613873526,,,0.13675146365222413,0.060418351891317224,0.25184063806190715,0.9995999999999999,0.013066666666666666,0.0001333333333333333,0.9728666666666667,0.12689833333333334,0.0,0.0,0.049289377289377295,2267.150320536142,2689.9140680890105,79.1530751111791,85.64343759633168,9.523809523809524e-05,0.0994881996040956,0.7301534722222222,2.712250305028161e-08,0.0,,,0.009817345194803323,0.008378217601819081,0.0,0.10385041558090266,0.0005594238267278358,0.0001966873109051865,0.0003628065083983108,0.0003628065083983108,0.0,0.0,0.0,0.10385041559055981,0.3111080416066345,0.00028682899771235125,0.9516277589821428,0.012666592455139725,0.035222132254099946,0.0001966873109051865,,,,,,0.00028682899771235125,0.9516277589821428,0.012666592455139725,0.035222132254099946,0.0001966873109051865,,,,,,,,,,,
reliability_first,congestion_burst,PPO_CMDP,PPO_CMDP,15,1481178426,1997781942,1596015111,fc83225982e20e56ecdd,stochastic,150,300,150-step training / 300-step held-out evaluation,437302725,1,273.55554740002844,reliability_first,200,0.0,0.9779330265639152,0.9646134523851915,1.0,1.0,0.0220669734360849,0.035386547614808486,0.051822844070071906,4.4133946872169805,0.0220669734360849,0.021912398637743243,-0.0019254356670107475,0.00030128031564301895,0.00023809523809515692,0.0060256063128603776,0.1304987927687522,0.16192543566701073,0.17313698897458793,0.8086965016507531,0.865006832810437,0.363,0.6443579555734279,0.3553407641109292,0.0,0.0,84.98018839250483,95.35013235656243,101.20052669902911,99.1455101758555,3.071641607219801,2.720613541633152,2.695036826179069,0.06333511501653517,35260521.11117805,33975247.31084758,0.028365045702150066,2.221227152229193,0.6769504896820357,0.6211863709021985,0.0,0.1706467559566556,0.18968488406902773,78.63070163007313,0.13541044309814287,24.33002335679956,0.14834496728010554,,,0.3202516155281575,0.05454682286128711,0.26623114194236847,0.9997166666666666,0.010883333333333333,0.00018333333333333334,0.9726333333333333,0.13070166666666666,0.0,0.0,0.09061538461538461,2888.5415653939895,3170.2339374337007,81.88700994035777,84.4151550542149,0.00023809523809523812,0.13292030811300062,0.7632409722222222,2.8374296313122056e-08,0.0,,,0.014397969212916122,0.01115979616678193,6.666666666666667e-05,0.2309321926043849,0.0007728898723779439,0.00023458656006693256,0.0005384138686030559,0.0005384138686030559,0.0,0.0,0.0,0.23093219261691417,0.6918110224250763,0.00011695591234419312,0.8177154333400726,0.011333996164876238,0.17059902802264001,0.00023458656006693256,,,,,,0.00011695591234419312,0.8177154333400726,0.011333996164876238,0.17059902802264001,0.00023458656006693256,,,,,,,,,,,
reliability_first,congestion_burst,Intent-PPO-CMDP-NoRisk,Intent-PPO-CMDP-NoRisk,15,1481178426,1997781942,1596015111,8c806f3e428ad93e5ba2,stochastic,150,300,150-step training / 300-step held-out evaluation,437302725,1,275.68097020004643,reliability_first,200,0.0,0.958783906034957,0.9280328429774095,0.985,1.0,0.041216093965042944,0.07196715702259053,0.09347116444299905,8.24321879300859,0.041216093965042944,0.024986644254664174,0.0027175384125467826,0.0001384966243571275,0.0,0.0001384966243571275,0.10626420948594115,0.1572824615874532,0.17163548348923705,0.8047339345726856,0.866208523815625,0.35946666666666666,0.5229924389356806,0.47686906443996224,0.0,0.0,84.11305096972984,95.17439324116744,98.47067426970789,98.03178230580758,2.440304068264781,2.1502105219281455,2.1428518612809326,0.07906632457483034,36345106.22795683,33133953.804852005,0.027500340007359052,1.6934276560417025,0.708211558533408,0.6281173079550134,0.0,0.13557244823693226,0.15585792453326008,54.405168579174436,0.2655553031490528,22.58964125611793,0.13652253146101623,,,0.095114056798763,0.06416805623553574,0.2593080600998821,0.9998666666666667,0.004783333333333334,8.333333333333333e-05,0.9692166666666668,0.12258083333333333,0.0,0.0,0.03995604395604396,2170.4612098520524,2585.6040689485585,79.95397900788377,85.44458579631352,9.523809523809524e-05,0.11564617164596352,0.7395888888888887,2.758085718470444e-08,0.0,,,0.006212152362146943,0.00534570843173487,0.0,0.06961916939470654,0.0001981802599443942,6.424535352288447e-05,0.00013394043477390385,0.00013394043477390385,0.0,0.0,0.0,0.06961916938976934,0.20856039259895406,8.466820629121227e-05,0.9686383743295442,0.004666222914798644,0.026546489195842987,6.424535352288447e-05,,,,,,8.466820629121227e-05,0.9686383743295442,0.004666222914798644,0.026546489195842987,6.424535352288447e-05,,,,,,,,,,,
reliability_first,congestion_burst,Intent-PPO-CMDP,Intent-PPO-CMDP,15,1481178426,1997781942,1596015111,618554fca77aa7604c32,stochastic,150,300,150-step training / 300-step held-out evaluation,437302725,1,332.33217309997417,reliability_first,200,0.0,0.9725210092849242,0.9497698618356293,1.0,1.0,0.027478990715075615,0.05023013816437073,0.058870550506709904,5.495798143015123,0.027478990715075615,0.02510651477943707,0.015586434291097505,0.004233816468259964,0.011560693641618497,0.015168107938541025,0.09351163864519137,0.13508425871809857,0.14509320393080313,0.7999824575919606,0.8540518415801808,0.35775,0.5690047884646201,0.4267613950671199,0.0,0.0,83.95790271789524,94.97935779816514,97.36873283395754,96.80137011758247,2.673594586549633,2.3278867372442447,2.295768193795026,0.07236030085778351,36730946.44762522,34821411.14759415,0.027220590659666935,1.8330568485802565,0.7107592717470222,0.6268845563540529,0.0,0.1485330325860907,0.16349451610846719,69.97693095685835,0.1831422774929797,22.031113531673586,0.13650993732566244,,,0.19249909849903077,0.05538208827019856,0.24045344851905356,0.9972,0.01721666666666667,0.00265,0.9753000000000001,0.12932916666666666,0.7853333333333333,0.06651916666666667,0.07031501831501831,2428.9274654366363,2805.338420995093,78.9675903545419,85.5936767136129,0.004333333333333334,0.10252647976916456,0.7316444444444444,2.7249982093723408e-08,0.0,,,0.02485139958879204,0.022396393237702945,0.0,0.17762664121100338,0.07276757042606113,0.026543409325488026,0.04670860479684543,0.07046158624669437,0.024205761487702225,0.023752981449848942,0.025050000000000003,0.1460942041070103,0.4376591222225548,0.00010305706115455615,0.9261177069520582,0.01697021418311857,0.05445204331647247,0.002356978487196228,,,,,,0.00010305706115455615,0.9261177069520582,0.01697021418311857,0.05445204331647247,0.002356978487196228,,,,,,,,,,,
reliability_first,congestion_burst,Intent-PPO-CMDP-FullPolicy-NoShield,Intent-PPO-CMDP,15,1481178426,1997781942,1596015111,618554fca77aa7604c32,stochastic,150,300,150-step training / 300-step held-out evaluation,437302725,1,332.33217309997417,reliability_first,200,0.0,0.8851978267828998,0.7694550757747419,0.455,1.0,0.12105150035343243,0.2748212548783558,0.3131069730394738,24.210300070686486,0.12105150035343243,-0.012617939896800904,-0.038439153439153446,0.042515527444380474,0.06843915343915344,0.07463924878099822,0.09642365904511081,0.1429017857142857,0.16022767974926855,0.8033608451480516,0.8655822414351844,0.3596333333333333,0.5468539000276837,0.4106305725279357,0.0,0.0,82.56031035981805,96.44746545929797,101.0067832050853,99.68930843407111,2.583345839776649,2.269320067813077,2.2423361395515697,0.07460795050377086,36560493.76999256,34566603.041709095,0.027346380813974402,1.7497458784306115,0.7100968918183608,0.6461256193818495,0.0,0.1435192133209249,0.16072178730911812,62.82452807310102,0.19509203321043292,22.031113531673586,0.13650993732566244,,,0.2533434072383083,0.12021212419757746,0.3187047973140143,0.9734333333333334,0.016583333333333332,0.0265,0.9755666666666667,0.12927833333333333,0.0,0.0,0.08136263736263735,2345.302847027562,2711.522835872311,76.864083105138,84.41845487671507,0.02814285714285714,0.10187318969861035,0.7226020833333334,2.737899206186154e-08,0.0,,,0.024854585016204654,0.022402091387991915,0.0,0.17771464495194422,0.07265980851208155,0.026811393929217057,0.04633254374099735,0.04633254374099735,0.0,0.0,0.0,0.17771464495070005,0.5323854973620009,0.00010035895458524363,0.9036651808028947,0.016503481607979372,0.052919584705323715,0.026811393929217057,,,,,,0.00010035895458524363,0.9036651808028947,0.016503481607979372,0.052919584705323715,0.026811393929217057,,,,,,,,,,,
reliability_first,mixed_stress,MaxWeight,MaxWeight,11,471540437,1073362871,436711722,,stochastic,150,300,150-step training / 300-step held-out evaluation,945565844,0,1.2699980288743973e-05,reliability_first,200,0.0,0.8314432816936267,0.7606161643724536,0.0,1.0,0.1685567183063732,0.2393838356275463,0.2683443958276417,33.71134366127464,0.1685567183063732,-0.011319934700676958,-0.048834330342306415,0.0,0.0,0.0,0.17118712739784597,0.20883433034230642,0.21909909991483295,0.9020395316323777,0.9340417228903171,0.42394999999999994,0.3068235971262879,0.6931764028737122,0.0,0.0,88.63071118198182,102.17298773690078,103.46750856164381,104.56325055054234,1.7778245039150717,1.6094972681642816,1.6050164525673793,0.05768391581570113,18773743.495176326,17656271.91153169,0.05328010228594087,2.5186013197718418,0.4950753372978604,0.4453532762349711,0.014999331671234494,0.09876802799528177,0.1090986856563403,14.869955200780884,0.7999320872162734,,,,,0.12544193283005656,0.14491119782338863,0.28190645520774543,1.0,0.9483,0.0,0.9616,0.09462416666666666,0.0,0.0,0.15263003663003663,1152.235593372482,2114.6800711303117,94.40124056449656,87.13340860830104,0.0,0.29016694576562463,0.8559020833333334,5.333418244295264e-08,0.0,,,,,,,,,,,,,,,,,,,,,,,,,,,,,,,,,,,,,,,,,
reliability_first,mixed_stress,PPO,PPO,11,471540437,1073362871,1897045420,b9c1e1a3273f0ff06c77,stochastic,150,300,150-step training / 300-step held-out evaluation,945565844,1,259.96485530002974,reliability_first,200,0.0,0.8773219819673516,0.797410961835572,0.315,1.0,0.12267801803264847,0.20258903816442791,0.23282021578810697,24.535603606529694,0.12267801803264847,-0.02611397726852759,-0.06340678243774575,4.645998620213867e-05,0.0,4.645998620213867e-05,0.18610617910339003,0.2234067824377457,0.2355013249312071,0.8713869641308482,0.9198712444742944,0.41186666666666666,0.4600886627068405,0.5398648773069573,0.0,0.0,103.48138461901075,116.45169580787865,122.91574257425741,120.79737921114074,2.465797073282608,2.225141030353578,2.191933077338466,0.0655356417705213,33116903.00820206,31837068.14551074,0.03020932746524409,2.3125007139842917,0.6718996039136441,0.6108741384072355,0.0,0.13698872629347825,0.15200560797172197,76.40077889059225,0.15060212798666425,21.571008575666486,0.12208589956735064,,,0.34427682210777005,0.12701571586209243,0.2828925579886527,0.9999333333333333,0.00395,3.3333333333333335e-05,0.9850833333333333,0.14761416666666666,0.0,0.0,0.09494505494505495,1868.4268093878002,2787.457984610583,103.01282384781996,101.83537771455896,0.0,0.28537692558160244,0.7841944444444445,3.0211224651700006e-08,0.0,,,0.009704780592987666,0.008953989351714537,0.0003166666666666667,0.1836083220580645,6.77721262879531e-05,2.24940163988478e-05,4.527884805404206e-05,4.527884805404206e-05,0.0,0.0,0.0,0.18360832204851227,0.5500413760538231,3.283243422589e-05,0.7710700915752411,0.0036714007498966066,0.22520318122423752,2.24940163988478e-05,,,,,,3.283243422589e-05,0.7710700915752411,0.0036714007498966066,0.22520318122423752,2.24940163988478e-05,,,,,,,,,,,
reliability_first,mixed_stress,PPO-Lagrangian,PPO-Lagrangian,11,471540437,1073362871,1897045420,97597eec01eed730a745,stochastic,150,300,150-step training / 300-step held-out evaluation,945565844,1,273.0232358999783,reliability_first,200,0.0,0.8879607207267679,0.8332583978554362,0.27,1.0,0.11203927927323198,0.16674160214456368,0.19117929378102264,22.407855854646396,0.11203927927323198,0.01973585393882099,-0.01778225806451612,2.403846153846154e-05,0.0,2.403846153846154e-05,0.11936371039137807,0.17778225806451609,0.19287823113096614,0.8778385028072134,0.9264212672928271,0.41441666666666666,0.36911597767540516,0.6308599838630563,0.0,0.0,100.04659479837392,115.41717948717948,118.85070478170476,118.3371957969891,1.9800394345886085,1.75238118677118,1.7458639577766797,0.0672143160223323,34480138.42132624,32464628.639760558,0.02900088501568055,1.7234895615484378,0.6689458906935477,0.5816653065548296,0.0,0.11000219081047824,0.12227005639212196,58.89613854846557,0.22743673723871236,21.24425025650966,0.12137918968135644,,,0.07862514046209759,0.1091426077501463,0.26357762899377596,0.9999833333333333,0.01575,1.6666666666666667e-05,0.9872166666666667,0.14050333333333334,0.0,0.0,0.03818315018315018,1623.886310213917,2171.81419386729,106.04739130500121,97.11738815067201,0.0,0.1723858013527963,0.7884729166666666,2.9040844853244007e-08,0.0,,,0.002807049608841695,0.002485250032035125,0.0,0.0475164202769702,1.8746411074895623e-05,9.591209847575311e-06,9.155348433647379e-06,9.155348433647379e-06,0.0,0.0,0.0,0.04751642027245058,0.14234647373393533,5.771352555615149e-06,0.9754938830140333,0.016480524093129997,0.008010230330433602,9.591209847575311e-06,,,,,,5.771352555615149e-06,0.9754938830140333,0.016480524093129997,0.008010230330433602,9.591209847575311e-06,,,,,,,,,,,
reliability_first,mixed_stress,PPO_CMDP,PPO_CMDP,11,471540437,1073362871,1897045420,3e02143445d692cb208a,stochastic,150,300,150-step training / 300-step held-out evaluation,945565844,1,273.6423236000119,reliability_first,200,0.0,0.7364231886144548,0.6674411632039723,0.0,1.0,0.26357681138554523,0.33255883679602777,0.34841851447098204,52.71536227710905,0.26357681138554523,-0.10624630135979934,-0.13677378093348644,0.00018420714882375064,0.0,0.00018420714882375064,0.2662463013597993,0.29677378093348644,0.3034925904093885,0.8707735933606446,0.9182283488077386,0.4094,0.5243199694158573,0.47549582343531893,0.0,0.0,97.66482617012423,110.7267678438508,117.55109615384613,114.64588200751936,2.822494923327122,2.565302263202515,2.5519909579894104,0.05173269557066144,30238147.219810914,29116337.355631128,0.033076905609931595,2.7353788178928315,0.6383781356717749,0.5903987108414966,0.0,0.15680527351817347,0.16964853291160556,70.61579965254914,0.15598715034740301,16.313100003571034,0.11627297453992139,,,0.4476863943765872,0.21868411947654975,0.3916031657360686,0.9994666666666666,0.005266666666666666,0.00013333333333333334,0.9941166666666668,0.15457749999999998,0.0,0.0,0.20486446886446888,2114.6170782432437,3203.6599168338266,94.79383279649052,96.66353275181737,9.523809523809524e-05,0.39597160896650196,0.7877958333333334,3.308790859715582e-08,0.0,,,0.022288648382456963,0.020891705360702072,0.015550000000000001,0.23746438151325633,0.0003939175367130486,0.00011903404611719668,0.00027491189639119437,0.00027491189639119437,0.0,0.0,0.0,0.23746438153692062,0.7113797115896915,0.0003968104404333378,0.4772842708626278,0.004977703209723289,0.5172221814410983,0.00011903404611719668,,,,,,0.0003968104404333378,0.4772842708626278,0.004977703209723289,0.5172221814410983,0.00011903404611719668,,,,,,,,,,,
reliability_first,mixed_stress,Intent-PPO-CMDP-NoRisk,Intent-PPO-CMDP-NoRisk,11,471540437,1073362871,1897045420,7d2ee40999bb1a6afe16,stochastic,150,300,150-step training / 300-step held-out evaluation,945565844,1,275.69379829999525,reliability_first,200,0.0,0.889705661243313,0.8433873345672055,0.35,1.0,0.11029433875668701,0.1566126654327944,0.19585826358651062,22.058867751337402,0.11029433875668701,0.021666274088250895,-0.016877398610102692,7.444464003329627e-05,0.0,7.444464003329627e-05,0.11522026761393468,0.17687739861010268,0.19126547435330019,0.8776691175484094,0.9204803530299233,0.41275,0.3731756618110097,0.626749893548957,0.0,0.0,99.8074624846382,115.16493902439024,119.09201287793952,117.81575699954385,1.9931648136970659,1.7336159701335245,1.713969666973793,0.07710556728495505,34470910.42875045,32343700.91430759,0.028993294157764412,1.7303144811727953,0.6839108289259173,0.6038865932999464,0.0,0.11073137853872587,0.12412348076407878,62.05222119085654,0.239183508836489,16.737563756692968,0.08358146624495469,,,0.11603695181019083,0.10698549706355154,0.2422982243386471,0.9998833333333335,0.022650000000000007,5e-05,0.9883833333333334,0.14412916666666667,0.0,0.0,0.04873260073260073,1622.404350804743,2192.80506294678,105.82037620891677,96.90763570683455,4.761904761904762e-05,0.16705115774780005,0.7841173611111111,2.9045943747467115e-08,0.0,,,0.005027984224675812,0.0026788544880308246,0.0,0.10404139227335608,0.00016426360033481538,6.386020689522555e-05,0.00010041155310457177,0.00010041155310457177,0.0,0.0,0.0,0.10404139227036235,0.31168015660981524,6.605346433230144e-05,0.961146975034731,0.023510493955015185,0.015212617339026416,6.386020689522555e-05,,,,,,6.605346433230144e-05,0.961146975034731,0.023510493955015185,0.015212617339026416,6.386020689522555e-05,,,,,,,,,,,
reliability_first,mixed_stress,Intent-PPO-CMDP,Intent-PPO-CMDP,11,471540437,1073362871,1897045420,b12c9f3440d9c22ff923,stochastic,150,300,150-step training / 300-step held-out evaluation,945565844,1,319.3185737999738,reliability_first,200,0.0,0.9021529352833935,0.8677226763024436,0.61,1.0,0.09784706471660642,0.1322773236975562,0.16554935040170898,19.569412943321286,0.09784706471660642,0.011272866058720186,-0.013906533281533287,0.011435799519395617,0.023485303606790818,0.02566515218334972,0.13259628941085944,0.17390653328153324,0.18898835732460598,0.8774736831046536,0.9314573138948484,0.41200000000000003,0.39966554633019213,0.5888986541504122,0.0,0.0,98.1085114712022,114.14532019704434,121.56684152604548,118.5603123805287,2.1327364385566714,1.913106267120668,1.881444200741835,0.06486060415121703,33867936.62711917,32131488.69078283,0.029526880284596276,1.8534577625002662,0.6949590980501239,0.6251078277250298,0.0,0.11848535769759287,0.13110211677924866,71.72551525088652,0.14217381417303976,16.570640696124258,0.08030660667850774,,,0.2864676824113742,0.10590077851505711,0.24532393154361215,0.9917,0.03816666666666666,0.008166666666666666,0.9932499999999999,0.15283916666666666,0.6435833333333332,0.04511166666666666,0.08654212454212455,1667.6713766231398,2383.1560872901136,100.98809057305112,96.6438770304936,0.009761904761904762,0.20277728785932933,0.7556020833333335,2.9550719163639566e-08,0.0,,,0.0072324075079688785,0.005916466431153305,0.0005833333333333334,0.24669027557193712,0.38873422126911916,0.11096657061393611,0.2820497569753375,0.3802069005902506,0.10218685199183565,0.09815714361491303,0.10115,0.20516214661483684,0.6146108639256823,9.521172639139391e-05,0.880269789668829,0.03884776405549647,0.07195990028659242,0.008827334262690906,,,,,,9.521172639139391e-05,0.880269789668829,0.03884776405549647,0.07195990028659242,0.008827334262690906,,,,,,,,,,,
reliability_first,mixed_stress,Intent-PPO-CMDP-FullPolicy-NoShield,Intent-PPO-CMDP,11,471540437,1073362871,1897045420,b12c9f3440d9c22ff923,stochastic,150,300,150-step training / 300-step held-out evaluation,945565844,1,319.3185737999738,reliability_first,200,0.0,0.6749672678268103,0.5942166237704378,0.0,1.0,0.797223907733308,1.1769882930887718,1.326483114639307,159.4447815466616,0.797223907733308,-0.10514558007086014,-0.16338796333920266,0.13514558007086014,0.1933879633392026,0.21270142956235732,0.15006595054478805,0.19881825859024552,0.21455245105130166,0.890741336414726,0.9350374323588821,0.4311666666666667,0.337617296813994,0.5272371231151457,0.0,0.0,90.02863095012046,106.48582561728394,114.76932547251604,112.2924072232294,1.8629605970761471,1.6076965829569632,1.570624468885831,0.08805828791088796,32924562.450950686,31306788.45421634,0.030369864396983758,1.5280882025457894,0.6636850995996474,0.5722769069245278,0.0,0.10349781094867484,0.11778795586261481,51.706079221173425,0.2685730127632203,16.570640696124258,0.08030660667850774,,,0.4301089936707406,0.9976440651352881,1.5461713044150174,0.9040666666666667,0.03538333333333333,0.09581666666666667,0.99055,0.1550808333333333,0.0,0.0,0.16990476190476195,1502.303992129848,2057.1603074318487,84.86482319718327,91.8166435041141,0.05947619047619048,0.23370906023149046,0.6749916666666667,3.039813118458318e-08,0.0,,,0.007483871817359429,0.006059222957103245,0.0008166666666666666,0.24639221055863744,0.3867271202718592,0.09741030773207346,0.2934924361165386,0.2934924361165386,0.0,0.0,0.0,0.24639221055606098,0.738125097115102,8.811904851502623e-05,0.8029204520077102,0.03519583296429912,0.06438528824740203,0.09741030773207346,,,,,,8.811904851502623e-05,0.8029204520077102,0.03519583296429912,0.06438528824740203,0.09741030773207346,,,,,,,,,,,
reliability_first,mixed_stress,MaxWeight,MaxWeight,12,1729653623,2128646545,2079233514,,stochastic,150,300,150-step training / 300-step held-out evaluation,1084266339,0,1.2800039257854223e-05,reliability_first,200,0.0,0.8531066783643763,0.7810200100967573,0.0,1.0,0.14689332163562366,0.21897998990324286,0.24737021396701894,29.37866432712473,0.14689332163562366,-0.004149339473930248,-0.044773785761809695,0.0,0.0,0.0,0.16340536392698327,0.20477378576180966,0.21746099394004306,0.8943160559416813,0.9411228458097538,0.4147666666666667,0.3184518630240049,0.681548136975995,0.0,0.0,86.65144269927745,97.55168173218415,102.90933930093772,101.49366526014495,1.9415062892105777,1.7598324641822034,1.7478331720489213,0.05853408651605439,15376956.409632495,14419045.53538927,0.06504828521261871,3.2830062278987726,0.5106282252485796,0.4570789718317762,0.006920475167669039,0.10786146051169876,0.11808835372804989,27.812130073145426,0.46673182552851095,,,,,0.13211760594978808,0.12618266158785935,0.2649714046662595,1.0,0.9441166666666666,0.0,0.96875,0.09977333333333334,0.0,0.0,0.15835164835164833,1236.7185831285133,2321.0073617163052,90.96702951243373,85.6528318068958,0.0,0.28278684851836766,0.8491361111111111,6.51253485517499e-08,0.0,,,,,,,,,,,,,,,,,,,,,,,,,,,,,,,,,,,,,,,,,
reliability_first,mixed_stress,PPO,PPO,12,1729653623,2128646545,1621075116,2fb07c1ee95b181950c4,stochastic,150,300,150-step training / 300-step held-out evaluation,1084266339,1,284.739809300052,reliability_first,200,0.0,0.9077911567884469,0.8474701426817717,0.715,1.0,0.09220884321155305,0.15252985731822835,0.1673655473480944,18.44176864231061,0.09220884321155305,0.0010929386383556126,-0.033516192071468456,0.00036840868988090135,0.004653346435200349,0.005553545500113806,0.1574149873017266,0.19351619207146845,0.19988991994331798,0.8664363245054812,0.9086661498131322,0.4018166666666667,0.4277221901962747,0.5719094011138444,0.0,0.0,95.52360438621578,110.75045180722891,118.08430232558138,114.63427315308033,2.370216458100299,2.143454676961262,2.119167995708387,0.060705379060709504,28226136.935970612,27006887.396825083,0.03544613864236141,2.4076252938878913,0.7001024126862293,0.628185679046761,0.0,0.13167869211668326,0.14576501609850612,80.7439720860286,0.14158656249983317,25.858988431334488,0.13509311810541438,,,0.3278324878908053,0.12403731293252218,0.2963411049523332,0.9990666666666667,0.0206,0.00025,0.9939833333333334,0.15434749999999997,0.0,0.0,0.12011721611721611,1874.053926423385,2637.3808982340206,98.08268333255486,94.19968126564555,4.761904761904762e-05,0.2253818703623063,0.7708756944444446,3.5453580152888235e-08,0.0,,,0.024301916850190244,0.022984897331623,0.0,0.19777432490440694,0.0006525402119730764,0.0001727357062674219,0.00047985712568306436,0.00047985712568306436,0.0,0.0,0.0,0.19777432489987148,0.5924789279828977,0.0007598848002605363,0.8257019449341659,0.020890490537417553,0.15247494402188855,0.0001727357062674219,,,,,,0.0007598848002605363,0.8257019449341659,0.020890490537417553,0.15247494402188855,0.0001727357062674219,,,,,,,,,,,
reliability_first,mixed_stress,PPO-Lagrangian,PPO-Lagrangian,12,1729653623,2128646545,1621075116,5ff4062933b4dfa3978e,stochastic,150,300,150-step training / 300-step held-out evaluation,1084266339,1,266.70855040004244,reliability_first,200,0.0,0.8935243510747709,0.8686627344592006,0.36,1.0,0.10647564892522915,0.1313372655407994,0.16001803138970527,21.29512978504583,0.10647564892522915,0.024746529775653198,0.001779499151103584,0.00040664183971395593,0.004718098900116248,0.0054185427406253026,0.11041988848747604,0.15822050084889636,0.1790546229746804,0.879176674739474,0.9286560310079472,0.4042,0.36628245099879814,0.633310907161488,0.0,0.0,107.54891862130754,122.78319597069596,127.46031311154596,125.99369435573412,2.073270023741703,1.835041519536092,1.8273649126568106,0.07163046111842042,28075417.22698181,26518849.164111454,0.03563765936951052,2.383923658689978,0.6877909969456971,0.6031357737558709,0.0,0.11518166798565019,0.12945501171551774,63.64954437707112,0.21513050800214875,26.29234703046875,0.151062278799873,,,0.18774859756697623,0.10674038776418988,0.23351314443144205,0.9993500000000001,0.07288333333333333,0.00028333333333333335,0.9739166666666667,0.133325,0.0,0.0,0.06223443223443223,1631.2867332205985,2311.26102632999,112.58088377876244,105.11849998182134,0.00028571428571428574,0.17967496566948726,0.8047222222222223,3.5656040956237654e-08,0.0,,,0.006256953209523925,0.005822976985873775,0.0,0.11292275472709956,0.0010607048853496358,0.0003018135185296998,0.0007590079813430158,0.0007590079813430158,0.0,0.0,0.0,0.11292275472576599,0.3382863407505986,0.00038935687213256,0.920256104495466,0.07196826161176338,0.007084463502108165,0.0003018135185296998,,,,,,0.00038935687213256,0.920256104495466,0.07196826161176338,0.007084463502108165,0.0003018135185296998,,,,,,,,,,,
reliability_first,mixed_stress,PPO_CMDP,PPO_CMDP,12,1729653623,2128646545,1621075116,c2c338dd9800f45e9834,stochastic,150,300,150-step training / 300-step held-out evaluation,1084266339,1,270.83158040000126,reliability_first,200,0.0,0.7388412051577272,0.6768450500331785,0.0,1.0,0.2611587948422727,0.3231549499668215,0.3415631332428397,52.23175896845454,0.2611587948422727,-0.10446579603425452,-0.13342014368610117,2.4875621890547263e-05,0.0,2.4875621890547263e-05,0.2644657960342545,0.29342014368610114,0.30238806599770635,0.871148157387747,0.9208333034165207,0.4034166666666667,0.5195417058268247,0.4804334185512848,0.0,0.0,94.32813719966856,106.70055555555551,112.420273447938,111.28254690875579,2.9539348395272356,2.6875712032206525,2.6916633212648042,0.05038004685820165,24833326.631812688,23640509.77268488,0.04028784258005266,3.3677313152115973,0.636240604558623,0.5881210971524398,0.0,0.16410749108484646,0.17881272346583127,79.1484940191014,0.14751892488148463,24.496898011674098,0.12156286266931669,,,0.4295007975673799,0.23116656101471697,0.39509990518016364,0.99995,0.0003833333333333334,1.6666666666666667e-05,0.9945,0.15601166666666666,0.0,0.0,0.11900366300366301,2197.3927220290775,3361.303672026244,90.71379334278816,93.80998842180787,0.0,0.38856928057803897,0.7826833333333333,4.0302527509853296e-08,0.0,,,0.039298198500365526,0.038465601318531724,0.055249999999999994,0.24143242986251678,4.467020266782567e-05,1.1411661166366256e-05,3.325886809083453e-05,3.325886809083453e-05,0.0,0.0,0.0,0.24143242985694774,0.7232669220050184,3.554865588909411e-05,0.46853527555805413,0.000522673305576246,0.5308950908193141,1.1411661166366256e-05,,,,,,3.554865588909411e-05,0.46853527555805413,0.000522673305576246,0.5308950908193141,1.1411661166366256e-05,,,,,,,,,,,
reliability_first,mixed_stress,Intent-PPO-CMDP-NoRisk,Intent-PPO-CMDP-NoRisk,12,1729653623,2128646545,1621075116,53b75815fc19ab3c700d,stochastic,150,300,150-step training / 300-step held-out evaluation,1084266339,1,267.30905749998055,reliability_first,200,0.0,0.8902688970483907,0.8148185784028884,0.52,1.0,0.1097311029516092,0.18518142159711157,0.20584540926328496,21.94622059032184,0.1097311029516092,-0.010671878334904789,-0.04897866687504883,4.8551678736010534e-05,0.0,4.8551678736010534e-05,0.17038229258415555,0.20897866687504882,0.21897400713601406,0.8712097533456975,0.9147105959548254,0.4030333333333333,0.42544875325081755,0.5745026950704464,0.0,0.0,100.89354625189621,116.59917273737496,121.28842963488123,120.14802045812971,2.3758939210761443,2.125515457218107,2.1122219817348693,0.06195271898792138,27978225.565891277,26547744.863593303,0.03576124906218857,2.571724057272684,0.6958419953714443,0.6248197759282946,0.0,0.13199410672645245,0.1459339500531479,76.23746920470185,0.14997953784067908,23.769019036505334,0.09315755964490664,,,0.3345789993619984,0.12588464818522335,0.273100625861548,0.99995,0.019233333333333335,3.3333333333333335e-05,0.9923666666666668,0.15653916666666665,0.0,0.0,0.0865787545787546,1829.1948693701354,2670.270333533225,104.03603455657259,98.43253305533248,0.0,0.2577978675771215,0.7777152777777778,3.576908879199722e-08,0.0,,,0.007825760578489667,0.0038307276804624367,0.0,0.2657362963010356,0.00015400012797364227,3.78833570075496e-05,0.0001161214096152404,0.0001161214096152404,0.0,0.0,0.0,0.26573629629906725,0.7960747990778217,2.9943898527628215e-05,0.815809712258721,0.01960731957610408,0.16451514090963962,3.78833570075496e-05,,,,,,2.9943898527628215e-05,0.815809712258721,0.01960731957610408,0.16451514090963962,3.78833570075496e-05,,,,,,,,,,,
reliability_first,mixed_stress,Intent-PPO-CMDP,Intent-PPO-CMDP,12,1729653623,2128646545,1621075116,fc604e43c5d11a5118bd,stochastic,150,300,150-step training / 300-step held-out evaluation,1084266339,1,320.63457950000884,reliability_first,200,0.0,0.6485719945225565,0.6151368760064412,0.0,1.0,0.36330945076054,0.4177703516704987,0.4425973945106537,72.661890152108,0.36330945076054,-0.15786825088367165,-0.183747040148738,0.007364550829150936,0.015528710476300157,0.019225576714407187,0.3178682508836716,0.34374704014873797,0.35523010541921723,0.8681207237157966,0.9206673613536553,0.4030333333333333,0.5348793631101869,0.457756086060662,0.0,0.0,82.38984891615331,94.67018181818182,100.00957692307689,98.50625539798644,3.0606391189332554,2.8492334637380687,2.848414751462483,0.04125882928629769,21630169.023597427,20715762.564209204,0.04624572203807596,3.4984739985727704,0.6205525743795854,0.5726479650954565,0.0,0.1700355066074031,0.1823464285315523,57.949864189048,0.20509286235417037,19.39255953017724,0.11389086790564536,,,0.41760517644746925,0.3544215490376662,0.4972135946335786,0.9931833333333334,0.07441666666666666,0.0051333333333333335,0.99595,0.15619833333333333,0.5901166666666667,0.03814,0.10702564102564104,2166.8597734348205,3541.9049203554896,77.08435593282273,83.36288080537426,0.005428571428571429,0.4580276746226243,0.7551611111111112,4.626304106118381e-08,0.0,,,0.02986232410645122,0.021895760514311954,0.0,0.41680964618612576,0.16938083288572997,0.04406136226688147,0.12753941435767777,0.165066447700918,0.039417062513339755,0.03752703334324022,0.03866666666666667,0.38747523075208745,1.1607720539668083,0.0017169319409901535,0.1257676050492564,0.07354654558775768,0.7942406682052594,0.004728249216736431,,,,,,0.0017169319409901535,0.1257676050492564,0.07354654558775768,0.7942406682052594,0.004728249216736431,,,,,,,,,,,
reliability_first,mixed_stress,Intent-PPO-CMDP-FullPolicy-NoShield,Intent-PPO-CMDP,12,1729653623,2128646545,1621075116,fc604e43c5d11a5118bd,stochastic,150,300,150-step training / 300-step held-out evaluation,1084266339,1,320.63457950000884,reliability_first,200,0.0,0.4759733394383371,0.4209327617047986,0.0,1.0,0.6163329624422282,0.8425617601091107,0.8893777053978973,123.26659248844564,0.6163329624422282,-0.16133949569439465,-0.18744421062286892,0.06783217504380597,0.10232558139534884,0.10903606840244344,0.3213394956943947,0.3474442106228689,0.3551482625049103,0.8690986103517298,0.9235546019940118,0.4081,0.5018629377500865,0.43030488720610754,0.0,0.0,78.55154680309009,92.576119201726,96.17735714285712,95.16226047988819,2.9053299027899517,2.7089543075254157,2.68252847186036,0.046230858884689904,21458795.01015342,20572361.645566717,0.046611606904043146,3.1912845184448373,0.610418421506111,0.5583227755856558,0.0,0.16140721682166392,0.17399189383282482,48.12564666685743,0.24440284693545253,19.39255953017724,0.11389086790564536,,,0.49466302242375176,0.5972010787320551,0.7795356595708196,0.9512833333333333,0.07056666666666668,0.04713333333333334,0.9943666666666666,0.1549158333333333,0.0,0.0,0.11893040293040294,2050.4817084224296,3365.632776680155,70.42425481333186,80.84249411600739,0.04190476190476191,0.4657914932576959,0.7307791666666666,4.663086747554985e-08,0.0,,,0.02964757315330169,0.02167090556486301,0.0,0.41588711410533963,0.17209055171206272,0.046950020163100875,0.127797389493819,0.127797389493819,0.0,0.0,0.0,0.41588711410255685,1.2458864498722606,0.0017194158445319086,0.11825093722440247,0.06978577273042136,0.7632938540375435,0.046950020163100875,,,,,,0.0017194158445319086,0.11825093722440247,0.06978577273042136,0.7632938540375435,0.046950020163100875,,,,,,,,,,,
reliability_first,mixed_stress,MaxWeight,MaxWeight,13,1025721121,372372750,74078924,,stochastic,150,300,150-step training / 300-step held-out evaluation,1464908670,0,2.3900007363408804e-05,reliability_first,200,0.0,0.8479190088182463,0.7830624823995385,0.035,1.0,0.1520809911817536,0.21693751760046157,0.24664757650358093,30.416198236350724,0.1520809911817536,-0.012726034136844352,-0.049124869383490054,0.0,0.0,0.0,0.17213783336045174,0.20912486938349004,0.2227599100687439,0.8841923296391784,0.9252352002728976,0.41159999999999997,0.33676145836939514,0.6632385416306047,0.0,0.0,83.29600108043134,93.28630514705883,95.58363458528952,94.95203193392462,1.9781280462873472,1.7864577231326562,1.7780973391812132,0.062304274570293895,17308371.445456795,16233808.248257574,0.057777109062928246,2.855982979991895,0.5007002418467511,0.4442250329592879,0.011272403574442964,0.10989600257151927,0.12113947330377062,25.988062806134558,0.578508397894984,,,,,0.1370371432509916,0.13099655163496407,0.26169022752656124,1.0,0.9406333333333333,0.0,0.9638833333333332,0.09738,0.0,0.0,0.17153113553113553,1243.722688470788,2373.577085111648,87.00901186631211,82.73986654660392,0.0,0.29779296813951134,0.8493513888888888,5.7863043042323137e-08,0.0,,,,,,,,,,,,,,,,,,,,,,,,,,,,,,,,,,,,,,,,,
reliability_first,mixed_stress,PPO,PPO,13,1025721121,372372750,535536204,3cabdc2e2c3a75659a16,stochastic,150,300,150-step training / 300-step held-out evaluation,1464908670,1,262.1022107999888,reliability_first,200,0.0,0.6324491153516758,0.6132100321121062,0.0,1.0,0.45028295733950513,0.5137244873871406,0.5282023044270361,90.05659146790103,0.45028295733950513,-0.20151645829593812,-0.22825419687488652,0.00014116626975936033,0.0,0.00014116626975936033,0.36151645829593804,0.3882541968748865,0.395922948235427,0.8633191952430108,0.911611016002095,0.3989333333333333,0.530316795901799,0.4695420378284416,0.0,0.0,83.5132791839209,97.1673974540311,101.28437568756874,99.88439428614883,2.781339616005315,2.572601217891695,2.5499715954523197,0.048999586770116045,22570823.151304178,21607388.947908513,0.04430909694398759,3.0876190519239306,0.6489335467757296,0.5950905838036891,0.0,0.15451886755585081,0.16809438713008962,20.81463972613229,0.6302464203678801,25.773339520942898,0.1260413258688232,,,0.2848630700764056,0.4070651552282063,0.5987680784877614,0.9995666666666666,0.04003333333333334,0.0001,0.9938166666666668,0.16151249999999998,0.0,0.0,0.12566300366300368,1740.3034954926857,3341.8975270505766,72.80765011568943,86.01177558210554,0.00019047619047619048,0.530385828475834,0.7234791666666667,4.4336181080152255e-08,0.0,,,0.019880674504280854,0.012778147425587019,0.0123,0.40974023671799836,0.0007495877395847386,0.00013044888182937154,0.0006655725053472578,0.0006655725053472578,0.0,0.0,0.0,0.40974023670644644,1.227472050875153,0.00046166018204716794,0.08645270568139597,0.039700440390452875,0.8732547448642746,0.00013044888182937154,,,,,,0.00046166018204716794,0.08645270568139597,0.039700440390452875,0.8732547448642746,0.00013044888182937154,,,,,,,,,,,
reliability_first,mixed_stress,PPO-Lagrangian,PPO-Lagrangian,13,1025721121,372372750,535536204,454f28c68eb87e33907f,stochastic,150,300,150-step training / 300-step held-out evaluation,1464908670,1,254.03850810002768,reliability_first,200,0.0,0.8158249058152214,0.7460877615735401,0.025,1.0,0.18417509418477856,0.25391223842646,0.2763839927631836,36.83501883695571,0.18417509418477856,-0.06262314172755222,-0.0979048432625167,9.801641035561145e-05,0.0,9.801641035561145e-05,0.2226231417275522,0.25790484326251667,0.2656760981702435,0.873144910615775,0.9220441390790993,0.4070166666666667,0.49491702080516176,0.5049849627844826,0.0,0.0,94.33860282871196,106.93547285149226,111.68470619888076,109.94106539925608,2.7002726594032818,2.430583548819766,2.4182685811550213,0.05863114748337445,27487552.613730684,26190479.552806444,0.03639590415847972,2.7814472410567044,0.6474917437416228,0.5896571689723678,0.0,0.15001514774462674,0.16320571203134682,79.11195909019737,0.16211620125637,25.83543927051386,0.11967838708539526,,,0.5886428274597002,0.17410111536898146,0.2909286837780147,0.9999000000000001,0.12026666666666667,6.666666666666667e-05,0.9900833333333334,0.15032999999999996,0.0,0.0,0.24711355311355312,2060.753408569142,3044.629179083202,93.4113615282092,93.90983202877456,0.0,0.3335252461194099,0.782861111111111,3.640796471100463e-08,0.0,,,0.01739681249991234,0.01376484995741718,0.007983333333333334,0.3375804316265356,0.00011179337393345572,3.35470470023066e-05,7.824831803569115e-05,7.824831803569115e-05,0.0,0.0,0.0,0.3375804316244663,1.0113005939377,3.539652140998727e-05,0.5462754100010042,0.12046716021691128,0.33318848621367225,3.35470470023066e-05,,,,,,3.539652140998727e-05,0.5462754100010042,0.12046716021691128,0.33318848621367225,3.35470470023066e-05,,,,,,,,,,,
reliability_first,mixed_stress,PPO_CMDP,PPO_CMDP,13,1025721121,372372750,535536204,a070e26e29e031606ad8,stochastic,150,300,150-step training / 300-step held-out evaluation,1464908670,1,277.9400926999515,reliability_first,200,0.0,0.8481719726207282,0.7787846750281365,0.13,1.0,0.1518280273792717,0.22121532497186355,0.2367104555309512,30.365605475854338,0.1518280273792717,-0.04691163053275811,-0.08007865168539324,0.0001457722395253428,0.0,0.0001457722395253428,0.20691163053275807,0.24007865168539322,0.24822960504699018,0.8589986936106209,0.9106444194482501,0.39940000000000003,0.4883050882887343,0.5115491394717403,0.0,0.0,87.91883512176115,99.17356483340023,109.97948398169336,105.43687088099705,2.644066105629956,2.366624645078561,2.353567364466028,0.06118424409098117,29928763.319856424,28506506.97043679,0.03343389941688788,2.331645494359333,0.668492864554037,0.606909122610002,0.0,0.14689256142388643,0.16111875781201654,86.8856668474537,0.14438970985964666,24.69759438310317,0.12601677807973574,,,0.40090408307754244,0.1682041081175058,0.2762897194878067,0.9998333333333332,0.009083333333333332,0.0001,0.9903666666666666,0.1556233333333333,0.0,0.0,0.10832234432234433,2021.3823577373596,2979.3573544951987,84.94732860321515,89.7017222626051,9.523809523809524e-05,0.30658190241579936,0.7480513888888889,3.3435857767471486e-08,0.0,,,0.03372313573148304,0.024451364575345344,0.021016666666666666,0.25556648986065544,0.000265347589008846,5.733767618211363e-05,0.00020801704883593574,0.00020801704883593574,0.0,0.0,0.0,0.2555664898615049,0.7656087817170188,5.896723891544659e-05,0.7034275741586375,0.008590121577318787,0.2878659993489461,5.733767618211363e-05,,,,,,5.896723891544659e-05,0.7034275741586375,0.008590121577318787,0.2878659993489461,5.733767618211363e-05,,,,,,,,,,,
reliability_first,mixed_stress,Intent-PPO-CMDP-NoRisk,Intent-PPO-CMDP-NoRisk,13,1025721121,372372750,535536204,4606dec7f3efe1c94a9c,stochastic,150,300,150-step training / 300-step held-out evaluation,1464908670,1,283.62103929999284,reliability_first,200,0.0,0.6540563701044334,0.6324543938113835,0.0,1.0,0.3646055287552248,0.41947024005933475,0.429507921555479,72.92110575104496,0.3646055287552248,-0.16560696309960538,-0.1908660198540348,4.785127183643566e-05,0.0,4.785127183643566e-05,0.3256069630996054,0.3508660198540348,0.35545214334247394,0.8568909496184047,0.90837230558726,0.3995166666666667,0.5976631680568257,0.40228898067133767,0.0,0.0,79.25627652908506,90.52892327662772,92.62993783671777,92.0329870436997,3.2528795581247714,3.0295159109959395,2.9834060046143107,0.04784546103616167,24328072.88374655,23197679.886997096,0.041111281903744155,3.179683711558148,0.6223331402251533,0.5720652268585156,2.974065345945076e-05,0.18071553100693172,0.1947433323917916,60.11054672039592,0.1812229521854367,20.557773943991297,0.09501970006584819,,,0.2837349645675213,0.33161566540933124,0.496874995830816,0.9996833333333334,0.06411666666666667,3.3333333333333335e-05,0.9931833333333334,0.156005,0.0,0.0,0.12692307692307694,2317.0764142798703,3756.7735586566414,71.28995567832273,80.98341935923636,0.0,0.4737806294039415,0.7400548611111111,4.113370889456294e-08,0.0,,,0.01401706211162955,0.01012904517037256,0.0031833333333333336,0.31598662076023804,0.0003643940224074563,8.326949271309842e-05,0.0003378117477155027,0.0003378117477155027,0.0,0.0,0.0,0.31598662075655204,0.9466113178116683,0.0003039754892731664,0.05912268003539038,0.062338852134692216,0.8781512228479312,8.326949271309842e-05,,,,,,0.0003039754892731664,0.05912268003539038,0.062338852134692216,0.8781512228479312,8.326949271309842e-05,,,,,,,,,,,
reliability_first,mixed_stress,Intent-PPO-CMDP,Intent-PPO-CMDP,13,1025721121,372372750,535536204,09d0d30da2ff448dad2f,stochastic,150,300,150-step training / 300-step held-out evaluation,1464908670,1,309.3859143999871,reliability_first,200,0.0,0.6501398287395033,0.6239189633448506,0.0,1.0,0.36435042819123614,0.41736154842843015,0.42908200542772396,72.87008563824723,0.36435042819123614,-0.16253024941086633,-0.18451146220570014,0.018271118648268945,0.027906976744186046,0.02830980239644141,0.3225302494108664,0.3445114622057001,0.3537760082201601,0.8763935033389241,0.9264228382056917,0.40545000000000003,0.5879946029289321,0.3937342784227989,0.0,0.0,80.30066960411577,91.63100877192981,96.82541586206897,94.67211498859643,3.2054652364610856,2.985821592585388,2.966718716580348,0.04401775101003731,24411414.437858988,23485194.40723668,0.04097167067000352,3.163844760628041,0.6162469348690188,0.5666259829400055,0.0,0.17808140202561581,0.1896632134953539,63.486749210472865,0.17438585584575708,20.011558856135007,0.0924854731303008,,,0.37694329789783027,0.32641807089955455,0.49539334700614873,0.9872166666666666,0.07321666666666667,0.012583333333333334,0.9927833333333334,0.15507666666666664,0.6386333333333334,0.04346666666666667,0.16444688644688643,2297.2659625704982,3694.495614709863,71.60178246987452,82.4927828430282,0.016047619047619047,0.46929737777964137,0.7140701388888889,4.098875650973894e-08,0.0,,,0.014798247087791809,0.010505443364797173,0.00075,0.29237089139260375,0.6173506748904252,0.19611158317648017,0.4271040514212369,0.6049621640500474,0.1835022616544505,0.17785811262881052,0.18314999999999998,0.2888560352113512,0.8653353470934928,0.00017254535668667273,0.08584351478996827,0.07059982429496717,0.8307317769295486,0.012652338628829325,,,,,,0.00017254535668667273,0.08584351478996827,0.07059982429496717,0.8307317769295486,0.012652338628829325,,,,,,,,,,,
reliability_first,mixed_stress,Intent-PPO-CMDP-FullPolicy-NoShield,Intent-PPO-CMDP,13,1025721121,372372750,535536204,09d0d30da2ff448dad2f,stochastic,150,300,150-step training / 300-step held-out evaluation,1464908670,1,309.3859143999871,reliability_first,200,0.0,0.40698176694079663,0.3803679945998206,0.0,1.0,2.177622394906223,2.834976359599191,3.0590966949505125,435.52447898124456,2.177622394906223,-0.2770958948898428,-0.3738180751173709,0.30612894192233464,0.4038180751173709,0.44204034315176566,0.3378934178116053,0.3634325424901341,0.3711527742226834,0.903953040070734,0.954823441096804,0.44303333333333333,0.4170011103701958,0.2768699477074695,0.0,0.0,70.6716521248302,81.64707342565978,83.79292353005344,83.08955783052765,2.3899309820841648,2.0125718082272264,1.9822945132356107,0.09567361109096667,23446481.86329131,22237968.379655868,0.04262958469122286,2.160045800570428,0.5414243668421614,0.47252322707413835,0.003194736567850945,0.13277394344912027,0.15335946112563395,21.343694110384817,0.6612602917714899,20.011558856135007,0.0924854731303008,,,0.6206433600789129,2.5489551873854737,3.352943942271322,0.7828333333333333,0.0634,0.20958333333333332,0.9748833333333333,0.17058833333333331,0.0,0.0,0.21609523809523806,1806.4874684737424,2704.0928740282384,52.410902867373814,75.4006518279238,0.17657142857142857,0.48178777807875733,0.524975,4.269271446864594e-08,0.0,,,0.015590413459743397,0.011275514842494535,0.0009,0.3155985195594186,0.6515475007893343,0.21052925268746125,0.4627242066029371,0.4627242066029371,0.0,0.0,0.0,0.31559851940952155,0.9454486700809593,0.00747337176760257,0.07467852869075965,0.06233961256251586,0.6449792342916606,0.21052925268746125,,,,,,0.00747337176760257,0.07467852869075965,0.06233961256251586,0.6449792342916606,0.21052925268746125,,,,,,,,,,,
reliability_first,mixed_stress,MaxWeight,MaxWeight,14,1103526060,1905340783,1673315337,,stochastic,150,300,150-step training / 300-step held-out evaluation,1537471703,0,1.2699980288743973e-05,reliability_first,200,0.0,0.8512286010774721,0.7848444588702967,0.035,1.0,0.1487713989225279,0.21515554112970314,0.2347211409592592,29.754279784505577,0.1487713989225279,-0.013107960792306566,-0.049115405552531285,0.0,0.0,0.0,0.17293475283253087,0.20911540555253127,0.21685447500411673,0.8832838580240218,0.9300459348696991,0.4190833333333333,0.3384654096328943,0.6615345903671057,0.0,0.0,83.53012321342993,94.50920955201777,99.12025147679324,97.38475949018648,2.045223245179298,1.8355578406128652,1.8218664484922642,0.06937413717664268,20819311.35405103,19577999.81323655,0.04803246414502861,2.461727425675171,0.51531461868621,0.46035032252113095,0.006196455089991779,0.1136235136210721,0.12508905749543034,32.73216992592922,0.491383291279212,,,,,0.14826549772055586,0.13373911238693673,0.27875027843996975,1.0,0.9329500000000001,0.0,0.96455,0.09783916666666666,0.0,0.0,0.18418315018315012,1290.9296771712256,2451.3813202605666,85.5712766394897,83.07567638423616,0.0,0.2943664187080039,0.8472534722222221,4.8097018352471945e-08,0.0,,,,,,,,,,,,,,,,,,,,,,,,,,,,,,,,,,,,,,,,,
reliability_first,mixed_stress,PPO,PPO,14,1103526060,1905340783,1823775964,0a65909e93fb2c778ea0,stochastic,150,300,150-step training / 300-step held-out evaluation,1537471703,1,272.0849051999976,reliability_first,200,0.0,0.666459400360988,0.6162519957558201,0.0,1.0,0.3367220838897404,0.4084493109820829,0.42255072927710735,67.34441677794808,0.3367220838897404,-0.14312268998168837,-0.17335680751173707,0.0004226616524916294,0.004609361665813278,0.005832659313822243,0.3031226899816884,0.3333568075117371,0.3387902462825078,0.8544690981662362,0.9056241837714557,0.4047,0.5102233347133486,0.48935400363415965,0.0,0.0,82.40150686944901,94.95518650996422,97.17921446986786,96.62819454850866,2.7789995481834335,2.5642113430959457,2.5426447181278835,0.04876959220381107,26030609.782443706,24696924.18153489,0.03842245729372188,2.6395507781189664,0.652313393407039,0.599644018646721,0.0,0.1543888637879685,0.16629536680537574,48.23517389507368,0.2862741716060278,23.652352605943808,0.12485441088712515,,,0.5193561618969046,0.30390932800662557,0.4586149795425638,0.9994333333333333,0.2840166666666667,0.0003,0.9950833333333334,0.1548258333333333,0.0,0.0,0.1382271062271062,1747.6474881587478,3334.3429651198016,77.49637784090588,84.08766955908432,0.00028571428571428574,0.4551716092395378,0.7270166666666665,3.844514657927137e-08,0.0,,,0.03436662545584367,0.015934805024158224,0.0,0.4394807442585896,0.0015965972603439432,0.0003722633885836986,0.001227266147423518,0.001227266147423518,0.0,0.0,0.0,0.43948074425230244,1.3165666491621502,0.0002120576128348869,0.07316727270470853,0.2841542904843301,0.6420941158095428,0.0003722633885836986,,,,,,0.0002120576128348869,0.07316727270470853,0.2841542904843301,0.6420941158095428,0.0003722633885836986,,,,,,,,,,,
reliability_first,mixed_stress,PPO-Lagrangian,PPO-Lagrangian,14,1103526060,1905340783,1823775964,337f5a10e02765106fee,stochastic,150,300,150-step training / 300-step held-out evaluation,1537471703,1,284.58887489995686,reliability_first,200,0.0,0.8681633170517392,0.7864720096557614,0.28,1.0,0.13183668294826084,0.21352799034423847,0.2376373360463579,26.36733658965217,0.13183668294826084,-0.03489427759015237,-0.07820738487169737,0.00021411855728574244,0.0,0.00021411855728574244,0.19489427759015235,0.23820738487169738,0.24857087359449545,0.8585826617845729,0.9074327956315266,0.4076833333333333,0.4726375021553717,0.5271483792873426,0.0,0.0,87.90800968784501,99.18679245283019,104.01979999999998,102.49965994648328,2.6343481370465485,2.4281022897276525,2.410021141524238,0.05198386370724222,33658753.364663124,31840013.127734803,0.02972084561926875,2.0648287172729547,0.6590829086671272,0.5933012114629761,0.0,0.1463526742803638,0.15997522050841773,89.44224052022268,0.12690568110632958,25.096186255169417,0.13391219218785813,,,0.424340745510376,0.18093637492466313,0.30504570500286254,0.9995333333333334,0.03128333333333334,0.00015,0.9948666666666667,0.15650166666666665,0.0,0.0,0.21975091575091577,1971.3309470676363,2991.357393189042,87.11343591651726,89.41991214246418,4.761904761904762e-05,0.2758581024200847,0.7545993055555555,2.9734133219413065e-08,0.0,,,0.013319780379384168,0.009161263696672042,0.008899999999999998,0.31521011185440584,0.0007537193910983917,0.00015313483488520527,0.000601314805354422,0.000601314805354422,0.0,0.0,0.0,0.31521011186761344,0.9442851050723735,0.00041846063888550673,0.7273294974254414,0.030751597563507756,0.2413473095372802,0.00015313483488520527,,,,,,0.00041846063888550673,0.7273294974254414,0.030751597563507756,0.2413473095372802,0.00015313483488520527,,,,,,,,,,,
reliability_first,mixed_stress,PPO_CMDP,PPO_CMDP,14,1103526060,1905340783,1823775964,dadb88684cb84768bf3a,stochastic,150,300,150-step training / 300-step held-out evaluation,1537471703,1,264.74071779998485,reliability_first,200,0.0,0.649828288119867,0.6309745988349024,0.0,1.0,0.38907392175500616,0.4443704542724906,0.4608418118565301,77.81478435100124,0.38907392175500616,-0.17837080969608088,-0.20299426054629982,0.00011424105051105503,0.0,0.00011424105051105503,0.33837080969608097,0.36299426054629985,0.369943883242131,0.8305203873426581,0.8812021775474317,0.3944,0.5688545757016208,0.43103118324786827,0.0,0.0,75.04495871495814,85.65304342122523,90.16780884074939,89.24166827302706,3.0568835935171785,2.8351020067478117,2.811210767869803,0.043788287706882194,27555827.263289537,26472922.70552826,0.03629615942710097,2.497942013959826,0.6657039135468537,0.6152803866588223,0.0,0.1698268663065099,0.18145854422014193,49.274091054652054,0.2453565367133439,22.64835715577434,0.12212274123169051,,,0.26516400713201843,0.35954176762453244,0.5247858825642908,0.9950666666666667,0.022316666666666665,8.333333333333333e-05,0.9958833333333332,0.15804833333333332,0.0,0.0,0.09112087912087911,1955.5149941793977,3649.928223929829,66.40831151278124,77.07473023714834,9.523809523809524e-05,0.49730839127801585,0.6901534722222222,3.6307489652080985e-08,0.0,,,0.036209054710235666,0.010743240066162152,0.0,0.3878828525343577,0.0005848209533291593,0.00013281408305574244,0.0010437149281476085,0.0010437149281476085,0.0,0.0,0.0,0.387882852529024,1.1619931796793808,0.0049520009563824826,0.0855779759131228,0.02255739215113235,0.8867798168963066,0.00013281408305574244,,,,,,0.0049520009563824826,0.0855779759131228,0.02255739215113235,0.8867798168963066,0.00013281408305574244,,,,,,,,,,,
reliability_first,mixed_stress,Intent-PPO-CMDP-NoRisk,Intent-PPO-CMDP-NoRisk,14,1103526060,1905340783,1823775964,72924e27f6df7ecb428f,stochastic,150,300,150-step training / 300-step held-out evaluation,1537471703,1,270.7660398000153,reliability_first,200,0.0,0.6499906230589327,0.62801755798514,0.0,1.0,0.38629720887989344,0.44936764738816937,0.46872887725128837,77.25944177597869,0.38629720887989344,-0.1767289471979696,-0.2051246513500302,0.00025981008959005203,0.0,0.00025981008959005203,0.3367289471979696,0.3651246513500302,0.37164476005839836,0.8341460140388532,0.8997196385683187,0.39815,0.5700739615667971,0.4296662283436129,0.0,0.0,75.14401311689794,86.16727477477477,91.29993110236221,88.70816948836283,3.107410946253353,2.8691192129334633,2.852775865733725,0.04696497817857122,27056031.371491835,25930987.997481823,0.03696808646494992,2.5896513758424864,0.6495048854499835,0.5980889955351745,0.0,0.17263394145851962,0.1855280704517837,50.0031111102721,0.2559441013368128,19.81193184534525,0.10929278837178003,,,0.2642387359379501,0.35534213510500634,0.5184314079785068,0.99965,0.06301666666666667,0.00018333333333333334,0.9956499999999999,0.1579233333333333,0.0,0.0,0.08326007326007327,1990.2598828256223,3708.9538265605925,66.12348440570322,77.22465500737286,9.523809523809524e-05,0.49545119305686003,0.7021375000000001,3.6983276577713954e-08,0.0,,,0.10166656313582526,0.024759001812693953,0.029900000000000003,0.44472012371578395,0.0008358287156593088,0.00019908898561675996,0.001189640348134605,0.001189640348134605,0.0,0.0,0.0,0.4447201237128138,1.3322624273053998,0.00013999914655214629,0.04810146821004912,0.061580918881059966,0.8899785247767221,0.00019908898561675996,,,,,,0.00013999914655214629,0.04810146821004912,0.061580918881059966,0.8899785247767221,0.00019908898561675996,,,,,,,,,,,
reliability_first,mixed_stress,Intent-PPO-CMDP,Intent-PPO-CMDP,14,1103526060,1905340783,1823775964,fd2a9bdca11bd34bca64,stochastic,150,300,150-step training / 300-step held-out evaluation,1537471703,1,319.06714920001104,reliability_first,200,0.0,0.7586523080584537,0.6977656253268258,0.0,1.0,0.2413476919415463,0.30223437467317416,0.3145500348675837,48.26953838830926,0.2413476919415463,-0.09097448242939293,-0.12010342034578665,0.01826608052268316,0.027913497065855247,0.02882472243638126,0.2509744824293929,0.28010342034578667,0.2866570744546698,0.887976321172085,0.9341132902135705,0.41918333333333335,0.5055032234292558,0.47623069604806106,0.0,0.0,93.25026351007901,107.58323771629499,112.71359738884969,110.4668686289829,2.8848778599172555,2.6317172599838243,2.6077865197324943,0.05212252952712591,30935708.661949884,29616953.180779144,0.03232933728673991,2.609129020440945,0.622266734029671,0.5825217960688638,0.0,0.1602709922176253,0.1744259257638654,82.52832010705293,0.14871683652440884,20.810805294328347,0.10421381477258052,,,0.619016255713347,0.2403069068422387,0.37534833435603476,0.9864166666666665,0.09368333333333333,0.01295,0.9946,0.1509675,0.6413166666666666,0.0436975,0.1514285714285714,2137.090945185238,3287.532352465266,90.63007424452267,93.64837633057815,0.017142857142857144,0.36642881880090583,0.7674694444444445,3.2346030132932425e-08,0.0,,,0.019476338945163936,0.014086311853762261,0.009633333333333332,0.4426041834119809,0.6672752681481897,0.20993742875161328,0.46740343068683543,0.655615750289813,0.19721470752592843,0.18821231960297755,0.19538333333333335,0.45247605468149443,1.3554971200197332,0.0006305773163154573,0.470964450769643,0.09337707711025914,0.42196466912492747,0.013063225678854934,,,,,,0.0006305773163154573,0.470964450769643,0.09337707711025914,0.42196466912492747,0.013063225678854934,,,,,,,,,,,
reliability_first,mixed_stress,Intent-PPO-CMDP-FullPolicy-NoShield,Intent-PPO-CMDP,14,1103526060,1905340783,1823775964,fd2a9bdca11bd34bca64,stochastic,150,300,150-step training / 300-step held-out evaluation,1537471703,1,319.06714920001104,reliability_first,200,0.0,0.4562850581301894,0.38094667247921865,0.0,1.0,2.6874924201043036,3.2564943003523776,3.4625939311253076,537.4984840208607,2.6874924201043036,-0.37124752215685175,-0.46291007905138337,0.4012475221568517,0.4929100790513834,0.520266014172077,0.2741681581329317,0.31435677104295795,0.32582336041585086,0.9019880193314713,0.9421435873891664,0.4439333333333333,0.31916855706169023,0.27958392078145805,0.0,0.0,69.60229135658237,81.36353846153845,86.51673913043477,84.74746913419479,1.9004753236496015,1.6549977985001596,1.633729962436794,0.07945040808864455,28885650.272907883,27096753.61739819,0.034627990202701915,1.37415053974373,0.5552152530456443,0.46794304054251884,0.003603539600498995,0.10558196242497785,0.11874832121283681,7.111482497123627,1.797607141264888,20.810805294328347,0.10421381477258052,,,0.7963559388739005,2.178327060581033,2.9175336550125395,0.7179166666666668,0.07673333333333333,0.28095000000000003,0.9808333333333334,0.14176666666666665,0.0,0.0,0.20433699633699637,1456.7239199725914,2139.418387167991,60.70510856961535,72.13097585691361,0.25352380952380954,0.40196717191491055,0.59578125,3.4666382599538506e-08,0.0,,,0.021145991088128334,0.016217998969421367,0.010466666666666666,0.4479439939510931,0.6550654338717087,0.2825218072654295,0.385867921711008,0.385867921711008,0.0,0.0,0.0,0.4479439937708682,1.3419202788840576,0.001183178362237661,0.33402721577828715,0.07667862390138581,0.30558917469265984,0.2825218072654295,,,,,,0.001183178362237661,0.33402721577828715,0.07667862390138581,0.30558917469265984,0.2825218072654295,,,,,,,,,,,
reliability_first,mixed_stress,MaxWeight,MaxWeight,15,1481178426,1997781942,1139931233,,stochastic,150,300,150-step training / 300-step held-out evaluation,809382673,0,1.1700030881911516e-05,reliability_first,200,0.0,0.8509647148129347,0.7679368524400512,0.145,1.0,0.14903528518706535,0.23206314755994878,0.2519582471956254,29.80705703741307,0.14903528518706535,-0.038537566268745375,-0.07547927913410145,0.0,0.0,0.0,0.1985375662687454,0.23547927913410144,0.2509668549892957,0.8422842437289242,0.9132697456946,0.39965000000000006,0.4280343666033933,0.5719656333966067,0.0,0.0,71.55848293632356,82.44102836879432,86.47408791208791,85.21801059047871,2.4704141325998488,2.184671751273679,2.161296986290225,0.09551793311827365,20316229.993392516,18774759.45132921,0.04916109557645133,2.6071960857376744,0.5478162951386291,0.49471950462945335,0.0013527780300884933,0.1372452295888805,0.16570238645128707,54.87831756996707,0.5351310029899551,,,,,0.2323791427321795,0.1504110212861967,0.27902258553941267,0.9999666666666667,0.8639,0.0,0.9700666666666666,0.10598250000000001,0.0,0.0,0.2813186813186813,1582.984658759371,2948.260772360109,67.03524990273812,73.73432561482838,0.0,0.32000919926272736,0.8000763888888889,4.942435485165449e-08,0.0,,,,,,,,,,,,,,,,,,,,,,,,,,,,,,,,,,,,,,,,,
reliability_first,mixed_stress,PPO,PPO,15,1481178426,1997781942,1596015111,461e22a59e6f436fac36,stochastic,150,300,150-step training / 300-step held-out evaluation,809382673,1,258.87767640000675,reliability_first,200,0.0,0.8577062733974584,0.7922473435789016,0.135,1.0,0.14229372660254153,0.20775265642109844,0.22216410251474109,28.458745320508307,0.14229372660254153,-0.05256487860691886,-0.08033008658008657,0.0003231102071989217,0.0043687359329011395,0.004754229376417856,0.21256487860691883,0.24033008658008656,0.25096823078619934,0.8508125804993436,0.8989934327066939,0.39915000000000006,0.5698576977556814,0.42981919203711966,0.0,0.0,87.11732155016067,96.20182563338301,101.01814857925365,99.99989967627452,3.1518396435511558,2.9001003187275836,2.856401289452272,0.050152267328986075,32080825.6862852,30737569.2831775,0.031178487900975035,2.5682951507556186,0.6336896880306792,0.5878395263907834,0.0,0.1751022024195086,0.1899264613384672,110.05159764540713,0.10245454229959697,26.33215643894737,0.15276361776873223,,,0.4864859011839819,0.1368529635338415,0.3086404338879384,0.9996166666666666,0.051133333333333336,0.0002333333333333333,0.98945,0.14345,0.0,0.0,0.11926739926739927,2437.925970379521,3536.2546983358834,81.05522811335992,87.98350564270024,0.00019047619047619048,0.31757617475543526,0.7639548611111111,3.119039881053183e-08,0.0,,,0.022648235823962092,0.022083633308462663,0.0006,0.2843567060507645,0.0010052066785974497,0.0001880853663410157,0.0008172397496481563,0.0008172397496481563,0.0,0.0,0.0,0.28435670604424323,0.8518565614982446,0.00020244548255948433,0.6602990010108819,0.052278585338096095,0.2870318828021215,0.0001880853663410157,,,,,,0.00020244548255948433,0.6602990010108819,0.052278585338096095,0.2870318828021215,0.0001880853663410157,,,,,,,,,,,
reliability_first,mixed_stress,PPO-Lagrangian,PPO-Lagrangian,15,1481178426,1997781942,1596015111,c54dc7a9b9a68be549b7,stochastic,150,300,150-step training / 300-step held-out evaluation,809382673,1,254.7300168000511,reliability_first,200,0.0,0.9181602926201771,0.8276371785642915,0.82,1.0,0.08183970737982303,0.17236282143570847,0.19843798768983895,16.367941475964606,0.08183970737982303,0.012084028148330777,-0.03878205128205127,0.00033592000020133366,0.004567257341544132,0.0049758370483001,0.13740003508035176,0.19878205128205126,0.21395115690526442,0.8491880794433814,0.8971826786773596,0.3949666666666667,0.4446020550572999,0.5550620249424988,0.0,0.0,91.60409798126607,103.65203293010752,109.2458152173913,106.97866582100906,2.379685441495568,2.0953744060719743,2.0789784268826272,0.0817454769611165,35352401.22731062,33006372.8458965,0.028266759299710075,1.8485522550791846,0.6882180303926474,0.6128185928087928,0.0,0.13220474674975377,0.15159698819612058,85.22345958432157,0.20332775844520412,24.756392627491348,0.26861411613873526,,,0.13483779389772724,0.093496369947776,0.2870493656889765,0.99945,0.012783333333333334,0.0002333333333333333,0.9738333333333332,0.13351666666666667,0.0,0.0,0.047692307692307694,1862.581144167626,2658.126216979845,90.97580633394115,91.0744295049552,0.00028571428571428574,0.213637644452311,0.7452618055555555,2.832621654207062e-08,0.0,,,0.00945120597645097,0.008057273646020283,0.0,0.10048137388686859,0.0005172771577054021,0.00016309115167789553,0.0003542421957848461,0.0003542421957848461,0.0,0.0,0.0,0.10048137388524302,0.3010152946390676,0.0002659220804789512,0.9534012550307958,0.012249027106212047,0.03392070463083534,0.00016309115167789553,,,,,,0.0002659220804789512,0.9534012550307958,0.012249027106212047,0.03392070463083534,0.00016309115167789553,,,,,,,,,,,
reliability_first,mixed_stress,PPO_CMDP,PPO_CMDP,15,1481178426,1997781942,1596015111,fc83225982e20e56ecdd,stochastic,150,300,150-step training / 300-step held-out evaluation,809382673,1,273.55554740002844,reliability_first,200,0.0,0.8950810409882424,0.8186709501775754,0.54,1.0,0.1049189590117577,0.18132904982242448,0.21935994227394756,20.98379180235154,0.1049189590117577,-0.02696991703260771,-0.06665707457445251,0.0003396286502092919,0.0046739941204861565,0.005000518875813058,0.1869576721346485,0.2266570745744525,0.24086826683507168,0.8575360228881088,0.9056332239544689,0.40226666666666666,0.5244189459345199,0.4752414254152708,0.0,0.0,96.5162881591652,106.4992332926457,111.82529672897195,110.85490469317838,2.8849311751347515,2.5471149240848256,2.5216115467149,0.06572578784579387,33720766.84548958,32199974.951287627,0.029662410910827254,2.4777858572724307,0.6468643041765932,0.5891074942906134,0.0,0.16027395417415286,0.17730612465759313,99.23625692878217,0.13471802428635135,24.33002335679956,0.14834496728010554,,,0.33157133550720047,0.11086295158219966,0.28904626840365,0.9996833333333334,0.011616666666666666,0.00023333333333333333,0.9715166666666667,0.13622999999999996,0.0,0.0,0.08923809523809524,2153.768203963125,3278.6343134579365,93.42579629599928,95.11146754305452,0.00023809523809523812,0.28390246734866353,0.7593479166666668,2.9676537661673303e-08,0.0,,,0.014318127519255132,0.011142670441054704,0.0004166666666666667,0.2331695831178849,0.000748402570129642,0.0002041927047805335,0.000559590328707557,0.000559590328707557,0.0,0.0,0.0,0.23316958311414823,0.6985136453461834,0.00011417067233844537,0.8060521312242114,0.01136482002585737,0.1822646853728123,0.0002041927047805335,,,,,,0.00011417067233844537,0.8060521312242114,0.01136482002585737,0.1822646853728123,0.0002041927047805335,,,,,,,,,,,
reliability_first,mixed_stress,Intent-PPO-CMDP-NoRisk,Intent-PPO-CMDP-NoRisk,15,1481178426,1997781942,1596015111,8c806f3e428ad93e5ba2,stochastic,150,300,150-step training / 300-step held-out evaluation,809382673,1,275.68097020004643,reliability_first,200,0.0,0.9057258638318754,0.8169947503919435,0.735,1.0,0.09427413616812456,0.18300524960805653,0.231648384254514,18.854827233624913,0.09427413616812456,0.005828941403332819,-0.04835970464135022,6.938259701719196e-05,0.0,6.938259701719196e-05,0.1462472260720571,0.2083597046413502,0.22552025239060156,0.8524218745493054,0.90172547945715,0.3992,0.4285959445520128,0.57133467285097,0.0,0.0,92.02454324559541,103.64582197011016,109.37456235827663,107.86650743855515,2.3010326297637014,2.0163477512969368,2.0090891928831303,0.07557347214625577,35222683.32878753,32323830.948951233,0.028378112303500354,1.8027321562693608,0.6808853844754279,0.5857646896276563,0.0,0.1278351460979834,0.14482188676773938,77.8046567685851,0.20699415640021263,22.58964125611793,0.13652253146101623,,,0.0942615908877341,0.0967661913251165,0.26437365633849325,0.9998666666666667,0.0052,5e-05,0.9696333333333333,0.12923416666666665,0.0,0.0,0.03900366300366301,1805.8460397024237,2567.671562873621,93.2127951594607,90.89255209546846,0.0,0.22640128974041396,0.7547465277777777,2.8449483557355998e-08,0.0,,,0.006190796554119127,0.005341197144062423,0.0,0.0694092755910281,0.0001943843450412142,5.919463265019282e-05,0.00013519469060173036,0.00013519469060173036,0.0,0.0,0.0,0.06940927558610274,0.20793160695729107,8.329766728839349e-05,0.9685989322111138,0.004624659498080513,0.026633915990867132,5.919463265019282e-05,,,,,,8.329766728839349e-05,0.9685989322111138,0.004624659498080513,0.026633915990867132,5.919463265019282e-05,,,,,,,,,,,
reliability_first,mixed_stress,Intent-PPO-CMDP,Intent-PPO-CMDP,15,1481178426,1997781942,1596015111,618554fca77aa7604c32,stochastic,150,300,150-step training / 300-step held-out evaluation,809382673,1,332.33217309997417,reliability_first,200,0.0,0.9284974050496752,0.8595385779560492,0.9,1.0,0.07150259495032481,0.14046142204395073,0.186790819462224,14.300518990064962,0.07150259495032481,0.013443049336915593,-0.028866274272512246,0.00242211000274526,0.009347988240972313,0.010826365261867768,0.1392382725542064,0.18886627427251218,0.21191162006502312,0.8534853205694647,0.8957699839793485,0.3992,0.46728464515729207,0.5302932448399627,0.0,0.0,92.75961192443897,103.46001400560223,106.72863547947871,106.06714855459215,2.521071853018475,2.2370660478212154,2.221849424163126,0.07392841484628543,35459789.88390493,33538509.338731434,0.0281931720109352,1.9779228262052153,0.6874186935764465,0.6318930550993103,0.0,0.14005954738991527,0.1556823171920525,93.11061665759226,0.15467540185025458,22.031113531673586,0.13650993732566244,,,0.19178531646304048,0.08600408002153147,0.262423157088883,0.9981833333333333,0.0171,0.0017000000000000001,0.9778999999999999,0.13666666666666666,0.7286333333333332,0.0596325,0.06663003663003664,1956.2203959259289,2825.2226376067697,91.07697519715352,92.47022812396075,0.0019047619047619052,0.2226743499506045,0.73985625,2.8226606726625075e-08,0.0,,,0.02469697519013909,0.02223586447162913,0.0,0.17598290357338772,0.07348639863836003,0.02448201290557786,0.04945186810481812,0.07166322750422585,0.022631439823049604,0.022211359399407722,0.02245,0.14693064958677046,0.44016488894134054,0.00010248127459681948,0.9254547725929857,0.017215949487541193,0.055361693308555976,0.0018651033363203716,,,,,,0.00010248127459681948,0.9254547725929857,0.017215949487541193,0.055361693308555976,0.0018651033363203716,,,,,,,,,,,
reliability_first,mixed_stress,Intent-PPO-CMDP-FullPolicy-NoShield,Intent-PPO-CMDP,15,1481178426,1997781942,1596015111,618554fca77aa7604c32,stochastic,150,300,150-step training / 300-step held-out evaluation,809382673,1,332.33217309997417,reliability_first,200,0.0,0.8685676407979654,0.7399156476934804,0.43,1.0,0.1338002670313341,0.28610544744971694,0.3532314626194151,26.76005340626682,0.1338002670313341,-0.009934557016182712,-0.039879069767441856,0.035180904528324515,0.05857779262724133,0.0674769487618994,0.14319208151606896,0.1899542149205494,0.2102725048622074,0.8534876563642348,0.9037515482312524,0.40051666666666663,0.44255194591573854,0.5222671495559369,0.0,0.0,91.31274197867246,105.26129032258062,110.22100888473226,109.33909177979163,2.3989015425670352,2.109234816868808,2.073856397205238,0.07837624959876938,35172129.481564306,33153865.447768286,0.028430411875099648,1.86830688396018,0.6868742350968912,0.6187681475439935,0.0,0.13327230792039083,0.15061140639783288,82.88484074497767,0.18668209942649747,22.031113531673586,0.13650993732566244,,,0.25260751809773185,0.132796038903088,0.31769553046124194,0.9752833333333334,0.01755,0.02465,0.9787166666666667,0.1359733333333333,0.0,0.0,0.07735531135531135,1891.2437061481446,2672.2557621772075,89.8425911983515,91.08377915594473,0.022047619047619045,0.22668681564381746,0.7357409722222223,2.8462341282285274e-08,0.0,,,0.024617560475599928,0.022163123781302932,0.0,0.1755862875199547,0.0731106970846005,0.024661391904193447,0.04889853526962778,0.04889853526962778,0.0,0.0,0.0,0.1755862875361479,0.5260095083655691,9.990021938108428e-05,0.904886221609711,0.0167074992806356,0.0536449869860788,0.024661391904193447,,,,,,9.990021938108428e-05,0.904886221609711,0.0167074992806356,0.0536449869860788,0.024661391904193447,,,,,,,,,,,
latency_critical,nominal,MaxWeight,MaxWeight,11,471540437,1073362871,1491300144,,stochastic,150,300,150-step training / 300-step held-out evaluation,1646165790,0,3.070000093430281e-05,latency_critical,200,0.0,0.7154662475378913,0.6806721683173832,0.0,1.0,0.2845337524621086,0.31932783168261686,0.3263949141243877,56.90675049242172,0.2845337524621086,0.1,0.1,0.0,0.0,0.0,0.12390829974531821,0.15409355179704015,0.1608265268077668,0.8476941201082724,0.8996712939954911,0.2883,0.5235146718296311,0.4764853281703689,0.0,0.0,74.211780337246,90.77086472602738,98.56602198990626,96.6957923419604,1.838322376889315,1.6752773801722036,1.6672569270764985,0.058983114547006006,18435343.885748625,17143687.20910479,0.05428299142686605,2.22167000464951,0.5065276749674366,0.45077394894346284,0.00928695750738236,0.1021290209382953,0.11240508855234055,-26.69012414725109,0.4061013800891586,,,,,0.12306893181832339,0.21074939350688632,0.2974661779613203,1.0,0.9497,0.0,0.9322833333333334,0.08481000000000001,0.0,0.0,0.15227838827838824,1609.1954488136305,1961.698415083914,81.79335715839032,70.7306396308321,0.0,0.11610711208171294,0.8023895833333333,5.434341634489977e-08,0.0,,,,,,,,,,,,,,,,,,,,,,,,,,,,,,,,,,,,,,,,,
latency_critical,nominal,PPO,PPO,11,471540437,1073362871,1897045420,b9c1e1a3273f0ff06c77,stochastic,150,300,150-step training / 300-step held-out evaluation,1646165790,1,259.96485530002974,latency_critical,200,0.0,0.8598330689362519,0.8211025462492869,0.07,1.0,0.14016693106374828,0.17889745375071314,0.19211372494765877,28.033386212749658,0.14016693106374828,0.0999290458937198,0.1,7.095410628019324e-05,0.0,7.095410628019324e-05,0.13556861274518964,0.17392274844720496,0.18120749839919276,0.7765325548685651,0.8624625509027661,0.26411666666666667,0.7594328719537832,0.24049617393993664,0.0,0.0,80.32716690368723,98.37896338849352,102.44536338225016,101.8680769889616,2.4414277016896984,2.206459509727613,2.1503548507758286,0.0626731621298458,33343020.56950374,31539565.676973987,0.029993295752426315,1.764622297320279,0.6933088313922113,0.6377279407849354,0.0,0.13563487231609436,0.14848598237870622,52.24729071658015,0.186269292173034,21.571008575666486,0.12208589956735064,,,0.3230980958856488,0.17480110913488267,0.2903721934618415,0.99995,0.003816666666666667,3.3333333333333335e-05,0.9858166666666668,0.14329083333333334,0.0,0.0,0.12321611721611721,2414.4668802733977,2455.945067067708,89.0545814377116,73.67611124862061,4.761904761904762e-05,0.1385192984296331,0.6743131944444446,3.002452633071647e-08,0.0,,,0.009449913891758574,0.008633808144571974,0.0,0.17850094744818534,7.737287289670345e-05,2.554963774161564e-05,5.182409009973385e-05,5.182409009973385e-05,0.0,0.0,0.0,0.17850094746319306,0.5347410491754527,3.5161361029310056e-05,0.795978255463242,0.003968415222377632,0.1999926183156093,2.554963774161564e-05,,,,,,,,,,,3.5161361029310056e-05,0.795978255463242,0.003968415222377632,0.1999926183156093,2.554963774161564e-05,,,,,,
latency_critical,nominal,PPO-Lagrangian,PPO-Lagrangian,11,471540437,1073362871,1897045420,97597eec01eed730a745,stochastic,150,300,150-step training / 300-step held-out evaluation,1646165790,1,273.0232358999783,latency_critical,200,0.0,0.7740848545287458,0.7290576140319189,0.0,1.0,0.22591514547125432,0.2709423859680811,0.2842015961761122,45.18302909425086,0.22591514547125432,0.1,0.1,0.0,0.0,0.0,0.11087421828973903,0.15822050084889636,0.16710300246120863,0.7984704959234523,0.8730571108857386,0.2690166666666666,0.5997073056607054,0.4002926943392945,0.0,0.0,89.40016953489126,110.5322232947233,116.2539587242026,114.16363580704326,1.9367725641598321,1.7444790513688393,1.7314443329955669,0.06757973365445404,34051728.30816135,31755195.527236577,0.029363500035158113,1.5252675905367743,0.6855616381473817,0.6068031750994072,0.0,0.10759847578665735,0.12035681453612547,23.221404658378404,0.535098823604696,21.24425025650966,0.12137918968135644,,,0.08918807900292652,0.21533410027544034,0.29660749711963313,1.0,0.018150000000000003,0.0,0.9859166666666667,0.13310750000000002,0.0,0.0,0.03808791208791209,1794.1895217264112,2013.5480485470607,97.18029854127352,84.63084926519542,0.0,0.11399123458902018,0.7140298611111112,2.9416891429199446e-08,0.0,,,0.0031370102615789967,0.0027855511931572513,0.0,0.055602126789988,2.6650108464894825e-05,1.2915363976086988e-05,1.3734990093549348e-05,1.3734990093549348e-05,0.0,0.0,0.0,0.055602126789705456,0.16656908570216156,7.692871723831625e-06,0.9710946515474351,0.0186262734893355,0.010258466727529445,1.2915363976086988e-05,,,,,,,,,,,7.692871723831625e-06,0.9710946515474351,0.0186262734893355,0.010258466727529445,1.2915363976086988e-05,,,,,,
latency_critical,nominal,PPO_CMDP,PPO_CMDP,11,471540437,1073362871,1897045420,3e02143445d692cb208a,stochastic,150,300,150-step training / 300-step held-out evaluation,1646165790,1,273.6423236000119,latency_critical,200,0.0,0.8838603917514729,0.8502209059350948,0.23,1.0,0.11613960824852722,0.14977909406490522,0.15337646031310576,23.227921649705443,0.11613960824852722,0.09949009949875212,0.09300203342756536,0.0005099005012478823,0.006997966572434656,0.008804264881212501,0.18645673909085977,0.2181942289792119,0.22642241527226908,0.7713406384223005,0.854194785068809,0.26165,0.8427379702586724,0.15675212924007975,0.0,0.0,67.9022675882626,85.5270621366279,90.7657097457627,88.9992581589845,2.692902015686073,2.4173747754809787,2.402472667485056,0.060488089918442366,30859083.65195176,29326165.625423912,0.03241485610847177,1.7781573200092051,0.6735353746145181,0.6097152496530674,0.0,0.14960566753811516,0.16481880404835936,54.723645772889434,0.17156443850021433,16.313100003571034,0.11627297453992139,,,0.4386082365745303,0.14050062706796437,0.2587460759177595,0.9992166666666666,0.006066666666666667,0.00021666666666666668,0.993,0.1498775,0.0,0.0,0.2264908424908425,2708.442776278562,2684.5339138285804,77.42733241168739,61.15139959125027,0.00014285714285714287,0.19453716955688427,0.6401229166666667,3.242841360761098e-08,0.0,,,0.02512320613923153,0.023270697896237088,0.05488333333333333,0.2683652200025212,0.0006255887455125941,0.0001907240927810072,0.0004351674549294214,0.0004351674549294214,0.0,0.0,0.0,0.2683652200098719,0.8039503506829905,0.0005842292508862969,0.5903164616981088,0.006478514493016383,0.40243007046520746,0.0001907240927810072,,,,,,,,,,,0.0005842292508862969,0.5903164616981088,0.006478514493016383,0.40243007046520746,0.0001907240927810072,,,,,,
latency_critical,nominal,Intent-PPO-CMDP-NoRisk,Intent-PPO-CMDP-NoRisk,11,471540437,1073362871,1897045420,7d2ee40999bb1a6afe16,stochastic,150,300,150-step training / 300-step held-out evaluation,1646165790,1,275.69379829999525,latency_critical,200,0.0,0.7800752729078023,0.7300815378407949,0.0,1.0,0.21992472709219776,0.26991846215920506,0.27822065144244834,43.98494541843955,0.21992472709219776,0.09984444140774672,0.1,0.0001555585922532903,0.0,0.0001555585922532903,0.10106879638134203,0.15044032764620996,0.16775964329889986,0.8030992569699458,0.8613082583586231,0.27133333333333337,0.6152842791495443,0.38456016225820233,0.0,0.0,88.98860387454118,107.72854761904762,114.31283536585363,112.14866123343106,1.9967133126311325,1.7713552061254354,1.7567150827333549,0.07144502457451049,34291293.58201329,31769834.592134748,0.029150010889736882,1.5538535445834476,0.6893374207231977,0.6027255530034672,0.0,0.11092851736839623,0.12323385602161839,28.233990248515784,0.41329921307572176,16.737563756692968,0.08358146624495469,,,0.11573076597235098,0.21540790285926387,0.2935899980439223,0.9998666666666667,0.024250000000000004,6.666666666666667e-05,0.9872666666666667,0.13740249999999998,0.0,0.0,0.04764835164835164,1862.65894546299,2068.8964334139805,97.03030715736642,84.01240200001654,0.0,0.10182914450202052,0.7027354166666666,2.9211564185928414e-08,0.0,,,0.0056360087162647165,0.002997033245577721,0.0,0.10776010480955348,0.00017045662601947376,7.156357328765227e-05,9.890093476195785e-05,9.890093476195785e-05,0.0,0.0,0.0,0.10776010480896744,0.32282042377778436,6.87613732454746e-05,0.95937909553561,0.02470274738269791,0.01577783213515894,7.156357328765227e-05,,,,,,,,,,,6.87613732454746e-05,0.95937909553561,0.02470274738269791,0.01577783213515894,7.156357328765227e-05,,,,,,
latency_critical,nominal,Intent-PPO-CMDP,Intent-PPO-CMDP,11,471540437,1073362871,1897045420,b12c9f3440d9c22ff923,stochastic,150,300,150-step training / 300-step held-out evaluation,1646165790,1,319.3185737999738,latency_critical,200,0.0,0.8061163433168907,0.755622315032794,0.005,1.0,0.19388365668310928,0.244377684967206,0.25807163540214206,38.77673133662186,0.19388365668310928,0.07707791559940291,0.052013030404276656,0.022922084400597093,0.047986969595723336,0.05358624973894296,0.10806122095875537,0.15346335546475995,0.1623133365299115,0.8008355999263369,0.8841362374987047,0.26915,0.6611694008344807,0.3159085147649221,0.0,0.0,83.98751328589184,98.94047281323877,105.67023529411765,102.17801749874982,2.1710261941067275,1.9388121840869394,1.9279367129851537,0.062265962662955476,33921710.14043451,31848877.66489779,0.029484394995606785,1.6128473374994494,0.6916848378020519,0.6247109055166826,0.0,0.12061256633926262,0.13235362768653736,44.04176224956082,0.2432125193070738,16.570640696124258,0.08030660667850774,,,0.29101838262089946,0.20280177898133459,0.26074239668178645,0.9896833333333334,0.03716666666666667,0.010266666666666667,0.99225,0.14845333333333333,0.682,0.049221666666666664,0.09540659340659342,2050.0870634893427,2236.147264439167,90.87678485088712,79.56648865664052,0.005523809523809525,0.10115824683535568,0.6607833333333333,2.951449970730589e-08,0.0,,,0.00747712960805528,0.0060728417243976875,0.0006333333333333333,0.25545309226331214,0.39258440097797126,0.11948809394670362,0.277929384641898,0.383274690812597,0.10973516395753212,0.10534530617069901,0.11006666666666667,0.20951076550193087,0.6276381618711363,8.676328536190182e-05,0.8794294426748408,0.03803213427430026,0.07251274226920845,0.009938917496288618,,,,,,,,,,,8.676328536190182e-05,0.8794294426748408,0.03803213427430026,0.07251274226920845,0.009938917496288618,,,,,,
latency_critical,nominal,Intent-PPO-CMDP-FullPolicy-NoShield,Intent-PPO-CMDP,11,471540437,1073362871,1897045420,b12c9f3440d9c22ff923,stochastic,150,300,150-step training / 300-step held-out evaluation,1646165790,1,319.3185737999738,latency_critical,200,0.0,0.6711223513092258,0.6097645140509393,0.0,1.0,0.3626239167524659,0.4552809167268506,0.5068989423402088,72.52478335049318,0.3626239167524659,-0.13656698352041544,-0.22128431270222312,0.23656698352041544,0.321284312702223,0.3565175201448995,0.1320945591313105,0.1807873029672638,0.19885435429751677,0.7983970003450318,0.8858560041899747,0.28059999999999996,0.5328928193390449,0.23054019714053958,0.0,0.0,66.32966514862312,85.44146021021021,92.13261111111107,90.5903829706579,1.7893806630359388,1.5340723031464094,1.5101351354606822,0.08675931817909786,32373860.13338338,30357066.793234445,0.03087296968620155,1.0992847568399038,0.6866475603515704,0.5972391782704981,0.0,0.09941003683532994,0.11243565020891558,22.860362520253297,0.4784343456301362,16.570640696124258,0.08030660667850774,,,0.4432921904627128,0.37532204859078,0.45681776600800006,0.8947166666666666,0.03401666666666667,0.10511666666666666,0.9895833333333333,0.15010500000000002,0.0,0.0,0.14314285714285713,1699.4284880570683,1837.8164495630242,68.5053547177557,64.35377905707544,0.08395238095238096,0.13663589166949539,0.5468215277777777,3.0940200204361464e-08,0.0,,,0.00807580834187116,0.006405097378190129,0.0005833333333333334,0.264116732815939,0.38990729357387055,0.10543561285644067,0.28982359906213295,0.28982359906213295,0.0,0.0,0.0,0.2641167328114371,0.7912230204688585,0.0001516879511900508,0.7913753420505916,0.03535266953101656,0.06768468761076125,0.10543561285644067,,,,,,,,,,,0.0001516879511900508,0.7913753420505916,0.03535266953101656,0.06768468761076125,0.10543561285644067,,,,,,
latency_critical,nominal,MaxWeight,MaxWeight,12,1729653623,2128646545,1526442148,,stochastic,150,300,150-step training / 300-step held-out evaluation,1562662998,0,3.0800001695752144e-05,latency_critical,200,0.0,0.7267369804494466,0.6874042068146621,0.005,1.0,0.2732630195505535,0.312595793185338,0.32251105955098136,54.6526039101107,0.2732630195505535,0.1,0.1,0.0,0.0,0.0,0.12080634879129688,0.15266871165644172,0.16537553100782823,0.8410209966570321,0.9099336378200216,0.2824333333333333,0.5266414794609525,0.47335852053904737,0.0,0.0,72.08200331068517,84.78445048309179,91.02956521739128,88.69471330628016,1.9445545136032678,1.7635035144715305,1.7487423602210985,0.056215217483435775,14959564.486917555,13946441.593527988,0.06687703258621693,2.8121936299910057,0.5077140223148211,0.4578107612343976,0.009164462485064391,0.10803080631129268,0.11744548113546233,-20.05753815220623,0.6233589819189176,,,,,0.1290117450831842,0.19556906230862472,0.284801077743135,0.99995,0.9448666666666666,0.0,0.9357500000000001,0.08726166666666668,0.0,0.0,0.16123076923076923,1654.7613066093268,2100.5970096769283,80.09913339469792,68.61021516882134,0.0,0.11650854204765508,0.7963493055555554,6.696485548917957e-08,0.0,,,,,,,,,,,,,,,,,,,,,,,,,,,,,,,,,,,,,,,,,
latency_critical,nominal,PPO,PPO,12,1729653623,2128646545,1621075116,2fb07c1ee95b181950c4,stochastic,150,300,150-step training / 300-step held-out evaluation,1562662998,1,284.739809300052,latency_critical,200,0.0,0.8480190684600964,0.7971852891919247,0.045,1.0,0.1519809315399036,0.20281471080807542,0.2178797072969246,30.39618630798072,0.1519809315399036,0.09971956570028404,0.1,0.00028043429971595993,0.0,0.00028043429971595993,0.12556650836437505,0.16357723577235767,0.17792374009109174,0.7639883771941592,0.849519093066753,0.25343333333333334,0.700329326650631,0.2993902390496531,0.0,0.0,78.07065651003913,94.11960997442455,101.28374470659405,98.06221500416295,2.342508253866223,2.1158038980539207,2.1037126674002997,0.06029785197861556,28305851.985828962,26371201.890295785,0.03534854879007309,1.939375053051967,0.7123805508261113,0.6451274861318889,0.0,0.1301393474370124,0.1436961206002309,52.054557866793076,0.2014062529973613,25.858988431334488,0.13509311810541438,,,0.30859674192391673,0.15701015833155113,0.22915451123664266,0.9992166666666666,0.017916666666666664,0.00011666666666666667,0.9925833333333333,0.1508958333333333,0.0,0.0,0.11821978021978023,2200.64128289191,2418.8981613139294,84.56773419081114,73.40945135237953,0.00014285714285714287,0.11055050903243828,0.6544402777777778,3.5378214693667874e-08,0.0,,,0.02574014225417297,0.0241875212210398,0.0,0.1877583427656586,0.0005524881891988084,0.00015321469632011288,0.0003993087672285649,0.0003993087672285649,0.0,0.0,0.0,0.1877583427466274,0.5624737269950836,0.0006163301267847978,0.8383193826613968,0.01837873700142433,0.14253233551407396,0.00015321469632011288,,,,,,,,,,,0.0006163301267847978,0.8383193826613968,0.01837873700142433,0.14253233551407396,0.00015321469632011288,,,,,,
latency_critical,nominal,PPO-Lagrangian,PPO-Lagrangian,12,1729653623,2128646545,1621075116,5ff4062933b4dfa3978e,stochastic,150,300,150-step training / 300-step held-out evaluation,1562662998,1,266.70855040004244,latency_critical,200,0.0,0.7794672252440684,0.7363197072805392,0.0,1.0,0.2205327747559317,0.263680292719461,0.27543920520586906,44.10655495118634,0.2205327747559317,0.0988531857286873,0.09224806201550388,0.001146814271312714,0.007751937984496124,0.009661995282007162,0.09031244365603416,0.13669607843137252,0.15143560296604974,0.807978193640445,0.8731412466270715,0.2708833333333333,0.6049829825878267,0.39387020314086074,0.0,0.0,97.70852293213993,114.78581081081079,122.33774980330443,120.74164968300067,2.079290025231251,1.8338404033917417,1.816387260401309,0.07362880030513301,28680119.99285488,26539544.222510576,0.03485965151120101,2.124671606535631,0.7039370338732769,0.6273557998370661,0.0,0.1155161125128473,0.1288335698295722,30.07389472886258,0.39909693334935925,26.29234703046875,0.151062278799873,,,0.14789664264261457,0.21555907053748705,0.2756796865707557,0.9991,0.05026666666666666,0.0005,0.9726333333333333,0.127015,0.0,0.0,0.05643223443223443,1900.169721872725,2175.7394193473806,106.86162157349526,92.02524510211386,0.0005714285714285715,0.09708601160855095,0.7374152777777777,3.4929852819636045e-08,0.0,,,0.005142079932915335,0.004685658803135465,0.0,0.09444287266658645,0.0010569485645387997,0.0003401726646896641,0.0007169028487923673,0.0007169028487923673,0.0,0.0,0.0,0.09444287267704056,0.2829255616857608,0.000391673075331914,0.9415723039039275,0.051746465624947585,0.005949384731103315,0.0003401726646896641,,,,,,,,,,,0.000391673075331914,0.9415723039039275,0.051746465624947585,0.005949384731103315,0.0003401726646896641,,,,,,
latency_critical,nominal,PPO_CMDP,PPO_CMDP,12,1729653623,2128646545,1621075116,c2c338dd9800f45e9834,stochastic,150,300,150-step training / 300-step held-out evaluation,1562662998,1,270.83158040000126,latency_critical,200,0.0,0.907367105683442,0.8708064760057059,0.545,1.0,0.092632894316558,0.12919352399429399,0.1339302061706969,18.5265788633116,0.092632894316558,0.09980447632049558,0.1,9.900990099009902e-05,0.0,9.900990099009902e-05,0.21277440411801418,0.2403876776090152,0.24797476916065958,0.7502546141136318,0.8310807300669374,0.24888333333333335,0.8751899123620653,0.12471107773694452,0.0,0.0,59.462332977413645,77.78846872082165,85.66972418879054,83.1644109551801,2.9164991406934813,2.6197840065314613,2.5974913576596625,0.05454529179546967,24308523.987692054,23082562.72626246,0.04114133160939403,2.140441665750704,0.6597111440752558,0.5881792572539477,0.0,0.16202773003852675,0.17501745204371144,60.223465410862936,0.17433958736528432,24.496898011674098,0.12156286266931669,,,0.43013858645593933,0.11312319434065067,0.220755944710914,0.9996166666666666,0.0007500000000000001,3.3333333333333335e-05,0.9939000000000001,0.15270833333333333,0.0,0.0,0.23417582417582417,2977.944017485366,2883.4134378055433,68.326722900145,53.15008449939163,9.523809523809524e-05,0.21917697178796477,0.5933305555555556,4.1174385847535875e-08,0.0,,,0.040156052704868106,0.039020873940489184,0.06313333333333335,0.24812488605338906,8.402088451648974e-05,2.146879907531123e-05,0.001197274442544539,0.001197274442544539,0.0,0.0,0.0,0.24812488605212593,0.74331572901826,0.00040992329090123596,0.4550265599826811,0.000833899965519691,0.5437081479618225,2.146879907531123e-05,,,,,,,,,,,0.00040992329090123596,0.4550265599826811,0.000833899965519691,0.5437081479618225,2.146879907531123e-05,,,,,,
latency_critical,nominal,Intent-PPO-CMDP-NoRisk,Intent-PPO-CMDP-NoRisk,12,1729653623,2128646545,1621075116,53b75815fc19ab3c700d,stochastic,150,300,150-step training / 300-step held-out evaluation,1562662998,1,267.30905749998055,latency_critical,200,0.0,0.8500383191410787,0.7994868285825493,0.03,1.0,0.1499616808589214,0.2005131714174508,0.21347215945667228,29.99233617178428,0.1499616808589214,0.09992091772943237,0.1,7.908227056764191e-05,0.0,7.908227056764191e-05,0.13450335753210443,0.16674796747967477,0.17540523550710366,0.7777160478004126,0.8623229492311102,0.2576,0.7162414477959461,0.2836794699334863,0.0,0.0,82.05172819489766,99.31450046253468,103.30623334112693,103.07912661513183,2.4227016024683663,2.1933716741239446,2.175579360294077,0.05707010726792489,28012534.31984274,26576832.585198913,0.035705337594545965,2.129325512820086,0.7004899175033364,0.6337756617504756,0.0,0.13459453347046477,0.14689264248603148,51.00757365603735,0.17821556317159506,23.769019036505334,0.09315755964490664,,,0.33922444470012,0.16457764639213707,0.23330123271833667,0.9999333333333333,0.01925,3.3333333333333335e-05,0.9917666666666666,0.1525725,0.0,0.0,0.09452014652014652,2334.935504065835,2469.9602708389593,89.7682262404847,76.159256530447,4.761904761904762e-05,0.12973995888232887,0.6751652777777778,3.572788648287569e-08,0.0,,,0.00860693227249334,0.0042112789326564735,0.0,0.2725009474542054,0.0001464851423700208,3.901200273233774e-05,0.00010747704941985677,0.00010747704941985677,0.0,0.0,0.0,0.2725009474660946,0.8163398828982202,2.6696060404910684e-05,0.8089284048488784,0.019718089222634863,0.17128779786534942,3.901200273233774e-05,,,,,,,,,,,2.6696060404910684e-05,0.8089284048488784,0.019718089222634863,0.17128779786534942,3.901200273233774e-05,,,,,,
latency_critical,nominal,Intent-PPO-CMDP,Intent-PPO-CMDP,12,1729653623,2128646545,1621075116,fc604e43c5d11a5118bd,stochastic,150,300,150-step training / 300-step held-out evaluation,1562662998,1,320.63457950000884,latency_critical,200,0.06,0.9429383933606408,0.879539304794283,0.805,0.94,0.05706160663935925,0.12046069520571707,0.13426764219294826,11.41232132787185,0.060703836850382165,0.07956122146427619,0.0623917682926829,0.012577888808466163,0.02986196835372012,0.03291468455781496,0.2618785865102424,0.287006989738538,0.2946525964455239,0.6639118921141126,0.8373791238236615,0.22343333333333334,0.8991503413593531,0.08827176983218081,0.0,0.0,43.52132976319463,61.17772435897435,70.89443999999996,67.64594569828714,3.0085812298477266,2.7004084092226566,2.683046236235822,0.05811339051506102,21004800.932144072,19875226.23050518,0.047603070874505785,1.8699074969089267,0.6483467049245724,0.5897162969284979,0.0,0.167143401658207,0.18340037088585717,47.93830368269668,0.2118522637785459,19.39255953017724,0.11389086790564536,,,0.3863371015409156,0.0779421144449468,0.18766596454956214,0.9892500000000001,0.06791666666666667,0.005600000000000001,0.9956833333333333,0.16421499999999997,0.6268333333333334,0.04125583333333333,0.11856410256410257,2918.6962333495626,3056.980843346737,47.44660949059246,40.869014906357904,0.005714285714285715,0.2593745683004373,0.4902722222222222,4.766391580878916e-08,0.0,,,0.0294367391491145,0.020846613729291752,0.0,0.39493331456693254,0.19974649523024612,0.04424492485382564,0.16781445644126045,0.2044862768014348,0.039300374142992055,0.036671820360174384,0.039483333333333336,0.3662639099266778,1.0972286156054205,0.004979517119888102,0.10121867416209421,0.06653838574659718,0.8222396286140631,0.005023794357357313,,,,,,,,,,,0.004979517119888102,0.10121867416209421,0.06653838574659718,0.8222396286140631,0.005023794357357313,,,,,,
latency_critical,nominal,Intent-PPO-CMDP-FullPolicy-NoShield,Intent-PPO-CMDP,12,1729653623,2128646545,1621075116,fc604e43c5d11a5118bd,stochastic,150,300,150-step training / 300-step held-out evaluation,1562662998,1,320.63457950000884,latency_critical,200,0.01,0.9240649218119321,0.850585714413558,0.655,0.99,0.07593507818806808,0.14941428558644204,0.16504685888451476,15.187015637613616,0.07670209917986674,-0.009598141844181325,-0.05793650793650792,0.10959814184418133,0.1579365079365079,0.17082069511091222,0.2654082697030444,0.2952996094321101,0.29968932925003633,0.6508635675290959,0.839001356126392,0.2205666666666667,0.8286549937186897,0.06174686443712901,0.0,0.0,38.64948782362645,57.58662381389654,63.42052706552704,62.6052488082013,2.806878681424273,2.3875647648297145,2.337655744702446,0.07847194787828644,20657436.036076337,19402868.804569308,0.04838832931892039,1.5748140019275592,0.6251900871478271,0.5573714640293029,0.0,0.1559377045235707,0.17167635265169284,41.87918185034456,0.2534811238773324,19.39255953017724,0.11389086790564536,,,0.48445475655822734,0.09743439222998301,0.20008207260000538,0.94035,0.06673333333333334,0.04786666666666667,0.9945333333333335,0.1803758333333333,0.0,0.0,0.13903296703296703,2712.826612684426,2857.5221030534212,40.22465568775541,37.342608494906344,0.04538095238095238,0.2680563541164868,0.4325055555555556,4.847226662747691e-08,0.0,,,0.029141994288041154,0.020676648178378124,0.0,0.39367771105882887,0.20654061132687637,0.047878757699602,0.18713738032141683,0.18713738032141683,0.0,0.0,0.0,0.3936777110543177,1.1793530243842825,0.011741683570547237,0.09566318038742562,0.06459247856482739,0.7801238997775978,0.047878757699602,,,,,,,,,,,0.011741683570547237,0.09566318038742562,0.06459247856482739,0.7801238997775978,0.047878757699602,,,,,,
latency_critical,nominal,MaxWeight,MaxWeight,13,1025721121,372372750,1453610631,,stochastic,150,300,150-step training / 300-step held-out evaluation,1740021080,0,4.539999645203352e-05,latency_critical,200,0.0,0.744529642080268,0.7034149364193696,0.0,1.0,0.255470357919732,0.2965850635806304,0.30559352927985073,51.0940715839464,0.255470357919732,0.1,0.1,0.0,0.0,0.0,0.12638094269920225,0.15846751412429375,0.1683289515307356,0.825694061511643,0.8960139003901666,0.2788,0.5513075575965357,0.4486924424034642,0.0,0.0,66.48932034840468,79.98488053270661,85.62298076923076,84.46376887181906,1.9586167376157275,1.7979044118393726,1.7824285231947428,0.05687892881527451,16915718.884906143,15832322.410014538,0.059128667120578494,2.3100463776430837,0.5096192512272771,0.4565773115727006,0.00847564634086239,0.10881204097865155,0.11988168613817177,-22.105680073487356,0.45232793475376654,,,,,0.14147105219272452,0.17991907015378353,0.26634112350338,1.0,0.9381166666666667,0.0,0.9403333333333334,0.08799166666666668,0.0,0.0,0.17906959706959705,1651.354241616879,2124.0657739228,74.61872489945593,63.24545127368661,0.0,0.12229246505035199,0.7737986111111111,5.919936511840711e-08,0.0,,,,,,,,,,,,,,,,,,,,,,,,,,,,,,,,,,,,,,,,,
latency_critical,nominal,PPO,PPO,13,1025721121,372372750,535536204,3cabdc2e2c3a75659a16,stochastic,150,300,150-step training / 300-step held-out evaluation,1740021080,1,262.1022107999888,latency_critical,200,0.055,0.9366817695189465,0.8738353674000756,0.68,0.945,0.06331823048105341,0.12616463259992447,0.13539092781952108,12.663646096210682,0.06700341849846923,0.06773529865484562,0.04282840226112544,0.0007015374506143771,0.007886819025670568,0.00957089934416037,0.2820702441605659,0.30717159773887454,0.31255995418976656,0.6714161784958077,0.8376364012896266,0.22351666666666667,0.9179643506921643,0.0813341118572213,0.0,0.0,44.76693379312348,61.657999999999994,68.027128847157,65.3145563442383,2.959677302681743,2.6234600402750274,2.5808381399412186,0.06564682827576604,23072792.905836888,21965093.57640088,0.043335274586034374,1.7225209744338852,0.6543623996062657,0.5937405587299605,0.0,0.16442651681565237,0.18161981422227477,40.43428682464845,0.2816787397870031,25.773339520942898,0.1260413258688232,,,0.3218481526650774,0.09219922126939746,0.20967359983742484,0.99335,0.04664999999999999,0.00028333333333333335,0.9936666666666667,0.17817249999999998,0.0,0.0,0.15736263736263736,2892.7098797268577,2995.7366842728347,48.12687791201292,42.37872257864682,0.00028571428571428574,0.2889063014001367,0.47928958333333327,4.3373807480479304e-08,0.0,,,0.020247362969698854,0.013801909564118026,0.014450000000000001,0.4147720797333358,0.0013732153763356414,0.00032649918557440085,0.03515508161227578,0.03515508161227578,0.0,0.0,0.0,0.4147720797116962,1.242546105361437,0.006402599306274042,0.09166219681515908,0.044417933627766096,0.8571907710652263,0.00032649918557440085,,,,,,,,,,,0.006402599306274042,0.09166219681515908,0.044417933627766096,0.8571907710652263,0.00032649918557440085,,,,,,
latency_critical,nominal,PPO-Lagrangian,PPO-Lagrangian,13,1025721121,372372750,535536204,454f28c68eb87e33907f,stochastic,150,300,150-step training / 300-step held-out evaluation,1740021080,1,254.03850810002768,latency_critical,200,0.0,0.8823578604910612,0.8499564136647852,0.22,1.0,0.11764213950893869,0.1500435863352148,0.16784062973655808,23.528427901787737,0.11764213950893869,0.09996527777777779,0.1,3.472222222222222e-05,0.0,3.472222222222222e-05,0.177753715648703,0.20646898674242425,0.21421136011098035,0.7690354626097179,0.8598615154983642,0.2595166666666667,0.8219523468193566,0.17801293095842113,0.0,0.0,67.58931382468319,84.39482200647248,88.55040056022405,88.35734092544746,2.657308188059328,2.4365545883246726,2.4089496499982874,0.05269020922413177,27181037.92204688,25391515.145929866,0.03680391163170438,1.9830569983813824,0.6735185429851137,0.6237239343098469,0.0,0.14762823266996264,0.15978863787982314,55.92578353262148,0.15847981004458028,25.83543927051386,0.11967838708539526,,,0.5952291932953714,0.13510918365752952,0.22479759229952886,0.9999166666666668,0.12450000000000001,1.6666666666666667e-05,0.9898333333333333,0.14683249999999998,0.0,0.0,0.2606007326007326,2616.550946254906,2679.254395184785,76.4232523936293,61.56925540770014,0.0,0.18246962166900377,0.6267840277777778,3.684074693380677e-08,0.0,,,0.017764862623233436,0.01358915992446596,0.008566666666666667,0.34054276927890414,0.00010760140122944054,3.639169766073851e-05,0.00033999787295216707,0.00033999787295216707,0.0,0.0,0.0,0.3405427692740369,1.0201749644396827,8.13489344304119e-05,0.5363533626097805,0.1250329519748306,0.3384959447832977,3.639169766073851e-05,,,,,,,,,,,8.13489344304119e-05,0.5363533626097805,0.1250329519748306,0.3384959447832977,3.639169766073851e-05,,,,,,
latency_critical,nominal,PPO_CMDP,PPO_CMDP,13,1025721121,372372750,535536204,a070e26e29e031606ad8,stochastic,150,300,150-step training / 300-step held-out evaluation,1740021080,1,277.9400926999515,latency_critical,200,0.0,0.8944417540434481,0.8526647055646326,0.395,1.0,0.10555824595655192,0.14733529443536747,0.15562501202239512,21.111649191310384,0.10555824595655192,0.0998826404606068,0.1,0.00011735953939319795,0.0,0.00011735953939319795,0.16575359707920378,0.2019620582120582,0.2114914227417434,0.7344003326183445,0.8236260860524981,0.24838333333333332,0.7902888708413665,0.20959376961924042,0.0,0.0,62.40936106854777,78.1611145185315,82.13753283837808,80.7620589673199,2.5657045525758617,2.3555457620233815,2.3322948904688294,0.052580376353919586,29815198.11073978,27696592.828213573,0.03357248695313488,1.612728087129804,0.6943290076759635,0.6271160318818317,0.0,0.14253914180977006,0.15732913571448998,62.745374777174014,0.13232501288610685,24.69759438310317,0.12601677807973574,,,0.3912127535908417,0.11275655619666183,0.21309087911095154,0.9998333333333332,0.007966666666666667,5e-05,0.9897333333333335,0.15266833333333332,0.0,0.0,0.14284249084249084,2425.4032841155417,2641.25138943911,66.7025444156889,59.65081488889513,4.761904761904762e-05,0.15544469709571673,0.5966604166666667,3.359005954018688e-08,0.0,,,0.03378070124515652,0.024694290453315906,0.020716666666666664,0.2438221687617049,0.00025975370249790153,6.140328218327419e-05,0.00020069816079452184,0.00020069816079452184,0.0,0.0,0.0,0.24382216875169382,0.7304259399373766,5.503740991524351e-05,0.7167437349405982,0.007862008493960418,0.27527781587334277,6.140328218327419e-05,,,,,,,,,,,5.503740991524351e-05,0.7167437349405982,0.007862008493960418,0.27527781587334277,6.140328218327419e-05,,,,,,
latency_critical,nominal,Intent-PPO-CMDP-NoRisk,Intent-PPO-CMDP-NoRisk,13,1025721121,372372750,535536204,4606dec7f3efe1c94a9c,stochastic,150,300,150-step training / 300-step held-out evaluation,1740021080,1,283.62103929999284,latency_critical,200,0.145,0.9713725089524865,0.9024921642796697,0.96,0.855,0.028627491047513404,0.09750783572033031,0.10897085605692569,5.725498209502681,0.03348244566960633,0.08413838901554736,0.056065197474228154,0.0005801867752351042,0.007939682539682538,0.008569188352507875,0.2641959500979111,0.2939348025257718,0.2997883083331021,0.5709188239669349,0.7929152270546861,0.18795,0.9436564245509501,0.055763388673814765,0.0,0.0,37.74428614217729,51.72313757173901,56.063188701923075,54.86363373564018,2.9856933441246825,2.634237812976314,2.598806309308796,0.07034970906010687,23377285.253254823,22092223.34942429,0.04275579057997269,1.4454817468020724,0.655195484151368,0.5999715240630412,0.0,0.1658718524513713,0.18405192891924133,52.79409280928352,0.1648671101304404,20.557773943991297,0.09501970006584819,,,0.36592881735328114,0.06502652876165141,0.19849835306959004,0.9930833333333333,0.08061666666666667,0.00023333333333333333,0.9937,0.18276083333333332,0.0,0.0,0.1493113553113553,2911.835032005772,3025.4632044964037,39.01147214816182,36.25918007321743,0.00028571428571428574,0.2676738790676009,0.4347215277777778,4.281978210717183e-08,0.0,,,0.0178388188562372,0.013585450557898145,0.00255,0.37729640566553746,0.0012192119793522189,0.00021963401987225024,0.030369179367863916,0.030369179367863916,0.0,0.0,0.0,0.3772964056550782,1.1302790191168364,0.006692016024193609,0.08287548736883454,0.07995248744817039,0.8302603751389291,0.00021963401987225024,,,,,,,,,,,0.006692016024193609,0.08287548736883454,0.07995248744817039,0.8302603751389291,0.00021963401987225024,,,,,,
latency_critical,nominal,Intent-PPO-CMDP,Intent-PPO-CMDP,13,1025721121,372372750,535536204,09d0d30da2ff448dad2f,stochastic,150,300,150-step training / 300-step held-out evaluation,1740021080,1,309.3859143999871,latency_critical,200,0.055,0.9527405402594549,0.8817593543165025,0.875,0.945,0.04725945974054513,0.11824064568349754,0.12536563905310677,9.451891948109026,0.050010010307455166,0.06529316075845128,0.04307781649245065,0.03273919877386615,0.0556233062330623,0.06353288671824653,0.2617779348010265,0.28693090403096055,0.29646719203920435,0.6420179629996133,0.8225240093192646,0.21525,0.9083037372489855,0.058957063977148325,0.0,0.0,38.37072576397938,49.66469237832874,54.836598704268276,53.069377818733855,2.9532827525288727,2.620984133310574,2.5830610815823425,0.07303845888657229,23460310.571674146,22172778.348229643,0.04260415630444684,1.448365818468373,0.6394498180490885,0.5883238717195207,0.0,0.16407126402938182,0.18405194367039038,55.95280040633781,0.1699548174193815,20.011558856135007,0.0924854731303008,,,0.4620157568033342,0.09170128409218105,0.2142758290835279,0.9781,0.09716666666666667,0.0143,0.9922,0.1733866666666667,0.6648333333333334,0.045523333333333325,0.18271794871794875,2928.8689151330127,2966.4286649727965,39.79582443706332,37.02247287032521,0.007666666666666668,0.26804680479037163,0.425775,4.266748531216856e-08,0.0,,,0.016949313935547185,0.01207732366899748,0.0006166666666666667,0.3338667084439162,0.6864701498587147,0.2130047656774822,0.4973127980397119,0.6871270328917707,0.1986296812427603,0.18981423485205867,0.1984,0.34000202136816354,1.0185550284862013,0.007838785331582922,0.107699116312331,0.09614218393665959,0.7738786129184347,0.014441301500991672,,,,,,,,,,,0.007838785331582922,0.107699116312331,0.09614218393665959,0.7738786129184347,0.014441301500991672,,,,,,
latency_critical,nominal,Intent-PPO-CMDP-FullPolicy-NoShield,Intent-PPO-CMDP,13,1025721121,372372750,535536204,09d0d30da2ff448dad2f,stochastic,150,300,150-step training / 300-step held-out evaluation,1740021080,1,309.3859143999871,latency_critical,200,0.0,0.7139388028234716,0.6450988474607117,0.0,1.0,0.4950404978465424,0.6296393464979368,0.6675379058617152,99.00809956930848,0.4950404978465424,-0.3697732790467452,-0.4619834710743802,0.46977327904674515,0.5619834710743802,0.5829088349995153,0.27516393290194263,0.30847616711788617,0.31553087262836366,0.6764979630121257,0.7858027406825461,0.2492833333333333,0.5035660850721431,0.026660635881111804,0.0,0.0,24.95362604513517,34.49926971762414,38.52280892448512,37.4079855726779,1.6579634094801419,1.3110275436494518,1.299217547685047,0.12854826209899062,21769558.294105127,20206583.258183945,0.04591137015324614,0.569836301555293,0.5869039980193679,0.5033460938345774,0.0011494452026640806,0.0921090783044523,0.11478298378303574,3.997976935440193,2.517885958040758,20.011558856135007,0.0924854731303008,,,0.8277128690323263,0.545224369548054,0.6708156384773861,0.7258666666666668,0.11830000000000002,0.20401666666666668,0.9748833333333333,0.3117391666666667,0.0,0.0,0.3023516483516484,1514.57314163288,1735.1735537055904,17.898047457219228,27.866975739926776,0.1558095238095238,0.282890552442997,0.21316805555555554,4.6016035862525916e-08,0.0,,,0.01926986714128547,0.015305467950191736,0.004699999999999999,0.3798883859706952,0.6541716185972369,0.20302100473137094,0.5913865021985631,0.5913865021985631,0.0,0.0,0.0,0.37988838557656845,1.1380438970200484,0.07012103110632133,0.11154748878908537,0.11698174674574684,0.4983287286274755,0.20302100473137094,,,,,,,,,,,0.07012103110632133,0.11154748878908537,0.11698174674574684,0.4983287286274755,0.20302100473137094,,,,,,
latency_critical,nominal,MaxWeight,MaxWeight,14,1103526060,1905340783,149774988,,stochastic,150,300,150-step training / 300-step held-out evaluation,1362184486,0,1.379998866468668e-05,latency_critical,200,0.0,0.7551370381781046,0.7124121240295187,0.015,1.0,0.24486296182189546,0.28758787597048135,0.29887210898551897,48.97259236437909,0.24486296182189546,0.1,0.1,0.0,0.0,0.0,0.13040238813542393,0.16478940702734296,0.18508855906592864,0.8220382257699496,0.8887291846568122,0.28528333333333333,0.5611847658813911,0.4388152341186089,0.0,0.0,65.56395756393024,78.7894144144144,86.69511904761903,84.45375110570544,2.0619037078971263,1.8737316544984395,1.8574953369681837,0.06357242779970992,19884063.521049194,18675934.060030825,0.0502891870239631,2.0395267683971463,0.5213096932036158,0.47569203427412415,0.004801351376043625,0.1145502059942848,0.12394833933493705,-16.78479561600304,0.9089207920650634,,,,,0.14938749870528056,0.17070728952011952,0.25653536581554326,0.9999333333333333,0.9308166666666666,0.0,0.9414833333333332,0.09045,0.0,0.0,0.18860805860805863,1737.06506825948,2236.8168215481664,71.77982685849952,62.92201428777827,0.0,0.1274124689049338,0.7712513888888889,5.03846142942695e-08,0.0,,,,,,,,,,,,,,,,,,,,,,,,,,,,,,,,,,,,,,,,,
latency_critical,nominal,PPO,PPO,14,1103526060,1905340783,1823775964,0a65909e93fb2c778ea0,stochastic,150,300,150-step training / 300-step held-out evaluation,1362184486,1,272.0849051999976,latency_critical,200,0.025,0.9274164237705247,0.8727230101838928,0.69,0.975,0.07258357622947516,0.1272769898161071,0.13705600741405216,14.516715245895032,0.07444469356869247,0.09521055666761737,0.0760850213641399,0.0007283776388966809,0.007410171365395245,0.009013007676271806,0.24300079126061574,0.27391497863586006,0.27829602845831647,0.6999775703492014,0.8333139941568367,0.24135,0.8880890572523916,0.11118256510871168,0.0,0.0,48.46558654199428,67.53979398012856,73.32146909090909,71.62684629264463,2.9262814347006256,2.691147545723544,2.67587620268309,0.05004177228027729,25676360.088424034,24344549.378171034,0.038948202338894254,1.6571363249913216,0.6483221308115631,0.582130102918536,0.0,0.16257119081670143,0.17533813771090512,47.91578000870828,0.22508915263643592,23.652352605943808,0.12485441088712515,,,0.5089574237045418,0.08333922177461459,0.19090532691340248,0.9984666666666666,0.2781,0.0003166666666666667,0.9952666666666667,0.15578416666666667,0.0,0.0,0.13042490842490842,2756.852120901629,3017.5126036693164,53.50760853470684,45.478637410747986,0.0003333333333333334,0.24547586611125113,0.5248180555555555,3.8989304718228733e-08,0.0,,,0.0345019718837028,0.01682064302655771,0.00025,0.4265080155473038,0.001933569810540914,0.000400865259403766,0.005462447224410073,0.005462447224410073,0.0,0.0,0.0,0.4265080155438837,1.2777038270942798,0.0010264135099603156,0.0682777199206917,0.2768197128986063,0.653475288411338,0.000400865259403766,,,,,,,,,,,0.0010264135099603156,0.0682777199206917,0.2768197128986063,0.653475288411338,0.000400865259403766,,,,,,
latency_critical,nominal,PPO-Lagrangian,PPO-Lagrangian,14,1103526060,1905340783,1823775964,337f5a10e02765106fee,stochastic,150,300,150-step training / 300-step held-out evaluation,1362184486,1,284.58887489995686,latency_critical,200,0.0,0.8883749257253656,0.8495201475125465,0.29,1.0,0.11162507427463439,0.15047985248745369,0.1682762618184147,22.325014854926877,0.11162507427463439,0.09935778511223886,0.09263591800356506,0.0006422148877611475,0.0073640819964349334,0.007901118490988433,0.1747437057229542,0.21044810157790927,0.21957011683283936,0.749342097747353,0.8354681809400967,0.2597833333333333,0.7871182489039523,0.21223953620828656,0.0,0.0,64.98533483550568,82.75782388750748,91.89913036020582,88.11645861720048,2.619924034929416,2.4231983259634355,2.400645728831136,0.04851431546646076,32526870.620043248,29590495.55349345,0.03079065692277405,1.5726941433555726,0.6723756173136246,0.6033802337192826,0.0,0.14555133527385644,0.1576317444335326,60.242301543236906,0.13436096539698386,25.096186255169417,0.13391219218785813,,,0.4551329408318627,0.10977915568054392,0.19682409104769508,0.9992500000000001,0.034416666666666665,0.00028333333333333335,0.9952333333333334,0.1542833333333333,0.0,0.0,0.22531135531135532,2452.864617852725,2709.879105663019,70.95779580281284,61.62975038052224,0.0003333333333333334,0.1563571874379415,0.6110333333333334,3.0816640141232555e-08,0.0,,,0.015601668303915118,0.010389289778643089,0.010899999999999998,0.36616253389184045,0.0010029890685243072,0.00021690778316938643,0.000915817857352174,0.000915817857352174,0.0,0.0,0.0,0.366162533906149,1.0969249201889582,0.00056506409640127,0.6789530271288943,0.03558696147738647,0.2846780395141486,0.00021690778316938643,,,,,,,,,,,0.00056506409640127,0.6789530271288943,0.03558696147738647,0.2846780395141486,0.00021690778316938643,,,,,,
latency_critical,nominal,PPO_CMDP,PPO_CMDP,14,1103526060,1905340783,1823775964,dadb88684cb84768bf3a,stochastic,150,300,150-step training / 300-step held-out evaluation,1362184486,1,264.74071779998485,latency_critical,200,0.34,0.9755509194481309,0.908329315373677,0.975,0.6599999999999999,0.024449080551869163,0.09167068462632297,0.10537338255879895,4.8898161103738325,0.037044061442225995,0.07442397612896948,0.05049443824750572,0.000591295025841786,0.00742766203703703,0.008255724644728285,0.27514781803143534,0.2995055617524942,0.307329639826763,0.5443026807535404,0.7870377540418682,0.1862,0.9449268021537722,0.05448190282038604,0.0,0.0,34.81350578908748,48.737201667237635,54.96559811237924,54.171098366179,3.1017461579458985,2.748378991722268,2.7151905839477917,0.06895412811061116,26746630.5560423,25353480.708842736,0.03738058268263578,1.210936400745876,0.6556316476775791,0.5992352750451223,0.0,0.17231923099699437,0.19014313410043904,57.52493394975413,0.17517741417737567,22.64835715577434,0.12212274123169051,,,0.32398862761097036,0.053559041814568505,0.1874067951823062,0.9834,0.029666666666666668,0.00025,0.9958500000000001,0.18358333333333332,0.0,0.0,0.12123076923076923,2946.2607872469152,3185.469049860735,34.93373861326976,34.216075203439445,0.00028571428571428574,0.2817010008596644,0.41399027777777775,3.7420761711207027e-08,0.0,,,0.03507322599344148,0.012840064807159005,0.0,0.38755466118698095,0.0017895934439605085,0.00027983206260931995,0.037027247812518,0.037027247812518,0.0,0.0,0.0,0.38755466118293513,1.1610100062720008,0.016585363842975903,0.09772344983483429,0.029436603279806964,0.8559747509797737,0.00027983206260931995,,,,,,,,,,,0.016585363842975903,0.09772344983483429,0.029436603279806964,0.8559747509797737,0.00027983206260931995,,,,,,
latency_critical,nominal,Intent-PPO-CMDP-NoRisk,Intent-PPO-CMDP-NoRisk,14,1103526060,1905340783,1823775964,72924e27f6df7ecb428f,stochastic,150,300,150-step training / 300-step held-out evaluation,1362184486,1,270.7660398000153,latency_critical,200,0.35,0.9789794442969523,0.9078434160738873,0.975,0.65,0.02102055570304777,0.09215658392611271,0.10205730742168362,4.2041111406095535,0.03233931646622732,0.07211866560128356,0.046712008147756404,0.0010712612840972505,0.00819672131147541,0.009723141049237537,0.27752994140270354,0.3032879918522436,0.31153485304536455,0.5004121842748421,0.7811517206734884,0.16943333333333335,0.9478687472768541,0.05105999143904853,0.0,0.0,33.24746300386294,49.62371864776444,54.91083811710676,53.35703541339181,3.0905503755902375,2.7400437623876406,2.709327485662215,0.07040651458399921,26405883.371848106,25067318.652161874,0.03785599025472261,1.1669445074762625,0.6490566477292066,0.5933299828480838,0.0,0.17169724308834652,0.1907903991628022,57.971364795328064,0.1786965043949906,19.81193184534525,0.10929278837178003,,,0.290536384514947,0.050404125785605804,0.18576557945743644,0.9896,0.06480000000000001,0.00045,0.9957,0.19880916666666665,0.0,0.0,0.11913553113553114,2912.12370232747,3186.6262765778815,33.47287950175675,32.43017987552457,0.0005238095238095239,0.2848752715795696,0.3966444444444444,3.7902172358442664e-08,0.0,,,0.08959739068895839,0.027341692471428668,0.0010166666666666666,0.3840800296599876,0.0024857834308033857,0.0003469337552329872,0.05325413168075228,0.05325413168075228,0.0,0.0,0.0,0.38408002965970156,1.150600940479142,0.009796058371162104,0.047920970000469014,0.0646842550711616,0.8772517828019742,0.0003469337552329872,,,,,,,,,,,0.009796058371162104,0.047920970000469014,0.0646842550711616,0.8772517828019742,0.0003469337552329872,,,,,,
latency_critical,nominal,Intent-PPO-CMDP,Intent-PPO-CMDP,14,1103526060,1905340783,1823775964,fd2a9bdca11bd34bca64,stochastic,150,300,150-step training / 300-step held-out evaluation,1362184486,1,319.06714920001104,latency_critical,200,0.0,0.8814470310452229,0.8381593216445219,0.23,1.0,0.11855296895477721,0.16184067835547808,0.16812907445728087,23.710593790955443,0.11855296895477721,0.06336443032588397,0.03005080856643357,0.036635569674116034,0.06994919143356643,0.07480131371221725,0.20755944558384157,0.23684628551022663,0.24596102370231435,0.786118658079201,0.8796887934179226,0.2673166666666667,0.8329947126553847,0.13036971767049915,0.0,0.0,59.9935164307971,80.2486380798274,87.8666358695652,85.00453470658286,2.801929919973643,2.545355730393848,2.526677361499053,0.05453365897204406,29672258.9242882,27714145.30741629,0.03370747974716546,1.6998442244034329,0.6428099221544901,0.5894521036031803,0.0,0.155662773331869,0.16938055817983247,60.44825079783871,0.13717014090256674,20.810805294328347,0.10421381477258052,,,0.6376160083299054,0.13714696178092506,0.2504148345444197,0.9828,0.10606666666666666,0.016283333333333334,0.9941500000000001,0.14807083333333332,0.6808166666666667,0.04776333333333334,0.15697435897435896,2765.6175568599556,2821.482730881013,68.07191272929407,54.79476929267153,0.01561904761904762,0.20436290596268333,0.5825638888888889,3.374859349744851e-08,0.0,,,0.02181784487901333,0.015159017421659742,0.019783333333333333,0.4678726513888046,0.6637598395444426,0.19158191675772798,0.4850119922717981,0.6496430584852564,0.17520601332120692,0.16463106621345833,0.17665,0.47659876717407346,1.427762308359416,0.000946668586814364,0.44805665219861174,0.10532439550960106,0.42891408238081796,0.016758201324154884,,,,,,,,,,,0.000946668586814364,0.44805665219861174,0.10532439550960106,0.42891408238081796,0.016758201324154884,,,,,,
latency_critical,nominal,Intent-PPO-CMDP-FullPolicy-NoShield,Intent-PPO-CMDP,14,1103526060,1905340783,1823775964,fd2a9bdca11bd34bca64,stochastic,150,300,150-step training / 300-step held-out evaluation,1362184486,1,319.06714920001104,latency_critical,200,0.0,0.6864489633545472,0.60909068552563,0.0,1.0,0.5138000575451411,0.6440128359748548,0.6830757762751294,102.76001150902822,0.5138000575451411,-0.3585032815250521,-0.4524046434494196,0.45850328152505215,0.5524046434494195,0.5679266662598833,0.23945971126469304,0.275122765380645,0.2821384558179454,0.7409666994655122,0.8689701453726212,0.27421666666666666,0.5060765480384356,0.0354201704365123,0.0,0.0,33.38828279673914,47.566089466089466,49.720323895323894,49.321262398160215,1.7621192311894192,1.4193877841817426,1.3900839287559001,0.1118756620608515,26019007.085824758,24029526.93152544,0.03840063610615287,0.6777804650749089,0.5362359595405216,0.4489641398132764,0.00806325490206837,0.09789551284385661,0.1136820248721551,13.404507137932796,0.7397296853959304,20.810805294328347,0.10421381477258052,,,0.881502450959294,0.4876051493901503,0.5992486998323406,0.7554833333333333,0.12955,0.2036333333333333,0.9821333333333334,0.2392183333333333,0.0,0.0,0.25873992673992674,1679.2029706778658,1806.7664483879475,30.957097297463175,33.99380337664864,0.1918095238095238,0.24661273234523953,0.29680972222222224,3.8535318426051533e-08,0.0,,,0.023396489460749157,0.017423201394544702,0.01125,0.5050162108609217,0.601075040191846,0.20334208373812307,0.4817270641319729,0.4817270641319729,0.0,0.0,0.0,0.505016210755209,1.5128933612273232,0.04006552087091082,0.31324520082311713,0.1295743901085563,0.3137728044592927,0.20334208373812307,,,,,,,,,,,0.04006552087091082,0.31324520082311713,0.1295743901085563,0.3137728044592927,0.20334208373812307,,,,,,
latency_critical,nominal,MaxWeight,MaxWeight,15,1481178426,1997781942,1990821832,,stochastic,150,300,150-step training / 300-step held-out evaluation,196072327,0,2.670002868399024e-05,latency_critical,200,0.08,0.8541978186024732,0.7729631806211102,0.245,0.92,0.14580218139752682,0.22703681937888986,0.23932158126328967,29.160436279505365,0.1584806319538335,0.09762439460096432,0.08104855647285002,0.0,0.0,0.0,0.17157993264913327,0.2689514435271499,0.28312390223773626,0.6767035260420212,0.8660817280079509,0.23491666666666666,0.7235022521215535,0.27649774787844655,0.0,0.0,46.652946011576724,64.50271739130434,70.17281249999999,68.79821637510405,2.4536740300479396,2.165693348829155,2.151436280672867,0.11652374525814667,20322045.14905254,18444566.75304218,0.04922523384630473,1.6904603255246666,0.5792262847010401,0.51083356214265,0.0008900483827897562,0.13631522389155218,0.1723793369797522,13.343130231706338,2.6424702730189713,,,,,0.26659610189386945,0.0969178391785848,0.1918209169929095,0.9944833333333334,0.7616999999999998,0.0,0.9603666666666666,0.12320666666666666,0.0,0.0,0.28197069597069596,2085.977409509965,2651.664518029926,49.85601719250515,45.38728525065594,0.0,0.16353599303703276,0.6260791666666667,4.9703609765558804e-08,0.0,,,,,,,,,,,,,,,,,,,,,,,,,,,,,,,,,,,,,,,,,
latency_critical,nominal,PPO,PPO,15,1481178426,1997781942,1596015111,461e22a59e6f436fac36,stochastic,150,300,150-step training / 300-step held-out evaluation,196072327,1,258.87767640000675,latency_critical,200,0.0,0.9237824266429524,0.8846151305882758,0.875,1.0,0.0762175733570477,0.11538486941172427,0.12580547395958688,15.243514671409539,0.0762175733570477,0.09973512308114683,0.1,0.00026487691885316043,0.0,0.00026487691885316043,0.15850931302862903,0.1952436323366556,0.2000550461345736,0.7135934756611139,0.8114124731991861,0.2427166666666667,0.8694862268267418,0.130248896254405,0.0,0.0,57.10275857698797,73.29668883961567,81.8537628205128,79.40412141251178,2.8313783200898683,2.5640200629992695,2.5335958204232902,0.06027798040793367,32201041.24901825,30651972.670679934,0.031054413250872544,1.5062587200304172,0.6755788910599148,0.6164208148868086,0.0,0.1572987955605482,0.17249752044694525,79.6009899049091,0.11634860794633958,26.33215643894737,0.15276361776873223,,,0.4300910997948084,0.09668161403197571,0.24902091207115223,0.99965,0.038816666666666666,0.00011666666666666667,0.9876833333333334,0.13910916666666664,0.0,0.0,0.13192673992673992,2805.569329428153,2845.275468907716,64.11231601784183,52.0320780329488,0.00014285714285714287,0.16170298082098378,0.5811958333333334,3.108255183481378e-08,0.0,,,0.022165514240266217,0.02150525493166704,0.00015,0.25370099629059556,0.000997048243315747,0.00018465800894863549,0.0011309141803307705,0.0011309141803307705,0.0,0.0,0.0,0.2537009962862468,0.7600202624075106,0.0001980764674500117,0.7266986706084946,0.0389520774035872,0.23396651751151964,0.00018465800894863549,,,,,,,,,,,0.0001980764674500117,0.7266986706084946,0.0389520774035872,0.23396651751151964,0.00018465800894863549,,,,,,
latency_critical,nominal,PPO-Lagrangian,PPO-Lagrangian,15,1481178426,1997781942,1596015111,c54dc7a9b9a68be549b7,stochastic,150,300,150-step training / 300-step held-out evaluation,196072327,1,254.7300168000511,latency_critical,200,0.0,0.8587407537443272,0.8042234304599556,0.12,1.0,0.14125924625567277,0.1957765695400445,0.21236750205685473,28.251849251134555,0.14125924625567277,0.09962873191234572,0.09967105263157897,0.0003712680876542753,0.0003289473684209404,0.007425361753085506,0.11708374260627423,0.16672043010752685,0.18048608689317874,0.748101699225051,0.8377829261023144,0.2548166666666667,0.7109600609611241,0.28866867095122156,0.0,0.0,74.43231575673151,91.67596613113331,96.54043852950801,95.08791828126343,2.331981795197426,2.0482488897512146,2.041083662216447,0.07436161759954157,34953873.22984383,32437312.931671273,0.02859704167632292,1.4891177825008484,0.699760190848399,0.6246932488029862,0.0,0.1295545441776348,0.14573019853936844,56.35181720161531,0.2571851320986245,24.756392627491348,0.26861411613873526,,,0.12236784709093762,0.14528338274043096,0.2616989640291806,0.9995666666666666,0.0113,0.00016666666666666666,0.9728833333333333,0.12532416666666665,0.0,0.0,0.048783882783882786,2151.65983078988,2429.078237570721,80.57294273087078,70.19560331479786,9.523809523809524e-05,0.12741365523838763,0.6398395833333334,2.8665079038325714e-08,0.0,,,0.01002561954852671,0.008580673628432945,0.0,0.09423427263924047,0.0005320804289650132,0.00018951360293232672,0.0003426362926716636,0.0003426362926716636,0.0,0.0,0.0,0.09423427263904198,0.2823006518196639,0.00026928810921952954,0.9570816454126888,0.010991976033971274,0.03146757684118799,0.00018951360293232672,,,,,,,,,,,0.00026928810921952954,0.9570816454126888,0.010991976033971274,0.03146757684118799,0.00018951360293232672,,,,,,
latency_critical,nominal,PPO_CMDP,PPO_CMDP,15,1481178426,1997781942,1596015111,fc83225982e20e56ecdd,stochastic,150,300,150-step training / 300-step held-out evaluation,196072327,1,273.55554740002844,latency_critical,200,0.0,0.8974191198156334,0.8648013548254235,0.45,1.0,0.1025808801843667,0.13519864517457655,0.14947062726716354,20.51617603687334,0.1025808801843667,0.09927565627958886,0.09242135091371734,0.0007243437204111329,0.0075786490862826735,0.008753456593868485,0.13059257368993493,0.17003018372703413,0.17612629913524142,0.745000142973816,0.8307187102661462,0.25133333333333335,0.8171598082636011,0.18211584801598776,0.0,0.0,70.70416149394342,88.25597978876985,96.6548932038835,93.21380716542231,2.6809687569322036,2.379376688937723,2.363947557708214,0.06263511779712702,34314542.05867709,32482195.97979592,0.02913979088886709,1.6570835829230828,0.6826531658872006,0.6159741387159771,0.0,0.14894270871845575,0.16179539795639555,72.54497120655056,0.14047277957152712,24.33002335679956,0.14834496728010554,,,0.26855052429155435,0.13144928892821592,0.26836393822125937,0.9995999999999999,0.00985,0.0003166666666666667,0.9727166666666668,0.13195583333333333,0.0,0.0,0.10227106227106228,2612.7630825765314,2717.6948892775663,80.28017577974434,63.42285041454037,0.00038095238095238096,0.13563726038383694,0.630976388888889,2.9178535950228748e-08,0.0,,,0.01397127668543089,0.010529105759412617,0.0,0.2053198597414781,0.0007221282696542776,0.00022272042628383143,0.0006757733835984467,0.0006757733835984467,0.0,0.0,0.0,0.20531985973516803,0.6150833302102214,0.00011911915019320943,0.8605299468341195,0.009805588645646278,0.12932262494375713,0.00022272042628383143,,,,,,,,,,,0.00011911915019320943,0.8605299468341195,0.009805588645646278,0.12932262494375713,0.00022272042628383143,,,,,,
latency_critical,nominal,Intent-PPO-CMDP-NoRisk,Intent-PPO-CMDP-NoRisk,15,1481178426,1997781942,1596015111,8c806f3e428ad93e5ba2,stochastic,150,300,150-step training / 300-step held-out evaluation,196072327,1,275.68097020004643,latency_critical,200,0.0,0.8353412594193124,0.7864342682877649,0.045,1.0,0.16465874058068763,0.2135657317122352,0.22692471848602563,32.93174811613753,0.16465874058068763,0.09976839918582375,0.1,0.0002316008141762452,0.0,0.0002316008141762452,0.13336405463951184,0.17411433503205653,0.18810293215542515,0.7671646065842965,0.8436547258775561,0.25739999999999996,0.6834971192724951,0.31627127991332854,0.0,0.0,77.01106972909604,92.84114253286673,96.7414980842912,95.35208721188447,2.2322957159281334,2.00559061228571,1.9942398806723163,0.06991119778357087,34349329.82493289,31716043.44052579,0.029111471137393336,1.501378835503737,0.6891635746440841,0.6081632055077109,0.0,0.1240164286626741,0.13948106240739383,45.53983660301452,0.27709122194059327,22.58964125611793,0.13652253146101623,,,0.08663605653995977,0.1634325231907718,0.27669190457432025,0.9997999999999999,0.0041333333333333335,0.0001,0.9684833333333335,0.119135,0.0,0.0,0.03864468864468866,2047.3593832549948,2331.876818136747,83.59515491526787,72.60895792285879,4.761904761904762e-05,0.15002380338749063,0.661525,2.917615594881344e-08,0.0,,,0.00665066855095007,0.005661627515477691,0.0,0.06488712038219671,0.00017766209892964159,5.819175449310903e-05,0.00011947495934169423,0.00011947495934169423,0.0,0.0,0.0,0.06488712038273994,0.194384440668557,7.469836313683552e-05,0.9712312236967534,0.004233868712641094,0.024402017472975476,5.819175449310903e-05,,,,,,,,,,,7.469836313683552e-05,0.9712312236967534,0.004233868712641094,0.024402017472975476,5.819175449310903e-05,,,,,,
latency_critical,nominal,Intent-PPO-CMDP,Intent-PPO-CMDP,15,1481178426,1997781942,1596015111,618554fca77aa7604c32,stochastic,150,300,150-step training / 300-step held-out evaluation,196072327,1,332.33217309997417,latency_critical,200,0.0,0.8666177353242435,0.8101069987206091,0.14,1.0,0.13338226467575656,0.1898930012793909,0.20390880923804405,26.676452935151314,0.13338226467575656,0.09657960047973259,0.08567669172932331,0.0034203995202674088,0.014323308270676679,0.018924661017226042,0.11386920954953172,0.16901503164556955,0.18660038823617545,0.7516050119015277,0.8383447531398869,0.25545,0.7313140954496375,0.26526550503009505,0.0,0.0,75.92314938901752,90.0496698496546,92.98505789473683,92.67676681239166,2.4161302957279798,2.1096360183177847,2.072654447925971,0.07899832025638863,35064377.27290183,32542921.756928984,0.028500233859351038,1.5684267626126676,0.7036277024592877,0.6384695398146687,0.0,0.1342294608737766,0.15227303863851208,60.52683626198388,0.2372377132875663,22.031113531673586,0.13650993732566244,,,0.16109333943581183,0.14925518364433268,0.2748351472879822,0.9984333333333333,0.014366666666666665,0.0015000000000000002,0.9736500000000001,0.1282675,0.7939499999999999,0.06799833333333334,0.06086446886446886,2286.954714661301,2485.6863778408065,83.89235460843196,70.27968278997355,0.0016190476190476191,0.12018433005859322,0.6439743055555556,2.8567917900024776e-08,0.0,,,0.02471681101683595,0.022120247372257058,0.0,0.15006321712159448,0.06037153124325165,0.020185162515650598,0.04053706808631507,0.05892499486769671,0.018721243623300462,0.018387926781381646,0.01871666666666667,0.12324616999970697,0.3692125290600438,7.545608471858235e-05,0.9404474394229271,0.013601499661269062,0.04440192651668392,0.001473678314401316,,,,,,,,,,,7.545608471858235e-05,0.9404474394229271,0.013601499661269062,0.04440192651668392,0.001473678314401316,,,,,,
latency_critical,nominal,Intent-PPO-CMDP-FullPolicy-NoShield,Intent-PPO-CMDP,15,1481178426,1997781942,1596015111,618554fca77aa7604c32,stochastic,150,300,150-step training / 300-step held-out evaluation,196072327,1,332.33217309997417,latency_critical,200,0.0,0.8587076356909779,0.8040838123531294,0.13,1.0,0.14129236430902212,0.19591618764687066,0.20472473873145142,28.25847286180442,0.14129236430902212,0.05398339195119517,0.025660548608309804,0.046016608048804836,0.0743394513916902,0.0809126781139822,0.11217122209738055,0.1537560901914869,0.16371972215940148,0.7513833319305496,0.835966130990213,0.2556333333333333,0.7098033868974207,0.2441800050537745,0.0,0.0,72.69500962791699,88.8627192982456,93.47053763440857,92.85856228883462,2.3568656820863363,2.078378086508579,2.0674787997624526,0.07247360910111225,34989875.3266135,32732417.70500443,0.0285708180033005,1.4685318179823825,0.7029238013866822,0.6378567720775118,0.0,0.13093698233812978,0.14627612109274665,57.430646952327955,0.22197759625286728,22.031113531673586,0.13650993732566244,,,0.21048819134337524,0.15503418538656516,0.27600260306536645,0.9796666666666667,0.01373333333333333,0.0203,0.9739,0.12776333333333334,0.0,0.0,0.07652014652014652,2210.9885716624294,2435.414895391518,79.243064017276,67.84647254673462,0.02157142857142857,0.12291948098441705,0.62863125,2.8626855580214315e-08,0.0,,,0.02467613051018903,0.02207317349272933,0.0,0.1499139190450585,0.060164841397930297,0.020303208535475993,0.04021693493982428,0.04021693493982428,0.0,0.0,0.0,0.14991391904169007,0.4491019655281512,7.46948054636328e-05,0.9230600321762777,0.013282428312677981,0.04327963617010472,0.020303208535475993,,,,,,,,,,,7.46948054636328e-05,0.9230600321762777,0.013282428312677981,0.04327963617010472,0.020303208535475993,,,,,,
latency_critical,congestion_burst,MaxWeight,MaxWeight,11,471540437,1073362871,895348317,,stochastic,150,300,150-step training / 300-step held-out evaluation,663160255,0,1.179997343569994e-05,latency_critical,200,0.0,0.660284065761344,0.6279509629731436,0.0,1.0,0.339715934238656,0.37204903702685643,0.3772119160793377,67.9431868477312,0.339715934238656,0.1,0.1,0.0,0.0,0.0,0.11870547312327105,0.15245180370965386,0.16623870504187588,0.872313151074384,0.9169329770799971,0.3875166666666667,0.3762205544624769,0.6237794455375232,0.0,0.0,80.62717840709513,95.18013698630136,99.07506944444444,97.95989785405449,1.903892721643753,1.7299553213033476,1.7190864133978654,0.05799248673756483,19052548.052486405,17839008.175719056,0.05251324918620793,2.4183217425196903,0.5030525771178108,0.4510825134084055,0.01018210034107541,0.10577181786909738,0.11416938289599432,-14.405066704265097,0.8157760919748895,,,,,0.1275541084011818,0.23061331175711863,0.35770405536722594,1.0,0.9463333333333332,0.0,0.9440333333333334,0.08899499999999999,0.0,0.0,0.1581391941391941,1629.0469709841104,2051.8865873835593,82.69334610478052,79.73778854102795,0.0,0.11719777347463191,0.8576104166666667,5.257937273269333e-08,0.0,,,,,,,,,,,,,,,,,,,,,,,,,,,,,,,,,,,,,,,,,
latency_critical,congestion_burst,PPO,PPO,11,471540437,1073362871,1897045420,b9c1e1a3273f0ff06c77,stochastic,150,300,150-step training / 300-step held-out evaluation,663160255,1,259.96485530002974,latency_critical,200,0.0,0.7943122104022339,0.7554884787341571,0.0,1.0,0.20568778959776615,0.2445115212658429,0.2561663494407209,41.13755791955323,0.20568778959776615,0.09997512437810947,0.1,2.4875621890547263e-05,0.0,2.4875621890547263e-05,0.13099940737774268,0.15972697869101976,0.16825873606905767,0.8322556198366502,0.8926429164980936,0.37446666666666667,0.5730883591557251,0.42688676522238433,0.0,0.0,92.95535248865843,104.65458110814419,113.15698180907874,109.31512708188123,2.686013295552133,2.4314640194744275,2.4187554211967255,0.057700844423806026,34408054.09322426,33012101.31435502,0.029077177937505264,2.177990940609313,0.6882575194729761,0.624800189925565,0.0,0.14922296086400738,0.16243963109176457,53.76925963763533,0.17110129438445154,21.571008575666486,0.12208589956735064,,,0.34278426446839994,0.20222366425587596,0.294660407356697,0.99995,0.0033,1.6666666666666667e-05,0.9850166666666667,0.14223499999999997,0.0,0.0,0.10795604395604397,2543.1059618854156,2762.9633982957516,90.48409579478694,92.57161397981753,0.0,0.137501161427449,0.7838993055555556,2.9079001659521577e-08,0.0,,,0.009775436001702713,0.009026409207526818,0.00023333333333333333,0.182140636387588,5.932464716172479e-05,2.1289785401923543e-05,3.80354267189092e-05,3.80354267189092e-05,0.0,0.0,0.0,0.18214063639215844,0.5456445827656515,2.7505726360630604e-05,0.7710498443243645,0.003377502285374603,0.22552385787849843,2.1289785401923543e-05,,,,,,,,,,,2.7505726360630604e-05,0.7710498443243645,0.003377502285374603,0.22552385787849843,2.1289785401923543e-05,,,,,,
latency_critical,congestion_burst,PPO-Lagrangian,PPO-Lagrangian,11,471540437,1073362871,1897045420,97597eec01eed730a745,stochastic,150,300,150-step training / 300-step held-out evaluation,663160255,1,273.0232358999783,latency_critical,200,0.0,0.7150705834924961,0.6685958650326153,0.0,1.0,0.2849294165075039,0.33140413496738474,0.34608118789114983,56.985883301500785,0.2849294165075039,0.1,0.1,0.0,0.0,0.0,0.08702879562128593,0.13554301075268815,0.14998095919610382,0.835538556702061,0.8967725770295292,0.3753666666666667,0.4480704010729644,0.5519295989270355,0.0,0.0,93.59295500694262,108.0058059587471,114.88718598532057,112.64207933882301,2.0743849437967743,1.8555004574225824,1.8448036488195434,0.06738485543430661,35497553.79327099,33194015.19322739,0.028163828545064606,1.6403837466813573,0.7044115845780502,0.6235295665472134,0.0,0.1152436079887097,0.128408066219063,29.584602695749194,0.4131839569136541,21.24425025650966,0.12137918968135644,,,0.08753885946138334,0.23401642496059918,0.32162044766063713,0.9999833333333333,0.0184,0.0,0.9868833333333333,0.13395666666666667,0.0,0.0,0.041721611721611714,1882.9354196325748,2177.4731491159605,94.72193795179693,92.85156359496482,0.0,0.08494209641838896,0.7822097222222222,2.8214127830475688e-08,0.0,,,0.0028951646459720705,0.0025644698222101925,0.0,0.05259326520211973,2.4459197959094532e-05,1.1781906883735508e-05,1.2677528264770844e-05,1.2677528264770844e-05,0.0,0.0,0.0,0.05259326520795206,0.15755534195504622,7.261342798479637e-06,0.9726823041632463,0.01783476378132247,0.00946388880574909,1.1781906883735508e-05,,,,,,,,,,,7.261342798479637e-06,0.9726823041632463,0.01783476378132247,0.00946388880574909,1.1781906883735508e-05,,,,,,
latency_critical,congestion_burst,PPO_CMDP,PPO_CMDP,11,471540437,1073362871,1897045420,3e02143445d692cb208a,stochastic,150,300,150-step training / 300-step held-out evaluation,663160255,1,273.6423236000119,latency_critical,200,0.0,0.8347028504622273,0.7961640289408792,0.0,1.0,0.16529714953777294,0.20383597105912085,0.21092113378986924,33.05942990755459,0.16529714953777294,0.09981154371803257,0.1,0.00018845628196742915,0.0,0.00018845628196742915,0.19121164313238803,0.21679341228210824,0.22185629266532975,0.83656487389896,0.8901662125427554,0.3729166666666666,0.6535072899894421,0.3463042537285905,0.0,0.0,83.78273123063151,95.44589308996086,98.46405311475405,98.77148133810815,3.0629209778738438,2.814585916677125,2.808895908270128,0.046232979489235236,31515620.588389385,30257363.72193089,0.03173996390897205,2.4435317671326433,0.6564597315867969,0.6067502855048169,0.0,0.17016227654854688,0.18164179720636067,55.92321685118388,0.1588482070685001,16.313100003571034,0.11627297453992139,,,0.44889096998616834,0.16822507404286463,0.26290635694044345,0.9993666666666666,0.005449999999999999,0.00011666666666666667,0.9938666666666667,0.14849999999999997,0.0,0.0,0.1555164835164835,3012.936476965128,3089.8357091323833,80.42181087027548,84.23897233416533,4.761904761904762e-05,0.19591450084019027,0.7858652777777777,3.174539125026227e-08,0.0,,,0.02323694137466321,0.021710510321999502,0.020233333333333336,0.2482866511548364,0.0004823895399120794,0.000159460752419599,0.00032296881972651543,0.00032296881972651543,0.0,0.0,0.0,0.2482866511587832,0.7438003339690082,0.0004565549574575625,0.5119471689581591,0.005540229511121961,0.48189658582084177,0.000159460752419599,,,,,,,,,,,0.0004565549574575625,0.5119471689581591,0.005540229511121961,0.48189658582084177,0.000159460752419599,,,,,,
latency_critical,congestion_burst,Intent-PPO-CMDP-NoRisk,Intent-PPO-CMDP-NoRisk,11,471540437,1073362871,1897045420,7d2ee40999bb1a6afe16,stochastic,150,300,150-step training / 300-step held-out evaluation,663160255,1,275.69379829999525,latency_critical,200,0.0,0.7176193563406272,0.6713376064540406,0.0,1.0,0.2823806436593727,0.3286623935459593,0.34719258951076093,56.47612873187454,0.2823806436593727,0.0999476439790576,0.1,5.235602094240838e-05,0.0,5.235602094240838e-05,0.09011260053983876,0.14383814929480562,0.15306294016666466,0.8344398225475211,0.8944661588127966,0.37416666666666665,0.45181336548389256,0.548134278495165,0.0,0.0,93.93605735041947,107.45624472573839,116.69531430068098,113.40487176530962,2.0866690439149416,1.8439102121884337,1.8257558245115881,0.0730490086967606,35423373.579514645,33225092.703302898,0.028221202326572343,1.6595206792517663,0.7065973232039474,0.6089247439937803,0.0,0.11592605799527453,0.12996043109689498,29.684966263184005,0.3990918416637785,16.737563756692968,0.08358146624495469,,,0.11256517927005222,0.23379729642858244,0.3172571496634408,0.9999333333333333,0.022933333333333333,3.3333333333333335e-05,0.9880833333333334,0.13651416666666666,0.0,0.0,0.04746520146520146,1897.4999529776285,2188.52932365042,94.91331665043555,93.2535259132092,0.0,0.08828702280982885,0.7829770833333334,2.8269202795388225e-08,0.0,,,0.005152105911674415,0.0027454911164427067,0.0,0.10024190723009177,0.00015516943571976263,6.417628947069411e-05,9.10010407095218e-05,9.10010407095218e-05,0.0,0.0,0.0,0.10024190722430579,0.30029791663445776,6.200554504306283e-05,0.962336792056507,0.023006125774991507,0.0145309003339877,6.417628947069411e-05,,,,,,,,,,,6.200554504306283e-05,0.962336792056507,0.023006125774991507,0.0145309003339877,6.417628947069411e-05,,,,,,
latency_critical,congestion_burst,Intent-PPO-CMDP,Intent-PPO-CMDP,11,471540437,1073362871,1897045420,b12c9f3440d9c22ff923,stochastic,150,300,150-step training / 300-step held-out evaluation,663160255,1,319.3185737999738,latency_critical,200,0.0,0.7360583205342324,0.6984853033143965,0.0,1.0,0.26394167946576763,0.30151469668560343,0.31087028694330815,52.78833589315353,0.26394167946576763,0.07866662971963731,0.05719612660789132,0.021333370280362692,0.04280387339210868,0.04534702925077652,0.09363006499764412,0.13125321557194303,0.14342673795651928,0.841228797444341,0.9058865953831703,0.3798166666666667,0.485528768356108,0.49313786136352933,0.0,0.0,90.74548644543538,103.67635265700483,111.61584962406015,109.08669932752268,2.272813278193281,2.0553952743297446,2.0227034521483604,0.061201264780125886,35312420.20466406,33693941.11739785,0.028321818721147016,1.752391687345199,0.7145362001608092,0.6271274463802349,0.0,0.12626740434407113,0.13816243826216104,46.54403496186384,0.1933492612911908,16.570640696124258,0.08030660667850774,,,0.29377798320691334,0.22606739741628304,0.298034414282379,0.9864,0.036533333333333334,0.013566666666666666,0.9925333333333333,0.14763749999999998,0.6816833333333334,0.04906833333333333,0.0964029304029304,2056.633865157579,2389.217577520199,86.96113843967663,92.39348290668258,0.012904761904761903,0.09328576583333381,0.7350840277777777,2.8336074952909197e-08,0.0,,,0.007166209363970857,0.0058575138260762325,0.00055,0.2455250344084498,0.39245535346587757,0.11927734298652588,0.2776613858287131,0.37911324942229735,0.1054637774679689,0.10145186359358427,0.10646666666666667,0.2011637153400755,0.6026326343122921,7.815417890984023e-05,0.880861471486904,0.036301116913669405,0.06875625277455816,0.014003004645958597,,,,,,,,,,,7.815417890984023e-05,0.880861471486904,0.036301116913669405,0.06875625277455816,0.014003004645958597,,,,,,
latency_critical,congestion_burst,Intent-PPO-CMDP-FullPolicy-NoShield,Intent-PPO-CMDP,11,471540437,1073362871,1897045420,b12c9f3440d9c22ff923,stochastic,150,300,150-step training / 300-step held-out evaluation,663160255,1,319.3185737999738,latency_critical,200,0.0,0.6415358802608455,0.5802156323287286,0.0,1.0,0.3627502886017224,0.4382789422476717,0.4667019645059159,72.55005772034448,0.3627502886017224,-0.07088273675126872,-0.1360491952626784,0.17088273675126872,0.23604919526267837,0.25308775350313917,0.1056417163039503,0.14109300304215555,0.15483110143351073,0.8419106008600994,0.9024551764461564,0.38805,0.4120023959240278,0.4171148673247035,0.0,0.0,79.26589597917699,93.87873376623375,100.32641206675223,97.87367594183908,1.9508100667854469,1.7044055005672722,1.6887547680798463,0.073189493004291,34432411.19171165,32703560.329626817,0.02905131249910989,1.3476849353166849,0.7069234149992287,0.6012081978175545,0.0,0.10837833704363593,0.12142959956987896,26.356772513887837,0.4062343998606403,16.570640696124258,0.08030660667850774,,,0.4343827335202123,0.36460959587736325,0.4573733373431118,0.8930000000000001,0.033,0.10693333333333331,0.9900833333333334,0.14906666666666665,0.0,0.0,0.15778754578754578,1818.08986240488,2022.2747922211386,67.94397154111813,84.66695263397646,0.08195238095238096,0.10648293762392115,0.6612569444444445,2.9070668309093608e-08,0.0,,,0.007511813823642549,0.006046797892378106,0.0006333333333333333,0.24854782007366466,0.3904968087993639,0.10684372950456851,0.28823969299112656,0.28823969299112656,0.0,0.0,0.0,0.24854782007929177,0.744582726133025,7.565512662083175e-05,0.7977796457056229,0.03303839454445243,0.06226257511873546,0.10684372950456851,,,,,,,,,,,7.565512662083175e-05,0.7977796457056229,0.03303839454445243,0.06226257511873546,0.10684372950456851,,,,,,
latency_critical,congestion_burst,MaxWeight,MaxWeight,12,1729653623,2128646545,403823049,,stochastic,150,300,150-step training / 300-step held-out evaluation,1165520472,0,1.2800039257854223e-05,latency_critical,200,0.0,0.6707674649309732,0.6442958302955643,0.005,1.0,0.3292325350690269,0.35570416970443586,0.3642815497824653,65.84650701380538,0.3292325350690269,0.1,0.1,0.0,0.0,0.0,0.11410283181681433,0.15178805160807776,0.17225669266314458,0.8708237368290976,0.9153975846940631,0.38416666666666666,0.37845191249249277,0.6215480875075073,0.0,0.0,78.81750486654026,91.68282484635643,95.00513513513512,94.27180931554082,2.040097106722277,1.883519281557487,1.869470792955898,0.05373646488161798,15468716.106339801,14507475.745272897,0.06465816741682444,3.1190200625728695,0.5093312571516009,0.4625796941969935,0.006474459720306386,0.1133387281512376,0.12251626709014735,-7.922146231598604,1.4487203284862098,,,,,0.12796375935885063,0.217537948133507,0.3462347408915745,1.0,0.946,0.0,0.9471333333333334,0.09095416666666668,0.0,0.0,0.15705494505494502,1721.8071062157355,2211.484030071953,79.55026372935139,78.56422226868925,0.0,0.11450343776626486,0.8566451388888887,6.474034975696328e-08,0.0,,,,,,,,,,,,,,,,,,,,,,,,,,,,,,,,,,,,,,,,,
latency_critical,congestion_burst,PPO,PPO,12,1729653623,2128646545,1621075116,2fb07c1ee95b181950c4,stochastic,150,300,150-step training / 300-step held-out evaluation,1165520472,1,284.739809300052,latency_critical,200,0.0,0.7724530933746232,0.7313668234503283,0.0,1.0,0.2275469066253768,0.2686331765496717,0.2762344053274597,45.50938132507536,0.2275469066253768,0.09981857788432133,0.1,0.00018142211567865804,0.0,0.00018142211567865804,0.10854000802426757,0.14103018761271566,0.15215265019128657,0.8220236048689241,0.8728039131321882,0.36663333333333326,0.5178379286157734,0.481980649268548,0.0,0.0,87.97061755699819,100.06306522609043,107.4240008361204,104.6334954260783,2.518373198846267,2.291354296486581,2.2539555229925776,0.059111732894508245,29760588.5408169,28484162.650225274,0.03361894798758968,2.2344112203846818,0.724606368275664,0.6418625873897668,0.0,0.13990962215812597,0.1529535185890872,54.01201313790352,0.18164162858231125,25.858988431334488,0.13509311810541438,,,0.302249254624399,0.18588744943378635,0.260973447080943,0.9993833333333333,0.016833333333333332,0.00011666666666666667,0.99355,0.15037333333333333,0.0,0.0,0.11326739926739926,2305.815134558806,2632.8275411548984,86.37097283959326,88.280243952223,0.00014285714285714287,0.10090533296567969,0.7666395833333334,3.3620863099634335e-08,0.0,,,0.024348199714730658,0.02301221842455893,0.0,0.1794245070850195,0.00046553540310997313,0.00013322208646809335,0.0003323404195703099,0.0003323404195703099,0.0,0.0,0.0,0.1794245070919698,0.5375077865619308,0.0005424461859705838,0.8436819335631094,0.016995981166704886,0.13864641699774707,0.00013322208646809335,,,,,,,,,,,0.0005424461859705838,0.8436819335631094,0.016995981166704886,0.13864641699774707,0.00013322208646809335,,,,,,
latency_critical,congestion_burst,PPO-Lagrangian,PPO-Lagrangian,12,1729653623,2128646545,1621075116,5ff4062933b4dfa3978e,stochastic,150,300,150-step training / 300-step held-out evaluation,1165520472,1,266.70855040004244,latency_critical,200,0.0,0.7159020161026796,0.6710495531427859,0.0,1.0,0.2840979838973205,0.3289504468572141,0.3392634560250994,56.8195967794641,0.2840979838973205,0.09953664235497303,0.09475879833132682,0.0004633576450269605,0.005241201668673179,0.0062375530880394384,0.07750496833537455,0.12175082781456953,0.13715225834106287,0.8451869318296927,0.9008093396684076,0.36985,0.4458406250397715,0.5536960173152015,0.0,0.0,101.67871730750217,118.26337209302324,125.4296871609403,123.08943328284258,2.184010971336737,1.9512282611804395,1.9306581310474875,0.06762849874335886,29264954.14770435,27397043.313258883,0.03418733654308689,2.277568231974328,0.7192036742459309,0.6360115639995387,0.0,0.12133394285204094,0.13520242295885213,34.215537316286465,0.3262470607230068,26.29234703046875,0.151062278799873,,,0.17776378097959047,0.23725717161347595,0.3157704621439834,0.9994333333333333,0.06833333333333334,0.00028333333333333335,0.97185,0.1264883333333333,0.0,0.0,0.061780219780219775,1938.3019065045473,2316.3158524002233,102.40758513684706,100.99631215984502,0.00023809523809523812,0.08854800533519418,0.7965784722222221,3.421666647500824e-08,0.0,,,0.006095925570745082,0.0056505887689095955,0.0,0.10735717488200773,0.000971645840040175,0.0003161653450465325,0.0006555842247646318,0.0006555842247646318,0.0,0.0,0.0,0.10735717488275195,0.32161335359383997,0.00035073735343960777,0.9253899680551578,0.06742329643686851,0.006519832809487518,0.0003161653450465325,,,,,,,,,,,0.00035073735343960777,0.9253899680551578,0.06742329643686851,0.006519832809487518,0.0003161653450465325,,,,,,
latency_critical,congestion_burst,PPO_CMDP,PPO_CMDP,12,1729653623,2128646545,1621075116,c2c338dd9800f45e9834,stochastic,150,300,150-step training / 300-step held-out evaluation,1165520472,1,270.83158040000126,latency_critical,200,0.0,0.8421460913798745,0.802658069348232,0.01,1.0,0.15785390862012552,0.19734193065176808,0.2059483328785583,31.570781724025103,0.15785390862012552,0.1,0.1,0.0,0.0,0.0,0.20386764104015506,0.23126157407407408,0.23752488398126284,0.83306271604073,0.890171553473507,0.36803333333333327,0.6654367113326367,0.33456328866736323,0.0,0.0,80.01261458061613,92.43281470588234,97.30186714051392,96.23208121150178,3.2890403120217546,3.0338587380888398,3.015896037399431,0.045694367559971465,25609812.744650245,24661378.69479424,0.039059492632168485,3.083724071936759,0.6575319020233839,0.6114880940423713,0.0,0.18272446177898638,0.19558155557908796,62.74754124841568,0.16806906682031364,24.496898011674098,0.12156286266931669,,,0.4250454620573828,0.145127938475776,0.22557435332743708,0.9999333333333333,0.0004833333333333334,0.0,0.9935666666666667,0.15021833333333334,0.0,0.0,0.1454945054945055,3276.367953183884,3295.8638898575305,76.20909422329784,80.96180097045914,0.0,0.20553545569318615,0.7865215277777778,3.9067648845967396e-08,0.0,,,0.03889846531974121,0.037983892954360526,0.054900000000000004,0.23485483659792877,3.737507411594614e-05,1.0659157692762952e-05,2.671615139214766e-05,2.671615139214766e-05,0.0,0.0,0.0,0.23485483658995976,0.7035622135727911,2.982878702694072e-05,0.4299828761748676,0.000501707349143959,0.5694749285312688,1.0659157692762952e-05,,,,,,,,,,,2.982878702694072e-05,0.4299828761748676,0.000501707349143959,0.5694749285312688,1.0659157692762952e-05,,,,,,
latency_critical,congestion_burst,Intent-PPO-CMDP-NoRisk,Intent-PPO-CMDP-NoRisk,12,1729653623,2128646545,1621075116,53b75815fc19ab3c700d,stochastic,150,300,150-step training / 300-step held-out evaluation,1165520472,1,267.30905749998055,latency_critical,200,0.0,0.7732552340726392,0.7383980005914357,0.0,1.0,0.22674476592736106,0.26160199940856427,0.270800183510893,45.34895318547221,0.22674476592736106,0.09994554952189823,0.1,5.445047810175894e-05,0.0,5.445047810175894e-05,0.12332804248190449,0.16012931034482758,0.1685985803119922,0.8319140429060031,0.8935024418523648,0.3684833333333333,0.5251511816469507,0.4747943678749475,0.0,0.0,93.02410997437222,107.5776653233193,111.67840026333113,109.8396258425231,2.58319051981435,2.3134825849598983,2.2968378055677694,0.06203239664340341,29151380.60002468,27850893.362312462,0.03431975416809112,2.4741007717551606,0.71264330199508,0.6268231667472602,0.0,0.14351058443413053,0.1584335367826201,51.577293824640655,0.20080061414332012,23.769019036505334,0.09315755964490664,,,0.3303219061119968,0.19732706707046505,0.2670937523372321,0.99995,0.01728333333333333,3.3333333333333335e-05,0.9911333333333334,0.1502083333333333,0.0,0.0,0.09177289377289377,2382.565795064472,2691.21921775659,91.19686433587107,92.83664835744835,4.761904761904762e-05,0.12347014421641439,0.7829354166666667,3.4328645682059283e-08,0.0,,,0.008010711454408903,0.003917821252909417,0.0,0.2625510876123593,0.00012694194625850766,3.5771522192144025e-05,9.11738198018006e-05,9.11738198018006e-05,0.0,0.0,0.0,0.2625510876112358,0.7865327666136804,2.3522185368688152e-05,0.8157805817083889,0.01816280725162059,0.16599731733242984,3.5771522192144025e-05,,,,,,,,,,,2.3522185368688152e-05,0.8157805817083889,0.01816280725162059,0.16599731733242984,3.5771522192144025e-05,,,,,,
latency_critical,congestion_burst,Intent-PPO-CMDP,Intent-PPO-CMDP,12,1729653623,2128646545,1621075116,fc604e43c5d11a5118bd,stochastic,150,300,150-step training / 300-step held-out evaluation,1165520472,1,320.63457950000884,latency_critical,200,0.005,0.8560736278972847,0.8077323522870042,0.08,0.995,0.14392637210271536,0.19226764771299584,0.2012716770912541,28.78527442054307,0.14464962020373404,0.08667560581875428,0.07180036850399263,0.011485428163258758,0.02631578947368421,0.030124596337378125,0.24497512246449182,0.2718485941514436,0.27824566183118876,0.8196270577977677,0.8942391126238199,0.3653666666666666,0.6885114039851217,0.3000031678516194,0.0,0.0,65.79832299429658,78.8283223880597,85.87353715170276,83.72533825173481,3.4247266347392964,3.2004253988672504,3.187264012696424,0.04072778205050696,22552968.630577926,21652058.45279774,0.044347964929269214,2.998028012140564,0.6430063080096352,0.5872454354007683,0.0,0.1902625908188498,0.2021498784337438,53.705352896805216,0.19249076826722877,19.39255953017724,0.11389086790564536,,,0.3937961104816097,0.11104908301938446,0.19212151633983937,0.9912666666666667,0.06661666666666667,0.007216666666666666,0.9956,0.15061666666666665,0.6281833333333333,0.04117666666666667,0.1027106227106227,3388.757281399546,3444.0947480760847,58.91165004434391,69.12190634756155,0.008809523809523809,0.24419541169713177,0.7366986111111111,4.4364584090907136e-08,0.0,,,0.029695124895555897,0.021587324070723977,0.0,0.39717168690791327,0.17279022261770863,0.046924359811635334,0.12827865684902628,0.16631647999387084,0.0398565697093881,0.03803782314484456,0.039466666666666664,0.36694668703672684,1.0992740330296382,0.0015018864512275386,0.11245931545944479,0.06588059213817467,0.8129576396981671,0.007200566252985843,,,,,,,,,,,0.0015018864512275386,0.11245931545944479,0.06588059213817467,0.8129576396981671,0.007200566252985843,,,,,,
latency_critical,congestion_burst,Intent-PPO-CMDP-FullPolicy-NoShield,Intent-PPO-CMDP,12,1729653623,2128646545,1621075116,fc604e43c5d11a5118bd,stochastic,150,300,150-step training / 300-step held-out evaluation,1165520472,1,320.63457950000884,latency_critical,200,0.0,0.8417587647196114,0.7987694987127063,0.05,1.0,0.15824123528038872,0.2012305012872937,0.21091012675406468,31.648247056077743,0.15824123528038872,0.023013916850994267,-0.013668831168831158,0.07698608314900574,0.11366883116883116,0.13053633875611398,0.24589246713650398,0.2695499641531714,0.27497686065697324,0.8229832047636468,0.8969390917768996,0.36965000000000003,0.6513023897437301,0.2717115271072642,0.0,0.0,62.26699650289529,74.77346153846152,80.21004218362282,78.11274821419818,3.2790673917705937,3.013749802722509,3.0044604296020183,0.04745865717770331,22441952.785272524,21458275.189387064,0.044563271669636584,2.7296475976188197,0.6325428953040761,0.5827315665834086,0.0,0.18217041065392187,0.1954262187357665,45.90481773375459,0.2099715660193511,19.39255953017724,0.11389086790564536,,,0.466731372075031,0.12845288254085552,0.20311358719807499,0.9505499999999999,0.0632,0.047983333333333336,0.9945500000000002,0.14960249999999997,0.0,0.0,0.12494505494505495,3248.1473186329786,3295.7166619216164,53.61401382561804,66.55296833065499,0.0479047619047619,0.24764695072850634,0.7124798611111112,4.459125645030587e-08,0.0,,,0.02938200213410803,0.021266649261174414,0.0,0.3951709693853788,0.1759546560886234,0.049852702000061075,0.12888234281620495,0.12888234281620495,0.0,0.0,0.0,0.3951709693876853,1.183826426566305,0.0015539244273560327,0.10473802203314714,0.06199350765760668,0.7818618438818291,0.049852702000061075,,,,,,,,,,,0.0015539244273560327,0.10473802203314714,0.06199350765760668,0.7818618438818291,0.049852702000061075,,,,,,
latency_critical,congestion_burst,MaxWeight,MaxWeight,13,1025721121,372372750,1471723720,,stochastic,150,300,150-step training / 300-step held-out evaluation,2007586720,0,1.7499958630651236e-05,latency_critical,200,0.0,0.6899119919947475,0.6583213849716416,0.0,1.0,0.3100880080052526,0.34167861502835845,0.3514588088905285,62.01760160105052,0.3100880080052526,0.1,0.1,0.0,0.0,0.0,0.12020309463219313,0.15903295106797316,0.17568291247500561,0.8584472723657778,0.9078761027118633,0.3831333333333333,0.40446788688698004,0.5955321131130199,0.0,0.0,74.8360115104578,85.96898061288303,94.19286872586872,91.07159232079661,2.105984568879155,1.9160758232809505,1.9118922434516505,0.057340052057607296,17583976.46627639,16631727.947156962,0.056878653536207316,2.6892822132892547,0.5069562846112531,0.46059970105918463,0.008930290868596934,0.11699914271550864,0.12804987465754444,-5.9441239121480836,2.1688382364165695,,,,,0.13955883500456565,0.20193566063328114,0.32657511144909607,1.0,0.9389833333333333,0.0,0.9467833333333334,0.09088416666666667,0.0,0.0,0.17865934065934064,1765.3521216413587,2289.4020404687385,75.22456995776403,75.07079058366328,0.0,0.12327357929412602,0.8505701388888889,5.694478640958194e-08,0.0,,,,,,,,,,,,,,,,,,,,,,,,,,,,,,,,,,,,,,,,,
latency_critical,congestion_burst,PPO,PPO,13,1025721121,372372750,535536204,3cabdc2e2c3a75659a16,stochastic,150,300,150-step training / 300-step held-out evaluation,2007586720,1,262.1022107999888,latency_critical,200,0.0,0.8608218652742817,0.8202148399210606,0.045,1.0,0.13917813472571827,0.17978516007893947,0.18916992432355745,27.83562694514365,0.13917813472571827,0.0806843914510016,0.05161567755029214,0.00020785619673754753,0.0,0.00020785619673754753,0.26833947004323067,0.2983843224497078,0.3022679366584605,0.8218483540779511,0.88023124061333,0.36546666666666666,0.7104847228681096,0.2893074209351529,0.0,0.0,66.56832566411289,79.28089499308768,86.20554687499998,84.19497864191642,3.30501698371807,3.0682927758868956,3.040228045388016,0.043180844460788105,24210069.720890168,23406871.844973017,0.04130923863419425,2.726526823100624,0.665711898846809,0.6096492091515201,0.0,0.18361205465100386,0.1954668826644125,37.23314521747215,0.31433183258768116,25.773339520942898,0.1260413258688232,,,0.26011732346207883,0.12376662736887861,0.20965979324539671,0.9996333333333334,0.03451666666666667,0.00013333333333333334,0.9938000000000001,0.15850916666666665,0.0,0.0,0.11507692307692308,3302.9858921556165,3306.110648405545,58.151563440254186,71.03700202073405,0.00014285714285714287,0.27018016768704584,0.7049520833333333,4.132257838529919e-08,0.0,,,0.01978196317029359,0.012510341144956316,0.011749999999999998,0.3946794274291179,0.0005865098861968988,0.0001204419052066794,0.0004661165709579254,0.0004661165709579254,0.0,0.0,0.0,0.39467942741858747,1.1823538984256723,0.00036995369707840293,0.07825249155540029,0.03578829460772556,0.885468818234589,0.0001204419052066794,,,,,,,,,,,0.00036995369707840293,0.07825249155540029,0.03578829460772556,0.885468818234589,0.0001204419052066794,,,,,,
latency_critical,congestion_burst,PPO-Lagrangian,PPO-Lagrangian,13,1025721121,372372750,535536204,454f28c68eb87e33907f,stochastic,150,300,150-step training / 300-step held-out evaluation,2007586720,1,254.03850810002768,latency_critical,200,0.0,0.8219291799915623,0.7786224616116244,0.0,1.0,0.17807082000843782,0.2213775383883756,0.23052177906564447,35.61416400168756,0.17807082000843782,0.09997536945812807,0.1,2.4630541871921184e-05,0.0,2.4630541871921184e-05,0.16455688107995395,0.19312488183021365,0.20063282943539051,0.8321504000601577,0.8931242538699399,0.3689833333333333,0.6175553896088966,0.38241997984923154,0.0,0.0,82.90833078052128,96.43687315634217,101.10141071428569,99.90291697111759,2.925085437452027,2.7193405614313253,2.6977050379844782,0.044548466309621865,28576808.03708027,27501686.51706439,0.0350033571219447,2.546640730272413,0.6710866987767923,0.6183948443304017,0.0,0.16250474652511263,0.17425303653871,58.703241462820024,0.15345034165369917,25.83543927051386,0.11967838708539526,,,0.5914006600822027,0.1651185939825514,0.23710952703414948,0.9999833333333333,0.12208333333333334,1.6666666666666667e-05,0.9892,0.14421083333333334,0.0,0.0,0.26797069597069595,2873.6314165760086,2952.791448692959,79.29619805245295,84.48051321415252,0.0,0.16871458243372184,0.7750472222222222,3.501559045118299e-08,0.0,,,0.017508202219960377,0.013831174897286353,0.007949999999999999,0.33422459275363947,8.765972170024561e-05,2.8931466552195394e-05,5.872950408695824e-05,5.872950408695824e-05,0.0,0.0,0.0,0.33422459274104915,1.0012473990897999,2.7083038139122558e-05,0.537892243775682,0.12353192141370947,0.33851982030591726,2.8931466552195394e-05,,,,,,,,,,,2.7083038139122558e-05,0.537892243775682,0.12353192141370947,0.33851982030591726,2.8931466552195394e-05,,,,,,
latency_critical,congestion_burst,PPO_CMDP,PPO_CMDP,13,1025721121,372372750,535536204,a070e26e29e031606ad8,stochastic,150,300,150-step training / 300-step held-out evaluation,2007586720,1,277.9400926999515,latency_critical,200,0.0,0.8240085326782967,0.7826280928977936,0.0,1.0,0.1759914673217034,0.21737190710220644,0.2295091004326189,35.19829346434068,0.1759914673217034,0.09992131509794554,0.1,7.868490205446728e-05,0.0,7.868490205446728e-05,0.15132910896854435,0.18314479064580444,0.1878580172430905,0.8123270358875945,0.8677499765580334,0.35924999999999996,0.6059969616213607,0.3939243534765849,0.0,0.0,76.52403592762141,88.1183647227895,93.25476960585128,91.51428428632934,2.825664377629168,2.582377189281031,2.5726870141854308,0.053197390780033854,31219693.34498271,29670216.46878533,0.03204818654579966,2.078945757588596,0.6905717773346041,0.628760688919739,0.0,0.15698135431273152,0.17120895358658111,64.52490908626989,0.14179374718157262,24.69759438310317,0.12601677807973574,,,0.39069643135358206,0.1453192249040509,0.22455241948912097,0.9998833333333333,0.0075,5e-05,0.9898666666666668,0.15007916666666665,0.0,0.0,0.11616117216117218,2670.7561949221395,2909.076476009874,70.79425248814663,79.87628456028067,0.0,0.14614565210198752,0.7428930555555556,3.205632746527874e-08,0.0,,,0.03355099867106125,0.024376589002094114,0.02161666666666667,0.24272761476367566,0.00022650211116532028,5.80541719341966e-05,0.00016845351608933855,0.00016845351608933855,0.0,0.0,0.0,0.24272761475625276,0.7271469492080862,4.861196944155904e-05,0.714119323862451,0.007434475018566033,0.27833953497760716,5.80541719341966e-05,,,,,,,,,,,4.861196944155904e-05,0.714119323862451,0.007434475018566033,0.27833953497760716,5.80541719341966e-05,,,,,,
latency_critical,congestion_burst,Intent-PPO-CMDP-NoRisk,Intent-PPO-CMDP-NoRisk,13,1025721121,372372750,535536204,4606dec7f3efe1c94a9c,stochastic,150,300,150-step training / 300-step held-out evaluation,2007586720,1,283.62103929999284,latency_critical,200,0.005,0.8884296762600215,0.8477786806307934,0.3,0.995,0.11157032373997851,0.1522213193692067,0.16101311689288883,22.3140647479957,0.11213097863314422,0.09572192031574486,0.08104668905402398,0.00019912372413580576,0.0,0.00019912372413580576,0.2466986643167057,0.268953310945976,0.27321366583682594,0.7914074756833189,0.8576797203314364,0.35424999999999995,0.7751466402616788,0.22465423601418547,0.0,0.0,60.38603506871206,72.51642857142856,76.21234413473849,75.15228319186595,3.6069392761347387,3.3103983851144116,3.306979428668155,0.04947381888442552,25338673.832014605,24350230.889607433,0.03946392526926552,2.5786766074616305,0.6574088443569508,0.6069304018644188,0.0,0.20038551534081883,0.21882137685699057,59.7470066126171,0.16895177101685824,20.557773943991297,0.09501970006584819,,,0.2809631458314987,0.09461155723435333,0.19652576110681558,0.99965,0.06285,0.00011666666666666667,0.99245,0.14960833333333334,0.0,0.0,0.10580952380952381,3616.4926415906266,3601.795156273878,51.784912326170435,64.79395244042091,9.523809523809524e-05,0.2518301128939094,0.7116458333333333,3.948851681980317e-08,0.0,,,0.014783348491288852,0.01075982363332192,0.0029666666666666665,0.32019909941358093,0.00033189752738371254,8.494810676485356e-05,0.0002621638341363067,0.0002621638341363067,0.0,0.0,0.0,0.3201990994123075,0.9592307760723725,0.00028178473368697666,0.058640854854937405,0.06301414977283003,0.8779782625317807,8.494810676485356e-05,,,,,,,,,,,0.00028178473368697666,0.058640854854937405,0.06301414977283003,0.8779782625317807,8.494810676485356e-05,,,,,,
latency_critical,congestion_burst,Intent-PPO-CMDP,Intent-PPO-CMDP,13,1025721121,372372750,535536204,09d0d30da2ff448dad2f,stochastic,150,300,150-step training / 300-step held-out evaluation,2007586720,1,309.3859143999871,latency_critical,200,0.0,0.8591550545437738,0.8140968026834489,0.095,1.0,0.14084494545622622,0.1859031973165513,0.18986814616927636,28.168989091245244,0.14084494545622622,0.05662110709198801,0.03547438330170779,0.04337669322291427,0.06452561669829221,0.07199065551070274,0.24594953229444946,0.26749895562196724,0.273405384554696,0.8352611121427529,0.903766094376549,0.3698,0.7367055206635555,0.21991778611353008,0.0,0.0,61.85102907150496,74.1093838604144,79.01709814630044,77.84351220186893,3.506253526109284,3.264716178358859,3.255379598765372,0.04107424610965493,25460429.551947333,24423836.313980017,0.039280627933127775,2.5555825944184916,0.6357280963563862,0.5866447952659423,0.0,0.19479186256162692,0.2079514776778627,63.97930655620923,0.14335730849713796,20.011558856135007,0.0924854731303008,,,0.39631621654601146,0.12703813399275368,0.2131878787445569,0.9733000000000002,0.06905,0.026550000000000004,0.9917333333333335,0.14994,0.6803666666666666,0.047266666666666665,0.13911355311355314,3495.270688592548,3512.1673616952194,53.11041101769228,66.16478668358363,0.033095238095238094,0.2541297665324298,0.6665326388888889,3.9298711081346315e-08,0.0,,,0.015266623501592273,0.010983841729880766,0.00055,0.2923198979492278,0.6473732849399317,0.216800319506193,0.4369602195459175,0.621852678181034,0.1907834417138939,0.1848924586351164,0.19221666666666665,0.2855069380642286,0.85530234868259,0.0001493926518170347,0.08210699031777892,0.06955222729957006,0.8220499033005204,0.026141486430313637,,,,,,,,,,,0.0001493926518170347,0.08210699031777892,0.06955222729957006,0.8220499033005204,0.026141486430313637,,,,,,
latency_critical,congestion_burst,Intent-PPO-CMDP-FullPolicy-NoShield,Intent-PPO-CMDP,13,1025721121,372372750,535536204,09d0d30da2ff448dad2f,stochastic,150,300,150-step training / 300-step held-out evaluation,2007586720,1,309.3859143999871,latency_critical,200,0.0,0.6671300901108844,0.6172159041132725,0.0,1.0,0.4847327998749798,0.6141989976068474,0.6490393366553657,96.94655997499596,0.4847327998749798,-0.29604118525447914,-0.417601399856425,0.3960411852544792,0.517601399856425,0.5450337755103218,0.25927311203569015,0.2890605543825456,0.29965554331368366,0.8488363614422711,0.9232928113469334,0.40218333333333334,0.49595737019240177,0.10800144455311905,0.0,0.0,47.74221332093717,60.29899612965651,68.05958379992533,64.23568791002022,2.4272805326456366,1.9775390108454372,1.949038271501837,0.1171231130275602,24226079.627680317,22751498.94284875,0.0412356691395525,1.4335631299859295,0.575540950199869,0.501283380315307,0.0010480978728691277,0.13484891848031313,0.1622175255042712,10.453686896095869,1.4010299639282822,20.011558856135007,0.0924854731303008,,,0.6489474968026133,0.5290724328004264,0.6725350500969622,0.7516833333333333,0.06939999999999999,0.24230000000000002,0.9747999999999999,0.16413833333333333,0.0,0.0,0.19356043956043956,2380.033445834632,2452.721271697716,35.80071362772653,53.33406743805926,0.2468095238095238,0.25564102786911475,0.4687923611111111,4.1329042260509065e-08,0.0,,,0.016280997520370617,0.011819589196673976,0.0015166666666666668,0.3255968171551241,0.7004464179971731,0.24162911119043412,0.4809110399213342,0.4809110399213342,0.0,0.0,0.0,0.3255968169402618,0.975400892674393,0.005928922921995974,0.07848297818910116,0.070712093863511,0.6032468938349578,0.24162911119043412,,,,,,,,,,,0.005928922921995974,0.07848297818910116,0.070712093863511,0.6032468938349578,0.24162911119043412,,,,,,
latency_critical,congestion_burst,MaxWeight,MaxWeight,14,1103526060,1905340783,514380716,,stochastic,150,300,150-step training / 300-step held-out evaluation,483994200,0,3.270001616328955e-05,latency_critical,200,0.0,0.6975666333322956,0.6632946766225406,0.01,1.0,0.3024333666677043,0.3367053233774595,0.3464454013487431,60.486673333540864,0.3024333666677043,0.1,0.1,0.0,0.0,0.0,0.12396423939498781,0.16571285140562247,0.17638419275120712,0.8556219871205414,0.9022763454514591,0.3878666666666667,0.40923427845755783,0.5907657215424422,0.0,0.0,74.75232678641602,84.90251282051281,90.13155923344947,88.35246041238008,2.1732502398568267,1.9838472379378898,1.9632349957812554,0.06240045751406016,20781517.044920683,19469791.191742975,0.04811358180879138,2.344894971779819,0.5183578644143852,0.467794995619122,0.005111625667889923,0.12073612443649036,0.1343539290482587,-1.3099997596206483,11.863299929591657,,,,,0.14717452500557202,0.19372513675118141,0.3180739204088013,1.0,0.9336500000000001,0.0,0.94625,0.09191416666666667,0.0,0.0,0.183010989010989,1820.628089784058,2363.123705280624,73.48539391723291,75.47174162433576,0.0,0.12826475851182007,0.8530534722222223,4.819430545808562e-08,0.0,,,,,,,,,,,,,,,,,,,,,,,,,,,,,,,,,,,,,,,,,
latency_critical,congestion_burst,PPO,PPO,14,1103526060,1905340783,1823775964,0a65909e93fb2c778ea0,stochastic,150,300,150-step training / 300-step held-out evaluation,483994200,1,272.0849051999976,latency_critical,200,0.0,0.8619571120108397,0.824065215598603,0.095,1.0,0.1380428879891604,0.1759347844013971,0.1888566999946772,27.608577597832078,0.1380428879891604,0.09913650823526797,0.0942145528731724,0.0005092873704827829,0.005376344086021506,0.005584379207868282,0.22818756525592157,0.25287165454073013,0.2575497077709955,0.8028023423952607,0.8570872476508894,0.3656333333333333,0.6757023368147995,0.3237883758147177,0.0,0.0,66.38848617328306,77.97258522727273,81.57647118301313,80.8601729032251,3.2180631062150793,2.9654658496988544,2.961941785135603,0.044736305142774345,27292642.819601797,26205788.331999112,0.03664257684302399,2.348521736475095,0.666134959440492,0.6211103507977064,0.0,0.17878128367861554,0.19109374061536288,51.08578902081126,0.2260099918410461,23.652352605943808,0.12485441088712515,,,0.5049507729209445,0.10857642174047216,0.1916834722420089,0.9995666666666666,0.27468333333333333,0.00031666666666666665,0.9939833333333334,0.14851666666666666,0.0,0.0,0.11038827838827839,3064.3506131909253,3300.831371689623,58.90108279364303,70.40404979377416,0.00038095238095238096,0.23210272336813317,0.7146590277777779,3.665884031947641e-08,0.0,,,0.035202421515092265,0.0159077412744996,0.00011666666666666667,0.42261770026198503,0.0013594390920984854,0.00034513934608144145,0.0011875056019838785,0.0011875056019838785,0.0,0.0,0.0,0.42261770026651535,1.2660494840635668,0.00018371596959612958,0.06777205640346198,0.272950828523601,0.6587482597572594,0.00034513934608144145,,,,,,,,,,,0.00018371596959612958,0.06777205640346198,0.272950828523601,0.6587482597572594,0.00034513934608144145,,,,,,
latency_critical,congestion_burst,PPO-Lagrangian,PPO-Lagrangian,14,1103526060,1905340783,1823775964,337f5a10e02765106fee,stochastic,150,300,150-step training / 300-step held-out evaluation,483994200,1,284.58887489995686,latency_critical,200,0.0,0.8202592080275619,0.7773234374412489,0.0,1.0,0.17974079197243817,0.22267656255875115,0.23332167464876993,35.948158394487635,0.17974079197243817,0.09971235436486804,0.095165529980108,0.0002876456351319572,0.004834470019892013,0.00526982091519953,0.15461733694259946,0.18205178309721542,0.18692829365217353,0.8117245811557633,0.868146252775926,0.36633333333333334,0.5887898866179533,0.41092246774691477,0.0,0.0,77.6273389466128,91.80536942988205,96.66114594218043,95.18839921364503,2.8395131380536656,2.6374341382541475,2.6048951325500833,0.04443729347778597,34473666.38172026,32911036.326678388,0.029026099149573867,1.9194133471560826,0.6768834819420061,0.6214502065862181,0.0,0.1577507298918703,0.16914725924228363,64.60151473916896,0.13037736951830145,25.096186255169417,0.13391219218785813,,,0.43607791441761967,0.14034930286234076,0.21337258677153542,0.9993,0.030983333333333335,0.00018333333333333334,0.99495,0.15144583333333334,0.0,0.0,0.18222710622710622,2669.0561029373853,2931.2976954239716,72.42437225939977,81.10184311233762,0.00028571428571428574,0.13889709561238198,0.7446791666666667,2.9032185458015104e-08,0.0,,,0.013975775289518527,0.00953629146364603,0.009683333333333332,0.32928103305763934,0.0007694184281361569,0.00017947462871909938,0.000590050940291243,0.000590050940291243,0.0,0.0,0.0,0.329281033058373,0.9864378178021664,0.00041890859691620105,0.7098644714112935,0.031078451513463792,0.2584586938496074,0.00017947462871909938,,,,,,,,,,,0.00041890859691620105,0.7098644714112935,0.031078451513463792,0.2584586938496074,0.00017947462871909938,,,,,,
latency_critical,congestion_burst,PPO_CMDP,PPO_CMDP,14,1103526060,1905340783,1823775964,dadb88684cb84768bf3a,stochastic,150,300,150-step training / 300-step held-out evaluation,483994200,1,264.74071779998485,latency_critical,200,0.01,0.9024946021739327,0.8604407965637052,0.435,0.99,0.09750539782606726,0.1395592034362949,0.14762651625019524,19.501079565213452,0.09849030083441138,0.0913006885295045,0.07188000983455234,0.00013644903689397572,0.0,0.00013644903689397572,0.2551369913987957,0.27811999016544764,0.2863809753940955,0.7643156373412119,0.8396251004121058,0.3482333333333334,0.762828045876191,0.23703550508691495,0.0,0.0,56.766717341281655,68.24560664112389,70.04895560443953,70.20540260090993,3.5646054431021525,3.3143745481954974,3.2912959217015363,0.042914711064793866,28788566.506476745,27804694.69996713,0.03474021017212944,2.1089143555171215,0.6757036043197645,0.6303520491885964,0.0,0.1980336357278974,0.21237299310857755,62.238204620958406,0.16604259610929986,22.64835715577434,0.12212274123169051,,,0.2547284320162355,0.08087341690590318,0.18710425588743881,0.9949833333333333,0.02185,8.333333333333333e-05,0.9951166666666666,0.15263416666666665,0.0,0.0,0.0723956043956044,3459.008067953982,3621.4655681819377,47.58922069042352,61.473183385827916,9.523809523809524e-05,0.2590614070797027,0.6580333333333335,3.4751698998757395e-08,0.0,,,0.036275015055336396,0.010781687445632541,0.0,0.37056002176633973,0.0005377465763840355,0.00012920024568420006,0.001811974255015492,0.001811974255015492,0.0,0.0,0.0,0.370560021762306,1.1100986164822093,0.00495194230774363,0.08115305456844721,0.020624140620045254,0.8931416622580797,0.00012920024568420006,,,,,,,,,,,0.00495194230774363,0.08115305456844721,0.020624140620045254,0.8931416622580797,0.00012920024568420006,,,,,,
latency_critical,congestion_burst,Intent-PPO-CMDP-NoRisk,Intent-PPO-CMDP-NoRisk,14,1103526060,1905340783,1823775964,72924e27f6df7ecb428f,stochastic,150,300,150-step training / 300-step held-out evaluation,483994200,1,270.7660398000153,latency_critical,200,0.01,0.8978962813114488,0.8562826030255609,0.355,0.99,0.1021037186885512,0.14371739697443922,0.15250878951292174,20.42074373771024,0.10313506938237499,0.09017791292979334,0.07288023595721961,0.00021847879251534394,0.0,0.00021847879251534394,0.2572948978017773,0.2771197640427803,0.2832307378353979,0.7721201013537157,0.8448621506300011,0.35275,0.7583494761098541,0.24143204509763064,0.0,0.0,57.2614592150086,69.60601573962917,74.41433723609347,72.95636356859721,3.5941336973687608,3.3739739997709894,3.3463562781596137,0.03876238850341677,28299022.58188548,27393874.456231978,0.03534255747529073,2.1821061186286665,0.6699467732152324,0.6204261578586646,0.0,0.19967409429826447,0.21111979267124661,59.90898848556533,0.1622902614751309,19.81193184534525,0.10929278837178003,,,0.22683998503588299,0.08314025115881436,0.18646853682462844,0.9997999999999999,0.05041666666666667,0.00013333333333333334,0.9952500000000001,0.15198916666666665,0.0,0.0,0.07174358974358974,3497.536967522991,3646.1473211318676,48.12135222862023,61.96080575472875,9.523809523809524e-05,0.2597344971361558,0.6702395833333332,3.53539902490999e-08,0.0,,,0.10006065065990631,0.02476198964743669,0.0859,0.396701987373484,0.0005958292215423938,0.0001550629807935403,0.0007791887636627289,0.0007791887636627289,0.0,0.0,0.0,0.3967019873869049,1.1884129465979592,6.48400712619586e-05,0.03949586003755491,0.04981613910971248,0.9104680978006772,0.0001550629807935403,,,,,,,,,,,6.48400712619586e-05,0.03949586003755491,0.04981613910971248,0.9104680978006772,0.0001550629807935403,,,,,,
latency_critical,congestion_burst,Intent-PPO-CMDP,Intent-PPO-CMDP,14,1103526060,1905340783,1823775964,fd2a9bdca11bd34bca64,stochastic,150,300,150-step training / 300-step held-out evaluation,483994200,1,319.06714920001104,latency_critical,200,0.0,0.8135383029025024,0.7762162876437113,0.0,1.0,0.18646169709749771,0.2237837123562887,0.2314916503636018,37.29233941949954,0.18646169709749771,0.06361120386517172,0.040498438136629095,0.036388796134828295,0.0595015618633709,0.0641791259019705,0.194139182003378,0.22187900947315936,0.22783281668950967,0.8622351973385628,0.9141928910209989,0.38888333333333336,0.6273150982214769,0.3362961056436947,0.0,0.0,78.4069382343579,89.66562802471893,95.89624999999998,93.36958587854834,3.155571721071084,2.9064346322059578,2.9000926045729685,0.04404797336062184,31867095.685855675,30476131.830910016,0.0313876185013945,2.32976529005481,0.6298048014922724,0.5813374308625611,0.0,0.17530954005950464,0.18826215343121339,68.33048761011668,0.1426558231604878,20.810805294328347,0.10421381477258052,,,0.6320766009062945,0.1638435713231477,0.2512360402257146,0.9764333333333333,0.08676666666666666,0.023066666666666666,0.9939166666666667,0.1447375,0.675,0.046803333333333336,0.14943589743589744,3077.6473271612167,3197.5310100994748,73.47547738694745,80.71567104570309,0.030571428571428572,0.19285959423989765,0.7417381944444443,3.1401184077117536e-08,0.0,,,0.02006858836136737,0.014599657383878101,0.014466666666666668,0.432683844405738,0.6844791384895944,0.2267984628494912,0.4681574696196886,0.6642681779540687,0.20479378859965192,0.19611070833438002,0.20369999999999996,0.4452403860128325,1.3338209938682795,0.0005165649298840023,0.45957728262407344,0.08749526412872083,0.42980831773431555,0.02260257058300617,,,,,,,,,,,0.0005165649298840023,0.45957728262407344,0.08749526412872083,0.42980831773431555,0.02260257058300617,,,,,,
latency_critical,congestion_burst,Intent-PPO-CMDP-FullPolicy-NoShield,Intent-PPO-CMDP,14,1103526060,1905340783,1823775964,fd2a9bdca11bd34bca64,stochastic,150,300,150-step training / 300-step held-out evaluation,483994200,1,319.06714920001104,latency_critical,200,0.0,0.6017472229578411,0.5553235568277192,0.0,1.0,0.606463961573053,0.7025592511264522,0.7349483502034173,121.29279231461061,0.606463961573053,-0.36878171093988144,-0.4489276703111859,0.4687817109398814,0.5489276703111858,0.5674859347330595,0.20746526519340883,0.2412882870107771,0.2482502837226241,0.8728484199174875,0.9263925118863444,0.4114666666666666,0.4035704408269696,0.12764784823314898,0.0,0.0,55.317784702321205,68.33956548347612,75.51671171171171,72.45424435870295,2.061474498496707,1.7593717759795349,1.7533017216845344,0.07956553781728617,29709368.278972026,27864730.794946585,0.03367996861254893,1.152220716037572,0.572112526584569,0.4917397504036338,0.001757437286439469,0.11452636102759482,0.13146699916735818,-0.39014947206066014,26.861687741045042,20.810805294328347,0.10421381477258052,,,0.7996004050182028,0.49883150412253896,0.6443601878155948,0.7050666666666666,0.07763333333333333,0.29278333333333334,0.9769333333333333,0.13561916666666668,0.0,0.0,0.18398534798534802,2018.56830907098,2084.577831264406,46.652860669247566,59.28566738833666,0.2992857142857143,0.21020047581166787,0.5530083333333333,3.37037042861391e-08,0.0,,,0.022392599664010988,0.017118206469152127,0.01393333333333333,0.4500977586746685,0.6646203032969044,0.2944522605386926,0.38570966230630144,0.38570966230630144,0.0,0.0,0.0,0.4500977584966048,1.348372381382589,0.0022005297099581544,0.3208671483824604,0.07691116206854924,0.30556889930033954,0.2944522605386926,,,,,,,,,,,0.0022005297099581544,0.3208671483824604,0.07691116206854924,0.30556889930033954,0.2944522605386926,,,,,,
latency_critical,congestion_burst,MaxWeight,MaxWeight,15,1481178426,1997781942,690194795,,stochastic,150,300,150-step training / 300-step held-out evaluation,1953385204,0,1.3999990187585354e-05,latency_critical,200,0.015,0.7919561177151095,0.7095155334355588,0.175,0.985,0.20804388228489057,0.29048446656444116,0.29721887506504824,41.60877645697811,0.2112120632333914,0.1,0.1,0.0,0.0,0.0,0.14856707814722514,0.19805286671630676,0.2086713303410051,0.7956311345928881,0.8957008112643156,0.3625333333333333,0.5236885299770434,0.47631147002295665,0.0,0.0,59.67908349457015,75.1128735357399,77.06214080803248,77.19905196536085,2.634375761567955,2.3280780172659146,2.3121208221211598,0.11310413759101341,20588693.679348394,18820287.617609568,0.048478610227914894,2.286500404916292,0.5493192496650545,0.48910764603367757,0.0013581356333512713,0.14635420897599746,0.17935029010234183,25.21573345460364,1.4083685251640634,,,,,0.2364932641477568,0.12423377528689478,0.23927231689610895,0.9995833333333334,0.8533333333333333,0.0,0.9592333333333335,0.10077166666666666,0.0,0.0,0.24546520146520145,2321.712873471604,2802.732701312147,54.890141740951655,62.601522483870646,0.0,0.14119919872525163,0.7867638888888888,4.8858180212023204e-08,0.0,,,,,,,,,,,,,,,,,,,,,,,,,,,,,,,,,,,,,,,,,
latency_critical,congestion_burst,PPO,PPO,15,1481178426,1997781942,1596015111,461e22a59e6f436fac36,stochastic,150,300,150-step training / 300-step held-out evaluation,1953385204,1,258.87767640000675,latency_critical,200,0.0,0.8696998543510764,0.8317191905230776,0.105,1.0,0.13030014564892362,0.16828080947692237,0.18297762195216966,26.060029129784724,0.13030014564892362,0.09973242476049546,0.09976190476190477,0.00026757523950456347,0.00023809523809515692,0.0053515047900912684,0.14997522473528133,0.18616566953645605,0.19600392278944032,0.7993463577384975,0.866735174743966,0.35935,0.6947608775847276,0.30497154717576774,0.0,0.0,73.67592564836299,85.16089767733834,95.29773982558137,91.66750099271293,3.3201708247432715,3.0859274681776534,3.059011583060948,0.044991944325336174,33514092.112570792,32338727.628345314,0.029849387719340474,2.1904972475510207,0.6606069696824526,0.609480806820144,0.0,0.18445393470795948,0.19772729175579132,88.39553317493805,0.1141673267565484,26.33215643894737,0.15276361776873223,,,0.46676750992629124,0.12142019026904613,0.2473219556790871,0.99965,0.0466,0.00016666666666666666,0.9863833333333334,0.13523916666666666,0.0,0.0,0.11950915750915751,3268.3251145509935,3348.087745616038,67.76386606099288,75.73100922559024,0.00014285714285714287,0.15267831083834538,0.7523284722222222,2.9855110448281984e-08,0.0,,,0.022877880674486956,0.02228677823023639,6.666666666666667e-05,0.26988119516751086,0.0008301016829118067,0.0001773070920339332,0.0006528827424132177,0.0006528827424132177,0.0,0.0,0.0,0.26988119515987985,0.808491806365775,0.00015480982600954817,0.6864061775680774,0.0467977791406938,0.2664639263731853,0.0001773070920339332,,,,,,,,,,,0.00015480982600954817,0.6864061775680774,0.0467977791406938,0.2664639263731853,0.0001773070920339332,,,,,,
latency_critical,congestion_burst,PPO-Lagrangian,PPO-Lagrangian,15,1481178426,1997781942,1596015111,c54dc7a9b9a68be549b7,stochastic,150,300,150-step training / 300-step held-out evaluation,1953385204,1,254.7300168000511,latency_critical,200,0.0,0.7875047190080099,0.7318283002350163,0.0,1.0,0.21249528099199014,0.26817169976498373,0.27832101164957235,42.49905619839803,0.21249528099199014,0.09970679547967215,0.0997584541062802,0.0002932045203278686,0.00024154589371972436,0.005864090406557372,0.09713644967165863,0.14979238893816008,0.16636586140666357,0.8040450531399204,0.8704008326297916,0.36055,0.5355267631850738,0.46418003229459837,0.0,0.0,85.11059692470434,96.11969220506955,101.2558395360914,99.04128429011531,2.509920873079188,2.225712765098187,2.1885375562604787,0.07690824174388268,36754879.05187637,33995825.35519335,0.027191448080082718,1.742598187575192,0.7208873201571242,0.6447042511874216,0.0,0.1394400485043993,0.15823294054133674,59.79332403512867,0.23686180387881023,24.756392627491348,0.26861411613873526,,,0.12116178755012239,0.1806055043893585,0.2838999346817551,0.9995833333333333,0.0109,0.00018333333333333334,0.9680833333333332,0.12355333333333335,0.0,0.0,0.04953846153846155,2240.107849541095,2655.204808830469,81.62128066208103,86.17850948972274,0.00019047619047619048,0.10682832615187486,0.7407020833333334,2.7254273894058984e-08,0.0,,,0.009870790592325391,0.008421935593087288,0.0,0.09259082711229544,0.000472251287642135,0.00017475515420861155,0.00029754821223594867,0.00029754821223594867,0.0,0.0,0.0,0.09259082710903785,0.27737732900560247,0.0002379434224180334,0.9577415969610453,0.010788906616810527,0.03105679784551743,0.00017475515420861155,,,,,,,,,,,0.0002379434224180334,0.9577415969610453,0.010788906616810527,0.03105679784551743,0.00017475515420861155,,,,,,
latency_critical,congestion_burst,PPO_CMDP,PPO_CMDP,15,1481178426,1997781942,1596015111,fc83225982e20e56ecdd,stochastic,150,300,150-step training / 300-step held-out evaluation,1953385204,1,273.55554740002844,latency_critical,200,0.0,0.8449202476487353,0.8067374722817275,0.015,1.0,0.15507975235126462,0.19326252771827251,0.20309181423944495,31.015950470252925,0.15507975235126462,0.09946927233430386,0.09489532926572691,0.0005307276656961453,0.00510467073427309,0.005649290163773173,0.12998469279554445,0.16579326923076923,0.1739158997895152,0.8078579263446113,0.8672510279502275,0.3626,0.6398527490604612,0.35961652327384264,0.0,0.0,85.53632059248386,97.04752066115702,103.03257085885201,101.76646428927407,3.03477557452523,2.714700934155965,2.6868834821179313,0.06378114910920203,35346939.004993245,34011734.409879416,0.028293726429991502,2.203375669973634,0.6789740559315683,0.6210582296461519,0.0,0.1685986430291794,0.18634965131112863,77.45377359477865,0.14621806887755526,24.33002335679956,0.14834496728010554,,,0.30724952753332935,0.1586530991590807,0.2724502913675318,0.9995666666666666,0.009316666666666666,0.0003333333333333333,0.9708833333333332,0.1301475,0.0,0.0,0.09435897435897436,2838.7076747278775,3140.3505974930363,82.73599894258943,84.9729224191028,0.00019047619047619048,0.13554130377686732,0.7574916666666667,2.830579466778261e-08,0.0,,,0.014523926708487183,0.011265697112370125,3.3333333333333335e-05,0.21981656552570186,0.0006245293156645855,0.0001954387161449828,0.0004291635880510711,0.0004291635880510711,0.0,0.0,0.0,0.21981656553095646,0.658511579622882,9.008343377839099e-05,0.8254718459052757,0.009816914935333603,0.1644257170094673,0.0001954387161449828,,,,,,,,,,,9.008343377839099e-05,0.8254718459052757,0.009816914935333603,0.1644257170094673,0.0001954387161449828,,,,,,
latency_critical,congestion_burst,Intent-PPO-CMDP-NoRisk,Intent-PPO-CMDP-NoRisk,15,1481178426,1997781942,1596015111,8c806f3e428ad93e5ba2,stochastic,150,300,150-step training / 300-step held-out evaluation,1953385204,1,275.68097020004643,latency_critical,200,0.0,0.7676214759114356,0.7201932278809597,0.0,1.0,0.2323785240885644,0.27980677211904026,0.2884946160954639,46.47570481771288,0.2323785240885644,0.09989422854373348,0.1,0.00010577145626650578,0.0,0.00010577145626650578,0.11229085936221224,0.16350901294700468,0.17700405603749145,0.8115947430225754,0.87297104350419,0.3637666666666666,0.5087435870884146,0.4911506414553189,0.0,0.0,85.307488080007,97.64905962384954,103.25299946581195,100.84387295763409,2.3939012432599616,2.178869380530634,2.1275696442170178,0.07224993891286245,36099955.2412613,33705847.792017154,0.02769227159437405,1.6965756185722871,0.7039467786766939,0.6271374502129506,0.0,0.1329945135144423,0.15119410395280358,49.74004483725641,0.2782204929740334,22.58964125611793,0.13652253146101623,,,0.08173892058094523,0.19060812997526644,0.29237940496000847,0.99985,0.0037,6.666666666666667e-05,0.9639166666666666,0.11886500000000001,0.0,0.0,0.0416849816849817,2110.5300442122348,2546.4857350548914,82.94091998172989,85.65870724377044,0.0,0.12533309589229671,0.7534166666666667,2.7756489684918723e-08,0.0,,,0.006261561557492483,0.00538899348152186,0.0,0.06175325313433616,0.0001485625705458774,5.340474422065205e-05,9.516095165420339e-05,9.516095165420339e-05,0.0,0.0,0.0,0.06175325313733215,0.1849962134204551,6.131837737931601e-05,0.9724224989295691,0.0038396012716725614,0.023623176677158454,5.340474422065205e-05,,,,,,,,,,,6.131837737931601e-05,0.9724224989295691,0.0038396012716725614,0.023623176677158454,5.340474422065205e-05,,,,,,
latency_critical,congestion_burst,Intent-PPO-CMDP,Intent-PPO-CMDP,15,1481178426,1997781942,1596015111,618554fca77aa7604c32,stochastic,150,300,150-step training / 300-step held-out evaluation,1953385204,1,332.33217309997417,latency_critical,200,0.0,0.7984954764017036,0.7507692953620777,0.0,1.0,0.20150452359829654,0.24923070463792238,0.26429359931573104,40.30090471965931,0.20150452359829654,0.09672442802732643,0.08875113005295106,0.0032755719726735755,0.011248869947048943,0.01600075038514183,0.09380615626483876,0.15531369308792523,0.16863790685000032,0.8038697005946577,0.8621439617354923,0.3587166666666667,0.5532477890411672,0.4434766389861592,0.0,0.0,85.23009486568158,97.74607898715041,100.38998631239936,99.69845042313621,2.596360721095436,2.2581305095050164,2.2391362169521005,0.07921765982423144,36702005.19547886,34074460.61123826,0.027231392367629274,1.8077946827452065,0.7195595558629572,0.6506267542448443,0.0,0.1442422622830798,0.1622484480112847,64.97141274268807,0.21469198349028043,22.031113531673586,0.13650993732566244,,,0.16418092666600242,0.17731084785909196,0.27940179846222146,0.9979166666666666,0.013616666666666668,0.00205,0.9729333333333332,0.1270841666666667,0.7918666666666667,0.06826166666666668,0.06258608058608058,2343.744076610051,2732.385068126029,80.77766941925826,86.53541523730864,0.0025714285714285717,0.10495999406259497,0.7344145833333333,2.7282966745352534e-08,0.0,,,0.02496718692599212,0.02250142059258523,0.0,0.15205035913758091,0.06167916122570674,0.022216145581780426,0.039799817363745216,0.05959172945015258,0.02010587919359508,0.019791912086407362,0.020116666666666668,0.12417964463138556,0.37200896914070725,6.629777933545968e-05,0.9390389856176988,0.01355722331169632,0.04521304830035332,0.002124444990916051,,,,,,,,,,,6.629777933545968e-05,0.9390389856176988,0.01355722331169632,0.04521304830035332,0.002124444990916051,,,,,,
latency_critical,congestion_burst,Intent-PPO-CMDP-FullPolicy-NoShield,Intent-PPO-CMDP,15,1481178426,1997781942,1596015111,618554fca77aa7604c32,stochastic,150,300,150-step training / 300-step held-out evaluation,1953385204,1,332.33217309997417,latency_critical,200,0.0,0.7891138240213244,0.7358149267382468,0.0,1.0,0.21088617597867568,0.2641850732617532,0.28396294463515526,42.177235195735136,0.21088617597867568,0.06538083242533571,0.044665710888873354,0.0346191675746643,0.055334289111126624,0.06273475079977939,0.09699900046968796,0.14698840829032522,0.1683439842465992,0.8046461130362167,0.8728930977633287,0.36036666666666667,0.5359106481582414,0.4294701842670943,0.0,0.0,83.89322098260334,95.95714285714286,99.12330120716511,98.0521714640303,2.538998779907853,2.1803142620582587,2.1870539806439635,0.07945484508737939,36710467.26397096,34235174.53672246,0.02722701115614018,1.7398451031114222,0.7167736711064964,0.6437796023216178,0.0,0.1410554877726585,0.157419869771594,59.581596628245705,0.23576666006899763,22.031113531673586,0.13650993732566244,,,0.21914796305497525,0.18539458876272935,0.28746881576714745,0.9782833333333333,0.013900000000000001,0.02166666666666667,0.9726333333333333,0.12750916666666667,0.0,0.0,0.07746520146520146,2292.956610079682,2671.4830251999456,79.51039632168239,85.0993498360055,0.02452380952380952,0.10764952959090397,0.732125,2.7272517038071643e-08,0.0,,,0.024816697276297556,0.022366894523781666,0.0,0.15118006405537257,0.06120133173527712,0.022378303197314483,0.039157326934113994,0.039157326934113994,0.0,0.0,0.0,0.15118006405670684,0.45289499701263636,6.43479055301863e-05,0.9206973785671057,0.013116115812099528,0.04374385451795023,0.022378303197314483,,,,,,,,,,,6.43479055301863e-05,0.9206973785671057,0.013116115812099528,0.04374385451795023,0.022378303197314483,,,,,,
latency_critical,mixed_stress,MaxWeight,MaxWeight,11,471540437,1073362871,2051675913,,stochastic,150,300,150-step training / 300-step held-out evaluation,1815919587,0,1.1400028597563505e-05,latency_critical,200,0.0,0.6129473075814805,0.5839163557501836,0.0,1.0,0.38705269241851953,0.4160836442498165,0.4252753602511269,77.4105384837039,0.38705269241851953,0.1,0.1,0.0,0.0,0.0,0.17118712739784597,0.20883433034230642,0.21909909991483295,0.9020395316323777,0.9340417228903171,0.42394999999999994,0.3068235971262879,0.6931764028737122,0.0,0.0,88.63071118198182,102.17298773690078,103.46750856164381,104.56325055054234,1.7778245039150717,1.6094972681642816,1.6050164525673793,0.05768391581570113,18773743.495176326,17656271.91153169,0.05328010228594087,2.5186013197718418,0.4950753372978604,0.4453532762349711,0.014999331671234494,0.09876802799528177,0.1090986856563403,14.869955200780884,0.7999320872162734,,,,,0.12544193283005656,0.2637752098520463,0.4146841072751052,1.0,0.9483,0.0,0.9616,0.09462416666666666,0.0,0.0,0.15263003663003663,1152.235593372482,2114.6800711303117,94.40124056449656,87.13340860830104,0.0,0.29016694576562463,0.8559020833333334,5.333418244295264e-08,0.0,,,,,,,,,,,,,,,,,,,,,,,,,,,,,,,,,,,,,,,,,
latency_critical,mixed_stress,PPO,PPO,11,471540437,1073362871,1897045420,b9c1e1a3273f0ff06c77,stochastic,150,300,150-step training / 300-step held-out evaluation,1815919587,1,259.96485530002974,latency_critical,200,0.0,0.7219917862007512,0.6882152633382148,0.0,1.0,0.278008213799249,0.31178473666178524,0.31641221990844254,55.601642759849796,0.278008213799249,0.09997652582159625,0.1,2.347417840375587e-05,0.0,2.347417840375587e-05,0.18283361848726196,0.2190979485116653,0.23061332582887176,0.8735636019208222,0.9245490546059341,0.4102666666666667,0.45896851735257616,0.5410080084690201,0.0,0.0,102.81814860114282,116.27305311176278,122.69590007930213,119.7134458179585,2.4681452256287866,2.2282314959783855,2.214574806821769,0.057569339098045486,33219202.19381673,31805552.733686082,0.030114952376828256,2.292682546828614,0.6707739433394974,0.6053579154761096,0.0,0.13711917920159922,0.14975533513307296,78.17195751382108,0.12863631823286747,21.571008575666486,0.12208589956735064,,,0.33699759613696045,0.2467846313260869,0.340721069354525,0.9999833333333333,0.00315,1.6666666666666667e-05,0.9852833333333334,0.1477425,0.0,0.0,0.08795604395604396,1918.4654944171627,2764.126619358123,102.75851095580744,100.81814493153739,0.0,0.27680889316360074,0.7848986111111111,3.0120388361885283e-08,0.0,,,0.009703395742324317,0.008955152468333852,0.00018333333333333334,0.17983114840846512,5.7080761839326896e-05,1.911544715760791e-05,3.796583519172669e-05,3.796583519172669e-05,0.0,0.0,0.0,0.17983114840073622,0.5387259750543627,2.691352653753906e-05,0.7756833236145022,0.0033329198616242673,0.22093772755017835,1.911544715760791e-05,,,,,,,,,,,2.691352653753906e-05,0.7756833236145022,0.0033329198616242673,0.22093772755017835,1.911544715760791e-05,,,,,,
latency_critical,mixed_stress,PPO-Lagrangian,PPO-Lagrangian,11,471540437,1073362871,1897045420,97597eec01eed730a745,stochastic,150,300,150-step training / 300-step held-out evaluation,1815919587,1,273.0232358999783,latency_critical,200,0.0,0.6590865420826648,0.6261235138524813,0.0,1.0,0.34091345791733524,0.3738764861475188,0.3886097868960133,68.18269158346705,0.34091345791733524,0.1,0.1,0.0,0.0,0.0,0.11840013631789223,0.18884410944579988,0.19735180865599236,0.8779043329191265,0.9240823050829782,0.4133166666666667,0.3658805627044093,0.6341194372955906,0.0,0.0,101.07719332457845,114.7752949183303,118.50715623374371,117.88612285954518,1.971435971396023,1.7320430522442234,1.715758907580294,0.07237882211533417,34354594.26291523,32134647.937722806,0.029099744500496183,1.7395875114699495,0.6745959025935244,0.5841075161890327,0.0,0.10952422063311237,0.1216710980432567,58.707038136793855,0.22378127126135097,21.24425025650966,0.12137918968135644,,,0.0834752254165048,0.2715762929770038,0.37693538879913374,1.0,0.017333333333333333,0.0,0.9871833333333333,0.14005583333333335,0.0,0.0,0.03723809523809524,1624.1356095651374,2158.443858535732,106.70997361984686,98.30762953728507,0.0,0.17018396680876313,0.7941722222222222,2.9143764802643786e-08,0.0,,,0.0028264851211417088,0.0024991443492039475,0.0,0.051201912473715146,2.4192685069441552e-05,1.2267881277963599e-05,1.192504496910427e-05,1.192504496910427e-05,0.0,0.0,0.0,0.05120191247729741,0.1533872216759266,7.298543251311939e-06,0.9735259596880461,0.017190428422752816,0.009264045464671807,1.2267881277963599e-05,,,,,,,,,,,7.298543251311939e-06,0.9735259596880461,0.017190428422752816,0.009264045464671807,1.2267881277963599e-05,,,,,,
latency_critical,mixed_stress,PPO_CMDP,PPO_CMDP,11,471540437,1073362871,1897045420,3e02143445d692cb208a,stochastic,150,300,150-step training / 300-step held-out evaluation,1815919587,1,273.6423236000119,latency_critical,200,0.0,0.7589915648405144,0.7250049992333869,0.0,1.0,0.2410084351594855,0.27499500076661315,0.291212676152642,48.2016870318971,0.2410084351594855,0.08350879188116103,0.05586784055727551,0.0002321924931270232,0.0,0.0002321924931270232,0.2644591232558593,0.2941321594427245,0.29961553734908486,0.8750108444571302,0.9202154936122527,0.41126666666666667,0.5149189132714781,0.48484889423539484,0.0,0.0,98.70613578076254,111.28315493468796,117.35193877551019,115.38385405900178,2.7996993209599044,2.5509376375883557,2.531311077429318,0.05488634152307717,30307503.600655764,29129732.610874597,0.03300270549308741,2.7360645599441358,0.6375153463661013,0.5855647827697454,0.0,0.15553885116443913,0.17103076194995398,69.69966218854034,0.15869431978563006,16.313100003571034,0.11627297453992139,,,0.44983089490949213,0.2191583855840981,0.3128380205094974,0.9993833333333333,0.005599999999999999,0.00016666666666666666,0.9938166666666668,0.15470666666666666,0.0,0.0,0.19519413919413917,2101.5033391843563,3175.65100345443,96.87290741181837,97.31068823775492,9.523809523809524e-05,0.39358458855332246,0.7911090277777777,3.3012688379157e-08,0.0,,,0.02240868459465726,0.021017991325025277,0.0167,0.24054051177050767,0.00042552934635852786,0.00012689992195524712,0.00029866065318718914,0.00029866065318718914,0.0,0.0,0.0,0.2405405117804392,0.7205949742378556,0.0004098954283897624,0.48993308536546665,0.005185252800584292,0.5043448664836041,0.00012689992195524712,,,,,,,,,,,0.0004098954283897624,0.48993308536546665,0.005185252800584292,0.5043448664836041,0.00012689992195524712,,,,,,
latency_critical,mixed_stress,Intent-PPO-CMDP-NoRisk,Intent-PPO-CMDP-NoRisk,11,471540437,1073362871,1897045420,7d2ee40999bb1a6afe16,stochastic,150,300,150-step training / 300-step held-out evaluation,1815919587,1,275.69379829999525,latency_critical,200,0.0,0.6632302507928887,0.6219091781553315,0.0,1.0,0.3367697492071114,0.3780908218446684,0.38309375728643935,67.35394984142228,0.3367697492071114,0.09987976662870748,0.1,0.00012023337129252673,0.0,0.00012023337129252673,0.1138324056738886,0.16993464052287582,0.1833242885300333,0.8766218247627315,0.9197137003503931,0.41248333333333337,0.373076928076504,0.6268028385522035,0.0,0.0,100.10454675377878,113.19724085365853,121.93340729709604,117.99605884951957,1.988771417605533,1.78620384042637,1.7822673092498023,0.06691362939406997,34407200.03608209,32763535.48364057,0.02905793620405443,1.7355003036212442,0.6886973367882558,0.6106564702710224,0.0,0.11048730097808517,0.1234622007803856,61.241803143862874,0.20226135070220522,16.737563756692968,0.08358146624495469,,,0.1144528621939315,0.2687764051133631,0.37276678158506116,0.9998333333333332,0.02323333333333333,8.333333333333333e-05,0.9876833333333334,0.14341166666666666,0.0,0.0,0.045457875457875455,1645.8560231526137,2173.4181684647992,105.78101487631713,97.38981620101123,4.761904761904762e-05,0.16344227547017998,0.78708125,2.9091743196653086e-08,0.0,,,0.005101874940701187,0.0027133507990770365,0.0,0.0992433947917519,0.00015559639356613122,6.366170642260029e-05,9.194262450008747e-05,9.194262450008747e-05,0.0,0.0,0.0,0.09924339478637488,0.29730664069860313,6.219606475139135e-05,0.9627388543028309,0.022759842324325756,0.014375445601669389,6.366170642260029e-05,,,,,,,,,,,6.219606475139135e-05,0.9627388543028309,0.022759842324325756,0.014375445601669389,6.366170642260029e-05,,,,,,
latency_critical,mixed_stress,Intent-PPO-CMDP,Intent-PPO-CMDP,11,471540437,1073362871,1897045420,b12c9f3440d9c22ff923,stochastic,150,300,150-step training / 300-step held-out evaluation,1815919587,1,319.3185737999738,latency_critical,200,0.0,0.6724774607280177,0.639122934966319,0.0,1.0,0.32752253927198227,0.3608770650336811,0.3684316018004952,65.50450785439645,0.32752253927198227,0.08123350183647401,0.06313084112149533,0.018766498163525994,0.03686915887850466,0.04243619194836964,0.13355822815599036,0.17560510155070672,0.18702775257562876,0.8854001370081142,0.932114623016998,0.41763333333333336,0.3926206844420315,0.5886128173944425,0.0,0.0,98.09054227813671,113.5362962962963,122.31210727969349,118.90779376469607,2.1165543197367445,1.8816019674597122,1.8680199211149655,0.0663864574376166,33861999.75154803,31959440.970471166,0.029539233312515376,1.8398271697335264,0.6832729223500187,0.6066705718218264,0.0,0.1175863510964858,0.12979726773369965,72.03243089881265,0.15046605547038985,16.570640696124258,0.08030660667850774,,,0.2885864527306433,0.26439268400350857,0.3685168834482297,0.9865333333333334,0.03555,0.013383333333333334,0.9929499999999999,0.15305249999999998,0.62735,0.04400083333333333,0.09058608058608059,1668.3433391344079,2357.8986939072347,101.35695467140562,96.50649692085561,0.012380952380952381,0.20603858135843425,0.7392729166666666,2.955710072603548e-08,0.0,,,0.007194960106623527,0.005897420207332654,0.0007500000000000001,0.2406668979185965,0.39107702166578784,0.11089211614160867,0.28442522856942193,0.378215068012084,0.09751617661684929,0.09378983944266203,0.09641666666666665,0.20029235897252062,0.6000222839202413,7.868860711035808e-05,0.8814838295431423,0.03627025582293977,0.06861182795135172,0.013555398075455876,,,,,,,,,,,7.868860711035808e-05,0.8814838295431423,0.03627025582293977,0.06861182795135172,0.013555398075455876,,,,,,
latency_critical,mixed_stress,Intent-PPO-CMDP-FullPolicy-NoShield,Intent-PPO-CMDP,11,471540437,1073362871,1897045420,b12c9f3440d9c22ff923,stochastic,150,300,150-step training / 300-step held-out evaluation,1815919587,1,319.3185737999738,latency_critical,200,0.0,0.6015169286893074,0.5274759896099431,0.0,1.0,0.3990950683989737,0.47258457093885925,0.48455767351515255,79.81901367979474,0.3990950683989737,-0.04158777414478899,-0.10102989471650729,0.14158777414478899,0.20102989471650728,0.21570261288175482,0.15388701576525773,0.20313004032258064,0.21947556126686557,0.8893603335372721,0.9345243705832769,0.4262833333333333,0.3357159535470639,0.5226962723081471,0.0,0.0,88.47789444869814,102.48306530214425,106.20125730994151,104.8335029167744,1.8356155439082544,1.596230057863101,1.5723311493714074,0.08214127679603024,32977738.416706953,31329662.81983952,0.030321002875304516,1.4773429428357694,0.6650165380782266,0.5577981197345694,0.0002129825308570102,0.10197864132823636,0.11597182734062529,49.072180272429335,0.27292698481945965,16.570640696124258,0.08030660667850774,,,0.42369331439486174,0.380893624876307,0.4684707534105808,0.9003999999999999,0.033,0.09953333333333333,0.9896166666666667,0.15486666666666665,0.0,0.0,0.16984615384615387,1489.6792746509934,2021.8889196621656,83.75763798813746,90.00976996971386,0.06261904761904762,0.2381929215149775,0.6701680555555555,3.0352839861444636e-08,0.0,,,0.007494585084445298,0.00605608307090564,0.00055,0.24293592143106554,0.3895383385979903,0.09964086484515317,0.2942506794331932,0.2942506794331932,0.0,0.0,0.0,0.2429359214196288,0.7277709802023583,0.00011034631539589734,0.8048170613843437,0.033167121085056886,0.06226460637005033,0.09964086484515317,,,,,,,,,,,0.00011034631539589734,0.8048170613843437,0.033167121085056886,0.06226460637005033,0.09964086484515317,,,,,,
latency_critical,mixed_stress,MaxWeight,MaxWeight,12,1729653623,2128646545,19904408,,stochastic,150,300,150-step training / 300-step held-out evaluation,1762585239,0,1.1699972674250603e-05,latency_critical,200,0.0,0.6327128425258537,0.6051505464605326,0.0,1.0,0.3672871574741464,0.39484945353946754,0.4037688929906273,73.45743149482928,0.3672871574741464,0.1,0.1,0.0,0.0,0.0,0.16340536392698327,0.20477378576180966,0.21746099394004306,0.8943160559416813,0.9411228458097538,0.4147666666666667,0.3184518630240049,0.681548136975995,0.0,0.0,86.65144269927745,97.55168173218415,102.90933930093772,101.49366526014495,1.9415062892105777,1.7598324641822034,1.7478331720489213,0.05853408651605439,15376956.409632495,14419045.53538927,0.06504828521261871,3.2830062278987726,0.5106282252485796,0.4570789718317762,0.006920475167669039,0.10786146051169876,0.11808835372804989,27.812130073145426,0.46673182552851095,,,,,0.13211760594978808,0.24692220491715908,0.39612215632082853,1.0,0.9441166666666666,0.0,0.96875,0.09977333333333334,0.0,0.0,0.15835164835164833,1236.7185831285133,2321.0073617163052,90.96702951243373,85.6528318068958,0.0,0.28278684851836766,0.8491361111111111,6.51253485517499e-08,0.0,,,,,,,,,,,,,,,,,,,,,,,,,,,,,,,,,,,,,,,,,
latency_critical,mixed_stress,PPO,PPO,12,1729653623,2128646545,1621075116,2fb07c1ee95b181950c4,stochastic,150,300,150-step training / 300-step held-out evaluation,1762585239,1,284.739809300052,latency_critical,200,0.0,0.7073303024344656,0.6701900919215296,0.0,1.0,0.29266969756553446,0.3298099080784704,0.334482920268338,58.53393951310689,0.29266969756553446,0.09983108116870422,0.1,0.00016891883129579796,0.0,0.00016891883129579796,0.14865865834603637,0.18821287128712869,0.2006269147492576,0.8626687048729133,0.915046942449977,0.3969,0.42101159848310377,0.5788194826856005,0.0,0.0,94.51286443942583,109.21468320717686,116.07960212201591,113.64318652495226,2.3255432224745123,2.089611199050478,2.0811433532698955,0.06268572632187394,28443545.201423958,26990259.926173825,0.03517386676940299,2.3192988378482804,0.7068950914248373,0.6155416815567772,0.0,0.12919684569302847,0.14323085570863664,80.48287355223616,0.1489639158051995,25.858988431334488,0.13509311810541438,,,0.3009578242147193,0.22574031008259773,0.33482708536007494,0.9992333333333333,0.0169,0.00011666666666666667,0.9939666666666668,0.154245,0.0,0.0,0.11867399267399267,1827.5275684982144,2593.705497692518,97.28142531952744,93.07416640871777,0.00014285714285714287,0.20920114013406774,0.7650729166666668,3.518696886906718e-08,0.0,,,0.024261041965596294,0.02294855589744841,0.0,0.17902636281378773,0.0004578214670753994,0.00012114117405885569,0.0003367062411435227,0.0003367062411435227,0.0,0.0,0.0,0.17902636281723658,0.5363150529085817,0.0005398260341632237,0.8433926613897675,0.016994776367355028,0.13895159503465532,0.00012114117405885569,,,,,,,,,,,0.0005398260341632237,0.8433926613897675,0.016994776367355028,0.13895159503465532,0.00012114117405885569,,,,,,
latency_critical,mixed_stress,PPO-Lagrangian,PPO-Lagrangian,12,1729653623,2128646545,1621075116,5ff4062933b4dfa3978e,stochastic,150,300,150-step training / 300-step held-out evaluation,1762585239,1,266.70855040004244,latency_critical,200,0.0,0.6631446196903796,0.6326418832265321,0.0,1.0,0.33685538030962037,0.3673581167734679,0.3782615653387563,67.37107606192407,0.33685538030962037,0.09957530207504321,0.09532378083890686,0.0004246979249567924,0.004676219161093146,0.005323951164195533,0.11330058356542498,0.16447368421052633,0.18117938784710072,0.8787701875887483,0.9289962523211418,0.40615,0.3623869460674902,0.637188356007553,0.0,0.0,107.81031863917859,123.38221747388414,128.85216666666662,127.31202923381177,2.058597552242723,1.8312889761035234,1.8073699605469957,0.06844399613167843,28280778.8060869,26787258.213284984,0.035370860115839786,2.3550420017758675,0.6911018116313837,0.6114724431186811,0.0,0.11436653068015128,0.12696933901665292,61.31446888410147,0.20171903720392553,26.29234703046875,0.151062278799873,,,0.16974269492151406,0.2658388609385852,0.3761769093072908,0.9993000000000001,0.06445000000000001,0.0003,0.9736500000000001,0.13249,0.0,0.0,0.05899633699633699,1631.520940551075,2288.5618816151486,113.17474094513837,105.24603954309546,0.00038095238095238096,0.1834264738628535,0.8134090277777779,3.539853604655259e-08,0.0,,,0.00605456672214461,0.005631466578157217,0.0,0.10474497418683823,0.0009136161706279716,0.0002717979770976161,0.0006419038018114137,0.0006419038018114137,0.0,0.0,0.0,0.10474497418573948,0.31378789966079945,0.0003246029351909194,0.9271208417139053,0.06603740255251883,0.006245354821287411,0.0002717979770976161,,,,,,,,,,,0.0003246029351909194,0.9271208417139053,0.06603740255251883,0.006245354821287411,0.0002717979770976161,,,,,,
latency_critical,mixed_stress,PPO_CMDP,PPO_CMDP,12,1729653623,2128646545,1621075116,c2c338dd9800f45e9834,stochastic,150,300,150-step training / 300-step held-out evaluation,1762585239,1,270.83158040000126,latency_critical,200,0.0,0.7742158223007248,0.7429627210983257,0.0,1.0,0.22578417769927508,0.25703727890167427,0.2647317569252444,45.15683553985502,0.22578417769927508,0.07966368676021617,0.05474287808965226,0.0,0.0,0.0,0.2692723678602383,0.2952571219103477,0.30171648974901666,0.8695099708569406,0.9161008499349732,0.4032,0.5244570891124457,0.47554291088755435,0.0,0.0,93.34475971171351,105.39032915360501,109.27277358490562,108.75311304995948,2.979002745637306,2.7471409395918087,2.7243538999913097,0.047381439409698765,24672852.43206266,23667515.885801516,0.040543775699338445,3.3822545590110975,0.633924713492725,0.5819772705537939,0.0,0.1655001525354059,0.17752940247739346,79.493754850374,0.14193475409317524,24.496898011674098,0.12156286266931669,,,0.42654708127760566,0.1922528920799601,0.2870915274380635,0.9999666666666667,0.00035000000000000005,0.0,0.9937666666666667,0.15548916666666668,0.0,0.0,0.11819047619047618,2216.8255629543182,3389.4058440050685,89.63411041590305,92.9139533194013,0.0,0.3925368885385387,0.7793833333333333,4.0552208662537754e-08,0.0,,,0.03925257850855873,0.03841423350626036,0.05798333333333334,0.2361027035555886,3.5621642050420076e-05,9.370670178209301e-06,2.9527183102834612e-05,2.9527183102834612e-05,0.0,0.0,0.0,0.236102703545119,0.7073004888834632,2.8299077363557287e-05,0.4412460802219189,0.0004554206623325573,0.5582608293682066,9.370670178209301e-06,,,,,,,,,,,2.8299077363557287e-05,0.4412460802219189,0.0004554206623325573,0.5582608293682066,9.370670178209301e-06,,,,,,
latency_critical,mixed_stress,Intent-PPO-CMDP-NoRisk,Intent-PPO-CMDP-NoRisk,12,1729653623,2128646545,1621075116,53b75815fc19ab3c700d,stochastic,150,300,150-step training / 300-step held-out evaluation,1762585239,1,267.30905749998055,latency_critical,200,0.0,0.7061155365121925,0.67451881996236,0.0,1.0,0.29388446348780756,0.32548118003764004,0.34035376639834186,58.77689269756151,0.29388446348780756,0.0999263811245534,0.1,7.361887544659172e-05,0.0,7.361887544659172e-05,0.1699999686836967,0.21150551910861184,0.22320370076109133,0.8719198063736681,0.9165312104918473,0.40095,0.4251275471198725,0.5747988340046808,0.0,0.0,100.3082018626148,114.6215909090909,120.74869131917124,117.86481482356605,2.3684865134833784,2.0933094502531526,2.081588596891301,0.06882288693495471,27974840.18548538,26501700.365987804,0.0357614353275835,2.5488457717439514,0.6924284168921272,0.6096659419130573,0.0,0.1315825840824099,0.1467586175068766,75.9913736656157,0.168993675095613,23.769019036505334,0.09315755964490664,,,0.3274904783498417,0.23635080049319399,0.3391364075321715,0.9999333333333333,0.0182,5e-05,0.9909166666666667,0.15536249999999996,0.0,0.0,0.08884981684981685,1827.2807882365355,2659.9049809239846,102.11724295818938,98.48923053563823,0.0,0.2563838876496252,0.7751541666666668,3.5777547425721475e-08,0.0,,,0.007888052251802342,0.003870024323022395,0.0,0.2597478905134778,0.00012626353643080377,3.269037621782622e-05,9.357643562835128e-05,9.357643562835128e-05,0.0,0.0,0.0,0.25974789050692637,0.7781351385791676,2.3530843565970132e-05,0.8181636033433932,0.018007457084236553,0.16377271835258653,3.269037621782622e-05,,,,,,,,,,,2.3530843565970132e-05,0.8181636033433932,0.018007457084236553,0.16377271835258653,3.269037621782622e-05,,,,,,
latency_critical,mixed_stress,Intent-PPO-CMDP,Intent-PPO-CMDP,12,1729653623,2128646545,1621075116,fc604e43c5d11a5118bd,stochastic,150,300,150-step training / 300-step held-out evaluation,1762585239,1,320.63457950000884,latency_critical,200,0.0,0.7831919043997445,0.7487272698608605,0.0,1.0,0.21680809560025557,0.2512727301391396,0.26096748574398504,43.36161912005112,0.21680809560025557,0.029642369667612734,0.006637806637806634,0.00824467026619498,0.019148001756697404,0.020668785963746446,0.32035763033238723,0.34336219336219337,0.34816868605209034,0.8650439576943535,0.9147350494824534,0.4006,0.5372816388440755,0.4544736908897296,0.0,0.0,81.16103455926232,91.98477375173368,97.77780420353979,95.68990702088234,3.070247932159358,2.8751493523040628,2.834485341088752,0.04469569953884338,21522025.90027394,20700882.768865563,0.046471804726051974,3.474016006898601,0.6145497834139442,0.5679296389211609,0.0,0.1705693295644088,0.18287603927251952,56.85499593404406,0.22310244084445197,19.39255953017724,0.11389086790564536,,,0.3926929595752366,0.16061503778344188,0.2615139650174192,0.9927666666666667,0.06478333333333333,0.005733333333333333,0.9957166666666666,0.15567333333333333,0.5811666666666667,0.037156666666666664,0.11058608058608059,2184.615806930756,3547.126768820913,75.24965159206157,82.78284007745155,0.005428571428571429,0.4631434454336064,0.7487798611111112,4.6492980033164985e-08,0.0,,,0.029938994320555006,0.021945717330788286,0.0,0.39503062464769156,0.16591949025082772,0.04234874313484647,0.1256025239985741,0.16061207620234477,0.03663779018994649,0.03500955220377067,0.03668333333333333,0.3669116016645516,1.0991689266478835,0.0014010621360647652,0.11738745438978924,0.06677732943726365,0.808628512419345,0.005805641617537327,,,,,,,,,,,0.0014010621360647652,0.11738745438978924,0.06677732943726365,0.808628512419345,0.005805641617537327,,,,,,
latency_critical,mixed_stress,Intent-PPO-CMDP-FullPolicy-NoShield,Intent-PPO-CMDP,12,1729653623,2128646545,1621075116,fc604e43c5d11a5118bd,stochastic,150,300,150-step training / 300-step held-out evaluation,1762585239,1,320.63457950000884,latency_critical,200,0.0,0.7686826265919683,0.7285237302832306,0.0,1.0,0.23131737340803177,0.27147626971676947,0.28248028121147734,46.263474681606354,0.23131737340803177,0.02303070613295797,-0.0030402198777698497,0.06431851150425028,0.09722222222222222,0.1058605352844276,0.319843509090456,0.3474653817069749,0.3548835240901972,0.8673761105430073,0.9210712234811474,0.4082166666666667,0.5066696017828666,0.42901188671288315,0.0,0.0,78.84959294504858,91.96756230529594,96.4751364718813,95.38395903739656,2.9644398560377914,2.7400593477134034,2.7235513273004575,0.04943812099298454,21619469.860157676,20711607.37975181,0.0462647168376932,3.244242149546714,0.6097487683697471,0.5571145415420738,0.0,0.16469110311321064,0.17887895425310907,50.23986627978009,0.2508245076475775,19.39255953017724,0.11389086790564536,,,0.463905052433299,0.17925289058258698,0.28162922882263136,0.9536666666666668,0.06038333333333334,0.045183333333333346,0.9945499999999999,0.15463333333333334,0.0,0.0,0.11738461538461539,2106.66154851856,3426.320483163531,70.00895416757629,81.09314178815883,0.04261904761904762,0.46267568338079923,0.7302541666666668,4.628806364823726e-08,0.0,,,0.02969687416121655,0.021723671051232962,0.0,0.3936336947108538,0.1675604167264835,0.04550089992851688,0.12420154641095778,0.12420154641095778,0.0,0.0,0.0,0.3936336946875126,1.1792211631336795,0.001337135441879196,0.11071760350312534,0.06322754919941759,0.779216811927061,0.04550089992851688,,,,,,,,,,,0.001337135441879196,0.11071760350312534,0.06322754919941759,0.779216811927061,0.04550089992851688,,,,,,
latency_critical,mixed_stress,MaxWeight,MaxWeight,13,1025721121,372372750,1474210622,,stochastic,150,300,150-step training / 300-step held-out evaluation,602361182,0,3.070000093430281e-05,latency_critical,200,0.0,0.6460868045027587,0.6159121800861524,0.0,1.0,0.3539131954972413,0.3840878199138476,0.3949580179048669,70.78263909944826,0.3539131954972413,0.09992647058823528,0.1,0.0,0.0,0.0,0.17213783336045174,0.20912486938349004,0.2227599100687439,0.8841923296391784,0.9252352002728976,0.41159999999999997,0.33676145836939514,0.6632385416306047,0.0,0.0,83.29600108043134,93.28630514705883,95.58363458528952,94.95203193392462,1.9781280462873472,1.7864577231326562,1.7780973391812132,0.062304274570293895,17308371.445456795,16233808.248257574,0.057777109062928246,2.855982979991895,0.5007002418467511,0.4442250329592879,0.011272403574442964,0.10989600257151927,0.12113947330377062,25.988062806134558,0.578508397894984,,,,,0.1370371432509916,0.23636696664481072,0.38214792566351463,1.0,0.9406333333333333,0.0,0.9638833333333332,0.09738,0.0,0.0,0.17153113553113553,1243.722688470788,2373.577085111648,87.00901186631211,82.73986654660392,0.0,0.29779296813951134,0.8493513888888888,5.7863043042323137e-08,0.0,,,,,,,,,,,,,,,,,,,,,,,,,,,,,,,,,,,,,,,,,
latency_critical,mixed_stress,PPO,PPO,13,1025721121,372372750,535536204,3cabdc2e2c3a75659a16,stochastic,150,300,150-step training / 300-step held-out evaluation,602361182,1,262.1022107999888,latency_critical,200,0.0,0.7656879167261592,0.7242600732177977,0.0,1.0,0.23431208327384084,0.2757399267822023,0.28675614212694034,46.86241665476817,0.23431208327384084,-0.013096416068029975,-0.04065639775413714,0.00011516878501122708,0.0,0.00011516878501122708,0.36309641606803,0.39065639775413713,0.3977150040109641,0.8626943267718938,0.9133176525750614,0.3996166666666667,0.5279358763875853,0.4719489548274035,0.0,0.0,83.75614381701916,97.37916428707405,102.32810344827585,100.81284274396906,2.7811827657939614,2.5438556617465373,2.5282609964647955,0.050518097733743154,22632209.221800018,21554295.024312925,0.044187102421775475,3.087898252650924,0.6535022730714997,0.6010653173871375,0.0,0.15451015365522008,0.16772398984134101,18.992416433068737,0.7436560274890872,25.773339520942898,0.1260413258688232,,,0.26710894589201234,0.18804498800837152,0.3003893771911197,0.9996,0.03673333333333333,8.333333333333333e-05,0.99375,0.16150166666666663,0.0,0.0,0.11666666666666668,1718.531118926655,3353.3798064148195,73.91937606041768,85.82911018724828,4.761904761904762e-05,0.5330450881093821,0.7248055555555556,4.4215916059117755e-08,0.0,,,0.01984937425846149,0.012744390881413117,0.011549999999999998,0.3987761929006315,0.0006222858615612595,0.00010683667770225643,0.0010637807746897057,0.0010637807746897057,0.0,0.0,0.0,0.3987761929039567,1.1946267110073752,0.00044084870196718363,0.07987145621871095,0.03668729836478832,0.8828935600368313,0.00010683667770225643,,,,,,,,,,,0.00044084870196718363,0.07987145621871095,0.03668729836478832,0.8828935600368313,0.00010683667770225643,,,,,,
latency_critical,mixed_stress,PPO-Lagrangian,PPO-Lagrangian,13,1025721121,372372750,535536204,454f28c68eb87e33907f,stochastic,150,300,150-step training / 300-step held-out evaluation,602361182,1,254.03850810002768,latency_critical,200,0.0,0.748698752248565,0.7127560993204087,0.0,1.0,0.251301247751435,0.2872439006795914,0.29738705917000313,50.260249550287,0.251301247751435,0.09886486668627611,0.09196771998343094,2.4630541871921184e-05,0.0,2.4630541871921184e-05,0.22642098778245712,0.25803228001656897,0.2690669102914037,0.8729216883803794,0.9168638517257179,0.40496666666666664,0.49684176570753436,0.5031336037505938,0.0,0.0,95.11509243935896,107.93386904761904,110.6486733416771,110.3614266027678,2.7002967889284544,2.440611172397016,2.428940629759934,0.05606859196502906,27402062.532477092,26052685.282618083,0.036511295399634526,2.8132571463561606,0.6440184505771714,0.5828277962529606,0.0,0.150016488273803,0.16323694691617174,78.06750319566584,0.15262749993603159,25.83543927051386,0.11967838708539526,,,0.5913386135543288,0.21128052409793216,0.3061367798472256,0.99995,0.1204,1.6666666666666667e-05,0.9899833333333333,0.15031833333333333,0.0,0.0,0.26197069597069594,2049.8124251490253,3050.557600194301,94.0426282130726,94.70716244109059,4.761904761904762e-05,0.33890054128045166,0.7787909722222222,3.6519642640445414e-08,0.0,,,0.017277355383304244,0.0136528814639145,0.00775,0.33268318764779536,8.691264171683978e-05,2.5915540781141914e-05,6.0998268058379544e-05,6.0998268058379544e-05,0.0,0.0,0.0,0.33268318764987936,0.9966297621115621,2.6859126537433548e-05,0.5409021936643275,0.1221224983003568,0.3369225333679972,2.5915540781141914e-05,,,,,,,,,,,2.6859126537433548e-05,0.5409021936643275,0.1221224983003568,0.3369225333679972,2.5915540781141914e-05,,,,,,
latency_critical,mixed_stress,PPO_CMDP,PPO_CMDP,13,1025721121,372372750,535536204,a070e26e29e031606ad8,stochastic,150,300,150-step training / 300-step held-out evaluation,602361182,1,277.9400926999515,latency_critical,200,0.0,0.7499311304254758,0.7150763925880693,0.0,1.0,0.25006886957452434,0.2849236074119307,0.2944667563810325,50.013773914904874,0.25006886957452434,0.0997388423765932,0.1,4.8310306198655715e-05,0.0,4.8310306198655715e-05,0.20288394246448796,0.2406532595491969,0.25201536497504906,0.8587536928879573,0.9063897922321903,0.3988666666666667,0.48764405799342697,0.5123076317003743,0.0,0.0,87.3512604514002,99.89956167491749,105.49251900447776,103.20918619181744,2.637130822193705,2.4109659955929623,2.390091076274459,0.05460158415733027,30059214.107202053,28916532.82208921,0.03328282294066038,2.3000763907074155,0.6671437240183232,0.6020286967454801,0.0,0.14650726789965027,0.15892196753924684,86.99185486031067,0.13135577555452793,24.69759438310317,0.12601677807973574,,,0.3928934024530142,0.19053058310989837,0.2938636815480886,0.9998666666666667,0.0075499999999999986,3.3333333333333335e-05,0.9906666666666666,0.15520499999999998,0.0,0.0,0.10938461538461539,2009.7559728583042,2974.94804875892,84.0884859989098,89.38736425226384,0.0,0.29792971161101034,0.750652777777778,3.328741424439186e-08,0.0,,,0.033818809018427196,0.02448479136456042,0.021500000000000005,0.24418718912300527,0.00022547387718708505,5.1017692149815906e-05,0.00017446133968423378,0.00017446133968423378,0.0,0.0,0.0,0.244187189114177,0.7315194432177718,4.875548158401966e-05,0.7127604996802233,0.007471582616939588,0.27966814452910344,5.1017692149815906e-05,,,,,,,,,,,4.875548158401966e-05,0.7127604996802233,0.007471582616939588,0.27966814452910344,5.1017692149815906e-05,,,,,,
latency_critical,mixed_stress,Intent-PPO-CMDP-NoRisk,Intent-PPO-CMDP-NoRisk,13,1025721121,372372750,535536204,4606dec7f3efe1c94a9c,stochastic,150,300,150-step training / 300-step held-out evaluation,602361182,1,283.62103929999284,latency_critical,200,0.0,0.8081204465361593,0.7741156085332244,0.0,1.0,0.19187955346384078,0.22588439146677558,0.23052627721196708,38.37591069276816,0.19187955346384078,0.02425322484866764,-0.0018497177114254128,7.528115864397015e-05,0.0,7.528115864397015e-05,0.3257467751513323,0.35184971771142537,0.3571797347214053,0.8558979722072177,0.9079543411816905,0.39864999999999995,0.5968380340650882,0.4030866847762678,0.0,0.0,78.49081772532051,89.87889227642276,96.98493730407522,94.85874660557081,3.2661266685889894,3.015367836144075,2.996224319434265,0.04519626354568175,24274202.274353217,23247349.28592022,0.041204130900888,3.168939079735184,0.6268754105153579,0.5821657558181533,0.0,0.1814514815882772,0.19487266543123305,60.772703141403326,0.19354746595509564,20.557773943991297,0.09501970006584819,,,0.26976240672384755,0.14935890298180693,0.24256340036152613,0.9996333333333334,0.059250000000000004,5e-05,0.9934833333333334,0.15662083333333332,0.0,0.0,0.11682051282051283,2294.4031059217305,3789.3624331021297,69.84494501108063,80.78163332262683,0.0,0.47552112850819905,0.7393500000000001,4.122333097982467e-08,0.0,,,0.014015238656371451,0.010126000468095748,0.0027333333333333337,0.30453195922843734,0.00030763503066141124,7.00518974765617e-05,0.0005216809829154533,0.0005216809829154533,0.0,0.0,0.0,0.3045319592251886,0.9122962185795255,0.000295492265421034,0.05507722804377007,0.05929035421959848,0.8852668735737339,7.00518974765617e-05,,,,,,,,,,,0.000295492265421034,0.05507722804377007,0.05929035421959848,0.8852668735737339,7.00518974765617e-05,,,,,,
latency_critical,mixed_stress,Intent-PPO-CMDP,Intent-PPO-CMDP,13,1025721121,372372750,535536204,09d0d30da2ff448dad2f,stochastic,150,300,150-step training / 300-step held-out evaluation,602361182,1,309.3859143999871,latency_critical,200,0.0,0.7857629439266002,0.7504055443773753,0.0,1.0,0.2142370560733999,0.24959445562262472,0.25867448608387805,42.84741121467998,0.2142370560733999,0.02630704556323663,0.003101000810424854,0.029985448710968973,0.048390649424470654,0.05428575688667194,0.3236766981938716,0.3468989991895751,0.3563508680018156,0.8867486074134541,0.9332505151748514,0.4119333333333334,0.5812818744114977,0.38873267687753327,0.0,0.0,79.15321564837208,89.50862831858407,93.88197382108181,92.34741100298356,3.209159216092753,3.011762577226377,2.959096486549926,0.046948313997825473,24368185.87185127,23441665.100150432,0.04104273543522146,3.127644475174505,0.607878324559552,0.5704820774174019,0.0,0.17828662311626406,0.1918990435368304,66.70061352213584,0.16053699051365755,20.011558856135007,0.0924854731303008,,,0.3760438523527436,0.1743295937429712,0.26606275559956194,0.9791166666666666,0.06593333333333334,0.02066666666666667,0.9922666666666667,0.1561958333333333,0.6215333333333334,0.041682500000000004,0.1514212454212454,2316.939386071485,3689.5852784118974,69.496513903092,81.65988269463821,0.018476190476190476,0.4722063789493418,0.6939972222222223,4.1063558046632507e-08,0.0,,,0.014715743540590947,0.010362916449325844,0.0006166666666666667,0.2791332459343165,0.6266391304835763,0.18899753106745834,0.4431578620190388,0.606470582778123,0.16837187918375932,0.16331272075908437,0.16771666666666665,0.2740654655447739,0.8210267601990785,0.0001734459640215965,0.07856717743236831,0.06597231563105996,0.8345761382029098,0.020710922769640375,,,,,,,,,,,0.0001734459640215965,0.07856717743236831,0.06597231563105996,0.8345761382029098,0.020710922769640375,,,,,,
latency_critical,mixed_stress,Intent-PPO-CMDP-FullPolicy-NoShield,Intent-PPO-CMDP,13,1025721121,372372750,535536204,09d0d30da2ff448dad2f,stochastic,150,300,150-step training / 300-step held-out evaluation,602361182,1,309.3859143999871,latency_critical,200,0.0,0.6117844818360978,0.565354073372302,0.0,1.0,0.47116406228847213,0.5800077961074955,0.6194425851943545,94.23281245769442,0.47116406228847213,-0.20688820603043281,-0.3121094603452043,0.3068882060304329,0.4121094603452043,0.4440061352488061,0.33525200049859777,0.366893590280687,0.37703890101582077,0.9029629800439247,0.9515613135082285,0.44281666666666664,0.4199778019519421,0.2731339920176251,0.0,0.0,70.19443409310009,81.44728481012656,86.52723404255316,85.5793159933331,2.4127503353276567,2.035034870739638,2.0283599130955148,0.0928152230516422,23448151.903808758,22217209.868058603,0.04262898903963921,2.165914704811062,0.5416294771811643,0.4816901005607158,0.0026060935234894444,0.13404168529598093,0.1552828790206208,23.23647200780104,0.6062528092743337,20.011558856135007,0.0924854731303008,,,0.6110717575539109,0.528304185983889,0.6685662348368686,0.7827500000000001,0.0626,0.21098333333333333,0.9765999999999999,0.17086499999999996,0.0,0.0,0.21062271062271062,1823.0999551229484,2730.2543862071143,52.59692455428287,74.90989281402054,0.179,0.4768552285061222,0.5251736111111112,4.2692444448434044e-08,0.0,,,0.015583372619612028,0.011259978594936392,0.0008166666666666666,0.30388550483035637,0.6635277851838066,0.21103407870912555,0.47312704132187866,0.47312704132187866,0.0,0.0,0.0,0.3038855047016204,0.9103596138998873,0.006917441306767143,0.07087055082060084,0.06121396228799169,0.6499639668755148,0.21103407870912555,,,,,,,,,,,0.006917441306767143,0.07087055082060084,0.06121396228799169,0.6499639668755148,0.21103407870912555,,,,,,
latency_critical,mixed_stress,MaxWeight,MaxWeight,14,1103526060,1905340783,72068080,,stochastic,150,300,150-step training / 300-step held-out evaluation,1682226612,0,5.169998621568084e-05,latency_critical,200,0.0,0.651826974074921,0.6179987096087914,0.0,1.0,0.348173025925079,0.38200129039120867,0.386875869286638,69.6346051850158,0.348173025925079,0.1,0.1,0.0,0.0,0.0,0.17293475283253087,0.20911540555253127,0.21685447500411673,0.8832838580240218,0.9300459348696991,0.4190833333333333,0.3384654096328943,0.6615345903671057,0.0,0.0,83.53012321342993,94.50920955201777,99.12025147679324,97.38475949018648,2.045223245179298,1.8355578406128652,1.8218664484922642,0.06937413717664268,20819311.35405103,19577999.81323655,0.04803246414502861,2.461727425675171,0.51531461868621,0.46035032252113095,0.006196455089991779,0.1136235136210721,0.12508905749543034,32.73216992592922,0.491383291279212,,,,,0.14826549772055586,0.22759913577722798,0.3758470370260472,1.0,0.9329500000000001,0.0,0.96455,0.09783916666666666,0.0,0.0,0.18418315018315012,1290.9296771712256,2451.3813202605666,85.5712766394897,83.07567638423616,0.0,0.2943664187080039,0.8472534722222221,4.8097018352471945e-08,0.0,,,,,,,,,,,,,,,,,,,,,,,,,,,,,,,,,,,,,,,,,
latency_critical,mixed_stress,PPO,PPO,14,1103526060,1905340783,1823775964,0a65909e93fb2c778ea0,stochastic,150,300,150-step training / 300-step held-out evaluation,1682226612,1,272.0849051999976,latency_critical,200,0.0,0.769137014563516,0.7320066632615987,0.0,1.0,0.230862985436484,0.2679933367384015,0.27564493866742695,46.1725970872968,0.230862985436484,0.042273558059605865,0.012833277787035462,0.00046919373000203475,0.0047169811320754715,0.00489898558921395,0.3077264419403941,0.3371667222129645,0.34483663479021126,0.8538190308921146,0.9024099301143836,0.40368333333333334,0.5135070185212866,0.4860237877487114,0.0,0.0,81.92742286197587,93.90909090909089,97.480387755102,97.41203306445665,2.77282183021487,2.557540163844401,2.558687795517334,0.04674830857329017,26012538.230806082,24989194.3147618,0.03844991245992629,2.6204016751404713,0.6580642079040292,0.5926619768303267,0.0,0.15404565723415947,0.1666843291814911,46.14559950121091,0.2912394252245661,23.652352605943808,0.12485441088712515,,,0.5050742170056826,0.1676430469602856,0.2811915203260192,0.9995166666666665,0.2782,0.0003333333333333333,0.9957333333333332,0.155155,0.0,0.0,0.12637362637362634,1756.8448814875953,3319.8863410680183,75.80592623967655,83.67075778337576,0.00014285714285714287,0.46165973540447597,0.7212347222222223,3.846739573701996e-08,0.0,,,0.03435274788809836,0.015963751734805447,0.0,0.42024881193139607,0.0012725888061723702,0.00029428206830353767,0.0011841994981895004,0.0011841994981895004,0.0,0.0,0.0,0.42024881193775754,1.258952928844662,0.00016519601511053202,0.06594899955608235,0.2797389803870844,0.6538525419734192,0.00029428206830353767,,,,,,,,,,,0.00016519601511053202,0.06594899955608235,0.2797389803870844,0.6538525419734192,0.00029428206830353767,,,,,,
latency_critical,mixed_stress,PPO-Lagrangian,PPO-Lagrangian,14,1103526060,1905340783,1823775964,337f5a10e02765106fee,stochastic,150,300,150-step training / 300-step held-out evaluation,1682226612,1,284.58887489995686,latency_critical,200,0.0,0.746067790525774,0.7130591342713576,0.0,1.0,0.25393220947422607,0.28694086572864247,0.2972054171069408,50.78644189484521,0.25393220947422607,0.09988126153826282,0.1,9.234957284829409e-05,0.0,9.234957284829409e-05,0.20020457823711446,0.24086014262362804,0.24830945153687098,0.8551949058978358,0.8983757734418212,0.4039,0.4721706239405337,0.527737026486618,0.0,0.0,87.46868297484427,100.28494849484947,102.6746279904306,102.32543339679424,2.620190141455921,2.3947116275202722,2.379345882742723,0.05096335968439679,33514302.263853844,31672172.70611236,0.029855378518520607,2.052717723268395,0.6611322664486877,0.6035934544174608,0.0,0.1455661189697734,0.15693984919821077,88.1976901670753,0.12701652980182543,25.096186255169417,0.13391219218785813,,,0.4291373472576741,0.18476853237245877,0.29333855639999784,0.9994999999999998,0.030316666666666662,6.666666666666667e-05,0.99525,0.15709416666666665,0.0,0.0,0.22319413919413922,1979.725597249432,2965.0556652594173,86.19199181241946,89.08147672041923,9.523809523809524e-05,0.28221518107379984,0.748351388888889,2.9861930400831406e-08,0.0,,,0.0134195536190737,0.009226120407945624,0.009633333333333332,0.31934364648577246,0.0007143738438689595,0.00014167125101623897,0.0005727861952604772,0.0005727861952604772,0.0,0.0,0.0,0.31934364648610886,0.9566680681328527,0.0003879555084818389,0.7179291846961587,0.029942055348349702,0.2515991331959934,0.00014167125101623897,,,,,,,,,,,0.0003879555084818389,0.7179291846961587,0.029942055348349702,0.2515991331959934,0.00014167125101623897,,,,,,
latency_critical,mixed_stress,PPO_CMDP,PPO_CMDP,14,1103526060,1905340783,1823775964,dadb88684cb84768bf3a,stochastic,150,300,150-step training / 300-step held-out evaluation,1682226612,1,264.74071779998485,latency_critical,200,0.0,0.8114652578348712,0.7761652844911877,0.0,1.0,0.18853474216512872,0.22383471550881232,0.23307225731300618,37.706948433025744,0.18853474216512872,0.010405486564037529,-0.020990703973897264,4.887655111870358e-05,0.0,4.887655111870358e-05,0.3395945134359624,0.3709907039738972,0.37617502967790234,0.8287791466111983,0.8775621080053003,0.39665000000000006,0.565637740943147,0.43431338250573437,0.0,0.0,74.25480716408401,85.76575,90.32655483870968,88.63839356602075,3.0566260042445346,2.8320194228738886,2.8156984078882514,0.04409257540720398,27519940.803763933,26449441.37644316,0.036345754236545964,2.4748097508898184,0.6668886244308152,0.6210588887602274,0.0,0.16981255579136303,0.18342226812389156,49.12437448501505,0.25883707108207205,22.64835715577434,0.12212274123169051,,,0.2505557202624741,0.1388723256033424,0.24048204572167733,0.9954500000000002,0.02045,3.3333333333333335e-05,0.9958499999999999,0.15733,0.0,0.0,0.0795018315018315,1920.571410531752,3668.347708551417,64.91512354444319,76.59081513304778,4.761904761904762e-05,0.5006688548454125,0.6807986111111112,3.6355465317643234e-08,0.0,,,0.03622782243754988,0.01075431967718682,0.0,0.36634296742370964,0.0004564496751543455,0.00010391288690120373,0.0007711610139135159,0.0007711610139135159,0.0,0.0,0.0,0.36634296742018324,1.097465450690181,0.004362378034047789,0.08082783965922453,0.019947087260732615,0.8947587821590938,0.00010391288690120373,,,,,,,,,,,0.004362378034047789,0.08082783965922453,0.019947087260732615,0.8947587821590938,0.00010391288690120373,,,,,,
latency_critical,mixed_stress,Intent-PPO-CMDP-NoRisk,Intent-PPO-CMDP-NoRisk,14,1103526060,1905340783,1823775964,72924e27f6df7ecb428f,stochastic,150,300,150-step training / 300-step held-out evaluation,1682226612,1,270.7660398000153,latency_critical,200,0.0,0.8119329471093931,0.7755186100269145,0.005,1.0,0.18806705289060685,0.22448138997308573,0.22938898185373052,37.61341057812137,0.18806705289060685,0.009199128590523792,-0.01504254831454237,0.00030216151046691387,0.004386930983847283,0.004756627968918688,0.3408008714094762,0.36504254831454236,0.3686167073282262,0.8316348761081406,0.8897173878281819,0.39454999999999996,0.5697499724329479,0.429947866056585,0.0,0.0,74.59814238029108,85.88891666666666,91.59788538366166,89.75716912722092,3.0836662837313367,2.894571720367898,2.8678866634241396,0.043287445968446525,27128970.561201304,26027349.6673085,0.03687127752722448,2.5445138868138595,0.658233180291941,0.6074746875386712,0.0,0.1713147935406298,0.18268753142038952,47.771664099322436,0.24957698003824455,19.81193184534525,0.10929278837178003,,,0.2262203496814684,0.1377024666058787,0.23983559165085855,0.9995999999999999,0.05026666666666666,0.00021666666666666668,0.9960499999999999,0.158355,0.0,0.0,0.07611721611721613,1947.4465940807322,3695.4768858508933,66.10871431850755,76.76472191528583,0.00019047619047619048,0.500636111878408,0.6934513888888888,3.688040821965621e-08,0.0,,,0.10170654725319302,0.024759316602965323,0.028099999999999997,0.4028400609014412,0.0005744107144042375,0.00013559477719811435,0.0009314642905480336,0.0009314642905480336,0.0,0.0,0.0,0.40284006089886587,1.2068009715151877,0.00014498897573484413,0.04035397804338683,0.05087969868556549,0.9084857395181147,0.00013559477719811435,,,,,,,,,,,0.00014498897573484413,0.04035397804338683,0.05087969868556549,0.9084857395181147,0.00013559477719811435,,,,,,
latency_critical,mixed_stress,Intent-PPO-CMDP,Intent-PPO-CMDP,14,1103526060,1905340783,1823775964,fd2a9bdca11bd34bca64,stochastic,150,300,150-step training / 300-step held-out evaluation,1682226612,1,319.06714920001104,latency_critical,200,0.0,0.7486465929401046,0.7165700794844989,0.0,1.0,0.2513534070598954,0.28342992051550114,0.29412307860106013,50.270681411979076,0.2513534070598954,0.07114298150012806,0.05425523477157361,0.026736783995414043,0.04546608214120904,0.053995904340418885,0.2568595398547479,0.28723938968090884,0.29238933415768575,0.8937208585136384,0.9399946260154698,0.4174333333333334,0.5037251578029074,0.4695380582016786,0.0,0.0,92.42171575525028,106.45712460691824,111.2752830188679,109.8224264347158,2.862203536486388,2.6317848055865403,2.603877055423717,0.05117048354691756,30821403.823729005,29457275.166599993,0.0324538097296647,2.5754995660463074,0.6204142484012355,0.5736657622844246,0.0,0.1590113075825771,0.17185972459875767,82.10591973639367,0.1450661792005495,20.810805294328347,0.10421381477258052,,,0.6219614424931597,0.2098621965758766,0.3076431058340243,0.9808499999999999,0.0858,0.018733333333333334,0.995,0.15085083333333332,0.6191666666666666,0.041630833333333325,0.15385347985347983,2132.527713551275,3255.1059026822186,88.16064540651743,93.29844435522463,0.020619047619047617,0.3759039072580312,0.7489104166666667,3.2466549023233135e-08,0.0,,,0.019460889729333554,0.014046031346466172,0.008733333333333333,0.429023552936018,0.6852028310025976,0.2120434815431546,0.48284228659635303,0.668873148229632,0.19410192313268915,0.18603086163327895,0.19511666666666666,0.440374547252391,1.3192442436557146,0.0004939175541582527,0.4697098008133084,0.08648369494396423,0.42489354254699285,0.018419044141576163,,,,,,,,,,,0.0004939175541582527,0.4697098008133084,0.08648369494396423,0.42489354254699285,0.018419044141576163,,,,,,
latency_critical,mixed_stress,Intent-PPO-CMDP-FullPolicy-NoShield,Intent-PPO-CMDP,14,1103526060,1905340783,1823775964,fd2a9bdca11bd34bca64,stochastic,150,300,150-step training / 300-step held-out evaluation,1682226612,1,319.06714920001104,latency_critical,200,0.0,0.5406491398318847,0.5013848346873856,0.0,1.0,0.6291570961195854,0.7237522049509476,0.7482055769734206,125.83141922391708,0.6291570961195854,-0.31920441368280683,-0.4002314814814815,0.4192044136828069,0.5002314814814814,0.5307518301242238,0.2794510811405757,0.3260971626862625,0.3341735991631694,0.9073263219807104,0.9485586386610848,0.4456666666666667,0.3116477979010145,0.26914778841617865,0.0,0.0,69.12290474866937,80.25641891891891,85.06695111847554,83.53167050751436,1.8623879928297091,1.630956328222689,1.596463624918034,0.08230717106759079,28878546.190289423,27223757.35313919,0.03463731762913482,1.337696682693052,0.549536418683218,0.4738496585935228,0.0033100566496601543,0.10346599960165051,0.11768063982670858,2.6754883707745547,4.148483358145566,20.810805294328347,0.10421381477258052,,,0.792766371131006,0.5096345600798994,0.6641817631890953,0.7047333333333333,0.07051666666666667,0.29333333333333333,0.978,0.1412725,0.0,0.0,0.2011648351648352,1410.4584034691343,2105.7346947930955,60.81075796008043,71.48217306869341,0.26961904761904765,0.4088462828066983,0.5859229166666666,3.467057670152161e-08,0.0,,,0.021282924921420244,0.016368802313306747,0.01015,0.43250202568773477,0.6725526692873196,0.29313750243846287,0.3928720743040489,0.3928720743040489,0.0,0.0,0.0,0.43250202550729727,1.2956602761896818,0.001838549614856038,0.32989783744501894,0.07082534780385576,0.30430076269780637,0.29313750243846287,,,,,,,,,,,0.001838549614856038,0.32989783744501894,0.07082534780385576,0.30430076269780637,0.29313750243846287,,,,,,
latency_critical,mixed_stress,MaxWeight,MaxWeight,15,1481178426,1997781942,1256340035,,stochastic,150,300,150-step training / 300-step held-out evaluation,1235393843,0,4.610000178217888e-05,latency_critical,200,0.0,0.7299841637634191,0.6649431048666608,0.01,1.0,0.2700158362365809,0.33505689513333925,0.3410423965907103,54.00316724731617,0.2700158362365809,0.0997439719999512,0.1,0.0,0.0,0.0,0.1985375662687454,0.23547927913410144,0.2509668549892957,0.8422842437289242,0.9132697456946,0.39965000000000006,0.4280343666033933,0.5719656333966067,0.0,0.0,71.55848293632356,82.44102836879432,86.47408791208791,85.21801059047871,2.4704141325998488,2.184671751273679,2.161296986290225,0.09551793311827365,20316229.993392516,18774759.45132921,0.04916109557645133,2.6071960857376744,0.5478162951386291,0.49471950462945335,0.0013527780300884933,0.1372452295888805,0.16570238645128707,54.87831756996707,0.5351310029899551,,,,,0.2323791427321795,0.16631752033232394,0.29763299109423286,0.9999666666666667,0.8639,0.0,0.9700666666666666,0.10598250000000001,0.0,0.0,0.2813186813186813,1582.984658759371,2948.260772360109,67.03524990273812,73.73432561482838,0.0,0.32000919926272736,0.8000763888888889,4.942435485165449e-08,0.0,,,,,,,,,,,,,,,,,,,,,,,,,,,,,,,,,,,,,,,,,
latency_critical,mixed_stress,PPO,PPO,15,1481178426,1997781942,1596015111,461e22a59e6f436fac36,stochastic,150,300,150-step training / 300-step held-out evaluation,1235393843,1,258.87767640000675,latency_critical,200,0.0,0.8013248346390313,0.7693778518145727,0.0,1.0,0.19867516536096866,0.23062214818542728,0.23608947394931662,39.73503307219373,0.19867516536096866,0.09942814513612686,0.09543061897513953,0.00023794858040998467,0.00022026431718054164,0.004758971608199694,0.21180232211281858,0.2468335802089144,0.2564090211028234,0.8513795326318863,0.9002678965520545,0.3987,0.5708301890848801,0.42893186233470987,0.0,0.0,87.17406527015089,99.05318475815521,106.81880701754385,105.3916679529375,3.1145498897967685,2.8547201535178925,2.842221041632927,0.05161895682569013,32230481.56447179,30740666.37705554,0.031039702987505708,2.5282580743629146,0.6292748118647638,0.5753197481383031,0.0,0.17303054943315374,0.18694890464743064,108.9961725013618,0.11742978068042288,26.33215643894737,0.15276361776873223,,,0.47352383772757506,0.16874286377125286,0.27536912666798674,0.9997499999999999,0.04745,0.00016666666666666666,0.9884999999999999,0.143165,0.0,0.0,0.11619780219780221,2388.1176822552966,3505.7056938575615,80.54155331632278,88.04668680222932,9.523809523809524e-05,0.3212251082240756,0.7537652777777777,3.104700200256064e-08,0.0,,,0.02264104589109331,0.02207517418601179,0.0005166666666666667,0.27234739277188263,0.0007763400045017044,0.00014427963740073487,0.0006321285134493779,0.0006321285134493779,0.0,0.0,0.0,0.27234739276063374,0.8158798741113149,0.0001481000222217355,0.6776008809638858,0.04817023713243357,0.2739365022440581,0.00014427963740073487,,,,,,,,,,,0.0001481000222217355,0.6776008809638858,0.04817023713243357,0.2739365022440581,0.00014427963740073487,,,,,,
latency_critical,mixed_stress,PPO-Lagrangian,PPO-Lagrangian,15,1481178426,1997781942,1596015111,c54dc7a9b9a68be549b7,stochastic,150,300,150-step training / 300-step held-out evaluation,1235393843,1,254.7300168000511,latency_critical,200,0.0,0.7221622848943718,0.6824684065491472,0.0,1.0,0.2778377151056282,0.3175315934508528,0.32716852939068736,55.567543021125644,0.2778377151056282,0.09963999560596248,0.09554841997961265,0.00036000439403752855,0.004451580020387358,0.006328293008955699,0.13572053962241917,0.1792573778422835,0.1881001068398702,0.8517550734010715,0.904844098413393,0.3963666666666667,0.4416065700257948,0.5580334255801677,0.0,0.0,91.18829720793168,103.58908511043413,108.03875,106.68518020107017,2.3618623606612825,2.1073814627618424,2.0887432030700404,0.07693592236698713,35560662.93354723,33044349.52752199,0.028107563557913478,1.8160932628223,0.690419277422215,0.6236802762120225,0.0,0.13121457559229344,0.14765328383504858,84.20938269906893,0.18837637877987626,24.756392627491348,0.26861411613873526,,,0.1181915772786688,0.2173704091435178,0.32893899234103,0.99945,0.009883333333333333,0.00025,0.9732500000000001,0.13221583333333334,0.0,0.0,0.04583150183150183,1861.9774763302548,2631.031144531836,91.4461216023262,90.38489618823328,0.00023809523809523812,0.21004201166052958,0.7476243055555554,2.8163793916672334e-08,0.0,,,0.009484791806076942,0.00808544700927828,0.0,0.08954222469818053,0.00043735462851274135,0.00014122310415959173,0.00029617311948839894,0.00029617311948839894,0.0,0.0,0.0,0.08954222470711035,0.26824453240091395,0.00022129096702906803,0.9592947545440009,0.010397907516493271,0.02994482386831727,0.00014122310415959173,,,,,,,,,,,0.00022129096702906803,0.9592947545440009,0.010397907516493271,0.02994482386831727,0.00014122310415959173,,,,,,
latency_critical,mixed_stress,PPO_CMDP,PPO_CMDP,15,1481178426,1997781942,1596015111,fc83225982e20e56ecdd,stochastic,150,300,150-step training / 300-step held-out evaluation,1235393843,1,273.55554740002844,latency_critical,200,0.0,0.7786337773050029,0.7439844707012764,0.0,1.0,0.22136622269499717,0.25601552929872373,0.2714243322569968,44.273244538999435,0.22136622269499717,0.0995996797884025,0.09528077268643308,0.0003643183444017926,0.004695942953317388,0.005005976125834527,0.18173570211296194,0.23034524761143463,0.2385917477251792,0.8543626196667792,0.8949500398462261,0.4012166666666667,0.5295250020550801,0.47011067960051806,0.0,0.0,96.07402074541395,106.1657486631016,109.68706896551724,108.40349632490276,2.8768683770224652,2.5245527673832595,2.4740325321997547,0.0720870075679491,34027022.89769318,32408283.378786698,0.029394437212362633,2.4373189395173727,0.6556402851467266,0.5906329784349239,0.0,0.1598260209456925,0.17687293618591352,100.40970688880432,0.1412793254648516,24.33002335679956,0.14834496728010554,,,0.31911044939069527,0.1993875788955537,0.30724933810509264,0.9997166666666666,0.009916666666666664,0.00025,0.9712000000000001,0.13634249999999998,0.0,0.0,0.08479120879120879,2151.7801296951857,3267.3005101986932,92.85347958766377,94.75753699992414,9.523809523809524e-05,0.2767373171840887,0.7621916666666667,2.940873612506749e-08,0.0,,,0.01432374228989984,0.01116108592800655,0.00028333333333333335,0.21984645684210932,0.000594902759535287,0.00016278128316022023,0.00043217993078580936,0.00043217993078580936,0.0,0.0,0.0,0.21984645684702792,0.6586011260031363,8.594371384855737e-05,0.816728084644817,0.009711014114549055,0.17331217624362508,0.00016278128316022023,,,,,,,,,,,8.594371384855737e-05,0.816728084644817,0.009711014114549055,0.17331217624362508,0.00016278128316022023,,,,,,
latency_critical,mixed_stress,Intent-PPO-CMDP-NoRisk,Intent-PPO-CMDP-NoRisk,15,1481178426,1997781942,1596015111,8c806f3e428ad93e5ba2,stochastic,150,300,150-step training / 300-step held-out evaluation,1235393843,1,275.68097020004643,latency_critical,200,0.0,0.7104788185697626,0.6700662710069628,0.0,1.0,0.2895211814302373,0.32993372899303725,0.33804988434883476,57.904236286047464,0.2895211814302373,0.09995050349889059,0.1,4.949650110940434e-05,0.0,4.949650110940434e-05,0.15013500218703488,0.19808723884810842,0.21280464623699197,0.8547288775706852,0.9004895118866915,0.39968333333333333,0.4260589860582668,0.5738915174406238,0.0,0.0,91.69370601808369,103.36304460245634,108.42099999999999,106.905158415878,2.2799674506663745,2.0322391321641518,2.0145926282286792,0.06943255784305444,35137323.91884549,32782253.17739781,0.02845207775953205,1.7844460191643294,0.6743028526435253,0.5991699702991446,0.0,0.12666485837035413,0.14165900751260324,75.83692822257774,0.1779597436654409,22.58964125611793,0.13652253146101623,,,0.08258021980082568,0.2244371789016521,0.3361260991546567,0.9998833333333335,0.0033833333333333337,3.3333333333333335e-05,0.9697166666666667,0.12848666666666667,0.0,0.0,0.035003663003663005,1794.993659581194,2541.107184327627,92.98346337066825,90.56976309624983,4.761904761904762e-05,0.23036404131676932,0.7551715277777779,2.8507727074383378e-08,0.0,,,0.006214878534886332,0.005361741995288184,0.0,0.061342707640917545,0.00014494538821335036,4.482961260450471e-05,0.00010011850280657625,0.00010011850280657625,0.0,0.0,0.0,0.061342707642640625,0.18376632903224557,5.984860645954268e-05,0.9725057669871089,0.0037867964027908587,0.023602758391036333,4.482961260450471e-05,,,,,,,,,,,5.984860645954268e-05,0.9725057669871089,0.0037867964027908587,0.023602758391036333,4.482961260450471e-05,,,,,,
latency_critical,mixed_stress,Intent-PPO-CMDP,Intent-PPO-CMDP,15,1481178426,1997781942,1596015111,618554fca77aa7604c32,stochastic,150,300,150-step training / 300-step held-out evaluation,1235393843,1,332.33217309997417,latency_critical,200,0.0,0.7284620630429274,0.6888061363696654,0.0,1.0,0.27153793695707273,0.31119386363033463,0.33225772580197427,54.30758739141454,0.27153793695707273,0.0970030700814123,0.09009900990099011,0.0029043730760308726,0.009763342187877323,0.012097641490745058,0.14186978070510134,0.20324979114452796,0.22131530828685886,0.8543128498672659,0.9024328312088418,0.39996666666666664,0.4508536897051048,0.5462419372188643,0.0,0.0,92.75432919784888,103.65668267306923,107.67575687568757,105.9432124783478,2.4388748923088697,2.1042905157271647,2.0971247745357373,0.08691296361097954,35350716.46811625,32992628.905440632,0.02826647320211942,1.9183002858481193,0.682669769978553,0.616204954085987,0.0,0.135493049572715,0.15549641056710917,88.11794636097623,0.18530308738563064,22.031113531673586,0.13650993732566244,,,0.16542924528158115,0.21749166042673096,0.32622422800539935,0.99785,0.013500000000000002,0.00205,0.9777666666666667,0.13574916666666667,0.7328833333333334,0.06007916666666666,0.06061538461538461,1906.029277325689,2725.791761915198,92.38559066446429,92.03899687080391,0.002428571428571429,0.2255122118722683,0.73798125,2.832254859320334e-08,0.0,,,0.02467490577145753,0.022207833889670726,0.0,0.14972624923062955,0.06200376693946518,0.02027929035792423,0.042035369210878096,0.06032887772649958,0.01858416542485054,0.018293508515621483,0.018583333333333334,0.1242932917858059,0.3723494255890019,6.578402710670725e-05,0.9388758150649794,0.013664037169637266,0.04568884152452704,0.0017055222137496617,,,,,,,,,,,6.578402710670725e-05,0.9388758150649794,0.013664037169637266,0.04568884152452704,0.0017055222137496617,,,,,,
latency_critical,mixed_stress,Intent-PPO-CMDP-FullPolicy-NoShield,Intent-PPO-CMDP,15,1481178426,1997781942,1596015111,618554fca77aa7604c32,stochastic,150,300,150-step training / 300-step held-out evaluation,1235393843,1,332.33217309997417,latency_critical,200,0.0,0.7218182063269505,0.6787503250294832,0.0,1.0,0.27818179367304957,0.3212496749705168,0.33277848066059157,55.636358734609914,0.27818179367304957,0.07033457093324602,0.04835680751173709,0.029665429066753984,0.051643192488262914,0.05734917129639058,0.14262831903362855,0.19811745707972123,0.20655305806344218,0.8519261988444721,0.8955436789823858,0.3992666666666667,0.43756984135556787,0.5327647295776782,0.0,0.0,91.65907653905069,102.39228545343882,109.01581135902634,106.50495379170388,2.377689798482194,2.063193492433132,2.0516152143118136,0.08307791048115018,35408440.69634437,32936061.63752901,0.028224214514505228,1.8453289318787514,0.6907239474778006,0.6241741714766382,0.0,0.1320938776934552,0.15067889790926586,81.51774025969281,0.18853211969973768,22.031113531673586,0.13650993732566244,,,0.21510395082842898,0.22452733276677425,0.333436497709656,0.9791333333333333,0.013133333333333335,0.02078333333333333,0.9761333333333334,0.13381916666666666,0.0,0.0,0.07592673992673993,1855.61083350254,2658.8092411635466,90.25800577993533,91.33025285208114,0.018952380952380953,0.22640262469293326,0.7392284722222223,2.8289468597581387e-08,0.0,,,0.024653145794942603,0.022190641247312574,0.0,0.14975385372941352,0.06172292070599667,0.020661759346214944,0.0413749605367558,0.0413749605367558,0.0,0.0,0.0,0.1497538537234994,0.44862245268857054,6.462887064615858e-05,0.921485857096703,0.013315986552080281,0.04447176813435567,0.020661759346214944,,,,,,,,,,,6.462887064615858e-05,0.921485857096703,0.013315986552080281,0.04447176813435567,0.020661759346214944,,,,,,
