intent,scenario,scheme,num_seeds,training_steps_mean,training_steps_std,evaluation_steps_mean,evaluation_steps_std,evaluation_action_sampling_seed_mean,evaluation_action_sampling_seed_std,universal_training_reused_mean,universal_training_reused_std,train_time_s_mean,train_time_s_std,episodes_mean,episodes_std,intent_satisfaction_rate_mean,intent_satisfaction_rate_std,soft_intent_compliance_score_mean,soft_intent_compliance_score_std,soft_intent_compliance_p05_mean,soft_intent_compliance_p05_std,relaxed_intent_satisfaction_rate_mean,relaxed_intent_satisfaction_rate_std,intent_violation_rate_mean,intent_violation_rate_std,weighted_violation_mean_mean,weighted_violation_mean_std,weighted_violation_p95_mean,weighted_violation_p95_std,weighted_violation_cvar95_mean,weighted_violation_cvar95_std,intent_regret_auc_mean,intent_regret_auc_std,positive_violation_mean_mean,positive_violation_mean_std,reliability_safety_margin_mean_mean,reliability_safety_margin_mean_std,reliability_safety_margin_p05_mean,reliability_safety_margin_p05_std,blocking_mean_mean,blocking_mean_std,blocking_p95_mean,blocking_p95_std,blocking_cvar95_mean,blocking_cvar95_std,interruption_mean_mean,interruption_mean_std,interruption_p95_mean,interruption_p95_std,interruption_cvar95_mean,interruption_cvar95_std,deadline_exposure_mean_mean,deadline_exposure_mean_std,deadline_exposure_cvar95_mean,deadline_exposure_cvar95_std,deadline_miss_proxy_mean_mean,deadline_miss_proxy_mean_std,service_success_rate_mean_mean,service_success_rate_mean_std,unfinished_rate_mean_mean,unfinished_rate_mean_std,request_conservation_error_max_abs_mean,request_conservation_error_max_abs_std,shield_override_rate_mean_mean,shield_override_rate_mean_std,delay_mean_ms_mean,delay_mean_ms_std,delay_p95_ms_mean,delay_p95_ms_std,delay_p99_ms_mean,delay_p99_ms_std,delay_cvar95_ms_mean,delay_cvar95_ms_std,throughput_mean_mbps_mean,throughput_mean_mbps_std,throughput_p05_mbps_mean,throughput_p05_mbps_std,throughput_cvar_low10_mbps_mean,throughput_cvar_low10_mbps_std,throughput_stability_cv_mean,throughput_stability_cv_std,energy_eff_mean_bpj_mean,energy_eff_mean_bpj_std,energy_eff_p05_bpj_mean,energy_eff_p05_bpj_std,energy_per_mbit_j_mean,energy_per_mbit_j_std,energy_delay_product_mean,energy_delay_product_std,fairness_mean_mean,fairness_mean_std,fairness_p05_mean,fairness_p05_std,fairness_deficit_mean_mean,fairness_deficit_mean_std,utilization_mean_mean,utilization_mean_std,utilization_p95_mean,utilization_p95_std,reward_mean_mean,reward_mean_std,reward_stability_cv_mean,reward_stability_cv_std,qmax_terminal_mean,qmax_terminal_std,qmax_oscillation_std_mean,qmax_oscillation_std_std,lambda_pressure_mean_mean,lambda_pressure_mean_std,lambda_terminal_pressure_mean,lambda_terminal_pressure_std,action_entropy_norm_mean,action_entropy_norm_std,dynamic_violation_mean_mean,dynamic_violation_mean_std,dynamic_violation_step_cvar95_mean,dynamic_violation_step_cvar95_std,grant_like_action_rate_mean,grant_like_action_rate_std,preempt_action_rate_mean,preempt_action_rate_std,deny_action_rate_mean,deny_action_rate_std,feasibility_filter_active_rate_mean,feasibility_filter_active_rate_std,feasibility_filtered_action_fraction_mean,feasibility_filtered_action_fraction_std,shield_filter_active_rate_mean,shield_filter_active_rate_std,shield_filtered_action_fraction_mean,shield_filtered_action_fraction_std,shock_action_shift_l1_mean,shock_action_shift_l1_std,shock_throughput_bits_mean_mean,shock_throughput_bits_mean_std,pre_shock_throughput_bits_mean_mean,pre_shock_throughput_bits_mean_std,shock_delay_ms_mean_mean,shock_delay_ms_mean_std,pre_shock_delay_ms_mean_mean,pre_shock_delay_ms_mean_std,shock_block_rate_mean,shock_block_rate_std,shock_interruption_rate_mean,shock_interruption_rate_std,queue_load_mean_mean,queue_load_mean_std,energy_per_delivered_bit_step_mean,energy_per_delivered_bit_step_std,intent_switch_active_mean,intent_switch_active_std,intent_action_shift_l1_mean,intent_action_shift_l1_std,intent_mode_shift_l1_mean,intent_mode_shift_l1_std,counterfactual_intent_policy_l1_mean,counterfactual_intent_policy_l1_std,counterfactual_mode_policy_l1_mean,counterfactual_mode_policy_l1_std,counterfactual_argmax_change_rate_mean,counterfactual_argmax_change_rate_std,frozen_policy_entropy_norm_mean,frozen_policy_entropy_norm_std,pre_mask_reject_probability_mean,pre_mask_reject_probability_std,feasible_reject_probability_mean,feasible_reject_probability_std,physical_infeasible_probability_mass_mean,physical_infeasible_probability_mass_std,pre_mask_unsafe_probability_mass_mean,pre_mask_unsafe_probability_mass_std,shield_filtered_probability_mass_mean,shield_filtered_probability_mass_std,shield_filtered_raw_probability_mass_mean,shield_filtered_raw_probability_mass_std,actual_shield_prevention_rate_mean,actual_shield_prevention_rate_std,stochastic_action_entropy_mean,stochastic_action_entropy_std,stochastic_action_entropy_nats_mean,stochastic_action_entropy_nats_std,policy_mode_prob_defer_mean,policy_mode_prob_defer_std,policy_mode_prob_grant_mean,policy_mode_prob_grant_std,policy_mode_prob_protect_mean,policy_mode_prob_protect_std,policy_mode_prob_coexist_mean,policy_mode_prob_coexist_std,policy_mode_prob_reject_mean,policy_mode_prob_reject_std,intent_mode_prob__balanced_agentic__defer_mean,intent_mode_prob__balanced_agentic__defer_std,intent_mode_prob__balanced_agentic__grant_mean,intent_mode_prob__balanced_agentic__grant_std,intent_mode_prob__balanced_agentic__protect_mean,intent_mode_prob__balanced_agentic__protect_std,intent_mode_prob__balanced_agentic__coexist_mean,intent_mode_prob__balanced_agentic__coexist_std,intent_mode_prob__balanced_agentic__reject_mean,intent_mode_prob__balanced_agentic__reject_std,intent_mode_prob__reliability_first__defer_mean,intent_mode_prob__reliability_first__defer_std,intent_mode_prob__reliability_first__grant_mean,intent_mode_prob__reliability_first__grant_std,intent_mode_prob__reliability_first__protect_mean,intent_mode_prob__reliability_first__protect_std,intent_mode_prob__reliability_first__coexist_mean,intent_mode_prob__reliability_first__coexist_std,intent_mode_prob__reliability_first__reject_mean,intent_mode_prob__reliability_first__reject_std,intent_mode_prob__latency_critical__defer_mean,intent_mode_prob__latency_critical__defer_std,intent_mode_prob__latency_critical__grant_mean,intent_mode_prob__latency_critical__grant_std,intent_mode_prob__latency_critical__protect_mean,intent_mode_prob__latency_critical__protect_std,intent_mode_prob__latency_critical__coexist_mean,intent_mode_prob__latency_critical__coexist_std,intent_mode_prob__latency_critical__reject_mean,intent_mode_prob__latency_critical__reject_std,post_switch_violation_mean_mean,post_switch_violation_mean_std,switch_adaptation_time_steps_mean,switch_adaptation_time_steps_std,switch_adaptation_success_mean,switch_adaptation_success_std,switch_pre_violation_reference_mean,switch_pre_violation_reference_std,switch_post_violation_reference_mean,switch_post_violation_reference_std,switch_settling_band_mean,switch_settling_band_std
balanced_agentic,congestion_burst,Intent-PPO-CMDP,5,150.0,0.0,300.0,0.0,1237083495.6,630466756.5427245,1.0,0.0,320.147677999991,7.298897258581943,200.0,0.0,0.0,0.0,0.9367214678927238,0.017125083227517837,0.910331921978934,0.019311158719448253,0.9460000000000001,0.055263007518592394,1.0,0.0,0.06327853210727605,0.017125083227517778,0.089668078021066,0.019311158719448288,0.09727522579470063,0.018962990994572822,12.655706421455223,3.425016645503556,0.06327853210727605,0.017125083227517778,0.0026738836486699,0.04179859914955584,-0.01665245555774212,0.04670088617823262,0.021108704901263816,0.012606785515789238,0.03582262796365288,0.01604477518727708,0.039985489814075584,0.0156419116660802,0.1729306595955717,0.06870488762550828,0.20351097017677428,0.0612127875860214,0.21295690027963404,0.058395708591590975,0.8314933407925136,0.02149899406050234,0.8964454210101174,0.020699059262261465,0.36962666666666666,0.01002432929316358,0.6230997163962438,0.08885621616788765,0.35579157870249234,0.09511161007085503,0.0,0.0,0.0,0.0,76.9473483613703,11.086053458976659,89.62329889024366,10.79728156159221,94.41903394614299,11.029147249293526,92.84667344960422,10.74621080903386,2.991844858463607,0.4608575049112404,2.7451502431080934,0.4764400512007615,2.724047624567194,0.47180691158074695,0.0520947522087963,0.013137123819394024,30385147.355398405,5528473.765029061,29060489.779629618,5155767.820046163,0.034114323141186884,0.00663359918794242,2.305614191214713,0.4585130950584724,0.670738668098216,0.03756305070758498,0.6073580029975079,0.023629715668408872,0.0,0.0,0.16621360324797813,0.025603194717291146,0.18002719821358362,0.02581480225359477,59.370550258391596,8.601174388110332,0.17665384855542252,0.023495404906466875,19.763335581687688,1.8238640265105095,0.10548133996253935,0.01917164773982287,,,,,0.38426748749030787,0.14975687159958595,0.08181515584649088,0.011501764524025206,0.21699079835643484,0.019382541406132162,0.9863166666666666,0.0076916043695562635,0.057979999999999976,0.027603289659024338,0.013129999999999961,0.007799326181721671,0.9897733333333333,0.00731054489533211,0.14424433333333328,0.0076199549502896655,0.6942733333333333,0.04880092052865854,0.05038849999999998,0.008197523040528776,0.11296996336996332,0.03327899079570922,2880.9398808052006,552.4350932339136,3051.562923356595,412.9349011199848,71.47621228966369,13.046848585317269,79.33962867795613,9.826699396144189,0.0169428571428571,0.01085895557131409,0.17497361668447978,0.0691535908452994,0.7266220833333333,0.026324921998172674,3.413139412741964e-08,6.6328142495439034e-09,0.0,0.0,,,,,0.01940445636981302,0.007776976608907008,0.015083346897502101,0.006274433487245726,0.00303333333333332,0.005505875649400971,0.31480255866403783,0.10218270011927158,0.38940738817271675,0.24150015090767044,0.12738091016842346,0.08284569833281234,0.26705715090702264,0.16233535801187343,0.3770101182283199,0.23444496837190018,0.11436657408725807,0.07546706432459384,0.10995296732129718,0.07246715846306075,0.1145333333333333,0.07487833019861842,0.2947390671339766,0.11486093408052764,0.8829593356904499,0.344092607195594,0.0005301464269198019,0.0006136280482675088,0.49439432125141414,0.3601830831262436,0.057701569416662435,0.0275894983463684,0.43415401575166657,0.335821665951851,0.013219947153336981,0.00757742512805361,0.0005301464269198019,0.0006136280482675088,0.49439432125141414,0.3601830831262436,0.057701569416662435,0.0275894983463684,0.43415401575166657,0.335821665951851,0.013219947153336981,0.00757742512805361,,,,,,,,,,,,,,,,,,,,,,,,,,,,,,,,
balanced_agentic,congestion_burst,Intent-PPO-CMDP-FullPolicy-NoShield,5,150.0,0.0,300.0,0.0,1237083495.6,630466756.5427245,1.0,0.0,320.147677999991,7.298897258581943,200.0,0.0,0.0,0.0,0.7919081173331766,0.09874937845729291,0.739236067101657,0.09932730283806625,0.252,0.3816621542673573,1.0,0.0,0.5580692304364734,0.4612427938108646,0.7412063401816116,0.5550938045706569,0.8070436026310197,0.592902634860934,111.61384608729468,92.2485587621729,0.5580692304364734,0.4612427938108646,-0.17602045446929557,0.1655385078638166,-0.23952118010892706,0.19354113130210746,0.2305712436993011,0.1699653962356012,0.2969945614476802,0.19571545765883364,0.3214828732923658,0.20988274756373076,0.18177174205732732,0.06966287146795126,0.21621804421196966,0.06609722643177615,0.22601512861750792,0.06311670064081382,0.8394736052027042,0.02379852133134678,0.9023779378645213,0.022226543141894598,0.38763999999999993,0.020706581347753,0.4997609221647572,0.09124228529408322,0.26966783413594164,0.13137847887686707,0.0,0.0,0.0,0.0,66.0086250811676,13.549307038064285,78.97466701661776,12.924378124128271,84.7733992688458,12.029235349675469,82.53163991502477,12.403556031577585,2.4581972023727685,0.4546665744827903,2.139291756912876,0.4771173111310553,2.1101360710984,0.48109901924315135,0.08129685713641342,0.025874557887567044,29518534.105965197,5600843.366538858,27911547.468351237,5323946.902960895,0.03515145939569866,0.006791624770050429,1.6917773202256936,0.5447497416918392,0.6401527887643211,0.06536756777944613,0.5655527024246418,0.062102560329467454,0.00057639913288854,0.0007193611538873186,0.1365665112429315,0.02525925413793279,0.15457308192699326,0.025718048502673157,28.498377590370573,22.8214338448602,2.7624918966801246,4.452079332506251,19.763335581687688,1.8238640265105095,0.10548133996253935,0.01917164773982287,,,,,0.524709803659544,0.1915293524123841,0.5873458679002832,0.44705555908435446,0.8281305832536949,0.5323629718377938,0.8540866666666667,0.10755315037485214,0.05366999999999998,0.024754775970170548,0.14380333333333326,0.10602053333618394,0.9825233333333333,0.007727674653836994,0.1455621666666666,0.012346882496763661,0.0,0.0,0.0,0.0,0.14705201465201462,0.042115523570351115,2357.930576903484,474.73044012089673,2512.186923779306,449.4317853073433,57.31856626778266,15.083306074378998,69.96626594283508,12.690823273222904,0.1425809523809523,0.11268349268552838,0.1833687015073931,0.06751345571499226,0.6273348611111111,0.09910912177484713,3.519616064165053e-08,6.808442098768278e-09,0.0,0.0,,,,,0.02005600468908848,0.0076067263360363015,0.015733122301614923,0.00611911167442142,0.00323666666666666,0.005839410168083001,0.32387396116959605,0.10512705518557078,0.3962805552598714,0.24855127172642905,0.1433787607904212,0.10518565971284947,0.26223609807418036,0.15737132572707616,0.26223609807418036,0.15737132572707616,0.0,0.0,0.0,0.0,0.0,0.0,0.32387396110199235,0.10512705515294271,0.9702396778370084,0.3149325119453608,0.0020135930128819127,0.002232409487859768,0.44357841157472755,0.3463680901631853,0.0533519262563348,0.02469932763939993,0.35767730836563427,0.287724280101869,0.1433787607904212,0.10518565971284947,0.0020135930128819127,0.002232409487859768,0.44357841157472755,0.3463680901631853,0.0533519262563348,0.02469932763939993,0.35767730836563427,0.287724280101869,0.1433787607904212,0.10518565971284947,,,,,,,,,,,,,,,,,,,,,,,,,,,,,,,,
balanced_agentic,congestion_burst,Intent-PPO-CMDP-NoRisk,5,150.0,0.0,300.0,0.0,1237083495.6,630466756.5427245,1.0,0.0,274.6141810200061,5.506362305433448,200.0,0.0,0.0,0.0,0.9285118977988113,0.01594068723656601,0.8998023195264416,0.01698442001249593,0.876,0.21088859618291358,1.0,0.0,0.07148810220118859,0.01594068723656603,0.10019768047355829,0.01698442001249596,0.10700208408830443,0.01735261313145595,14.297620440237727,3.1881374473132063,0.07148810220118859,0.01594068723656603,0.013837564852182859,0.05391752395832591,-0.0042312878734264816,0.059266101772170995,0.00013478623877278,0.00011757119265304932,0.00091409153658276,0.00182818307316552,0.00115536374999192,0.002121855514612606,0.16508864461843592,0.07190303120655767,0.20379237053353708,0.059705048500014686,0.2135471652501047,0.05695034214317275,0.8065671940295605,0.026203620327586663,0.8742192169971311,0.021626714350246427,0.36254333333333333,0.00910951029297277,0.6029687268562969,0.13273886310387845,0.39689648690493023,0.13282387965653514,0.0,0.0,0.0,0.0,77.82577612821991,15.830935623396194,90.94231221099764,17.409771144233876,95.38829830184628,17.956961955451284,94.32571599452507,17.929208842927014,2.850787076991959,0.6208039711303791,2.604158058514116,0.6360233542365256,2.5891285441124587,0.6233513436722964,0.05661101925363934,0.013841128991096043,30893645.671111286,4237723.818880187,29116738.325559475,3359738.4462854043,0.03298705357987294,0.004507238403033984,2.1124845290570677,0.38165255605393483,0.6917493411532176,0.02349429275079987,0.6224316486188193,0.00917028538072771,0.0,0.0,0.15837705983288658,0.03448910950724329,0.1723776812275939,0.03424806063724936,50.64693704956419,10.75808782770439,0.2372498509776567,0.0844732546989171,20.693185967730553,2.4289579678812494,0.1035148091577011,0.018437312337111388,,,,,0.21453145630163978,0.09533091622166544,0.08528238601832301,0.013269342000632161,0.21086628832905654,0.020816431614642056,0.99968,0.0003424422092363735,0.03349666666666662,0.022503082258017712,8.333333333332e-05,7.302967433400845e-05,0.98697,0.01002220534613012,0.14213283333333332,0.012003677105602087,0.0,0.0,0.0,0.0,0.07114285714285709,0.024069477273303344,2701.231592766259,701.3177929478592,2931.31695311349,579.1076614009677,73.04440963874455,19.781368683513872,79.84131387802681,13.563116800661023,7.619047619044953e-05,7.737179432983218e-05,0.16845359461988263,0.07259804283180964,0.7393391666666667,0.041289270031729636,3.3017409835781417e-08,4.484313749454782e-09,0.0,0.0,,,,,0.026761680031130757,0.036601968364585465,0.009514816775923179,0.008118691404500548,0.016506666666666663,0.03172931627235465,0.23763832002002377,0.13378183103558594,0.00033482525868985997,0.00023916973769174215,9.342340756913589e-05,5.5628605036635935e-05,0.0004918528613942926,0.0004783632076404106,0.0004918528613942926,0.0004783632076404106,0.0,0.0,0.0,0.0,0.0,0.0,0.23763832002367336,0.13378183103504449,0.71190078472807,0.40077454884682984,0.0002280179230369541,0.00028659745297698533,0.5701463458873686,0.42599076282390624,0.0338370814154245,0.02309708023846857,0.39569513136660084,0.40374515722882404,9.342340756913589e-05,5.5628605036635935e-05,0.0002280179230369541,0.00028659745297698533,0.5701463458873686,0.42599076282390624,0.0338370814154245,0.02309708023846857,0.39569513136660084,0.40374515722882404,9.342340756913589e-05,5.5628605036635935e-05,,,,,,,,,,,,,,,,,,,,,,,,,,,,,,,,
balanced_agentic,congestion_burst,MaxWeight,5,150.0,0.0,300.0,0.0,1237083495.6,630466756.5427245,0.0,0.0,1.4539982657879591e-05,5.567968423391394e-06,200.0,0.0,0.023,0.046,0.8851820664586085,0.030387442281838317,0.8571308437404557,0.024182774878731866,0.23899999999999996,0.3642718764878782,0.977,0.04599999999999999,0.11481793354139139,0.030387442281838282,0.14286915625954424,0.024182774878731817,0.14866396276161492,0.024763821412997298,22.96358670827828,6.077488456367657,0.11632176282555018,0.027588890597680837,0.05497882293486952,0.0051232891220921424,0.03459229509847316,0.017086764013515658,0.0,0.0,0.0,0.0,0.0,0.0,0.12510854342289826,0.012147433541100205,0.16540770490152673,0.017086764013515655,0.1798467666544476,0.014852414857042437,0.8505674563965379,0.028244756567716255,0.9076367642403398,0.007973810296428428,0.3810433333333333,0.009436157410019545,0.4184126324553102,0.054293173227174786,0.5815873675446899,0.05429317322717479,0.0,0.0,0.0,0.0,73.74242101301587,7.3912065659214035,86.5694657603587,6.851027952370774,91.09335466938606,7.568577111089825,89.77096237362657,7.057945946012132,2.1715200797339933,0.24796357775957206,1.9682951362691177,0.19819447969791304,1.9551610535415658,0.19617936248877044,0.06891471975637267,0.02226561379626927,18695090.269874334,1985484.8654180719,17453658.13550029,1757072.747858633,0.054128452435189135,0.006150557224275491,2.571603879015585,0.3064927409613857,0.5174034465920209,0.016731887458721163,0.46623291006347667,0.012651539081461273,0.00641132244624394,0.003091661781048953,0.12064000442966624,0.013775754319976217,0.1356879487588573,0.022816931042261453,-0.8731206306057586,13.706469797858277,3.5410006223266777,4.183206918231088,,,,,,,,,0.15574889838358535,0.04104205347317856,0.08806436566553724,0.02117167775626722,0.17749424337959838,0.007394268416589998,0.9999166666666668,0.0001666666666666483,0.9236599999999999,0.035478445099336946,0.0,0.0,0.9486866666666668,0.005382537608889696,0.09270383333333325,0.004143464083482707,0.0,0.0,0.0,0.0,0.18446593406593403,0.03225276288655125,1851.7094324193731,243.2200878510195,2343.7258129034044,251.66354394919858,73.16874309001611,9.694078887585695,74.28921310031738,6.108584561764623,0.0,0.0,0.12488774955441886,0.009455609685277125,0.8409286111111112,0.02719956003411422,5.4263398913869474e-08,6.0965985047316495e-09,0.0,0.0,,,,,,,,,,,,,,,,,,,,,,,,,,,,,,,,,,,,,,,,,,,,,,,,,,,,,,,,,,,,,,,,,,,,,,,,,,,,,,,,,,
balanced_agentic,congestion_burst,PPO,5,150.0,0.0,300.0,0.0,1237083495.6,630466756.5427245,1.0,0.0,267.553891400015,9.782401107503151,200.0,0.0,0.001,0.002,0.9445067528099272,0.02148984637353762,0.9204595409548972,0.026770256510106814,0.9280000000000002,0.13901798444805621,0.999,0.0020000000000000018,0.055493247190072606,0.021489846373537614,0.07954045904510272,0.026770256510106817,0.08543684851034945,0.028433018708581125,11.098649438014528,4.2979692747075235,0.055519771747013044,0.021453962629255457,0.012698270412103183,0.05131303839868064,-0.008319585331138041,0.05654441285736889,0.00024824444184264657,0.00017514257925093128,0.0010709878356937,0.0021419756713874,0.0014943168271657865,0.0026509297368338736,0.17868711991418368,0.05934326792724612,0.20811755695356418,0.05676941329856213,0.21748512245746054,0.05542116618416855,0.8164126986683133,0.012196751190497393,0.8762899914496869,0.008886456848935149,0.36610333333333334,0.005362725260744043,0.6351394509850836,0.07587518503140832,0.3646123045730737,0.07592854142263884,0.0,0.0,0.0,0.0,77.53205665023583,11.073761623578518,91.67940376284301,10.913502973942855,96.1795680842129,11.526877626762765,94.8543050296013,11.001701623348819,3.012312197164305,0.3352123072845682,2.7724442451648996,0.34048034545185346,2.7523007552050167,0.33724908222998545,0.05029023130222286,0.006444144442100452,29774769.535360016,3745053.4531528903,28635164.193633437,3648118.2339762556,0.034155817174956325,0.004455964665336095,2.3413206573292213,0.18453115677336132,0.6813650144954698,0.02298413254122801,0.6176729608889968,0.008027857787354417,0.0,0.0,0.16735067762023914,0.018622905960253774,0.18047177162773442,0.0185156399381141,56.81157486075396,15.83621800236009,0.2036109244915532,0.06300959033188093,24.637569114567007,1.790413967267241,0.13216767443948907,0.011183999798211863,,,,,0.38253785024328096,0.09289442287934012,0.0759150460459185,0.01921504313482563,0.2197065083061851,0.017649104508596015,0.9995933333333333,0.00025046623192226034,0.07633333333333328,0.09938649975390688,0.00015333333333331333,0.00010873004286867299,0.9911566666666666,0.003350432807862351,0.14706483333333326,0.007193044024148147,0.0,0.0,0.0,0.0,0.1187384615384615,0.0065108010565185885,2904.7085834671693,392.23481657491305,3070.252604539686,306.79871882843827,72.47856967744413,13.828897865245276,79.53679068184061,9.261674405263896,0.00015238095238092,0.00015764709864043232,0.17851305304832782,0.06302777264284289,0.744618611111111,0.032802846205976746,3.4162687191547166e-08,4.459433729506824e-09,0.0,0.0,,,,,0.02238943156912218,0.008184291843043043,0.016531321327201857,0.005440415285226468,0.0025666666666666533,0.005017037638553924,0.2976034532559195,0.10424388738389835,0.0007735362057916001,0.0004907955585729503,0.00018740687017253365,0.0001215999574081288,0.0006158613847697461,0.0003857977221405293,0.0006158613847697461,0.0003857977221405293,0.0,0.0,0.0,0.0,0.0,0.0,0.2976034532611963,0.1042438873782798,0.8915402696556824,0.3122867777398404,0.0003044330831401882,0.00022263638802997123,0.4869926025391095,0.3386896391888385,0.07726758591310506,0.10054905813705747,0.4352479715944725,0.282286488991503,0.00018740687017253365,0.0001215999574081288,0.0003044330831401882,0.00022263638802997123,0.4869926025391095,0.3386896391888385,0.07726758591310506,0.10054905813705747,0.4352479715944725,0.282286488991503,0.00018740687017253365,0.0001215999574081288,,,,,,,,,,,,,,,,,,,,,,,,,,,,,,,,
balanced_agentic,congestion_burst,PPO-Lagrangian,5,150.0,0.0,300.0,0.0,1237083495.6,630466756.5427245,1.0,0.0,266.61783722001127,11.520029096061073,200.0,0.0,0.0,0.0,0.9349371512743389,0.03097300551176772,0.9077516532025756,0.035595639444676384,0.7819999999999999,0.27218743541905094,1.0,0.0,0.06506284872566098,0.030973005511767706,0.09224834679742427,0.03559563944467644,0.0992481548984222,0.0345067545489225,13.012569745132211,6.194601102353542,0.06506284872566098,0.030973005511767706,0.050931315503059925,0.010598060841008979,0.03430928612822526,0.023983584788611276,0.0002047548772987583,0.00016184558875529444,0.00194562470290086,0.0023859746678724326,0.0022356792572522785,0.002622817996680676,0.11586251859813534,0.03675220565093423,0.15872256349672118,0.03133355345009291,0.16922060437770545,0.02850052921821456,0.8253345198226881,0.016069421613728516,0.883335708652278,0.013174567637652734,0.36847,0.006566796953022227,0.5286740723417509,0.0726873076487654,0.4711211727809502,0.07266311268015306,0.0,0.0,0.0,0.0,88.63820745927714,8.360415181473826,102.532622108906,9.497762514082748,109.00581182231686,11.632473650405238,106.82435264794398,10.81852343160006,2.5161757094474453,0.34263934383166345,2.2588600539699883,0.3275223004631032,2.2430903516267504,0.328087870422316,0.06469664029405658,0.012107521681310811,32935080.992610157,3300970.5732982107,31092718.57537391,2955600.7122136615,0.030684941079801666,0.003179417436405458,2.041033045213119,0.3365518861688475,0.6974689487941326,0.02296839372469638,0.6303488119562515,0.01661989228510405,0.0,0.0,0.13978753941374691,0.01903551910175907,0.1544349719145248,0.018946477344511867,49.543523098114086,15.817289723398986,0.26240050548857463,0.12748120569673344,24.644923088030605,1.7839267943590833,0.15892923277864357,0.055980620837545784,,,,,0.2849273294884214,0.19455685757418834,0.08313733342835164,0.024503526084096183,0.21503279359067365,0.02898065004615047,0.9996600000000001,0.00028686039965273815,0.050596666666666644,0.04043472847277038,0.00012999999999998665,0.00010295630140985664,0.9830033333333332,0.009287359390291959,0.1365271666666666,0.009949856707510888,0.0,0.0,0.0,0.0,0.12032380952380953,0.0867925955580068,2328.079932375347,385.875473931636,2617.4580509478064,322.8342216062596,86.70692134431684,10.843833212687976,89.43830874875077,6.984464364525348,0.00015238095238092857,0.000151784547147692,0.11772014298714398,0.033371719204893006,0.771598888888889,0.024830968138671167,3.0714387245845126e-08,3.164925534802854e-09,0.0,0.0,,,,,0.010022226445270361,0.005189863394356749,0.0079701887015361,0.0037366149667708137,0.0033133333333333196,0.004082066470143099,0.18523616435459087,0.12185928329609642,0.0004995086754661927,0.00039362913691023233,0.00015102407182276617,0.00011847046551563533,0.0003487499095503765,0.0002804160421504045,0.0003487499095503765,0.0002804160421504045,0.0,0.0,0.0,0.0,0.0,0.0,0.18523616435207976,0.12185928329638974,0.5549179557788767,0.36505778780315346,0.00022680007589970464,0.00017784271054187165,0.8212737547803298,0.167609752408506,0.050015529548377534,0.04017151455298598,0.1283328915235699,0.13981938492240858,0.00015102407182276617,0.00011847046551563533,0.00022680007589970464,0.00017784271054187165,0.8212737547803298,0.167609752408506,0.050015529548377534,0.04017151455298598,0.1283328915235699,0.13981938492240858,0.00015102407182276617,0.00011847046551563533,,,,,,,,,,,,,,,,,,,,,,,,,,,,,,,,
balanced_agentic,congestion_burst,PPO_CMDP,5,150.0,0.0,300.0,0.0,1237083495.6,630466756.5427245,1.0,0.0,272.14205237999556,4.344263892369205,200.0,0.0,0.0,0.0,0.9573372339237999,0.012664706987646313,0.9364362902396781,0.01582058802032738,0.9960000000000001,0.008000000000000007,1.0,0.0,0.04266276607619992,0.012664706987646311,0.06356370976032164,0.0158205880203275,0.07028119546577317,0.015701649559456732,8.532553215239991,2.5329413975292625,0.04266276607619992,0.012664706987646311,0.01130326603805176,0.03914618721515068,-0.013994878293998198,0.03945102785520065,0.00017298706047339999,0.00011115022281257251,0.0009118118401206601,0.0018236236802413204,0.0013011856692572402,0.002331738283614328,0.1853604284136645,0.04289308487590479,0.21399487829399816,0.03945102785520064,0.22009804673805725,0.039264065527683176,0.810186229226305,0.0264529147963,0.87453599985219,0.02178845519876871,0.3635933333333333,0.0087411707835202,0.6623764509454718,0.05099296492492361,0.3374505619940547,0.05101930775395296,0.0,0.0,0.0,0.0,76.61012832446626,9.952026425563332,88.81057330572459,10.41708110633415,94.77241858762982,10.912330274807818,92.35331907607072,10.609330695730897,3.1515734352226294,0.25051282522500534,2.8888167086443914,0.268286451974561,2.8667598390467743,0.27109604695174433,0.05071648265307575,0.008940342408149067,30508165.58100202,3115419.561675165,29293352.708865404,2934355.7255306365,0.033140620829690784,0.0034672754227270345,2.380233080627932,0.3443057093682787,0.6717076973809863,0.012860823018746196,0.6136530821225218,0.007140512378294206,0.0,0.0,0.1750874130679238,0.01391737917916696,0.1895330622065667,0.013157242475910266,64.83898418945793,7.264947826342985,0.15827514668079562,0.013746158337671989,22.497194582184438,3.1769705786406988,0.1268640647601539,0.011179455731412345,,,,,0.3688455972757237,0.07254384250206339,0.06314340467229343,0.008683953289958163,0.2095551002896691,0.020656022425725472,0.9989000000000001,0.0016408331217199858,0.009143333333333278,0.00688231711626896,0.00010666666666665333,6.879922480183237e-05,0.9890566666666667,0.008528928550657587,0.14633883333333328,0.007676891363045329,0.0,0.0,0.0,0.0,0.11618754578754573,0.02989915671464741,3045.3051868217467,268.01173762929795,3208.794799746181,244.85600881416252,71.14833664882966,12.129458680034322,78.6019855087095,8.394087710736002,0.00010476190476188857,8.192690730515149e-05,0.18885665023148712,0.04431350436831451,0.7424872222222223,0.04333718598124651,3.314789400855906e-08,3.4674373926609754e-09,0.0,0.0,,,,,0.029199714596656,0.009093261288240746,0.02118127205954906,0.009989580799156964,0.019043333333333298,0.01947327969865946,0.2688153232718137,0.05666065419215284,0.00041158403012403596,0.0002403285593550154,0.00011751913471679742,7.240452975836876e-05,0.0004725805135261588,0.0004597841855866063,0.0004725805135261588,0.0004597841855866063,0.0,0.0,0.0,0.0,0.0,0.0,0.26881532327171564,0.0566606541873839,0.8052987395509279,0.16974015038982793,0.0011441635463506595,0.0019751621149594707,0.5149512736595574,0.25328655070119854,0.00935619159401776,0.007197378536720128,0.4744308520653572,0.24794108906053078,0.00011751913471679742,7.240452975836876e-05,0.0011441635463506595,0.0019751621149594707,0.5149512736595574,0.25328655070119854,0.00935619159401776,0.007197378536720128,0.4744308520653572,0.24794108906053078,0.00011751913471679742,7.240452975836876e-05,,,,,,,,,,,,,,,,,,,,,,,,,,,,,,,,
balanced_agentic,mixed_stress,Intent-PPO-CMDP,5,150.0,0.0,300.0,0.0,690961281.2,261278220.8318473,1.0,0.0,320.147677999991,7.298897258581943,200.0,0.0,0.0,0.0,0.8653982467744766,0.032038936302260006,0.8322274942524904,0.03648122089653769,0.202,0.303720266034389,1.0,0.0,0.1346017532255233,0.032038936302260033,0.1677725057475093,0.03648122089653769,0.17741527901842033,0.03591629625861848,26.92035064510467,6.407787260452005,0.1346017532255233,0.032038936302260033,-0.04084647627332287,0.07384792486759212,-0.0703407527710143,0.07297373449895578,0.0158573544756998,0.009273085312579313,0.028669198819264514,0.012247438362759443,0.03312258863705062,0.012995309495901747,0.23240259749168168,0.08351758011824373,0.2701930095979157,0.07314631174625937,0.28226197664561725,0.07103885007396256,0.8765489261655273,0.014813437104666892,0.9250552177754541,0.015446416288361011,0.40904666666666667,0.007435032690655185,0.4947780161263231,0.06186061368748087,0.4893646293979771,0.06590278947478381,0.0,0.0,0.0,0.0,89.28568300650747,6.721723286472451,102.49265419564954,7.60563738259146,107.99339870182101,9.407272971492526,105.96935909130522,8.780649142082504,2.7486333315338234,0.39562804471761,2.499129560526412,0.4089162271988019,2.4832187646087416,0.4029796276942375,0.056328469755973984,0.014521834732435165,29259756.317796994,5386676.624178778,27848655.21545676,5026644.634526513,0.035464842888565655,0.007033461068285248,2.6083712977258147,0.6483577697632662,0.6459977163604517,0.03520631662381148,0.5918321950830543,0.025704397718584432,0.0,0.0,0.15270185175187906,0.021979335817645024,0.16641373866907827,0.021974712685655706,73.95488526355555,12.872033208805794,0.17243143820773393,0.024727924441502534,19.763335581687688,1.8238640265105095,0.10548133996253935,0.01917164773982287,,,,,0.37758215468326684,0.14583009621480966,0.13882413746264394,0.026042445885122792,0.24883201733309232,0.01869072063814418,0.9883433333333332,0.006337197067053192,0.05689333333333333,0.027002206905691585,0.01110666666666664,0.0064671357218203255,0.9905166666666668,0.0072509922692614226,0.15044199999999994,0.007543009836191958,0.6367166666666666,0.048963334354505575,0.044968333333333284,0.007698015021924667,0.11421098901098899,0.034783490065704456,2039.461780702127,220.3583398836206,3130.4949358278145,491.6965699119081,86.20170888839236,10.51410550164972,89.75659517271933,5.606427379371267,0.01163809523809518,0.006823103342982941,0.343737222601284,0.11630836858407148,0.7387381944444444,0.01778068080681116,3.548710940249963e-08,7.030597742190845e-09,0.0,0.0,,,,,0.01919808339144366,0.007846935028748843,0.01490972313445392,0.0063966647153751955,0.0021533333333332997,0.0036055266220376466,0.30897466087933145,0.1013389303220566,0.3833936359592679,0.2380591141456143,0.11537251018909507,0.07518147412623107,0.2725974337795083,0.16620744107899788,0.3728948685034063,0.23222629064647074,0.10426974597407528,0.06906481675776731,0.10029743472389804,0.06633292032354253,0.10424999999999998,0.06931271488294513,0.2907084614447078,0.11251423961988392,0.8708847201451372,0.33706253886367327,0.0005334709478294843,0.0005565402674618965,0.4963690227427218,0.3598544335798693,0.056496357407069195,0.0265676144461294,0.4353329368421199,0.337681795661295,0.011268212060259502,0.006542240180010873,0.0005334709478294843,0.0005565402674618965,0.4963690227427218,0.3598544335798693,0.056496357407069195,0.0265676144461294,0.4353329368421199,0.337681795661295,0.011268212060259502,0.006542240180010873,,,,,,,,,,,,,,,,,,,,,,,,,,,,,,,,
balanced_agentic,mixed_stress,Intent-PPO-CMDP-FullPolicy-NoShield,5,150.0,0.0,300.0,0.0,690961281.2,261278220.8318473,1.0,0.0,320.147677999991,7.298897258581943,200.0,0.0,0.0,0.0,0.7192164936156515,0.1135612073929091,0.6650425548393593,0.11638613268414998,0.12,0.24,1.0,0.0,0.5335538740992715,0.3953640929598461,0.7029634589044292,0.49264253414414844,0.7564949669495842,0.5211798066849357,106.71077481985431,79.0728185919692,0.5335538740992715,0.3953640929598461,-0.15183714851955166,0.12745642703228238,-0.21138897536060286,0.15682472290369742,0.1881760397272639,0.14104318807641145,0.25009632367800044,0.1704680578936928,0.2697591235479494,0.18074279101706542,0.24624297206449192,0.08214062877261807,0.28807832424387586,0.07351959930121477,0.2966559551564788,0.07057535681350642,0.8853145965838294,0.020363416103925024,0.9301762356446679,0.017183355621128372,0.42589000000000005,0.019287666179884703,0.4021322766802703,0.07006785288385026,0.40969168359246577,0.11172737779492112,0.0,0.0,0.0,0.0,80.33650695737255,8.906043837197048,92.97924822659563,9.768044474931258,98.97690491110708,10.431203915565538,96.86549806267837,10.448037823564162,2.2932232124729905,0.3962842202184356,2.00874630428173,0.3958625762339171,1.9992576719460495,0.3944053921849326,0.07735059889653212,0.014774530205773437,28446434.515071906,5287136.148106647,26833205.041952748,4919527.646950513,0.036444665157041825,0.00701397768003572,2.0306993120432013,0.6579039113800534,0.6127305878286451,0.057784026360309375,0.5432501140646546,0.05267614577757367,0.0008647774882946845,0.0010534277288456447,0.12740128958183275,0.022015790012135304,0.14290770453212126,0.021886148860533063,41.635669941653205,26.423417534514595,0.7748728293576115,0.9185624999811132,19.763335581687688,1.8238640265105095,0.10548133996253935,0.01917164773982287,,,,,0.5096925635152476,0.18695060801770608,0.5866088241570413,0.4011226475105347,0.8220371272534768,0.5017739668515717,0.86628,0.10041854985786021,0.05062666666666662,0.022513254367643558,0.13179999999999997,0.09926621725888872,0.9832899999999999,0.007751556116175699,0.15124016666666665,0.011640941082136683,0.0,0.0,0.0,0.0,0.15860512820512818,0.054233436509764026,1741.4037770787181,236.54456673628263,2590.3567546083686,484.3138659855278,72.32514185940137,13.478760430045941,82.38915979367167,7.67727235564192,0.10952380952380947,0.0889969450926697,0.36269292516967055,0.10908091020251089,0.6544093055555555,0.07602586140487586,3.648338916955399e-08,7.013665863523426e-09,0.0,0.0,,,,,0.01967474554794308,0.007655775892527671,0.01545087379717008,0.006205061244196623,0.0022366666666666403,0.003778482940722794,0.3144322938582217,0.10182923807297531,0.38893319315419894,0.24307889431799404,0.13143892016777886,0.09900970415161539,0.2657438539615595,0.15842816635468313,0.2657438539615595,0.15842816635468313,0.0,0.0,0.0,0.0,0.0,0.0,0.31443229380490456,0.10182923803583123,0.9419549703989633,0.3050531347753511,0.0019043328170789148,0.0021533685204702833,0.44723053842322036,0.34809656941214595,0.050817137516002794,0.022466818787262467,0.3686090710759188,0.2967620545695839,0.13143892016777886,0.09900970415161539,0.0019043328170789148,0.0021533685204702833,0.44723053842322036,0.34809656941214595,0.050817137516002794,0.022466818787262467,0.3686090710759188,0.2967620545695839,0.13143892016777886,0.09900970415161539,,,,,,,,,,,,,,,,,,,,,,,,,,,,,,,,
balanced_agentic,mixed_stress,Intent-PPO-CMDP-NoRisk,5,150.0,0.0,300.0,0.0,690961281.2,261278220.8318473,1.0,0.0,274.6141810200061,5.506362305433448,200.0,0.0,0.0,0.0,0.8650008751736232,0.027150741124839953,0.8333760589204188,0.030798396047632213,0.16899999999999998,0.19963466632827076,1.0,0.0,0.13499912482637677,0.027150741124839985,0.16662394107958117,0.030798396047632206,0.17358103231010621,0.02991630944077846,26.999824965275366,5.430148224967996,0.13499912482637677,0.027150741124839985,-0.028169161862696523,0.08519162166585802,-0.06070176965141706,0.08276066139032816,0.00010536570019492987,9.580654947334913e-05,0.0008809523809523601,0.0017619047619047202,0.00112139763511637,0.0021247558998949436,0.22024586501803198,0.0928959660996682,0.26070176965141706,0.08276066139032817,0.26968376331270477,0.08099392063778303,0.8592344624913123,0.014906052277905344,0.9117911306693909,0.011252631361056491,0.4017433333333333,0.004744032508788745,0.47921723897784735,0.08993944490142794,0.5206773953219577,0.09000548680846943,0.0,0.0,0.0,0.0,89.27424908327228,10.672850338483393,102.3004257518779,12.5063487739086,107.38204174940385,12.679859874893712,105.45957732928673,12.657417625905204,2.603663421141042,0.4935335988561754,2.365797454330914,0.5002813328618706,2.3505477337191776,0.49756501119285595,0.05944783296030685,0.012616226416153106,29750983.358116888,4245526.350652826,28287417.188849606,3801316.245183912,0.03430468236549298,0.004862384628946726,2.371060910431818,0.5398983593800194,0.6644482309967732,0.026724340246386567,0.5988371891413842,0.018150723644312257,2.774488504424e-05,5.5489770088479994e-05,0.14464796784116896,0.027418533269787517,0.15875447259912415,0.026883535987218984,64.64339052351727,9.852537195047248,0.1987999784770403,0.025583596133922228,20.693185967730553,2.4289579678812494,0.1035148091577011,0.018437312337111388,,,,,0.21187168269917186,0.09512189887688652,0.13646948180257962,0.022950548806936557,0.24518605333302643,0.018187587459818085,0.9998033333333334,0.00014079141387967622,0.03306999999999996,0.0223608099634656,7.333333333333334e-05,6.548960901462834e-05,0.98802,0.009880122581335814,0.14868816666666662,0.011278746450736442,0.0,0.0,0.0,0.0,0.07511501831501828,0.030131599492590165,1909.1502403655213,229.6801739601034,2977.6320569432464,648.0897800938901,87.73528727969081,16.40517111120981,88.88245914462972,8.731840564167474,9.523809523808857e-05,0.0001241752839086091,0.32535422105923645,0.13437714864028255,0.7512706944444444,0.030973706178326378,3.433114381377496e-08,4.847714300850704e-09,0.0,0.0,,,,,0.026984630144939997,0.03750293142362487,0.00935873718437348,0.008097753827380642,0.0067799999999999805,0.01224694701185201,0.23524921031792748,0.13418129490473973,0.00031549347144557997,0.0002247278335524754,8.194152623587655e-05,4.90075419664693e-05,0.00040647077079489994,0.00041183377656566243,0.00040647077079489994,0.00041183377656566243,0.0,0.0,0.0,0.0,0.0,0.0,0.23524921031716692,0.13418129489826164,0.7047436516752275,0.4019712356339878,0.00013970596482954927,0.00011286334538762435,0.5702422340933426,0.42692715581625,0.03332985790550212,0.022530148063904885,0.3962062605100896,0.40518256367917527,8.194152623587655e-05,4.90075419664693e-05,0.00013970596482954927,0.00011286334538762435,0.5702422340933426,0.42692715581625,0.03332985790550212,0.022530148063904885,0.3962062605100896,0.40518256367917527,8.194152623587655e-05,4.90075419664693e-05,,,,,,,,,,,,,,,,,,,,,,,,,,,,,,,,
balanced_agentic,mixed_stress,MaxWeight,5,150.0,0.0,300.0,0.0,690961281.2,261278220.8318473,0.0,0.0,2.060001716017723e-05,1.2538562200882627e-05,200.0,0.0,0.0,0.0,0.8493958840827386,0.02733997118219341,0.8192416244278163,0.021202132087877697,0.08700000000000001,0.1567035417595914,1.0,0.0,0.15060411591726133,0.0273399711821934,0.18075837557218352,0.021202132087877665,0.19231832677874122,0.02121577197711174,30.120823183452273,5.467994236438682,0.15060411591726133,0.0273399711821934,0.0234146215455347,0.011415329824857472,-0.01346553403484772,0.011129820271745566,0.0,0.0,0.0,0.0,0.0,0.0,0.1756405287573114,0.011944843802177658,0.21346553403484775,0.01112982027174557,0.22542826678340644,0.01293356339445656,0.8812232037932366,0.020659365416806193,0.9287430899074536,0.009324815746179138,0.41380999999999996,0.00820892874321069,0.3457073389511951,0.042813596317068665,0.6542926610488049,0.04281359631706868,0.0,0.0,0.0,0.0,82.73335222228881,5.932274386668965,93.99224250739118,6.538965524649933,97.51096436735044,6.208702241858914,96.72234356505541,6.6357789051807154,2.0426192434384287,0.23130691564222797,1.8352034094731373,0.19033046582070867,1.8228220797160006,0.1841896335400426,0.06868286943939308,0.0140375193099024,18518922.539541833,1996217.503876002,17332376.99194886,1839703.8019171904,0.05465981125659353,0.006224132669863357,2.7453028078150714,0.3007514246691341,0.5139069436436061,0.01839359688622458,0.4603454216353239,0.018313266528923035,0.00814828870668528,0.004651731490931763,0.11347884685769043,0.012850384202346025,0.1278235913269756,0.019658866562318817,31.25612711519143,13.178063829405454,0.574337320981787,0.1190863934302536,,,,,,,,,0.1550482644967143,0.03937720436620176,0.11962986970752969,0.01759554577397337,0.20656421843422676,0.015368383375823844,0.9999933333333333,1.3333333333287456e-05,0.92598,0.031446298845986785,0.0,0.0,0.96577,0.0031552672012226035,0.0991198333333333,0.0038052963601918057,0.0,0.0,0.0,0.0,0.18960293040293036,0.047141023021036565,1301.3182401804759,147.75648374518806,2441.781322115788,276.71175953917304,84.99676169709403,9.49824662404217,82.46722179217306,4.6611036968922095,0.0,0.0,0.29702447607884697,0.012535462571610902,0.8403438888888889,0.02034556236783028,5.476878944823043e-08,6.196229978625972e-09,0.0,0.0,,,,,,,,,,,,,,,,,,,,,,,,,,,,,,,,,,,,,,,,,,,,,,,,,,,,,,,,,,,,,,,,,,,,,,,,,,,,,,,,,,
balanced_agentic,mixed_stress,PPO,5,150.0,0.0,300.0,0.0,690961281.2,261278220.8318473,1.0,0.0,267.553891400015,9.782401107503151,200.0,0.0,0.0,0.0,0.8754929148312691,0.05155323734207548,0.840265712423311,0.05453847714840791,0.438,0.384559488245967,1.0,0.0,0.12451404441558418,0.05156433074981125,0.15973428757668884,0.05453847714840792,0.16784812343955,0.05391435582560881,24.902808883116847,10.312866149962254,0.12451404441558418,0.05156433074981125,-0.042557238269235194,0.07705294933668247,-0.07508877947840482,0.07522272651820153,0.00026628404497147765,0.00020743285761718537,0.0027917354680206,0.002290977535325231,0.003399310041844838,0.002774838867308802,0.24149600127916776,0.07822453306335543,0.2750887794784048,0.07522272651820154,0.28286813357542473,0.07446016229915588,0.8626668793600161,0.006771133248024444,0.9104028707036459,0.008215356308480918,0.40297666666666665,0.003986346140961116,0.49883441540605944,0.04856804289819342,0.500899300548969,0.048565502263211685,0.0,0.0,0.0,0.0,90.56124221932473,7.963305466958584,103.29778608488724,8.832419612176874,108.05451771572628,9.948480205332707,106.61652408781815,9.720161908049867,2.707733385149221,0.26327866978332254,2.476661255376299,0.2783354374917475,2.4546906354653295,0.2725381480892579,0.05375611287055352,0.0062254886350122714,28449265.996952526,3914858.2228674665,27230837.95178626,3683271.9073619596,0.03586331702623806,0.005149983504922596,2.602707125864621,0.26436339150133464,0.6599595354017571,0.021847683013649453,0.5992506893995858,0.014747093196021913,0.0,0.0,0.15042963250828997,0.014626592765740135,0.16384203607731654,0.015140633020480118,67.33144106650477,30.52394758786261,0.26677200224419495,0.1984967913753999,24.637569114567007,1.790413967267241,0.13216767443948907,0.011183999798211863,,,,,0.38656572758242136,0.09399586396666161,0.1325151464408047,0.040402749755723846,0.2537871590110162,0.03756213463910474,0.9995099999999999,0.0002952588318370253,0.07977999999999998,0.10368325505006958,0.00018333333333329336,0.00014220486005130532,0.9912733333333333,0.00377966194843462,0.1518936666666666,0.006285604068027206,0.0,0.0,0.0,0.0,0.1164615384615384,0.01646016547073148,1933.0285661588375,244.0995618894759,3124.882133836351,339.4307404459647,86.9248573390477,12.022228077262323,90.81161192522936,6.420708738002026,0.00013333333333330951,0.00016329931618552857,0.3589084196844657,0.11613420938828653,0.7542616666666666,0.028154048847587546,3.5877874001023836e-08,5.155060641875027e-09,0.0,0.0,,,,,0.02216319303688536,0.007939531854728375,0.01652148962761654,0.005366082850097718,0.00283666666666664,0.005220689609620532,0.29789423305686974,0.10485745294037441,0.0007446557191397145,0.00045684572152752425,0.00016289044050063614,0.00010627447120100755,0.0006176558080363609,0.0003731795137055385,0.0006176558080363609,0.0003731795137055385,0.0,0.0,0.0,0.0,0.0,0.0,0.297894233054798,0.10485745294224537,0.8924113680678726,0.3141248559017533,0.0003034728979659714,0.00022762653406694725,0.4856669280071587,0.33833104592741486,0.07913325876031604,0.10315619196380567,0.4347334498940586,0.2804390669262766,0.00016289044050063614,0.00010627447120100755,0.0003034728979659714,0.00022762653406694725,0.4856669280071587,0.33833104592741486,0.07913325876031604,0.10315619196380567,0.4347334498940586,0.2804390669262766,0.00016289044050063614,0.00010627447120100755,,,,,,,,,,,,,,,,,,,,,,,,,,,,,,,,
balanced_agentic,mixed_stress,PPO-Lagrangian,5,150.0,0.0,300.0,0.0,690961281.2,261278220.8318473,1.0,0.0,266.61783722001127,11.520029096061073,200.0,0.0,0.0,0.0,0.8883725110499654,0.023646372725068573,0.8586892661806887,0.020355746453737993,0.39299999999999996,0.322917946234024,1.0,0.0,0.11162748895003438,0.023646372725068608,0.14131073381931122,0.020355746453738045,0.15283349127110957,0.01918361923299514,22.325497790006885,4.729274545013724,0.11162748895003438,0.023646372725068608,0.02676071545506204,0.03381041552699347,-0.00431417369208628,0.04126980839780299,0.0001924400927939148,0.00012867068457144253,0.00091345146830882,0.0018269029366176403,0.0010909919417957947,0.0019014515344312282,0.15865728987502561,0.046108481129317,0.20431417369208624,0.04126980839780301,0.21842404003325305,0.03814688029337125,0.8677127727861957,0.011303919362604964,0.9165913987286671,0.012427629644714729,0.40496333333333334,0.004568556786460129,0.42966078938400265,0.05399403734109269,0.5701467705232033,0.05397002634064241,0.0,0.0,0.0,0.0,96.45678918079811,7.062702356269169,110.60446245096225,9.56225539134691,115.95093375145868,11.146071815016093,114.49366228933839,10.744663168519002,2.355792561962853,0.29238203011376335,2.121525529194452,0.28423007743983947,2.102801919846398,0.27212849557476865,0.06501989356112522,0.010274774812540969,31773342.6538933,3313559.417893567,29932495.381252874,2937366.9840652323,0.03184135935197888,0.0034524938876285484,2.169680934247133,0.3944660911514893,0.667800214770339,0.01768278895321533,0.5977854665105364,0.011926933163001233,0.0,0.0,0.1308773645534918,0.016243446117431313,0.14511418480578608,0.017270185961150156,75.2454262262194,12.213699561939698,0.1777312420021605,0.036047884644259474,24.644923088030605,1.7839267943590833,0.15892923277864357,0.055980620837545784,,,,,0.2814441832757951,0.19507453167152722,0.11850876548986122,0.01547242488480527,0.2259686982875356,0.02425895730806172,0.9997133333333335,0.00019983326383105432,0.05008999999999998,0.04112112811898257,0.00013666666666664666,9.153020145162482e-05,0.9841733333333333,0.009086024677736837,0.14268733333333328,0.009681441659748382,0.0,0.0,0.0,0.0,0.1217494505494505,0.0900025754140198,1831.3722005912525,190.48463798956712,2638.172756547562,348.8068637101147,97.6189929155984,10.05955687533537,95.71488854059156,5.635777664878554,0.00010476190476187905,9.233675918885466e-05,0.23734228259872792,0.062292383293212586,0.7737575,0.025679439651856376,3.186674972301343e-08,3.44091376514247e-09,0.0,0.0,,,,,0.00990002337111978,0.005131157251107502,0.00789801445798346,0.003725131834124536,0.00350333333333332,0.004361961842005384,0.18273634034994551,0.12041019100576504,0.00047543770417743283,0.0003742605892496463,0.00012799736934570802,0.00010000336272583004,0.0003478760767929989,0.000279827722867054,0.0003478760767929989,0.000279827722867054,0.0,0.0,0.0,0.0,0.0,0.0,0.18273634034806485,0.12041019100357077,0.5474291523318444,0.3607166952541974,0.00021433943613533655,0.0001672939815979751,0.8229153374747499,0.1666210919918217,0.050013462632656824,0.040770713622635506,0.1267288630871121,0.13849710527791842,0.00012799736934570802,0.00010000336272583004,0.00021433943613533655,0.0001672939815979751,0.8229153374747499,0.1666210919918217,0.050013462632656824,0.040770713622635506,0.1267288630871121,0.13849710527791842,0.00012799736934570802,0.00010000336272583004,,,,,,,,,,,,,,,,,,,,,,,,,,,,,,,,
balanced_agentic,mixed_stress,PPO_CMDP,5,150.0,0.0,300.0,0.0,690961281.2,261278220.8318473,1.0,0.0,272.14205237999556,4.344263892369205,200.0,0.0,0.0,0.0,0.88637076394962,0.03505012362135607,0.8499610370578902,0.038939709527962385,0.42300000000000004,0.38666005741477877,1.0,0.0,0.11362923605037989,0.03505012362135606,0.15003896294210986,0.03893970952796234,0.1610883416001891,0.03763321807923487,22.72584721007598,7.010024724271211,0.11362923605037989,0.03505012362135606,-0.05161213656368537,0.052761051403485096,-0.08389611960209073,0.04886374311303036,0.0001476823842905,8.034599915912079e-05,4.329004329002e-05,8.658008658004e-05,0.0010497068384450398,0.0018500966324670961,0.2515405298928374,0.05285008205699266,0.2838961196020907,0.04886374311303036,0.2922607837504168,0.048508453632184534,0.8572513597063001,0.016083729989593433,0.9059798537713546,0.01323314780671451,0.4022266666666667,0.0051127465982363455,0.5250286399323023,0.026457218866781405,0.4748236776834071,0.026458070110214848,0.0,0.0,0.0,0.0,90.01156775403531,8.846835077792374,101.56893079005256,9.745257988517633,105.52457762866621,10.37040199631622,104.52527664399383,10.063440879953408,2.875068582591169,0.13567797384581495,2.6341884020014072,0.1517111797839756,2.616826543561228,0.15342263307453255,0.0532885647697553,0.006016341671729,29277376.96320321,2994701.94362577,28015116.295766164,2813586.3779029488,0.03453457650849272,0.0035859138753844763,2.6749321076594788,0.38300347883442415,0.650283670118372,0.011115743761381969,0.5938872093731286,0.007239864121229481,0.0,0.0,0.15972603236617602,0.007537665213656361,0.17340078600139544,0.007543635639315525,77.59478960224035,16.4760254519683,0.16452503426973034,0.04124954804774641,22.497194582184438,3.1769705786406988,0.1268640647601539,0.011179455731412345,,,,,0.37184508805424776,0.07045070642498436,0.12324728041502656,0.025339676107796336,0.23717374211660508,0.02513255595241111,0.9987833333333332,0.0020117433014953325,0.00921999999999996,0.0069430172755718216,0.0001033333333333,5.617433182115397e-05,0.9895833333333333,0.008266780913189163,0.15172199999999997,0.007432167427249387,0.0,0.0,0.0,0.0,0.11326300366300364,0.03803990532075468,2085.4444063450765,81.53721456198376,3300.2508313390645,216.48943560897635,85.70120174768348,11.092650732264918,90.19777785440219,7.540900732843781,0.00012380952380947906,7.126966450994369e-05,0.3739834234511716,0.07427682161326367,0.7558343055555554,0.03939298667565578,3.454272313763288e-08,3.5859134932975846e-09,0.0,0.0,,,,,0.029102391031829482,0.009321168939471212,0.021129928415344643,0.010133374589350966,0.01811666666666664,0.020604430483649776,0.26770961421649037,0.05572746778906846,0.00038501144191983476,0.00022427921708217146,9.990034437942221e-05,6.111386862146346e-05,0.0003660442953585416,0.00027177011126081627,0.0003660442953585416,0.00027177011126081627,0.0,0.0,0.0,0.0,0.0,0.0,0.2677096142229255,0.055727467792336116,0.8019863312683064,0.16694457378894176,0.0010830924049704091,0.0018714275538066385,0.511520743088995,0.24993134334010983,0.009204141721893638,0.007069294382084303,0.47809212243976146,0.24475673168306647,9.990034437942221e-05,6.111386862146346e-05,0.0010830924049704091,0.0018714275538066385,0.511520743088995,0.24993134334010983,0.009204141721893638,0.007069294382084303,0.47809212243976146,0.24475673168306647,9.990034437942221e-05,6.111386862146346e-05,,,,,,,,,,,,,,,,,,,,,,,,,,,,,,,,
balanced_agentic,nominal,Intent-PPO-CMDP,5,150.0,0.0,300.0,0.0,999083877.0,498709197.5315023,0.0,0.0,320.147677999991,7.298897258581943,200.0,0.0,0.014000000000000002,0.018275666882497064,0.9554231435511171,0.016951616387246515,0.9302349569157157,0.019847830120569537,0.9969999999999999,0.006000000000000005,0.986,0.018275666882497082,0.044576856448882804,0.016951616387246494,0.06976504308428409,0.019847830120569503,0.07586729968775556,0.02034243529679642,8.915371289776564,3.3903232774492964,0.04492529895877248,0.016580930715420005,-0.006962842525206579,0.04781390734777882,-0.030594756436995656,0.051973027983967614,0.0184866009390822,0.009881983985662385,0.035192473831619456,0.012223164869465465,0.0390604630113653,0.011632374667650427,0.18978395491447808,0.06733046104395853,0.22587617245535335,0.05729048316006378,0.23534843020128465,0.056198447099521494,0.7276199571253271,0.0620538729614771,0.8489880774223589,0.030291296564350385,0.24524666666666667,0.022385268965698545,0.8137855268150073,0.09332335623195055,0.1677278722459104,0.09615458678520215,0.0,0.0,0.0,0.0,59.98991302155114,16.22320495397841,76.7094061382195,16.483732364657516,84.01841999610694,16.564988584008027,81.44025783238335,16.560710245654967,2.682122976336836,0.31681188104807645,2.3839849382159306,0.27078050840166606,2.3670760801950825,0.26640878529894146,0.06448476905460285,0.004743613339818972,28623241.82772311,5562083.258192803,26864983.729678072,5155316.1447173385,0.0363736444825983,0.007464960210647105,1.6514273852480759,0.16368889634510472,0.664967842531288,0.025972180803367488,0.5994128825048148,0.020118706545605703,0.0,0.0,0.14900683201871306,0.01760066005822646,0.16352298256289471,0.018732231900405735,54.589951546664246,7.7892256859019495,0.19121176724314756,0.02407439928295661,19.763335581687688,1.8238640265105095,0.10548133996253935,0.01917164773982287,,,,,0.3932181605429696,0.15538659865053772,0.06940761367179278,0.01452338582478271,0.2186419109462885,0.01711005800613922,0.9892066666666667,0.005511489010341166,0.06700666666666666,0.035618073751647175,0.008163333333333281,0.004346945287593722,0.98985,0.00785523887464781,0.1527798333333333,0.014667254679500644,0.6899066666666667,0.050525912603776355,0.05025283333333328,0.0086226925351398,0.12396190476190469,0.04304947030831582,2603.3866734862763,339.2308026867968,2724.519447102522,305.9082755361679,65.66861426465627,18.02574831542114,56.13757382637671,15.175881047486298,0.00683809523809518,0.0036168665106704125,0.19038613231800944,0.06840668715289121,0.5612308333333335,0.081266312752976,3.6425647071747735e-08,7.475339568364993e-09,0.0,0.0,,,,,0.02006612154960156,0.0074735326737002976,0.015258762896205341,0.005839306471401642,0.004399999999999999,0.008278707628609674,0.33144098593341104,0.11076174761121473,0.39738693336830433,0.24138182295230054,0.11816104563036323,0.07654113379760792,0.29008324134565905,0.17168359450574855,0.3946934427960821,0.239477656324116,0.11021870063415766,0.07260193434412134,0.10461020145042299,0.06887408896363216,0.11012666666666664,0.07271372299030705,0.31377963616323035,0.12443084904982395,0.9399997828382182,0.3727615103242826,0.0026221206730806528,0.0028394631648435737,0.4953142132584204,0.3570329027905706,0.06726818169134235,0.03585222105493446,0.4267160028319668,0.3263684777306488,0.00807948154518964,0.0043597925892750935,0.0026221206730806528,0.0028394631648435737,0.4953142132584204,0.3570329027905706,0.06726818169134235,0.03585222105493446,0.4267160028319668,0.3263684777306488,0.00807948154518964,0.0043597925892750935,,,,,,,,,,,,,,,,,,,,,,,,,,,,,,,,
balanced_agentic,nominal,Intent-PPO-CMDP-FullPolicy-NoShield,5,150.0,0.0,300.0,0.0,999083877.0,498709197.5315023,1.0,0.0,320.147677999991,7.298897258581943,200.0,0.0,0.001,0.002,0.7918867016979265,0.09710231229668065,0.732436225692099,0.09928874427971579,0.213,0.37343808054348177,0.999,0.0020000000000000018,0.6258422247163535,0.48007613162978713,0.8243735842154429,0.5578632332339966,0.9005281931703737,0.5851158801865508,125.16844494327071,96.01522632595741,0.6258769207841317,0.48003339888330904,-0.20702880275951827,0.16801902245531583,-0.27322642822968596,0.19052252890106244,0.2625939470018539,0.17179978304397409,0.33264608757679937,0.19103867957333232,0.3566373863384818,0.19755219379865416,0.20710109179792088,0.06805393642491782,0.24681948718634192,0.06050598962919318,0.26057496022532445,0.05938291967015528,0.7240804162685708,0.04841280720614335,0.8478897433078558,0.030604220297269263,0.2564933333333333,0.019488702140242956,0.6179406858558646,0.12866877665739257,0.11946536714228144,0.09535933722839166,0.0,0.0,0.0,0.0,46.59573195537306,18.55856623953176,62.2217033347163,20.984063468413726,69.31444775603106,22.394011194414844,67.81019846329667,21.442383766007396,2.0878419915380237,0.43733640663328827,1.7798896723053166,0.41270837329795784,1.7401721712302325,0.40991976397185276,0.09831463367438649,0.025294117439238165,27141259.51920134,5619915.723574057,25233553.463664483,5221302.606390657,0.03841776299922078,0.007769078950848363,1.0740381545297735,0.40929273186851045,0.6242796530244232,0.06442558117435056,0.5480690832270639,0.06910933071547144,0.002234206780411,0.0036680177027030012,0.1159912217521124,0.0242964670351827,0.13393300238797923,0.024577895078231805,28.57134095002728,19.384059340732485,0.8899525581796732,0.9903231302368919,19.763335581687688,1.8238640265105095,0.10548133996253935,0.01917164773982287,,,,,0.5751722121882681,0.2412172476797548,0.6565406323448192,0.48993813579944273,0.8557299707619792,0.5377457116200691,0.8620733333333334,0.09683848385613822,0.07405333333333329,0.044939987637836395,0.11543666666666663,0.07514910763128047,0.9828333333333333,0.007801075424438465,0.19956849999999998,0.06390865381194909,0.0,0.0,0.0,0.0,0.18810549450549446,0.0785157017949706,1974.3081217271908,439.9895146854416,2148.975613743857,436.9475532339409,47.00139572863104,22.799055595512154,45.49121672132436,16.184173778150527,0.09712380952380952,0.06135791137238834,0.21258287866753184,0.06722581292576096,0.42355236111111105,0.15217308677761984,3.8514694361995875e-08,7.792141821050456e-09,0.0,0.0,,,,,0.02089041980434028,0.007111046634108286,0.01635038240385184,0.0054788859344601995,0.0030933333333333203,0.003816988341611741,0.34944288842195076,0.12130992607460186,0.38011120224982675,0.22069676233119717,0.1158603699746689,0.07506345335431582,0.3143331878324225,0.1922348071459974,0.3143331878324225,0.1922348071459974,0.0,0.0,0.0,0.0,0.0,0.0,0.34944288835809456,0.12130992604230101,1.0468373384182683,0.3634120605473689,0.02250753277703523,0.02480152554610389,0.4463338706260041,0.34168895272550415,0.07464272488230303,0.04584110979771515,0.34065550173998854,0.2721863500374747,0.1158603699746689,0.07506345335431582,0.02250753277703523,0.02480152554610389,0.4463338706260041,0.34168895272550415,0.07464272488230303,0.04584110979771515,0.34065550173998854,0.2721863500374747,0.1158603699746689,0.07506345335431582,,,,,,,,,,,,,,,,,,,,,,,,,,,,,,,,
balanced_agentic,nominal,Intent-PPO-CMDP-NoRisk,5,150.0,0.0,300.0,0.0,999083877.0,498709197.5315023,0.0,0.0,274.6141810200061,5.506362305433448,200.0,0.0,0.001,0.002,0.9496775504334565,0.016346226655076446,0.9274205097223369,0.019312337600664326,0.9970000000000001,0.0040000000000000036,0.999,0.0020000000000000018,0.05032244956654343,0.016346226655076467,0.07257949027766297,0.019312337600664305,0.07916032277161478,0.018744582039512948,10.064489913308694,3.269245331015292,0.05035577974443006,0.016311338068319425,0.00547940485641836,0.060962271579955256,-0.01713923130564444,0.06451491421477885,0.0003772974613265544,0.0004053706633392176,0.00308341519391108,0.0037793049193701593,0.003711670758042614,0.0044506028395156615,0.180658679698602,0.07308019981817816,0.21710884806880956,0.06454721147472975,0.22672454260109176,0.06222352398612904,0.6911687076636122,0.11452611861933677,0.8335833171067565,0.031071814246211464,0.23351333333333324,0.037662259919211225,0.7815505750605433,0.13702868597869,0.21807212747813018,0.13737635097913697,0.0,0.0,0.0,0.0,64.29560979306699,22.969254433113417,82.00725098640352,22.67911227365014,87.78746252785287,21.965875370665966,85.95709663814748,22.621744136251813,2.5553507411480796,0.4345094092202597,2.269426670372815,0.36448940332211127,2.2476554797173582,0.3544832163488804,0.06774846030954575,0.008357852086954696,29298383.097226776,4332207.493909952,27460620.774697006,3782130.4932092256,0.03488805057103448,0.005186266611987703,1.5819265280762622,0.30903934027267116,0.680077407284134,0.020454330364223176,0.6117021672963785,0.009645346364438813,0.0,0.0,0.14196393006378213,0.02413941162334773,0.15751569185481093,0.027195305873728266,47.11882345300738,10.153732525462937,0.25116548493976476,0.09943879357652208,20.693185967730553,2.4289579678812494,0.1035148091577011,0.018437312337111388,,,,,0.2448738739329439,0.11239712502994176,0.0711746916607452,0.01285832895126978,0.20894489988642123,0.021995742102931166,0.9968666666666666,0.0038765964453370983,0.0401133333333333,0.029117214076136398,0.00015999999999997998,0.00017275544693130603,0.9866766666666666,0.010772148243399615,0.15592466666666663,0.026725311964710757,0.0,0.0,0.0,0.0,0.09251282051282046,0.045498875171343885,2425.1860372542988,454.112852585108,2625.4394278601158,426.52531086523646,69.43266919394108,26.111935179956575,60.68335523723042,21.06417323357972,0.00016190476190472953,0.00021633936555426672,0.18540038510422538,0.07465931287110616,0.5792823611111111,0.12335622512591254,3.4940252671564674e-08,5.184819704338893e-09,0.0,0.0,,,,,0.02576155114873242,0.03257745587470832,0.01068608690160138,0.009039645162605286,0.00110666666666664,0.0013557531732091125,0.25108103858859676,0.13802752726955572,0.0009052719853860601,0.0009995139514816852,0.0001628464405242264,0.00013382907820270695,0.014005600325402759,0.018259663788768043,0.014005600325402759,0.018259663788768043,0.0,0.0,0.0,0.0,0.0,0.0,0.25108103858763997,0.13802752726661746,0.7521715705744481,0.41349351807145945,0.0030550548000789707,0.0037661803294439114,0.573667756499397,0.41728203180850343,0.04050549622122772,0.029592433064673827,0.38260884603877193,0.3851070317444172,0.0001628464405242264,0.00013382907820270695,0.0030550548000789707,0.0037661803294439114,0.573667756499397,0.41728203180850343,0.04050549622122772,0.029592433064673827,0.38260884603877193,0.3851070317444172,0.0001628464405242264,0.00013382907820270695,,,,,,,,,,,,,,,,,,,,,,,,,,,,,,,,
balanced_agentic,nominal,MaxWeight,5,150.0,0.0,300.0,0.0,999083877.0,498709197.5315023,0.0,0.0,1.4279980678111315e-05,4.682918067213788e-06,200.0,0.0,0.004,0.008,0.921428698489114,0.021455481080921327,0.8924326516467442,0.021901558694466215,0.747,0.20920325045275948,0.9960000000000001,0.008000000000000007,0.07857130151088595,0.021455481080921355,0.10756734835325568,0.021901558694466212,0.1142904920669873,0.02146482713853334,15.7142603021772,4.29109621618427,0.07873654247203951,0.02116269675212267,0.05066258854722998,0.01300376591614175,0.02020587437354626,0.0447778982352991,0.0,0.0,0.0,0.0,0.0,0.0,0.13461558240407484,0.018747076150485945,0.17979412562645364,0.04477789823529914,0.19254869412999906,0.04602346046136133,0.8026301860177837,0.06367220830114145,0.8920859489740884,0.014690089402719642,0.27394666666666667,0.019765917355106227,0.5772301453780126,0.0745245317858054,0.42276985462198713,0.07452453178580536,0.0,0.0,0.0,0.0,65.00000151436856,9.73819471116101,79.7664655095089,8.720794870794672,86.41729990482948,9.310810244278803,84.62124840017381,9.086351581964056,2.0514142732106757,0.2132423444461716,1.8552220619621402,0.16781699464511024,1.841471885626678,0.16659556566793565,0.07043468678071454,0.023187851549448135,18103347.185534813,1974721.4368825646,16808590.405144066,1756170.5966392981,0.05596062240078582,0.006473787184966087,2.2147794212410825,0.3665108501531226,0.5248793852828382,0.02767899863300876,0.47033752363346704,0.021897929518333522,0.006523693218428441,0.003259565259311251,0.11396745962281525,0.011846796913676155,0.12921198642813275,0.02190480815199579,-14.459001551448276,14.267329912507194,1.0066358723691757,0.8366961890845209,,,,,,,,,0.16190706593867638,0.05315010304204548,0.06576478314842191,0.017487166481160808,0.1735108563007532,0.004614638313611342,0.9988733333333334,0.0021951613456266035,0.90504,0.07195211880132517,0.0,0.0,0.9420433333333333,0.009734946213399293,0.09474399999999997,0.014344514654273471,0.0,0.0,0.0,0.0,0.1926315018315018,0.04646715990218695,1747.6706949618565,174.15413853876328,2214.9685076523465,235.23207291441094,71.62941190070975,11.472412992654373,62.17912112235486,8.923476246668358,0.0,0.0,0.12917131622433725,0.017676891296478772,0.753973611111111,0.06509738396519976,5.6119172202462947e-08,6.392407042814254e-09,0.0,0.0,,,,,,,,,,,,,,,,,,,,,,,,,,,,,,,,,,,,,,,,,,,,,,,,,,,,,,,,,,,,,,,,,,,,,,,,,,,,,,,,,,
balanced_agentic,nominal,PPO,5,150.0,0.0,300.0,0.0,999083877.0,498709197.5315023,0.0,0.0,267.553891400015,9.782401107503151,200.0,0.0,0.07,0.13255187663703596,0.9601164945781084,0.026556080611067737,0.9361944564905637,0.03333032901176085,0.954,0.092,0.93,0.13255187663703594,0.03988350542189146,0.026556080611067685,0.0638055435094363,0.03333032901176083,0.06962942182771525,0.03589669305400343,7.976701084378304,5.311216122213538,0.0408188672088033,0.025540545514722686,0.0047486905168576,0.055816046549031065,-0.02076693275074342,0.05804964421543238,0.0006832954454799438,0.00038535362986201493,0.006098685028638759,0.003090610188487181,0.008409243720505924,0.004813740964842399,0.18952528239876798,0.06100829003105129,0.22076693275074338,0.058049644215432426,0.23054531554529376,0.05699023717052316,0.7324122059277638,0.03674646565689434,0.8429883705817698,0.01777923017759882,0.24801999999999996,0.013724537636413583,0.8275817360908497,0.08272503465972066,0.17173496846367026,0.08296051561991354,0.0,0.0,0.0,0.0,62.370905357556374,14.645415100224819,79.482777922001,14.520866340631107,86.3168569467147,13.19137325547222,84.5001239158697,14.285326717205209,2.703120793452308,0.23908608766004272,2.443137960762025,0.21108685321804466,2.413999149037518,0.19741138094227498,0.058966496917852364,0.004368645489449484,28483578.641046476,3859437.809721008,26995932.027375497,3579877.8490475137,0.035778788214924875,0.004941104630855184,1.7445734128783852,0.15418230892791593,0.6773593774828033,0.02246092071289931,0.6129048653870238,0.01982942999298046,0.0,0.0,0.1501733774140171,0.013282560425557956,0.16369650062089758,0.014629618963700429,53.525251635151676,14.203131049919826,0.2156585143856789,0.06131246776729108,24.637569114567007,1.790413967267241,0.13216767443948907,0.011183999798211863,,,,,0.3875385968498365,0.07943972119749995,0.06503640520397438,0.02117382182155497,0.2150725400795487,0.020002217464727964,0.99796,0.002292320512784642,0.07854333333333327,0.10205763926984265,0.0002899999999999667,0.00016213848676020003,0.9914166666666666,0.0034984599786509617,0.1540793333333333,0.013351827313559382,0.0,0.0,0.0,0.0,0.1425377289377289,0.017467927363056378,2626.1594927054466,255.18129354652893,2744.561493854465,237.75794915439528,68.64092178402957,16.1290094524967,57.88429215785874,13.325172083241176,0.0002571428571428095,0.00015532863266952204,0.18940079264344015,0.06604682297812235,0.5871459722222222,0.07338116142790133,3.580736820999612e-08,4.943893646200817e-09,0.0,0.0,,,,,0.02244742763259998,0.008165275652105388,0.01697661317747638,0.005505672081080544,0.0026833333333333266,0.005152216351564945,0.3003054181484345,0.10919742485684468,0.0011695021214994015,0.0007359780036873747,0.0002564482157980944,0.00014522955326801306,0.008886061997956161,0.013251343664604079,0.008886061997956161,0.013251343664604079,0.0,0.0,0.0,0.0,0.0,0.0,0.30030541815698836,0.10919742485412828,0.8996346330960169,0.3271262498244989,0.001766542482035659,0.0022315304949771146,0.5019832935485933,0.3429845011382967,0.07865380605148935,0.101874639720952,0.4173399097020834,0.27929662868807326,0.0002564482157980944,0.00014522955326801306,0.001766542482035659,0.0022315304949771146,0.5019832935485933,0.3429845011382967,0.07865380605148935,0.101874639720952,0.4173399097020834,0.27929662868807326,0.0002564482157980944,0.00014522955326801306,,,,,,,,,,,,,,,,,,,,,,,,,,,,,,,,
balanced_agentic,nominal,PPO-Lagrangian,5,150.0,0.0,300.0,0.0,999083877.0,498709197.5315023,0.0,0.0,266.61783722001127,11.520029096061073,200.0,0.0,0.03200000000000001,0.03385262175962151,0.9640525185765977,0.020608561042591345,0.9393587471499982,0.025771240840382098,0.99,0.013784048752090234,0.968,0.03385262175962149,0.035947481423402164,0.02060856104259128,0.06064125285000157,0.02577124084038208,0.06644059748744602,0.02781178598041306,7.189496284680447,4.121712208518256,0.03656764822322864,0.0200803672614229,0.04459154440980308,0.015512143963801295,0.022067716723426077,0.024600946262500728,0.0004051625245679487,0.0003212233441460022,0.0043348493244203,0.0035465991539471555,0.004730736375479689,0.0038243113393090587,0.13082091936520707,0.03601391475491874,0.1761771957025699,0.02685913428517021,0.18952980603851238,0.024066195256031247,0.7726044080331989,0.02348778998030381,0.8520210549868649,0.018434588525778728,0.2620433333333333,0.006549296824002477,0.709452457211188,0.09011738544185689,0.29014238026424416,0.09002968204934216,0.0,0.0,0.0,0.0,78.53658175985122,12.512840122045162,96.136055872142,12.482917568414917,101.10851918307273,12.496775625312216,100.15784825896179,12.74566499165865,2.339527734091074,0.28031459951348076,2.09850177425603,0.2933628987519758,2.078043358694685,0.2920193431660214,0.06594149316936182,0.011299517595042887,31596678.55104679,3094641.193577536,29423958.408085145,2635997.324131998,0.03196461196017036,0.0032307246687952305,1.7358399760361842,0.24829130547401027,0.6905592096911194,0.014008571393930936,0.6184473753587642,0.012649719246631446,0.0,0.0,0.1299737630050596,0.015573033306304482,0.14328178401492644,0.015099995942254106,46.79586998182107,15.575280068183872,0.2827885691697146,0.13912272437979056,24.644923088030605,1.7839267943590833,0.15892923277864357,0.055980620837545784,,,,,0.2859839479496851,0.20084233565671628,0.06284539485188004,0.021060002295329023,0.21088917283057168,0.025930214911110968,0.9994866666666666,0.00034998412662413594,0.0483633333333333,0.03963847653760448,0.00017999999999998,0.00014197026292697308,0.98309,0.009363959276573854,0.13748783333333328,0.01130036568484007,0.0,0.0,0.0,0.0,0.12320439560439558,0.09300539965802516,2203.6674654729654,319.3788114947035,2412.6832633469794,263.28832578656096,86.28254231422828,13.217648422658838,73.64155442081207,12.192493579569732,0.00018095238095236,0.00015178454714769068,0.13085523657541798,0.028856320297741513,0.6666363888888889,0.04700583055754164,3.201795283110717e-08,3.2251960917498606e-09,0.0,0.0,,,,,0.0103728426725748,0.005707362894302668,0.008046870521736358,0.0039116815638322545,0.0035833333333332995,0.004411474936017518,0.19254783310672174,0.13351880476454453,0.0005914534150029867,0.00045895589831137314,0.00017247164752661376,0.0001294744039793485,0.0005913329500603961,0.000394275328273823,0.0005913329500603961,0.000394275328273823,0.0,0.0,0.0,0.0,0.0,0.0,0.19254783310508752,0.13351880476550812,0.5768217578357983,0.3999865925623871,0.00031573336555408327,0.000212389918648266,0.8172767182466121,0.1748643127102022,0.048767778348610805,0.0401216253660561,0.1334672983916963,0.14439422876225141,0.00017247164752661376,0.0001294744039793485,0.00031573336555408327,0.000212389918648266,0.8172767182466121,0.1748643127102022,0.048767778348610805,0.0401216253660561,0.1334672983916963,0.14439422876225141,0.00017247164752661376,0.0001294744039793485,,,,,,,,,,,,,,,,,,,,,,,,,,,,,,,,
balanced_agentic,nominal,PPO_CMDP,5,150.0,0.0,300.0,0.0,999083877.0,498709197.5315023,0.0,0.0,272.14205237999556,4.344263892369205,200.0,0.0,0.048,0.033555923471125036,0.9705272556432286,0.020141347345047435,0.9471792662123681,0.022379923109432816,0.994,0.01200000000000001,0.952,0.03355592347112501,0.029472744356771174,0.020141347345047456,0.05282073378763168,0.022379923109432803,0.06107127102948926,0.024353710709277335,5.8945488713542495,4.0282694690094925,0.030432675166720442,0.019735297804278993,0.002906713887175441,0.043350992344299,-0.024865927405499057,0.043896789094327815,0.00039591977350030336,0.0003083120718773004,0.0043425989779398,0.0035727366565417988,0.005587041208224343,0.004563770383411904,0.1939923318114784,0.04709014034136532,0.22486592740549907,0.04389678909432788,0.2343709618910478,0.0431743247185627,0.7079217891752069,0.08760134613362192,0.8338969747076268,0.021009541314230853,0.24016333333333334,0.028866580831281147,0.8519666132426611,0.04806112107444426,0.1476374669838385,0.048202473493020405,0.0,0.0,0.0,0.0,58.92113398787851,12.343637403964632,74.89996100668398,11.4546382608056,80.5557392414252,12.586291888208393,78.76190428854459,11.421113671331891,2.790675056410886,0.18225471792536568,2.479954036281568,0.13577723060515193,2.4662594160147187,0.13475683497738306,0.06286427709829626,0.004033529435155598,29198380.746371556,3267829.363927929,27666230.0881657,3065763.13579512,0.03469067780196876,0.0039012992543991645,1.6792774572249285,0.30836689945063084,0.6704685628280459,0.010945069966267262,0.6059925780095409,0.009312751787192252,0.0,0.0,0.15503750313393805,0.010125262106964756,0.1700717221944604,0.011746683396606917,61.93735918824585,7.024689403614028,0.15779714699623468,0.01671032210830323,22.497194582184438,3.1769705786406988,0.1268640647601539,0.011179455731412345,,,,,0.37498785263666334,0.06196218859986715,0.053593061348813,0.014723658480671439,0.20941654210994626,0.020645808362353947,0.9961399999999999,0.006840050357189442,0.0114133333333333,0.010316106069852327,0.00016999999999998665,0.00013140268896283193,0.98917,0.009141537677607179,0.15445449999999994,0.01719150013330233,0.0,0.0,0.0,0.0,0.16590329670329668,0.044937143092189644,2740.6507557115865,180.6397149939744,2817.6112183258933,195.0139046402897,65.56334900920035,15.890796530586787,54.10916028198319,10.070528161969065,0.0002476190476190095,0.0002159196961667375,0.19735615226459852,0.04905834159925207,0.5749695833333333,0.08174635599133859,3.472253536929902e-08,3.908259708031364e-09,0.0,0.0,,,,,0.02955992193012958,0.009171941405990943,0.02203717598514478,0.01008933370059192,0.027013333333333313,0.02607807806483358,0.27673667777741373,0.06450740823053888,0.0007733695928845558,0.0006788055141083378,0.00016925214672222993,0.00010765421268022561,0.008287117919416939,0.014903141230107556,0.008287117919416939,0.014903141230107556,0.0,0.0,0.0,0.0,0.0,0.0,0.2767366777788759,0.06450740822940013,0.82902899689829,0.19324692471613616,0.003642186988791949,0.006659833397075169,0.5449151564419367,0.25613095452075463,0.01167911739423854,0.010504417216386208,0.4395942870283104,0.2434654851255335,0.00016925214672222993,0.00010765421268022561,0.003642186988791949,0.006659833397075169,0.5449151564419367,0.25613095452075463,0.01167911739423854,0.010504417216386208,0.4395942870283104,0.2434654851255335,0.00016925214672222993,0.00010765421268022561,,,,,,,,,,,,,,,,,,,,,,,,,,,,,,,,
latency_critical,congestion_burst,Intent-PPO-CMDP,5,150.0,0.0,300.0,0.0,1254729370.2,633539124.5077837,1.0,0.0,320.147677999991,7.298897258581943,200.0,0.0,0.001,0.002,0.8126641564558994,0.04497945206332157,0.7694600082581277,0.042165423122699476,0.034999999999999996,0.04312771730569565,0.999,0.0020000000000000018,0.18733584354410066,0.04497945206332155,0.23053999174187229,0.04216542312269939,0.23955907197663423,0.044039260277383176,37.46716870882014,8.995890412664314,0.1874804931643044,0.044840567289594575,0.07645979490457552,0.014687056164923386,0.05874408932063432,0.0197366061597247,0.02317197195480744,0.014958193053210568,0.04087914227490096,0.019998495627891893,0.04552843147719392,0.020771580092916898,0.1745000116049604,0.06856955421363292,0.2095586935812877,0.05738146708974053,0.21830970157638277,0.05439354514609987,0.8324443730636165,0.019765570161539812,0.8960457310280061,0.018101711899832645,0.37251666666666666,0.01067801999956504,0.6182617160534859,0.09043313921752162,0.3585663119917065,0.09845636922127977,0.0,0.0,0.0,0.0,76.40637432225527,11.06218120463742,88.80515318346964,11.111578948805723,94.55854424689254,11.346477295762917,92.74471721656218,11.128345370889466,2.9911451762416763,0.48004605272405154,2.737020398653365,0.4931240307894437,2.720915177027045,0.5009687783295895,0.05325378522502816,0.015015153120469435,30378983.853704773,5513121.813173263,28864085.665264778,4996065.5404277695,0.034113884490513516,0.006629945552874133,2.2887124533408545,0.46796483536036326,0.668526992376412,0.03986891198541781,0.6065963724308702,0.027461747375798637,0.0,0.0,0.16617473201342642,0.02666922515133621,0.1797548791632531,0.026097372079882327,59.506118953536614,8.116807672598641,0.17730902894126513,0.029116399315904148,19.763335581687688,1.8238640265105095,0.10548133996253935,0.01917164773982287,,,,,0.37602956756136624,0.15357893816349452,0.16106180672213213,0.04038905597268842,0.24679632961094225,0.039565217365813095,0.9850633333333333,0.009146902329325596,0.05451666666666662,0.02605340881940617,0.014489999999999958,0.009246732756312721,0.9893433333333335,0.008309483203612139,0.14400316666666663,0.00870614217090437,0.6914199999999999,0.05399074756124631,0.05051533333333328,0.009258181570913368,0.11004981684981682,0.03126938326850009,2872.410647784188,573.0044805397346,3055.079153103402,430.82674138098406,70.6472692615837,12.822107873460643,78.9862524441679,10.01428863589547,0.01759047619047614,0.012112271470760775,0.17788610647307757,0.0676899704566533,0.7228936111111111,0.028296977207091224,3.413670418952654e-08,6.623593121682927e-09,0.0,0.0,,,,,0.01943274660969564,0.007799682688193653,0.015105951520628819,0.006316373573456542,0.00311333333333332,0.005681992999330793,0.3039501645617819,0.10186748487865935,0.39175543214776376,0.2481629514737365,0.12640332614712516,0.08422998777367233,0.27017150984141813,0.16749788692509993,0.3782284630002846,0.2398367428520906,0.11220069133689954,0.07551058559402997,0.1080569531588665,0.0726556012347416,0.11239333333333326,0.07560036934066158,0.28460747421704974,0.11426586258025948,0.8526077958067015,0.3423099322971688,0.00046245919823476,0.000545157101146066,0.4948088091011799,0.3644536444696716,0.05455728475836621,0.026276486750850012,0.4357570323615829,0.340221117281968,0.014414414580636001,0.009031304792017438,,,,,,,,,,,,,,,,,,,,,0.00046245919823476,0.000545157101146066,0.4948088091011799,0.3644536444696716,0.05455728475836621,0.026276486750850012,0.4357570323615829,0.340221117281968,0.014414414580636001,0.009031304792017438,,,,,,,,,,,,
latency_critical,congestion_burst,Intent-PPO-CMDP-FullPolicy-NoShield,5,150.0,0.0,300.0,0.0,1254729370.2,633539124.5077837,1.0,0.0,320.147677999991,7.298897258581943,200.0,0.0,0.0,0.0,0.7082571564141014,0.09148552925549262,0.6574679037441348,0.09394253698171635,0.01,0.02,1.0,0.0,0.3646148922617639,0.16682048154158735,0.44409055310600365,0.19345475544169372,0.4691125445507837,0.20198861348361782,72.9229784523528,33.364096308317464,0.3646148922617639,0.16682048154158735,-0.12946217673385985,0.1730125507898668,-0.1943162771420494,0.20387454511424355,0.22946217673385988,0.17301255078986685,0.29431627714204933,0.20387454511424355,0.3117757106604827,0.20885900959483264,0.1830543122278482,0.06892323334062289,0.21759604337579494,0.0619771924802803,0.22921155467467816,0.05771759684007153,0.8382449400039442,0.023172474342960544,0.9043945378439325,0.01945631583422899,0.3863433333333333,0.019175269373741668,0.49974864896907417,0.09081877885964192,0.27078917429706595,0.13680716814725613,0.0,0.0,0.0,0.0,65.69722229758679,13.83535178281167,78.64957995499415,14.068002548555828,84.64721019383545,12.91199747726697,82.14570557775815,13.648022620731371,2.4515262539212475,0.4681710594654954,2.1270760704346023,0.4743928337485654,2.11652183430244,0.47673346634222413,0.07935832922284398,0.022279473797240077,29504055.829521496,5549658.327055536,27802647.95870633,5121823.2444972135,0.035151446615397555,0.006749426281878135,1.6805922964140858,0.5576836320308975,0.6407786916388478,0.061950294277425356,0.5641484994883044,0.058745066710333825,0.0005611070318617,0.0007228954918737534,0.13619590299562484,0.026009503303638624,0.15359204254977374,0.025934879208154713,28.381344859984672,22.0627582650688,5.822938066184461,10.528483414132358,19.763335581687688,1.8238640265105095,0.10548133996253935,0.01917164773982287,,,,,0.5137619940942069,0.19763050928642056,0.34127220082078263,0.1613867326459171,0.4529701956441782,0.18691028521537206,0.8557166666666667,0.10855814366299543,0.05142666666666664,0.02406754753697276,0.14233333333333328,0.10709254305402303,0.9818,0.008807818496464852,0.1451871666666666,0.012631315962497523,0.0,0.0,0.0,0.0,0.14754871794871788,0.04236074832552529,2351.55910920463,490.62975211270697,2505.354716460964,461.6189553351856,56.70439119707853,15.4530868775592,69.78780112540657,13.017810737812034,0.14009523809523808,0.11132472979914487,0.18552418432482276,0.0658733781519742,0.6255325,0.10002526328973377,3.519343766882386e-08,6.75889392397451e-09,0.0,0.0,,,,,0.0200768220836859,0.007572362050302017,0.01572362746863202,0.006094021395172542,0.00321666666666664,0.0053871039426475545,0.31411868586884173,0.10586790006588821,0.3985439035834683,0.25508920726276096,0.1430312212862141,0.10695678817451348,0.26458001299381617,0.16202501701506355,0.26458001299381617,0.16202501701506355,0.0,0.0,0.0,0.0,0.0,0.0,0.31411868579211005,0.10586790001473277,0.9410154847537896,0.31715188480752193,0.0019646760182922035,0.002150313661407468,0.4445130345754874,0.35107326713975984,0.051154254789243736,0.0242425293806044,0.35933681333076245,0.29283529024159893,0.1430312212862141,0.10695678817451348,,,,,,,,,,,,,,,,,,,,,0.0019646760182922035,0.002150313661407468,0.4445130345754874,0.35107326713975984,0.051154254789243736,0.0242425293806044,0.35933681333076245,0.29283529024159893,0.1430312212862141,0.10695678817451348,,,,,,,,,,,,
latency_critical,congestion_burst,Intent-PPO-CMDP-NoRisk,5,150.0,0.0,300.0,0.0,1254729370.2,633539124.5077837,1.0,0.0,274.6141810200061,5.506362305433448,200.0,0.0,0.003,0.004,0.8089644047792346,0.0714869338400079,0.7667980237165581,0.07301591100669709,0.131,0.16138153549895354,0.9970000000000001,0.0040000000000000036,0.19103559522076557,0.07148693384000791,0.23320197628344191,0.07301591100669699,0.24400185910458566,0.07563622885176058,38.20711904415312,14.297386768001584,0.19135399633816344,0.07110588524070205,0.09713745105804546,0.003842429481007782,0.09078538500224871,0.011577253126428795,0.00012603609439235347,7.050016070822915e-05,0.0,0.0,0.00012603609439235347,7.050016070822915e-05,0.16594501290048763,0.0711498177264477,0.20270990951507883,0.057863142937176336,0.2110219960376744,0.05549436869731187,0.808295237102627,0.0238583780135464,0.8726963030261577,0.01953015776483436,0.36268333333333325,0.008203325883783684,0.6038408501181582,0.13532664090016894,0.3960331137874495,0.13539398340205847,0.0,0.0,0.0,0.0,77.98302993770388,15.958813120114261,90.961082796793,16.66837949214891,96.45067908013121,17.79432984692056,94.43940346518599,17.15451589657992,2.8529667560985503,0.6306402369403363,2.604126912512873,0.6220500712754684,2.580699796224829,0.6276236002024362,0.059113510328173725,0.013284393691241786,30862481.16694014,4201059.552518436,29305187.840694387,3606969.692406082,0.03300794216671872,0.0044725882689393495,2.1181959591339026,0.38234588936411806,0.6901086042895809,0.022122202667933258,0.618048384135415,0.008626842749675701,0.0,0.0,0.1584981531165861,0.03503556871890757,0.17390584827211114,0.034896125313158444,50.131660004652694,11.030517187813096,0.24187099625462424,0.08874318361092548,20.693185967730553,2.4289579678812494,0.1035148091577011,0.018437312337111388,,,,,0.20648582736607515,0.0955818141600676,0.1598968603734963,0.05993200274839392,0.2519449209784251,0.051939507053742555,0.9998366666666667,0.00010821788720495442,0.03143666666666664,0.021858564047581488,7.666666666664667e-05,4.163331998930077e-05,0.9861666666666666,0.011361259711062973,0.14143699999999995,0.012560132724440261,0.0,0.0,0.0,0.0,0.07169523809523806,0.024716833333137834,2700.9250802735905,716.6959364330677,2934.8353507735296,586.163293245721,73.79147310456545,19.87981951592072,79.70072794191553,13.628243103457226,4.761904761904762e-05,4.2591770999996e-05,0.169730974589721,0.07153356683717277,0.7402429166666666,0.043682184237875184,3.303936904625386e-08,4.455884041774259e-09,0.0,0.0,,,,,0.026853675614954164,0.03675596435791599,0.00951482382632648,0.00810183768380851,0.01777333333333332,0.03408270594369591,0.22828946695277041,0.12815186638334405,0.00027168014029,0.0001779778557325537,7.867272868836874e-05,4.1385945185709015e-05,0.0002637376819929052,0.00026597993998777404,0.0002637376819929052,0.00026597993998777404,0.0,0.0,0.0,0.0,0.0,0.0,0.22828946695441724,0.12815186638700637,0.6838941238677849,0.3839086820517338,9.869418254798512e-05,9.280311078968897e-05,0.5697353175173914,0.42876627384800775,0.031567764636165375,0.021650514521040262,0.39851955093520675,0.40841967021815034,7.867272868836874e-05,4.1385945185709015e-05,,,,,,,,,,,,,,,,,,,,,9.869418254798512e-05,9.280311078968897e-05,0.5697353175173914,0.42876627384800775,0.031567764636165375,0.021650514521040262,0.39851955093520675,0.40841967021815034,7.867272868836874e-05,4.1385945185709015e-05,,,,,,,,,,,,
latency_critical,congestion_burst,MaxWeight,5,150.0,0.0,300.0,0.0,1254729370.2,633539124.5077837,0.0,0.0,1.775999553501606e-05,7.71404570213672e-06,200.0,0.0,0.003,0.006,0.702097254746894,0.04684766998631394,0.6606756776596898,0.02733839685432928,0.038,0.06860029154456998,0.9970000000000001,0.006000000000000005,0.29790274525310606,0.04684766998631393,0.33932432234031024,0.02733839685432929,0.34732331023322455,0.0272368799413947,59.58054905062121,9.369533997262783,0.29853638144280625,0.04563369925116996,0.1,0.0,0.1,0.0,0.0,0.0,0.0,0.0,0.0,0.0,0.12510854342289826,0.012147433541100205,0.16540770490152673,0.017086764013515655,0.1798467666544476,0.014852414857042437,0.8505674563965379,0.028244756567716255,0.9076367642403398,0.007973810296428428,0.3810433333333333,0.009436157410019545,0.4184126324553102,0.054293173227174786,0.5815873675446899,0.05429317322717479,0.0,0.0,0.0,0.0,73.74242101301587,7.3912065659214035,86.5694657603587,6.851027952370774,91.09335466938606,7.568577111089825,89.77096237362657,7.057945946012132,2.1715200797339933,0.24796357775957206,1.9682951362691177,0.19819447969791304,1.9551610535415658,0.19617936248877044,0.06891471975637267,0.02226561379626927,18695090.269874334,1985484.8654180719,17453658.13550029,1757072.747858633,0.054128452435189135,0.006150557224275491,2.571603879015585,0.3064927409613857,0.5174034465920209,0.016731887458721163,0.46623291006347667,0.012651539081461273,0.00641132244624394,0.003091661781048953,0.12064000442966624,0.013775754319976217,0.1356879487588573,0.022816931042261453,-0.8731206306057586,13.706469797858277,3.5410006223266777,4.183206918231088,,,,,,,,,0.15574889838358535,0.04104205347317856,0.19360916651239657,0.03694369287522872,0.3175720290025613,0.041579521155113854,0.9999166666666668,0.0001666666666666483,0.9236599999999999,0.035478445099336946,0.0,0.0,0.9486866666666668,0.005382537608889696,0.09270383333333325,0.004143464083482707,0.0,0.0,0.0,0.0,0.18446593406593403,0.03225276288655125,1851.7094324193731,243.2200878510195,2343.7258129034044,251.66354394919858,73.16874309001611,9.694078887585695,74.28921310031738,6.108584561764623,0.0,0.0,0.12488774955441886,0.009455609685277125,0.8409286111111112,0.02719956003411422,5.4263398913869474e-08,6.0965985047316495e-09,0.0,0.0,,,,,,,,,,,,,,,,,,,,,,,,,,,,,,,,,,,,,,,,,,,,,,,,,,,,,,,,,,,,,,,,,,,,,,,,,,,,,,,,,,
latency_critical,congestion_burst,PPO,5,150.0,0.0,300.0,0.0,1254729370.2,633539124.5077837,1.0,0.0,267.553891400015,9.782401107503151,200.0,0.0,0.0,0.0,0.831848827082611,0.04028770731420017,0.7925709096454453,0.04101149334881125,0.049,0.04487761134463376,1.0,0.0,0.168151172917389,0.040287707314200165,0.20742909035455467,0.04101149334881127,0.218681000207717,0.039376819449758356,33.63023458347781,8.057541462840032,0.168151172917389,0.040287707314200165,0.09586940534183912,0.00759782100059197,0.08911842703707384,0.018881353743731413,0.00023820330885876943,0.0001574820827374727,0.0011228878648233199,0.0021287263463801325,0.002270007586453209,0.0026128895660554813,0.1772083350872887,0.06082106889571944,0.20763576256612581,0.059117012992286375,0.21524659069584806,0.056429163464287085,0.8156552557834568,0.01253523004386871,0.8739000985276935,0.012054760847347124,0.36630999999999997,0.004821751641145437,0.634374845007827,0.07547719423456253,0.36538695168331414,0.07555775935918642,0.0,0.0,0.0,0.0,77.51174150628312,11.00992144579436,89.42640484638666,10.930249784447787,96.73214810575872,12.05530821307988,94.1342550091628,11.151396971301702,3.009527481814964,0.3385836373117763,2.768500881944882,0.3378439659137034,2.746778471554774,0.3406966392586098,0.04994433424944254,0.006951247014170666,29837089.457420785,3809395.711290725,28689530.353979547,3636451.338956586,0.03409946582433066,0.004515875873656056,2.335589593624147,0.2045117821749834,0.6810635431436787,0.02376862599174109,0.6213806288169405,0.011920646343918791,0.0,0.0,0.1671959712119424,0.018810202072876446,0.17993621294328366,0.018527875119137394,56.899148037752056,16.915678147944075,0.20145041483040765,0.06674905525325218,24.637569114567007,1.790413967267241,0.13216767443948907,0.011183999798211863,,,,,0.3753738250804227,0.09469565404170693,0.1483748706136118,0.03800769160905339,0.24085981512082655,0.03669489130686853,0.9996366666666667,0.00018299969641752723,0.07518666666666665,0.10083944741794033,0.00014999999999995334,9.718253158073559e-05,0.9905466666666667,0.003983192466128412,0.1469746666666666,0.00783785416708199,0.0,0.0,0.0,0.0,0.11323956043956038,0.003968119948896858,2896.9165432683517,401.36108769428995,3070.164141032371,307.1661614031671,72.33431618585406,13.630359342468374,79.60478379442779,9.126541668001314,0.00016190476190472,0.000122705702159262,0.17867353925733057,0.06268484867631495,0.7444956944444445,0.030193617368310676,3.41072787824427e-08,4.520445137808087e-09,0.0,0.0,,,,,0.02239718021526118,0.008175078494430428,0.01654869765635558,0.005440710271597426,0.0024333333333332935,0.00465895791877203,0.2897486932662442,0.10277185357328794,0.0006601821422957249,0.0004294595710852429,0.0001594800430383647,0.00010592184314537188,0.0005353761523288218,0.00038273981072243384,0.0005353761523288218,0.00038273981072243384,0.0,0.0,0.0,0.0,0.0,0.0,0.28974869326582214,0.10277185357015477,0.8680095116365193,0.30787695855307756,0.00025568628100302616,0.00018039425483450369,0.4894325006828827,0.343646955027195,0.07518207714481992,0.10001153556826246,0.43497025584825577,0.2874353993204109,0.0001594800430383647,0.00010592184314537188,,,,,,,,,,,,,,,,,,,,,0.00025568628100302616,0.00018039425483450369,0.4894325006828827,0.343646955027195,0.07518207714481992,0.10001153556826246,0.43497025584825577,0.2874353993204109,0.0001594800430383647,0.00010592184314537188,,,,,,,,,,,,
latency_critical,congestion_burst,PPO-Lagrangian,5,150.0,0.0,300.0,0.0,1254729370.2,633539124.5077837,1.0,0.0,266.61783722001127,11.520029096061073,200.0,0.0,0.0,0.0,0.7721331413244619,0.04785420381484192,0.7254839234926582,0.04847812378142587,0.0,0.0,1.0,0.0,0.22786685867553808,0.0478542038148419,0.27451607650734183,0.04847812378142587,0.2855018218560471,0.049713800500004034,45.573371735107614,9.570840762968377,0.22786685867553808,0.0478542038148419,0.09978623233152821,0.00017637051484291764,0.09793655648354299,0.0024335835303382586,0.00021376766847170425,0.00017637051484288766,0.00206344351645696,0.0024335835303382447,0.003479218990333624,0.002847504874473917,0.11616888633017446,0.036127436877785975,0.1564525784865693,0.02715126795037806,0.16821204040627882,0.023246059699501605,0.825729104577519,0.015377842443290938,0.8858506511947188,0.013770248637780445,0.36821666666666664,0.004831206428580307,0.5271566131049319,0.0705798518818046,0.47262961922659635,0.0705367915051461,0.0,0.0,0.0,0.0,88.18358779325663,8.486292163243617,102.12622256861282,9.694784256176545,107.86705386776366,10.703109807852217,105.9728226193087,10.379317050533079,2.506583072743678,0.3396603544236997,2.2778432366773367,0.3498553574654205,2.2533199013324143,0.3453335175411194,0.06018147114179114,0.013261989221361563,32913572.282330446,3346234.6049491386,30999921.34108448,2920966.4889998958,0.03071441388795052,0.0032318232056705583,2.0253208487318743,0.3390363507940407,0.6984945519399808,0.02089757809805601,0.6288180865301587,0.009950019317099601,0.0,0.0,0.13925461515242657,0.01887001969020554,0.15304874510004907,0.0182280788074888,49.37964404983066,14.483599981183893,0.2520241065374943,0.10604353396033805,24.644923088030605,1.7839267943590833,0.15892923277864357,0.055980620837545784,,,,,0.28278860049818366,0.19698472927421548,0.19146939956166512,0.03829470694312078,0.2743545916584121,0.04277019710972239,0.9996566666666664,0.0002813854612053962,0.05013999999999998,0.04103906350458465,0.00013333333333331334,0.00010852547064064936,0.9821933333333334,0.010391329719209853,0.13593099999999997,0.010540723612626304,0.0,0.0,0.0,0.0,0.120647619047619,0.08971880499200376,2320.806539038322,392.79671423942835,2606.616590892717,314.97754812821415,86.09427481251555,10.896315203774726,89.12174831420455,7.063135083397581,0.00014285714285710001,0.00012046772038733332,0.11758602119031229,0.03191504930186127,0.7678433333333333,0.021712776979085746,3.0746568821748205e-08,3.2191494202608517e-09,0.0,0.0,,,,,0.010069171663704222,0.005251535846993815,0.00800089210902782,0.0037843239622387934,0.0035266666666666406,0.0043539075680485975,0.1832093786015403,0.12261188433723302,0.00046508689509552805,0.0003703714389441101,0.00014222170028200618,0.00011184973367498081,0.00032291808192868584,0.00026408906175538885,0.00032291808192868584,0.00026408906175538885,0.0,0.0,0.0,0.0,0.0,0.0,0.18320937859983275,0.12261188433345328,0.548846248289291,0.36731237901899505,0.00020838675074228048,0.00016660084307683478,0.820714116873285,0.17035477678629019,0.050131467952434894,0.04157057990657148,0.1288038067232557,0.14109646355454492,0.00014222170028200618,0.00011184973367498081,,,,,,,,,,,,,,,,,,,,,0.00020838675074228048,0.00016660084307683478,0.820714116873285,0.17035477678629019,0.050131467952434894,0.04157057990657148,0.1288038067232557,0.14109646355454492,0.00014222170028200618,0.00011184973367498081,,,,,,,,,,,,
latency_critical,congestion_burst,PPO_CMDP,5,150.0,0.0,300.0,0.0,1254729370.2,633539124.5077837,1.0,0.0,272.14205237999556,4.344263892369205,200.0,0.0,0.002,0.004,0.8496544648686133,0.027393916137872575,0.8097256920064675,0.026642451688885647,0.092,0.17159836829061048,0.998,0.0040000000000000036,0.1503455351313867,0.027393916137872582,0.1902743079935325,0.026642451688885602,0.19941937951813732,0.02748198082487963,30.06910702627735,5.478783227574515,0.15054251573305555,0.0270141607813606,0.09810056393595726,0.003404764667137022,0.09335506782005584,0.010918020808094593,0.00018686357732237345,0.00018297939565985468,0.0010209341468546001,0.0020418682937092003,0.0012105760769377733,0.002220240193669451,0.18630601546708547,0.043510124106811016,0.2150226072796407,0.03921184116568908,0.2215072138146587,0.039654745379658095,0.8108256379026214,0.025811770856795934,0.8709927741873258,0.018675618719140304,0.3622066666666666,0.008400056878114268,0.6655243515760183,0.05256418496463141,0.33428878484665925,0.05253673504982533,0.0,0.0,0.0,0.0,76.52448393452691,10.357912435613285,88.25803996418271,10.458163742331726,92.42044326488215,11.611634955735768,91.69794274522465,11.259942257612845,3.1554013370304297,0.2518479818730223,2.8919794652796917,0.2576114680640355,2.8751316727348915,0.2546780782585237,0.05036411960064724,0.007515460021647797,30496126.43789847,3221338.9260125775,29281077.599071402,3066105.0845071054,0.03317631593781219,0.003584215299641009,2.3836983244297505,0.37269631184549584,0.6718482142392236,0.013099432516636925,0.6196818694603351,0.009300923446299255,0.0,0.0,0.17530007427946825,0.013991554548501272,0.18943099015834713,0.013902328920872392,64.5775290803213,7.064260134088504,0.15619433721144826,0.010506601304887666,22.497194582184438,3.1769705786406988,0.1268640647601539,0.011179455731412345,,,,,0.3653221645893396,0.073209119334715,0.13963975069753504,0.030641431918689496,0.23451753540239437,0.030568357098751598,0.9987466666666667,0.0018931279231297021,0.00891999999999996,0.007107417096088988,0.00011666666666664666,0.00011498792207105636,0.9886600000000001,0.009059130446375407,0.14631583333333326,0.00819144806422457,0.0,0.0,0.0,0.0,0.11678534798534797,0.03097772667536848,3051.555273550602,285.7838241222255,3211.318448134952,239.37973732680805,71.55007544294658,12.650951417490782,78.30463273396717,8.631463299748424,6.666666666664856e-05,7.126966450994841e-05,0.18843966389838673,0.04454792886710974,0.7461609722222222,0.04714011238099889,3.3185372245609685e-08,3.5836607602207324e-09,0.0,0.0,,,,,0.029297069425857795,0.009098849818377204,0.02122367536729134,0.009992789489517996,0.019356666666666647,0.020086196476408587,0.26324913796169647,0.05450368686078107,0.0003817085234483492,0.0002173021090166906,0.00011056260877511191,6.735009879919953e-05,0.0005518552660548695,0.0006446875384445635,0.0005518552660548695,0.0006446875384445635,0.0,0.0,0.0,0.0,0.0,0.0,0.2632491379596516,0.05450368685952784,0.7886239385709954,0.16327845375276806,0.0011154042910895981,0.0019246251214532337,0.51253485389384,0.25747671377808207,0.00878349348684212,0.006666265492729156,0.4774556857194529,0.2525537948750983,0.00011056260877511191,6.735009879919953e-05,,,,,,,,,,,,,,,,,,,,,0.0011154042910895981,0.0019246251214532337,0.51253485389384,0.25747671377808207,0.00878349348684212,0.006666265492729156,0.4774556857194529,0.2525537948750983,0.00011056260877511191,6.735009879919953e-05,,,,,,,,,,,,
latency_critical,mixed_stress,Intent-PPO-CMDP,5,150.0,0.0,300.0,0.0,1419697292.6,457272779.23266584,1.0,0.0,320.147677999991,7.298897258581943,200.0,0.0,0.0,0.0,0.7437081930074788,0.04161301487283968,0.7087263930117438,0.04156970825326486,0.0,0.0,1.0,0.0,0.25629180699252113,0.041613014872839645,0.2912736069882563,0.04156970825326488,0.30289087560627853,0.04230255941370201,51.258361398504235,8.322602974567928,0.25629180699252113,0.041613014872839645,0.06106579372977272,0.028267918738758366,0.04344477864845808,0.03365530540608518,0.017327554842426898,0.010405319724195745,0.03192744687775178,0.0150553243385545,0.03669685612599034,0.017341204505875327,0.23526437544841966,0.08317528802483123,0.2712710949855824,0.07064074301850175,0.28105038981481584,0.06739753058140856,0.8770452820993653,0.014851452683874843,0.9245055289797228,0.013834388162077061,0.4095133333333333,0.00781157545640516,0.4931526090411234,0.06591173478825223,0.4895198361164496,0.07045902483482364,0.0,0.0,0.0,0.0,88.71616748777406,7.299956467263369,101.0287011293203,9.025726622085424,106.58458503977408,10.094196152090914,104.5421501403251,9.62590131921257,2.7394079793568222,0.40582431305893363,2.5009178436607713,0.4379504806197312,2.4725207157426192,0.42222557527775895,0.05922278362643646,0.015777215238258587,29184866.3631037,5375705.98199728,27710378.582305558,4824174.409831584,0.03555481128111453,0.007045868552139702,2.5870575007402117,0.6457015772747844,0.6417570097406606,0.033884913709958366,0.5869906009061602,0.02026910274691454,0.0,0.0,0.15218933218649014,0.022545795169940746,0.16638569714178325,0.021955031009396497,73.1623812904725,11.069036581874006,0.17289495068293587,0.02865298925756687,19.763335581687688,1.8238640265105095,0.10548133996253935,0.01917164773982287,,,,,0.36894279048667283,0.1500052252250213,0.2053382345065058,0.03637939011838811,0.3059921875809269,0.03973429351297941,0.9874233333333333,0.007074858459518653,0.053113333333333325,0.02548194000987104,0.012113333333333299,0.0072190288666674225,0.9907400000000001,0.006609644468502019,0.1503043333333333,0.007526485132147985,0.63642,0.050911021945700116,0.044909999999999964,0.007902076555494053,0.11341245421245419,0.0357678823608445,2041.6911046027228,229.01225376501736,3115.1016811474924,502.234375376845,85.32987124750818,11.549631119691432,89.25733218379477,5.937321318127635,0.01186666666666662,0.007086341498097893,0.3485609049743364,0.11368253620454905,0.7337883333333334,0.020417722877063633,3.558054728445389e-08,7.0399152569972324e-09,0.0,0.0,,,,,0.019197098693712077,0.00786890274970463,0.01489198384471668,0.006409478607515926,0.0020199999999999797,0.0033708126286961905,0.2987161141334504,0.10218384766361766,0.38616844806845096,0.24530150806057785,0.11491223244899842,0.07636769744775601,0.2756126540788531,0.17213632150084265,0.37489995058973663,0.23871759114823213,0.1030423869096189,0.06947385456418846,0.09928729651088344,0.06685139517101245,0.10290333333333328,0.06962915289828916,0.2811874530440086,0.11304837673041965,0.842362328002384,0.3386626706442081,0.00044257965769229306,0.0005036166855757172,0.49720481544871753,0.36414785681942125,0.053833526600972924,0.025702070287835197,0.4364797725290252,0.3420976521676433,0.01203930576359182,0.007264188740802417,,,,,,,,,,,,,,,,,,,,,0.00044257965769229306,0.0005036166855757172,0.49720481544871753,0.36414785681942125,0.053833526600972924,0.025702070287835197,0.4364797725290252,0.3420976521676433,0.01203930576359182,0.007264188740802417,,,,,,,,,,,,
latency_critical,mixed_stress,Intent-PPO-CMDP-FullPolicy-NoShield,5,150.0,0.0,300.0,0.0,1419697292.6,457272779.23266584,1.0,0.0,320.147677999991,7.298897258581943,200.0,0.0,0.0,0.0,0.6488902766552417,0.08367306357130645,0.6002977905964689,0.08820945832114865,0.0,0.0,1.0,0.0,0.4017830787776225,0.14202515581516242,0.47381410333691765,0.16611090902734615,0.4934929195109993,0.17388338572471515,80.3566157555245,28.40503116303248,0.4017830787776225,0.14202515581516242,-0.09486302335836491,0.14622320592661842,-0.15361084978184517,0.1744538629829641,0.19233286688580656,0.1483354707548192,0.2524472502507356,0.17547072118693904,0.27073405696712055,0.18621348119430992,0.24621238510570312,0.08210729445127866,0.2883407264152452,0.07279138014722486,0.29842492871989895,0.07116057940874768,0.8837903889898773,0.021153287320365605,0.9302518450432246,0.020476460714152482,0.42445000000000005,0.018376963236013087,0.40231619930769097,0.07085299689182861,0.4053509338065024,0.11540941124842763,0.0,0.0,0.0,0.0,79.66078055491337,9.198012514888674,91.70932335798491,9.661721763891359,96.65727806037557,9.806197338330675,95.16668044934447,9.479895806880663,2.290576705317121,0.4163992950671411,2.013094819394393,0.412619612759472,1.9944642457994455,0.41775207173559836,0.07795594047787954,0.014810463404196766,28466469.413461436,5306170.636016986,26883659.811663628,4824606.994286796,0.03641524817925538,0.006971606754492145,2.01410508235307,0.6797662351240115,0.6113310299580312,0.05977416352952147,0.5389253183815039,0.05561494238056387,0.0012258265408013,0.0014338972414310789,0.1272542614065067,0.02313329417039672,0.14369863967006585,0.02394278838556491,41.34834943809557,26.742950026741294,1.093403955917335,1.5344537803611498,19.763335581687688,1.8238640265105095,0.10548133996253935,0.01917164773982287,,,,,0.5013080892683013,0.1930449907379718,0.36452251885789133,0.14287997718113693,0.48325689559376644,0.16148799122875288,0.8641366666666667,0.10448741146930356,0.047926666666666645,0.02151355283433109,0.13396333333333327,0.10315803701118008,0.9829800000000001,0.007619604830814925,0.1510913333333333,0.012747815723574835,0.0,0.0,0.0,0.0,0.15498901098901097,0.05121129414772255,1737.102003052835,255.31482368967605,2588.6015449978904,506.18005929244447,71.48645609000248,13.970833382942287,81.76504609853355,7.907600289018234,0.11456190476190475,0.09508943349716514,0.36259454818030606,0.10884389223806556,0.6501494444444444,0.08306213372012806,3.6458678651443794e-08,6.966939274083198e-09,0.0,0.0,,,,,0.019742180516327302,0.007653583158730666,0.0155198352555388,0.006187357439263124,0.0023033333333333196,0.003936120481444195,0.30454220007788474,0.10204529226641622,0.39098042610031936,0.24975751285605174,0.13399502105349465,0.10307006502133653,0.26516526040136684,0.16146576182988426,0.26516526040136684,0.16146576182988426,0.0,0.0,0.0,0.0,0.0,0.0,0.30454220000791166,0.10204529222042936,0.9123268972228354,0.3057003752689883,0.0020536203099088316,0.0025277959341163713,0.44755778204995833,0.35254516068361413,0.048349993385680363,0.02167886604620672,0.3680435832009576,0.3002682720818857,0.13399502105349465,0.10307006502133653,,,,,,,,,,,,,,,,,,,,,0.0020536203099088316,0.0025277959341163713,0.44755778204995833,0.35254516068361413,0.048349993385680363,0.02167886604620672,0.3680435832009576,0.3002682720818857,0.13399502105349465,0.10307006502133653,,,,,,,,,,,,
latency_critical,mixed_stress,Intent-PPO-CMDP-NoRisk,5,150.0,0.0,300.0,0.0,1419697292.6,457272779.23266584,1.0,0.0,274.6141810200061,5.506362305433448,200.0,0.0,0.0,0.0,0.7399755999040792,0.05954492850196633,0.7032256975369586,0.061298700458594736,0.001,0.002,1.0,0.0,0.2600244000959207,0.05954492850196635,0.2967743024630414,0.06129870045859471,0.3042825334198626,0.06277197820793824,52.00488001918416,11.908985700393263,0.2600244000959207,0.05954492850196635,0.06664180093826852,0.04103302888416174,0.056621546794806465,0.05329109101571296,0.00012415828339187323,9.188921655644671e-05,0.0008773861967694399,0.0017547723935388798,0.0010150515750822133,0.0018709277962111477,0.22010300462108567,0.09426330895366035,0.2592839329011127,0.08217593015932455,0.2690258155155496,0.07783918936713685,0.8581606714044885,0.015815453272641174,0.9068812303477609,0.010903187835987226,0.40126333333333325,0.006006352193025896,0.47817029355053586,0.08836583842996651,0.5217055481660722,0.0884054521110166,0.0,0.0,0.0,0.0,89.03908294801775,10.735839209684919,101.38993706165903,11.757278809963296,107.93718426080083,12.22446277965195,105.47638956435105,11.593832955459265,2.5974036668151226,0.49137436133805834,2.3643383958711293,0.49456503819534564,2.3485119034456376,0.48839831890125845,0.058730556737241445,0.011874488595369494,29784507.395193495,4259393.520193879,28264437.596050978,3845400.3558537345,0.03426937154385647,0.004859774103700913,2.356449012215714,0.5376410964048894,0.6681074394262414,0.023880612072417904,0.6018265651680098,0.010629480314499392,0.0,0.0,0.14430020371195124,0.027298575629892158,0.15788800453029755,0.026665562958521804,64.32289445455642,10.627949839991674,0.19846784309131982,0.028071527965954784,20.693185967730553,2.4289579678812494,0.1035148091577011,0.018437312337111388,,,,,0.20410126334998294,0.09255240457459417,0.20332515081917896,0.05106656546867244,0.3060856560568548,0.054525775370415794,0.9997766666666668,0.0001348249894410297,0.030866666666666636,0.020765449402526514,8.666666666665333e-05,6.699917080744673e-05,0.9875700000000001,0.009347004273503266,0.1484473333333333,0.011283382858089252,0.0,0.0,0.0,0.0,0.07244981684981681,0.02960387750375372,1901.9960341945612,218.48965409991152,2971.853930533887,649.9699848322127,87.36707610695258,16.41418528655383,88.7990330141624,8.717113171579786,5.714285714283905e-05,6.998542122234206e-05,0.32526948896463626,0.13657915266017923,0.7500416666666666,0.03269756914467315,3.429615137924776e-08,4.846657721493397e-09,0.0,0.0,,,,,0.026985318327390824,0.03748729612561851,0.00936608683768968,0.00809974529122614,0.00616666666666664,0.011017642417706412,0.22554120261520513,0.12787243979039004,0.00026177021265516,0.00016919257881587975,6.936567398391857e-05,3.568303808652796e-05,0.00034775656727966775,0.00033536169494444726,0.00034775656727966775,0.00033536169494444726,0.0,0.0,0.0,0.0,0.0,0.0,0.22554120261199923,0.12787243978954366,0.6756610596809458,0.3830715947756254,0.00011721135118654084,9.762057625113956e-05,0.5697678861440979,0.42976969982321933,0.030944829743303363,0.02084608434634279,0.3991007070874282,0.409932226418678,6.936567398391857e-05,3.568303808652796e-05,,,,,,,,,,,,,,,,,,,,,0.00011721135118654084,9.762057625113956e-05,0.5697678861440979,0.42976969982321933,0.030944829743303363,0.02084608434634279,0.3991007070874282,0.409932226418678,6.936567398391857e-05,3.568303808652796e-05,,,,,,,,,,,,
latency_critical,mixed_stress,MaxWeight,5,150.0,0.0,300.0,0.0,1419697292.6,457272779.23266584,0.0,0.0,3.0319998040795325e-05,1.679837732055684e-05,200.0,0.0,0.0,0.0,0.6547116184896866,0.03994212931539597,0.6175841793544642,0.026585532967178895,0.002,0.004,1.0,0.0,0.34528838151031344,0.03994212931539599,0.38241582064553586,0.026585532967178947,0.39038410740479385,0.02780066484234681,69.05767630206267,7.9884258630791996,0.34528838151031344,0.03994212931539599,0.09993408851763727,9.923234721320468e-05,0.1,0.0,0.0,0.0,0.0,0.0,0.0,0.0,0.1756405287573114,0.011944843802177658,0.21346553403484775,0.01112982027174557,0.22542826678340644,0.01293356339445656,0.8812232037932366,0.020659365416806193,0.9287430899074536,0.009324815746179138,0.41380999999999996,0.00820892874321069,0.3457073389511951,0.042813596317068665,0.6542926610488049,0.04281359631706868,0.0,0.0,0.0,0.0,82.73335222228881,5.932274386668965,93.99224250739118,6.538965524649933,97.51096436735044,6.208702241858914,96.72234356505541,6.6357789051807154,2.0426192434384287,0.23130691564222797,1.8352034094731373,0.19033046582070867,1.8228220797160006,0.1841896335400426,0.06868286943939308,0.0140375193099024,18518922.539541833,1996217.503876002,17332376.99194886,1839703.8019171904,0.05465981125659353,0.006224132669863357,2.7453028078150714,0.3007514246691341,0.5139069436436061,0.01839359688622458,0.4603454216353239,0.018313266528923035,0.00814828870668528,0.004651731490931763,0.11347884685769043,0.012850384202346025,0.1278235913269756,0.019658866562318817,31.25612711519143,13.178063829405454,0.574337320981787,0.1190863934302536,,,,,,,,,0.1550482644967143,0.03937720436620176,0.22819620750471356,0.03320427114957991,0.37328684347594565,0.04010926005680909,0.9999933333333333,1.3333333333287456e-05,0.92598,0.031446298845986785,0.0,0.0,0.96577,0.0031552672012226035,0.0991198333333333,0.0038052963601918057,0.0,0.0,0.0,0.0,0.18960293040293036,0.047141023021036565,1301.3182401804759,147.75648374518806,2441.781322115788,276.71175953917304,84.99676169709403,9.49824662404217,82.46722179217306,4.6611036968922095,0.0,0.0,0.29702447607884697,0.012535462571610902,0.8403438888888889,0.02034556236783028,5.476878944823043e-08,6.196229978625972e-09,0.0,0.0,,,,,,,,,,,,,,,,,,,,,,,,,,,,,,,,,,,,,,,,,,,,,,,,,,,,,,,,,,,,,,,,,,,,,,,,,,,,,,,,,,
latency_critical,mixed_stress,PPO,5,150.0,0.0,300.0,0.0,1419697292.6,457272779.23266584,1.0,0.0,267.553891400015,9.782401107503151,200.0,0.0,0.0,0.0,0.7530943709127846,0.034070110602004794,0.7168099887107426,0.03475887225914295,0.0,0.0,1.0,0.0,0.24690562908721536,0.03407011060200487,0.2831900112892573,0.03475887225914294,0.28987713898409284,0.034056409971601684,49.38112581744308,6.814022120400972,0.24690562908721536,0.03407011060200487,0.06568257882360062,0.045243940032080904,0.053521499801607565,0.05762271085260166,0.00020294082102451116,0.00015045654300212768,0.0009874490898511802,0.0018667163064878766,0.0019931037984248314,0.00231637239113908,0.24282349139090814,0.08013249400481899,0.276393503994962,0.0757387439820912,0.28604018009642557,0.07372090210444808,0.8608250394179262,0.007841760849078144,0.9111182952594821,0.00887945396498896,0.40183333333333326,0.004766818179410218,0.4984506399658864,0.05270771477599921,0.5013464192130891,0.052759793823165715,0.0,0.0,0.0,0.0,90.03772899794292,7.704568909467296,103.16583525465197,8.300295083657577,109.08056008444794,9.16121463834002,107.3946352208548,8.219266437162329,2.69244858678178,0.27474885512913455,2.4547917348275385,0.2694879323300543,2.4449775987413442,0.2694918517542483,0.053828085710528516,0.005628752779410673,28507595.28246372,3919405.4503616337,27215993.67519803,3756375.719682236,0.03579310740308768,0.0051524270491975594,2.569707877366241,0.2871434948492684,0.6637020655209254,0.02544290054786312,0.5979893278777308,0.013521341864444114,0.0,0.0,0.14958047704343214,0.015263825284951911,0.16286868290239445,0.015333586585660537,66.55780390033974,31.012692343062895,0.2859850934864286,0.23724865669375558,24.637569114567007,1.790413967267241,0.13216767443948907,0.011183999798211863,,,,,0.3767324841953899,0.09505592782535477,0.19939116802971893,0.03167464347576054,0.3064996357799451,0.02690908947190694,0.9996166666666666,0.00024877477542730565,0.07648666666666666,0.10202015672296225,0.00014333333333329997,0.00010677078252030166,0.9914466666666668,0.003916651063798679,0.1523618333333333,0.00633726492879835,0.0,0.0,0.0,0.0,0.11317362637362631,0.013128346905304566,1921.8973491169847,242.84932481054622,3107.360791678208,359.4502980762352,86.06135837835038,11.728211093275013,90.28777322262171,6.121106975790349,8.571428571426857e-05,5.553287518898522e-05,0.36038799300712043,0.11953501600300133,0.7499554166666667,0.024172192656842405,3.580753420593016e-08,5.1607585644294e-09,0.0,0.0,,,,,0.0221615211491147,0.0079223084127493,0.01653740503360248,0.005366122082357437,0.00244999999999996,0.004553911627503419,0.2900459817652326,0.10349970157750871,0.0006372233802299655,0.00039799906864522363,0.0001371310009245616,8.927334708122721e-05,0.0006509561725327454,0.0004311930542811856,0.0006509561725327454,0.0004311930542811856,0.0,0.0,0.0,0.0,0.0,0.0,0.2900459817640641,0.10349970158109882,0.8689001083852593,0.31005739632970475,0.0002641768600000078,0.00019326682917162485,0.4884994643485897,0.3434265104558586,0.07698484242265709,0.10255420783086491,0.4341143853678284,0.28562560094032013,0.0001371310009245616,8.927334708122721e-05,,,,,,,,,,,,,,,,,,,,,0.0002641768600000078,0.00019326682917162485,0.4884994643485897,0.3434265104558586,0.07698484242265709,0.10255420783086491,0.4341143853678284,0.28562560094032013,0.0001371310009245616,8.927334708122721e-05,,,,,,,,,,,,
latency_critical,mixed_stress,PPO-Lagrangian,5,150.0,0.0,300.0,0.0,1419697292.6,457272779.23266584,1.0,0.0,266.61783722001127,11.520029096061073,200.0,0.0,0.0,0.0,0.7078319978883512,0.039269595893356574,0.6734098074439855,0.0376836177314717,0.0,0.0,1.0,0.0,0.29216800211164895,0.039269595893356574,0.3265901925560146,0.03768361773147172,0.33772647158048014,0.039020250629757135,58.4336004223298,7.853919178671316,0.29216800211164895,0.039269595893356574,0.0995922851811089,0.00039533304584704203,0.09656798416039006,0.0030759534771642857,0.00018033648674288305,0.00017691826142779665,0.0018255598362960797,0.002236973256031408,0.0023538448575742632,0.0028529968610389003,0.15880936510506155,0.045873617738047816,0.2062935188277613,0.036485844555323776,0.21680153303424757,0.03520062346015016,0.8673092376374324,0.011522135910892892,0.9146324561970104,0.011495121498894612,0.40493999999999997,0.005407716708556402,0.4277772936891525,0.054843451420676946,0.5720423698241046,0.054781737523612026,0.0,0.0,0.0,0.0,96.53191691717839,7.218943907718917,109.99308300902342,8.266049835718533,113.7442748465036,9.117085919608174,112.91403845879782,8.825608435536177,2.342476562936881,0.29113377277794716,2.1012072582053754,0.2865365744728548,2.0840317167399975,0.28926161250055044,0.06495813845268505,0.009854571799997693,31822480.15977606,3326608.3265614863,29938222.733452044,2915642.9320363877,0.03178896841848086,0.003454091984248225,2.1553395291385344,0.39273545118001174,0.6722535417345965,0.01795350117509706,0.6011362972380315,0.015787875812694523,0.0,0.0,0.13013758682982665,0.016174098487663765,0.1432941034018681,0.01635223613329231,74.09921661654107,11.975797643413856,0.17870414339660193,0.034660599141097974,24.644923088030605,1.7839267943590833,0.15892923277864357,0.055980620837545784,,,,,0.2783770916857381,0.19805107295434385,0.23016692390589952,0.0333726947672035,0.33630532533893553,0.034788194827840103,0.99964,0.00028178005607214023,0.04847666666666663,0.04053949048630101,0.00012666666666666666,0.00012409673645990857,0.9838633333333332,0.008889184439530972,0.1424348333333333,0.009859340120470067,0.0,0.0,0.0,0.0,0.1254461538461538,0.09667300742202745,1829.434409768985,175.23144725838873,2618.730030027287,354.24346974520023,98.3130912385607,10.036826624602048,95.54544088602472,5.845478004647534,0.00015238095238092857,0.00013932132226975724,0.23695363493727953,0.0640146237881335,0.7764695833333333,0.025713722930609702,3.18175335614291e-08,3.442575927362869e-09,0.0,0.0,,,,,0.00981255053034822,0.005133590571141385,0.00781901196169988,0.003719444082184501,0.00347666666666666,0.00429947800449206,0.1795031890984603,0.1209648286685076,0.0004352899939591562,0.0003455591892033997,0.00011857515086648111,9.424503490080852e-05,0.00031675728591751674,0.0002569163822969352,0.00031675728591751674,0.0002569163822969352,0.0,0.0,0.0,0.0,0.0,0.0,0.17950318910122703,0.12096482866716089,0.5377434967964109,0.3623782412031428,0.0001936014160980891,0.00015376174688170498,0.8237545868612874,0.1689329310091938,0.04913805842809426,0.0412365206707671,0.1267951781436534,0.13961042280961708,0.00011857515086648111,9.424503490080852e-05,,,,,,,,,,,,,,,,,,,,,0.0001936014160980891,0.00015376174688170498,0.8237545868612874,0.1689329310091938,0.04913805842809426,0.0412365206707671,0.1267951781436534,0.13961042280961708,0.00011857515086648111,9.424503490080852e-05,,,,,,,,,,,,
latency_critical,mixed_stress,PPO_CMDP,5,150.0,0.0,300.0,0.0,1419697292.6,457272779.23266584,1.0,0.0,272.14205237999556,4.344263892369205,200.0,0.0,0.0,0.0,0.7746475105413179,0.021107492864087776,0.7406387736224492,0.020864216357751975,0.0,0.0,1.0,0.0,0.2253524894586821,0.02110749286408781,0.25936122637755077,0.020864216357751975,0.2709815558057843,0.022078151307553716,45.070497891736444,4.2214985728175645,0.2253524894586821,0.02110749286408781,0.07458329747408207,0.033114610196568514,0.0569801574718927,0.04336667356278721,0.00013873953896921185,0.00013792803522086978,0.00093918859066346,0.00187837718132692,0.0010670710952557718,0.001971051978897159,0.251589129825902,0.055632684317364074,0.2862756984975202,0.05005725595731535,0.29362283389524635,0.04832367267355705,0.857283254896001,0.016043294561775442,0.9030436567261886,0.015436157933710512,0.40224000000000004,0.00502149380164904,0.5244365606751156,0.025170235510439436,0.4754246997859151,0.025169661501638383,0.0,0.0,0.0,0.0,89.94619677067485,8.703911654847635,101.70090888526241,8.746887400449816,106.4261710338241,8.923882001594443,104.87760863834043,8.99253413545942,2.8698654540115833,0.14555286843771809,2.613123352606055,0.15391920732233152,2.587097398756618,0.15862221616273586,0.05460978961305181,0.009678745136074515,29317306.768275518,3114926.0915038385,28114301.214799035,2920911.4105043784,0.03451389911639892,0.0037342535985435805,2.6661048400139675,0.38488398447407196,0.6522225386909383,0.014145873931318326,0.5962525234528342,0.014130179546766892,0.0,0.0,0.15943696966731016,0.008086270468762135,0.17355546725527982,0.008302589613536129,77.14387065460888,17.229696977079023,0.16642024919605136,0.04703547975946529,22.497194582184438,3.1769705786406988,0.1268640647601539,0.011179455731412345,,,,,0.3677875096586562,0.07338509223898654,0.1880403530545705,0.02660275601139334,0.2883049226644839,0.025613135121057534,0.9988766666666666,0.0017246771034344147,0.00877333333333328,0.006635825327551798,9.666666666665335e-05,9.568466729603908e-05,0.9890599999999999,0.009082330831528554,0.1518146666666666,0.0077867428042796135,0.0,0.0,0.0,0.0,0.11741245421245414,0.04151241501087216,2080.0872830447834,104.58267130855876,3295.130622993706,230.5409229425356,85.67282139174763,11.190064595644133,90.1920715884784,7.274181034906221,4.761904761904762e-05,4.2591770999996e-05,0.37229147214647457,0.08000536737037404,0.7528270833333334,0.0386037964993945,3.452330254575947e-08,3.732899519490736e-09,0.0,0.0,,,,,0.02920632736981852,0.009372329783434705,0.021166484360207842,0.01016896487687153,0.01929333333333332,0.021176041493474015,0.261403965742984,0.05312452465088572,0.00034759546005708403,0.00019561450625042173,9.079649086892505e-05,5.4534071927533296e-05,0.00034119802413468695,0.00025294076102343947,0.00034119802413468695,0.00025294076102343947,0.0,0.0,0.0,0.0,0.0,0.0,0.26140396574138924,0.05312452464951241,0.7830962966064816,0.1591468530097589,0.0009870543470467067,0.0016933717377322585,0.5082991179143301,0.25475399855565517,0.008554071491027559,0.00646912963758799,0.48206895975672664,0.25016440510194793,9.079649086892505e-05,5.4534071927533296e-05,,,,,,,,,,,,,,,,,,,,,0.0009870543470467067,0.0016933717377322585,0.5082991179143301,0.25475399855565517,0.008554071491027559,0.00646912963758799,0.48206895975672664,0.25016440510194793,9.079649086892505e-05,5.4534071927533296e-05,,,,,,,,,,,,
latency_critical,nominal,Intent-PPO-CMDP,5,150.0,0.0,300.0,0.0,1301421336.2,566560547.8782212,1.0,0.0,320.147677999991,7.298897258581943,200.0,0.0,0.023,0.028213471959331767,0.8899720086612906,0.0536566797405826,0.8330374589017421,0.047077359200670583,0.41100000000000003,0.358209435944951,0.977,0.02821347195933179,0.11002799133870944,0.05365667974058262,0.1669625410982579,0.04707735920067057,0.17794856006870435,0.04870944508921451,22.0055982677419,10.731335948116529,0.11130654749429603,0.05230052900430239,0.07637526572554933,0.011924378910219306,0.05464202309703338,0.018807336423723394,0.021659028235462518,0.012359425182453952,0.04354894877734974,0.019513741031395672,0.0487519591488895,0.02030222666996826,0.19062927948067948,0.06802178776580592,0.2266525132780109,0.056672378321815424,0.2371989073906259,0.05487893857796404,0.7288978250041583,0.06439901463666395,0.8524145834398882,0.024769406363317044,0.24611999999999998,0.022513863383356602,0.8065864575095683,0.09635758651286032,0.17175451425496907,0.10092573116172626,0.0,0.0,0.0,0.0,60.35924692657609,17.706915638368894,76.01623949600477,18.193165779561543,82.45059355253758,17.751268193423815,80.11492850694906,17.63760341186538,2.67019007843699,0.32425803796837616,2.383039295066361,0.3019187320160247,2.358675168045669,0.3003777069235888,0.06538995825860425,0.009211450471300854,28624691.568288554,5574207.019446089,26830789.86159558,5072808.088619039,0.03637986715621512,0.007503064557604035,1.6398783279785696,0.14072836901722516,0.665183797077898,0.026931597235810577,0.6061345435165101,0.021240131181845784,0.0,0.0,0.1483438932464994,0.01801433544268758,0.1642919078122258,0.019728120510164253,53.78159067968359,6.688274927827708,0.19988549093902686,0.04060710258392797,19.763335581687688,1.8238640265105095,0.10548133996253935,0.01917164773982287,,,,,0.3876161177461733,0.16042479795277592,0.131769464588744,0.04445919532946768,0.2375868344294557,0.03201146882222336,0.9876533333333333,0.006894920835900347,0.0645366666666666,0.034833971923971,0.009589999999999979,0.005455472278160496,0.9895866666666666,0.008073333333333309,0.15247866666666662,0.015470610063026666,0.6896866666666666,0.055815471172625766,0.05035249999999995,0.00922418773900686,0.12290549450549446,0.0432720309515075,2590.0448966986346,356.9474178749811,2713.345176296104,307.69362366368074,66.01669722325377,19.870426883438988,56.506485703193746,16.42286160367665,0.007228571428571401,0.0046315882780450434,0.19062537118948822,0.06910218080735679,0.5606737500000001,0.09010453626385338,3.6432482445147385e-08,7.50910749267502e-09,0.0,0.0,,,,,0.020079567717713197,0.007492692775630322,0.015255208783320682,0.005879058351132524,0.00420666666666664,0.0077933490162374235,0.3204377967569119,0.11019751667550354,0.4005864833709253,0.2478453687178123,0.11770097275027795,0.07674571630286066,0.2937211398961967,0.17790210800272976,0.3966912107717511,0.24476370657787497,0.10831849525755835,0.07130669797371299,0.10297007087555436,0.06767455360253774,0.10866333333333329,0.07148860157784287,0.3031243267941105,0.12374134549935163,0.9080793286764436,0.3706959422854025,0.0027854380816731564,0.0031099267705009246,0.495370264954161,0.3615184966747234,0.06392771982568536,0.03452993431581809,0.4283893985398416,0.33123274277271847,0.009527178598638721,0.005687620924939198,,,,,,,,,,,,,,,,,,,,,0.0027854380816731564,0.0031099267705009246,0.495370264954161,0.3615184966747234,0.06392771982568536,0.03452993431581809,0.4283893985398416,0.33123274277271847,0.009527178598638721,0.005687620924939198,,,,,,,,,,,,
latency_critical,nominal,Intent-PPO-CMDP-FullPolicy-NoShield,5,150.0,0.0,300.0,0.0,1301421336.2,566560547.8782212,1.0,0.0,320.147677999991,7.298897258581943,200.0,0.0,0.002,0.004,0.7708565349980309,0.10149068870176936,0.7037247147607937,0.10282141101148339,0.157,0.25403936702802576,0.998,0.0040000000000000036,0.3177383829282479,0.1797180942613259,0.4148527144865909,0.20912812361291416,0.44545684441860384,0.22187365446178672,63.54767658564958,35.943618852265175,0.31789178712660765,0.17951183875183918,-0.16409165879703977,0.17451841750868302,-0.23358967731084418,0.19912802514184652,0.2640916587970397,0.17451841750868305,0.33358967731084416,0.1991280251418465,0.35181727892583853,0.20311461441445894,0.20485953901967419,0.06883588438880833,0.24268838701787837,0.06306926233855044,0.2519865468306527,0.05972710712589102,0.723621712456463,0.0532490285055997,0.8431192754723493,0.034199430849409,0.25605999999999995,0.021155415907568934,0.6161987666131468,0.13088344295643678,0.11970957458981342,0.09684916042015401,0.0,0.0,0.0,0.0,47.20321428840818,18.839933639419375,62.7912325012132,21.223022071577404,67.45336172617114,22.152471934146412,66.55668840770639,22.053243324318064,2.074641533443222,0.4401105141988054,1.7460860964631795,0.4154203723454388,1.7209142312733057,0.40796610245549,0.0956257598636677,0.021245421217573772,27161947.375200618,5676853.545393119,25345692.698503513,5350466.720559399,0.03842882465356424,0.007867048421520334,1.0780494686760094,0.40452399250441134,0.6275802812891939,0.061918733257260355,0.5489555296050332,0.06690899529602948,0.00184254002094646,0.0031420545904140133,0.11525786296906784,0.02445058412215585,0.13177062652170912,0.02363258418024149,27.914535079259757,19.36129925446974,0.8423017418394048,0.8581392358009466,19.763335581687688,1.8238640265105095,0.10548133996253935,0.01917164773982287,,,,,0.5694900916711871,0.2514239439762286,0.3321240290291065,0.17770325892020764,0.4405933559966197,0.18076108118179943,0.8592166666666667,0.10088993728040695,0.07246666666666665,0.04543144163339846,0.11618666666666662,0.0766099844087643,0.9830066666666667,0.008072164792944059,0.20184033333333332,0.06648238842940121,0.0,0.0,0.0,0.0,0.18395750915750914,0.0834702574210016,1963.403956942934,441.5506330929376,2134.5386900203002,440.0460768942163,47.365643835493906,23.02881082974661,46.280727843058365,16.50237123354868,0.09970476190476187,0.06470712949675447,0.21142300231172712,0.06779269807845945,0.42358722222222217,0.15340015923686848,3.851813534012603e-08,7.881193480669772e-09,0.0,0.0,,,,,0.020912057948427137,0.007148966204320681,0.01637671767880678,0.005524761111743178,0.0033066666666666396,0.004343329496033094,0.33852259195028866,0.12131183337611205,0.38237188101755193,0.22649369236474193,0.11599613351220248,0.07630370974769062,0.31805829613078196,0.1983073776512738,0.31805829613078196,0.1983073776512738,0.0,0.0,0.0,0.0,0.0,0.0,0.33852259184784445,0.1213118333214061,1.0141230537257326,0.36341777424493854,0.024430923660886582,0.027113651665056426,0.4469782488452994,0.34614558280544694,0.07195674265256495,0.04513049968668956,0.3406379513290464,0.27628299550050744,0.11599613351220248,0.07630370974769062,,,,,,,,,,,,,,,,,,,,,0.024430923660886582,0.027113651665056426,0.4469782488452994,0.34614558280544694,0.07195674265256495,0.04513049968668956,0.3406379513290464,0.27628299550050744,0.11599613351220248,0.07630370974769062,,,,,,,,,,,,
latency_critical,nominal,Intent-PPO-CMDP-NoRisk,5,150.0,0.0,300.0,0.0,1301421336.2,566560547.8782212,1.0,0.0,274.6141810200061,5.506362305433448,200.0,0.0,0.099,0.1374918179383777,0.8831613609435266,0.07870571934125832,0.8252676430129332,0.06930434471888673,0.40199999999999997,0.461980519069798,0.901,0.1374918179383777,0.11683863905647356,0.07870571934125838,0.17473235698706682,0.06930434471888676,0.18592913857275106,0.0691578487635844,23.36772781129472,15.741143868251674,0.12007338213352806,0.07489554357213582,0.0911581625879667,0.011297372775909215,0.0805554411243969,0.023997594043109312,0.0004235379472658684,0.00036643877724972516,0.0032272807702315802,0.003953431249924587,0.0037517142157484687,0.004419903947353289,0.18213242001071456,0.0735571916097974,0.21770508490719126,0.06656835985654301,0.228518194467979,0.06343055432398427,0.6838621839192864,0.12359241554710247,0.8282705762390927,0.034519304373294826,0.2287433333333333,0.04159228774664841,0.7813096036091578,0.13817669410156316,0.21826685844357607,0.13849379287449376,0.0,0.0,0.0,0.0,63.808630188915025,23.47117841002563,80.24620936679051,24.61224713448139,85.06691872206032,24.79878059069638,83.76010884189589,24.790568628433245,2.5455908701485104,0.4254863685446134,2.268919813579809,0.36824865079019775,2.2469336237341517,0.35968937905834464,0.0678365106540224,0.005406703759232322,29287265.27037837,4370811.397037214,27444450.523889124,3794873.013250692,0.034915720091274235,0.005247248768995388,1.559396829437121,0.31470970459580133,0.6766486089502386,0.02053090934036086,0.6075931854345556,0.013936064756497555,0.0,0.0,0.14142171500825057,0.023638131585811878,0.15688997779941738,0.026163951302766532,47.10937162243585,10.239515534858525,0.2424339225426682,0.0944448436398093,20.693185967730553,2.4289579678812494,0.1035148091577011,0.018437312337111388,,,,,0.23961129381613172,0.11594832456127337,0.13176974539788597,0.06348110312618407,0.2375694135727211,0.04218359290613873,0.9964566666666667,0.004319408395705252,0.03860999999999998,0.029052145837747977,0.00017666666666666,0.00015260697523012548,0.9873833333333334,0.009853978328009808,0.15813599999999994,0.02912935790191361,0.0,0.0,0.0,0.0,0.08985201465201462,0.04199540068190682,2413.782513423412,433.73268269592563,2616.5646006927946,423.0008905486043,68.57560799260752,26.797848563832165,60.293995280412865,21.54062296079172,0.00018095238095235905,0.00019840634910474138,0.18682841148380208,0.07481673928804433,0.5741583333333333,0.13063017042088637,3.49675122166464e-08,5.244412012028385e-09,0.0,0.0,,,,,0.025665963816980702,0.03225610842228292,0.01075941654460768,0.009078309278815394,0.00071333333333332,0.0009991885596711814,0.24130492159429612,0.13327345266564006,0.0008399198554949,0.0009187325483365018,0.0001470670211236398,0.00011873344209967931,0.01678983279842789,0.02167409871957549,0.01678983279842789,0.02167409871957549,0.0,0.0,0.0,0.0,0.0,0.0,0.24130492159451636,0.1332734526639745,0.722884941388108,0.3992515833534385,0.003331646038428584,0.004129346972680829,0.574067036290109,0.4193956265874573,0.03865828956746112,0.02870919976931998,0.3837959610828774,0.38796654246948337,0.0001470670211236398,0.00011873344209967931,,,,,,,,,,,,,,,,,,,,,0.003331646038428584,0.004129346972680829,0.574067036290109,0.4193956265874573,0.03865828956746112,0.02870919976931998,0.3837959610828774,0.38796654246948337,0.0001470670211236398,0.00011873344209967931,,,,,,,,,,,,
latency_critical,nominal,MaxWeight,5,150.0,0.0,300.0,0.0,1301421336.2,566560547.8782212,0.0,0.0,2.9480003286153077e-05,1.0102159074005767e-05,200.0,0.0,0.016,0.032,0.7592135453696368,0.04944249270588822,0.7113733232404088,0.032786597920145696,0.053000000000000005,0.09615612304996494,0.984,0.03199999999999998,0.24078645463036324,0.04944249270588821,0.28862667675959125,0.03278659792014569,0.29853863864080565,0.03132791603973542,48.15729092607266,9.88849854117764,0.24332214474162459,0.044593470571480595,0.09952487892019286,0.0009502421596142839,0.09620971129457001,0.007580577410860001,0.0,0.0,0.0,0.0,0.0,0.0,0.13461558240407484,0.018747076150485945,0.17979412562645364,0.04477789823529914,0.19254869412999906,0.04602346046136133,0.8026301860177837,0.06367220830114145,0.8920859489740884,0.014690089402719642,0.27394666666666667,0.019765917355106227,0.5772301453780126,0.0745245317858054,0.42276985462198713,0.07452453178580536,0.0,0.0,0.0,0.0,65.00000151436856,9.73819471116101,79.7664655095089,8.720794870794672,86.41729990482948,9.310810244278803,84.62124840017381,9.086351581964056,2.0514142732106757,0.2132423444461716,1.8552220619621402,0.16781699464511024,1.841471885626678,0.16659556566793565,0.07043468678071454,0.023187851549448135,18103347.185534813,1974721.4368825646,16808590.405144066,1756170.5966392981,0.05596062240078582,0.006473787184966087,2.2147794212410825,0.3665108501531226,0.5248793852828382,0.02767899863300876,0.47033752363346704,0.021897929518333522,0.006523693218428441,0.003259565259311251,0.11396745962281525,0.011846796913676155,0.12921198642813275,0.02190480815199579,-14.459001551448276,14.267329912507194,1.0066358723691757,0.8366961890845209,,,,,,,,,0.16190706593867638,0.05315010304204548,0.17077253093359973,0.03937307821294317,0.2593929324032576,0.036653966197180456,0.9988733333333334,0.0021951613456266035,0.90504,0.07195211880132517,0.0,0.0,0.9420433333333333,0.009734946213399293,0.09474399999999997,0.014344514654273471,0.0,0.0,0.0,0.0,0.1926315018315018,0.04646715990218695,1747.6706949618565,174.15413853876328,2214.9685076523465,235.23207291441094,71.62941190070975,11.472412992654373,62.17912112235486,8.923476246668358,0.0,0.0,0.12917131622433725,0.017676891296478772,0.753973611111111,0.06509738396519976,5.6119172202462947e-08,6.392407042814254e-09,0.0,0.0,,,,,,,,,,,,,,,,,,,,,,,,,,,,,,,,,,,,,,,,,,,,,,,,,,,,,,,,,,,,,,,,,,,,,,,,,,,,,,,,,,
latency_critical,nominal,PPO,5,150.0,0.0,300.0,0.0,1301421336.2,566560547.8782212,1.0,0.0,267.553891400015,9.782401107503151,200.0,0.0,0.016,0.02177154105707724,0.8991465514657545,0.037348558331658586,0.8498922687226911,0.03437169090234563,0.472,0.34558067075575855,0.984,0.02177154105707726,0.10085344853424558,0.037348558331658656,0.15010773127730884,0.03437169090234567,0.16164916828754863,0.03652136883273905,20.170689706849124,7.469711666331731,0.10196270960557222,0.03634168500350423,0.0924659179995227,0.012492330447441179,0.08378268472505306,0.02247447982728054,0.0004092360828720186,0.00026044407677392416,0.00305939807821314,0.003750012560067762,0.003840034469056259,0.0044555793265225975,0.18894309391187505,0.062268037724682104,0.22276603858619054,0.05724854006869045,0.23000845345458817,0.055023626496125924,0.7251016313137695,0.03950469043800223,0.8388689025230338,0.017066448839442923,0.24502666666666664,0.01353982438750386,0.8270603666751425,0.0829725539456578,0.17253039724198552,0.08316346621782511,0.0,0.0,0.0,0.0,61.746620465166416,14.818717444731917,78.99861123653247,14.620231614841352,85.38629376948461,14.164181434744192,83.25516320850386,14.405575268946073,2.7002546026056318,0.25712079266472765,2.440178211355875,0.23313419588051842,2.4088755362447456,0.23510549273500947,0.059787519014487624,0.005256215610658037,28519813.359722376,3863050.7209209446,26974476.63850432,3653447.453438528,0.03573594694366006,0.004962121382849282,1.7179826739655737,0.14123720969261283,0.6767905607392132,0.023893274022259544,0.6150293806904259,0.02432543150297118,0.0,0.0,0.15001414458920173,0.014284488481373746,0.16432751507181242,0.015255261417281804,54.45058106432782,13.283814282184066,0.20215840910803476,0.05378783085653559,24.637569114567007,1.790413967267241,0.13216767443948907,0.011183999798211863,,,,,0.3785183027947986,0.07854431561648416,0.12080626490848427,0.037497482979259034,0.23382530870409274,0.03428032311566075,0.9981266666666666,0.0024398907079348376,0.07705999999999995,0.10165325572749752,0.0001733333333332867,0.00010832051206180235,0.9910033333333332,0.0036246287166182157,0.15345049999999993,0.013653148167689692,0.0,0.0,0.0,0.0,0.13223003663003657,0.013509523486735314,2614.0478986443895,262.8549474089013,2746.6735970463005,259.64141906675394,67.87382361861687,16.357200811819723,57.395000124668755,13.548331650693658,0.00019047619047614953,0.00010432810619144326,0.18903099115888852,0.06725851445040523,0.582811388888889,0.07427769395953271,3.5769681011581226e-08,4.966244945071282e-09,0.0,0.0,,,,,0.022420981047919834,0.008124107738044796,0.01698982737759088,0.005517433885653868,0.00297,0.005740783918595091,0.2922480763570158,0.10805577616896028,0.0009867388984575406,0.0006421026979474659,0.00021815735759768315,0.0001323311138270775,0.008439915174868928,0.013498135813226128,0.008439915174868928,0.013498135813226128,0.0,0.0,0.0,0.0,0.0,0.0,0.2922480763503294,0.10805577616403424,0.8754969942067529,0.3237061759985235,0.001655716154299662,0.0023983392623035784,0.5041872450937968,0.34827909588903916,0.07650737523075228,0.10119881874876956,0.4174315061635534,0.2848204712579883,0.00021815735759768315,0.0001323311138270775,,,,,,,,,,,,,,,,,,,,,0.001655716154299662,0.0023983392623035784,0.5041872450937968,0.34827909588903916,0.07650737523075228,0.10119881874876956,0.4174315061635534,0.2848204712579883,0.00021815735759768315,0.0001323311138270775,,,,,,,,,,,,
latency_critical,nominal,PPO-Lagrangian,5,150.0,0.0,300.0,0.0,1301421336.2,566560547.8782212,1.0,0.0,266.61783722001127,11.520029096061073,200.0,0.0,0.0,0.0,0.8366051239467136,0.049873710389910696,0.7938154625899491,0.05265450585384006,0.126,0.11620671237067158,1.0,0.0,0.16339487605328631,0.04987371038991079,0.20618453741005097,0.052654505853840086,0.22162503899876168,0.05027195378994075,32.67897521065728,9.974742077982151,0.16339487605328631,0.04987371038991079,0.0995609961062099,0.00042498152118905004,0.09691100653012953,0.003652972741545512,0.00043900389379004446,0.0004249815211890593,0.0030889934698703795,0.00365297274154549,0.005004639549660644,0.00413973293643273,0.1341535651847409,0.035507417256131275,0.1757108195416258,0.028501340273294724,0.18656123385285134,0.02647057219761287,0.7745855898292038,0.024718369665482645,0.8558621960107171,0.016449930670052158,0.26280333333333333,0.0061253788998450074,0.7049441889865931,0.09115560348675869,0.2946168071196168,0.09103459648277445,0.0,0.0,0.0,0.0,78.82313137679031,12.692472431470277,96.82932922612947,13.337060547478524,103.11633559548898,13.588925524741981,101.29340066279106,13.589398790298661,2.3250553215154506,0.28585016425814436,2.0972642517599804,0.28899930118602235,2.0797021268885496,0.28408390409729645,0.06335493524994418,0.01075665987041962,31478726.014590036,3036376.6133347037,29142812.676168352,2783089.50107241,0.03208295235543206,0.0032004542290152644,1.7389616242620416,0.2623305939514887,0.687030604633559,0.013018233679842816,0.6171912783537177,0.010009298622429781,0.0,0.0,0.1291697400841917,0.015880564681008007,0.14246819304368435,0.015590944741249724,45.16304033294294,15.346186358727053,0.2968443328988487,0.1512211855183938,24.644923088030605,1.7839267943590833,0.15892923277864357,0.055980620837545784,,,,,0.2819629405727425,0.20431843159247248,0.16421297857828634,0.043400902745668164,0.2511215662133586,0.03584723125273354,0.9995666666666667,0.00035449494589724314,0.04772666666666664,0.040692588186712,0.00019333333333331333,0.000185172592164414,0.9832999999999998,0.009101874043905039,0.13731249999999995,0.011367323795765542,0.0,0.0,0.0,0.0,0.12584322344322338,0.09644741321681556,2183.0869276993294,313.98791621086474,2401.499841262593,273.6714425928003,86.39918220841632,13.467327503246922,74.0101406940659,12.32837234859301,0.00019999999999997906,0.00022213150075598359,0.13546354210858075,0.030478882679350772,0.6658204166666667,0.05029998514813674,3.213384207244011e-08,3.1975549466620122e-09,0.0,0.0,,,,,0.01033424813403388,0.005688828388312883,0.00800606666556688,0.00388483580287774,0.0038933333333333,0.004825091824111817,0.19019691505331188,0.13420968467006253,0.000545253914344459,0.0004317443819750728,0.00015918022248560508,0.0001212281155757659,0.00046581797237232983,0.0003165207601869817,0.00046581797237232983,0.0003165207601869817,0.0,0.0,0.0,0.0,0.0,0.0,0.19019691505719477,0.13420968467131747,0.5697790367672454,0.40205628379337,0.0002630134174213687,0.00020298662883976043,0.8170109981205453,0.17703434079833447,0.04839692572009424,0.040826014051965634,0.1341698825194534,0.14611238390394665,0.00015918022248560508,0.0001212281155757659,,,,,,,,,,,,,,,,,,,,,0.0002630134174213687,0.00020298662883976043,0.8170109981205453,0.17703434079833447,0.04839692572009424,0.040826014051965634,0.1341698825194534,0.14611238390394665,0.00015918022248560508,0.0001212281155757659,,,,,,,,,,,,
latency_critical,nominal,PPO_CMDP,5,150.0,0.0,300.0,0.0,1301421336.2,566560547.8782212,1.0,0.0,272.14205237999556,4.344263892369205,200.0,0.0,0.068,0.136,0.9117278581484254,0.03277970221620846,0.8693645515409069,0.020911808882457524,0.519,0.2499079830657676,0.932,0.13600000000000004,0.08827214185157459,0.03277970221620853,0.13063544845909317,0.02091180888245756,0.13955513766643202,0.01869555557939921,17.654428370314918,6.555940443241703,0.09079113802964593,0.027898927387810357,0.09457536973768252,0.010078061368680781,0.08718356451775766,0.018632782992347396,0.00040838173757675974,0.00025455850333722915,0.00440085553915084,0.0035983322269071165,0.00520596311203846,0.004166734655610249,0.19414502640188952,0.04860576762553367,0.22601594205596273,0.04331615090250741,0.23386890922733525,0.04355655041103123,0.7090596817763266,0.08325223688672938,0.8253316130992518,0.021746191951474605,0.23929,0.026975100864809868,0.8540606727758956,0.05340377954720403,0.14553094548652765,0.05346365224582206,0.0,0.0,0.0,0.0,59.05832578345098,12.751821453396381,75.69396536639772,14.082861050322968,82.03869161783882,14.394031772109962,80.06212672261718,13.662345616629944,2.791564124766704,0.19224970502797656,2.5040920449391626,0.15375340344761818,2.48227941145391,0.14858553587070267,0.0598406007951139,0.005865766853667348,29208795.673020594,3441939.5734910355,27588199.573707722,3233518.44662697,0.03472980964850064,0.004149239134594987,1.6798694113117343,0.29890220284960656,0.6731720679861034,0.014328308506520504,0.6080439905099893,0.01342850859370611,0.0,0.0,0.15508689582037236,0.010680539168220933,0.16982078477267903,0.011708724728472585,61.552478223446215,6.113562705032664,0.1587758465001016,0.018490204948584093,22.497194582184438,3.1769705786406988,0.1268640647601539,0.011179455731412345,,,,,0.3704997457047671,0.06508688716398146,0.11027774166961221,0.030308115252302908,0.2296727266286381,0.02994376436350757,0.9963333333333333,0.006469715775999882,0.01085999999999996,0.00988200721850912,0.00017333333333330666,0.0001123486636423293,0.9890399999999999,0.008397728528860872,0.15415866666666664,0.016621851670149276,0.0,0.0,0.0,0.0,0.16540219780219775,0.054602618889708784,2734.162789540583,207.43514063570512,2822.472536042307,199.1616355064419,65.53410282410707,16.15203919085014,54.31824491950338,10.61587464627655,0.00019047619047614858,0.00012417528390858717,0.19729941993681338,0.05131066927897072,0.5750161111111111,0.08258772627648778,3.4758431331353903e-08,4.151669136741454e-09,0.0,0.0,,,,,0.029620892553625662,0.009199578333876801,0.022071006571322722,0.010139473769760288,0.02774666666666664,0.02674991879530768,0.27063735914921483,0.06191455360637034,0.0006962170092283179,0.000594376326297449,0.0001552297325865371,9.80162987645668e-05,0.00790723225087696,0.01456375815128363,0.00790723225087696,0.01456375815128363,0.0,0.0,0.0,0.0,0.0,0.0,0.27063735914635895,0.06191455360707879,0.81075707122417,0.18547942644341459,0.0035507345889743483,0.0065201578601694204,0.5440680306580684,0.2604825633101976,0.01088332297558988,0.009745843248618075,0.4413426820447806,0.24853437925226052,0.0001552297325865371,9.80162987645668e-05,,,,,,,,,,,,,,,,,,,,,0.0035507345889743483,0.0065201578601694204,0.5440680306580684,0.2604825633101976,0.01088332297558988,0.009745843248618075,0.4413426820447806,0.24853437925226052,0.0001552297325865371,9.80162987645668e-05,,,,,,,,,,,,
reliability_first,congestion_burst,Intent-PPO-CMDP,5,150.0,0.0,300.0,0.0,1143451358.2,709705252.9090999,1.0,0.0,320.147677999991,7.298897258581943,200.0,0.0,0.0,0.0,0.8894573391144703,0.0672819941734822,0.8490657297833497,0.07958230112201882,0.5269999999999999,0.4468512056602287,1.0,0.0,0.11054266088552948,0.06728199417348228,0.15093427021665015,0.07958230112201885,0.16197034404408756,0.08142186435194708,22.10853217710591,13.45639883469646,0.11054266088552948,0.06728199417348228,-0.031036454836534923,0.046436246226513364,-0.05078776766597012,0.052403328535322806,0.014523702395914582,0.006822446829210009,0.02319737261274248,0.006236541800019409,0.024891485905848297,0.005099892197227962,0.1721966978963886,0.06794366517837483,0.20372811203332336,0.0605145031271519,0.21352332309657052,0.05698009680029773,0.8267023485134045,0.015601054176812441,0.8886390620983967,0.017734135546613364,0.37029999999999996,0.006995760621023722,0.623773022060188,0.08642288772264982,0.36170327554389714,0.08990700855031358,0.0,0.0,0.0,0.0,76.87157766036123,10.129960873283228,88.91853054547482,10.419168974032802,94.14221029679342,9.966105414520472,92.58087192773912,9.972739429136116,3.0033048842196366,0.46809821836892684,2.7549896880258844,0.48817731041280515,2.7353802343524762,0.49634796666107533,0.05157042485626514,0.012580065090070383,30391420.76408224,5502792.38214778,29039206.74963381,5126544.14351514,0.03409678016492174,0.0066007957305140325,2.3202526861096495,0.4881750887102045,0.6748471063190175,0.03804626044777752,0.6164347177478394,0.023170101237876228,0.0,0.0,0.16685027134553537,0.02600545657605149,0.18009531633742132,0.026204430315264052,59.18736568431465,8.979210120117525,0.17756107563422255,0.02367113819256557,19.763335581687688,1.8238640265105095,0.10548133996253935,0.01917164773982287,,,,,0.38058969244252766,0.14460741984036687,0.1342388741569706,0.06501962937721331,0.2883312337888488,0.05497084019368919,0.9903166666666665,0.004245899983121039,0.05939999999999997,0.028203916197735542,0.009119999999999939,0.0042667760402647845,0.9899733333333331,0.007427835036760926,0.14431649999999993,0.00771341577311174,0.70669,0.043923632717605555,0.0516388333333333,0.007862130217412795,0.11237655677655675,0.029028325970050162,2884.891053075004,558.782896246663,3067.0661779129005,420.2156675850181,71.46566565009627,12.211804405723674,79.36228959368236,8.934536548834918,0.013133333333333297,0.006411115630537162,0.17497993146340893,0.06770474241844622,0.739453888888889,0.02184199591634351,3.4113078705486774e-08,6.596912337809376e-09,0.0,0.0,,,,,0.01945789604094906,0.007780411645701269,0.015129879336660202,0.006281900785069623,0.00293333333333332,0.005346847461614881,0.3208525516089392,0.10252734172205263,0.38773168175031936,0.2375195656438493,0.12772217483204099,0.08279703209656865,0.2651405445285562,0.15873415675026797,0.37922688368943697,0.2334329316440943,0.11878588454187869,0.07852596192570034,0.1140863391608808,0.07536415482325291,0.11844333333333332,0.07814029661804182,0.3000934659640194,0.11539890841397002,0.898999681071089,0.34570423426863117,0.0005788068189652775,0.0006595560441004758,0.49540364123796526,0.3576279312822974,0.059971788895721544,0.028432939937272576,0.434976481214695,0.33441026584899736,0.00906928183265278,0.004445710192796896,,,,,,,,,,,0.0005788068189652775,0.0006595560441004758,0.49540364123796526,0.3576279312822974,0.059971788895721544,0.028432939937272576,0.434976481214695,0.33441026584899736,0.00906928183265278,0.004445710192796896,,,,,,,,,,,,,,,,,,,,,,
reliability_first,congestion_burst,Intent-PPO-CMDP-FullPolicy-NoShield,5,150.0,0.0,300.0,0.0,1143451358.2,709705252.9090999,1.0,0.0,320.147677999991,7.298897258581943,200.0,0.0,0.0,0.0,0.681144075269638,0.11474029558500551,0.6116383152395264,0.10564870094527096,0.091,0.182,1.0,0.0,1.3953473950210273,1.08729885515114,1.827597281332561,1.2888929091725552,1.9376087106115523,1.3370972569149573,279.06947900420556,217.459771030228,1.3953473950210273,1.08729885515114,-0.20385689143286165,0.15960293863766972,-0.26867830199695103,0.19152222966459642,0.22759040742154618,0.164599988878311,0.2951554818302109,0.1945092524313331,0.3113360292429875,0.20036704058920266,0.18230644516228356,0.06917712777072954,0.21753347395228606,0.06350871956857577,0.22756411983232067,0.059063664599882285,0.8393898402074729,0.022537396937911708,0.9021384872251585,0.0224564769091525,0.38713666666666663,0.01834821941103704,0.49840241737760904,0.08799298026584912,0.27400717520084467,0.12968679520072596,0.0,0.0,0.0,0.0,66.384451707575,13.497077830733582,80.43400563172698,13.268652022441222,84.8733240960084,13.91114221793815,83.68371926803047,13.602170640389943,2.4571239023529907,0.45175061670415956,2.1525399086186487,0.4785464195518679,2.130563881048114,0.48442505097505983,0.07940429150967232,0.026131588579061164,29478030.212238707,5519139.422930285,27868397.19442604,5135258.385314283,0.03517304647452576,0.006733416180359979,1.7005399664226524,0.5377237247806672,0.6393351224491581,0.061624846760913836,0.5644934446876404,0.06098872595410761,0.0006674108302865134,0.0008850044101739218,0.13650688346405498,0.025097256483564454,0.15362145584896242,0.025644098560685183,28.941107217762777,22.45562205559874,3.2986447452308516,5.507735429239235,19.763335581687688,1.8238640265105095,0.10548133996253935,0.01917164773982287,,,,,0.5268182163229979,0.18693432334185997,1.3331494745753645,0.9864648352306188,1.8035240960676124,1.2184297550080718,0.8565766666666665,0.10318780591178824,0.05437999999999996,0.02456155849199221,0.14186666666666664,0.10220436607329669,0.9822033333333333,0.007725897286975116,0.1449233333333333,0.010629957575435374,0.0,0.0,0.0,0.0,0.14437948717948715,0.039682234005773,2351.8704832832123,485.3254112861263,2513.798820313641,439.7388803096452,56.99738931001589,14.76684795364597,70.61270258283278,12.79510016176375,0.1397714285714285,0.10479408769738172,0.18437521638475507,0.06693451104184386,0.6287654166666666,0.09594708316776901,3.521330899168065e-08,6.7401500145066065e-09,0.0,0.0,,,,,0.02001593829429224,0.007597392697105189,0.01567228461846936,0.006120367104678662,0.00301666666666664,0.005456738952891166,0.3291744026845107,0.1049541377090122,0.3955594520749111,0.24527662228988067,0.14175060363103859,0.10245040850834997,0.26234627091301566,0.1554555821799424,0.26234627091301566,0.1554555821799424,0.0,0.0,0.0,0.0,0.0,0.0,0.3291744026311848,0.10495413768924346,0.9861183815900963,0.3144144975186958,0.00168146746592207,0.0015116773256339741,0.44364230479244127,0.34367636326677903,0.0544355894675387,0.024592753340517463,0.35849003464305934,0.2858116648508169,0.14175060363103859,0.10245040850834997,,,,,,,,,,,0.00168146746592207,0.0015116773256339741,0.44364230479244127,0.34367636326677903,0.0544355894675387,0.024592753340517463,0.35849003464305934,0.2858116648508169,0.14175060363103859,0.10245040850834997,,,,,,,,,,,,,,,,,,,,,,
reliability_first,congestion_burst,Intent-PPO-CMDP-NoRisk,5,150.0,0.0,300.0,0.0,1143451358.2,709705252.9090999,1.0,0.0,274.6141810200061,5.506362305433448,200.0,0.0,0.0,0.0,0.8894598103488474,0.07278693131506005,0.8549808954177578,0.0842430050150081,0.595,0.4858394796638083,1.0,0.0,0.11054018965115256,0.07278693131506009,0.14501910458224201,0.08424300501500806,0.15631989134408608,0.08554522262066933,22.108037930230523,14.557386263012019,0.11054018965115256,0.07278693131506009,-0.02065659452654,0.05832148484877216,-0.04029731332619323,0.062005214658680356,0.00018020504001526794,0.00012376841522041118,0.00101167929292928,0.0020233585858585594,0.001349550361266328,0.002453717780368266,0.16343376078218871,0.07332020259764607,0.19907672590948247,0.06331528745691888,0.2083979039385921,0.06135029352709622,0.8069743570358238,0.023341771973849772,0.8709738392241118,0.015133425769291126,0.36056333333333335,0.00813302185195912,0.6052255765980242,0.12875536300268334,0.39459421836196046,0.1288516720339855,0.0,0.0,0.0,0.0,77.70780846946397,15.21390210208447,89.978894557925,16.27528371265338,94.79142554207033,17.35486969357126,93.52362560040442,16.914203613027254,2.855723156684608,0.6104551324758666,2.601958502826206,0.6197651419467558,2.590930726500429,0.6191487553591007,0.058861509737879104,0.01484140449030226,30942803.904336967,4316267.7752629435,29286108.611372966,3519334.055086864,0.0329481846798292,0.004559430492560193,2.116576684775461,0.38621269456119495,0.6906312320452084,0.02508770650956571,0.6235621079689694,0.011266991016641751,4.236674293474e-05,8.473348586948e-05,0.1586512864824782,0.033914174026437045,0.17425964290267623,0.03284038467277625,51.26420106656799,9.792608250874418,0.22650641160621462,0.07095394075063974,20.693185967730553,2.4289579678812494,0.1035148091577011,0.018437312337111388,,,,,0.2200579205424055,0.09738143896659726,0.1278856901835986,0.06763651131201506,0.2739225801478645,0.03346333205571989,0.99969,0.000238420729896699,0.035029999999999964,0.024119458258150563,0.00010999999999998667,7.498147919467876e-05,0.9871766666666668,0.009364861035926876,0.1423693333333333,0.011368221379500542,0.0,0.0,0.0,0.0,0.07328644688644682,0.02736266486212093,2705.3269350654655,678.4195888568083,2936.7057375564546,575.7582602100609,73.0139181434997,19.224108687549297,79.63976094888129,12.828841908594887,9.523809523807905e-05,9.035079029050857e-05,0.16731886774705945,0.07407386667569027,0.7383054166666666,0.038585160842348955,3.298076663247489e-08,4.53697121794729e-09,0.0,0.0,,,,,0.026826509450150436,0.03672911027857916,0.00950185394828802,0.008101464312199033,0.017529999999999997,0.033726215322801935,0.24334382136582028,0.13853680521179118,0.00036458355142944,0.00028022575054353243,0.00010189879580852409,6.640544497941171e-05,0.00043542046781796,0.0005362414293332346,0.00043542046781796,0.0005362414293332346,0.0,0.0,0.0,0.0,0.0,0.0,0.2433438213658004,0.13853680521342313,0.7289929392354857,0.41501917845291464,0.0001716295607707553,0.0001358385674946506,0.5703084438888237,0.4244227683163437,0.03505337419339734,0.023982559635297968,0.39436465356119954,0.4011645998960468,0.00010189879580852409,6.640544497941171e-05,,,,,,,,,,,0.0001716295607707553,0.0001358385674946506,0.5703084438888237,0.4244227683163437,0.03505337419339734,0.023982559635297968,0.39436465356119954,0.4011645998960468,0.00010189879580852409,6.640544497941171e-05,,,,,,,,,,,,,,,,,,,,,,
reliability_first,congestion_burst,MaxWeight,5,150.0,0.0,300.0,0.0,1143451358.2,709705252.9090999,0.0,0.0,1.4380004722625018e-05,3.965042013054547e-06,200.0,0.0,0.005,0.01,0.9102544300845917,0.018394124193743488,0.8872781209922316,0.013232501746788562,0.635,0.28661821295933027,0.9949999999999999,0.010000000000000009,0.08974556991540829,0.01839412419374351,0.11272187900776845,0.013232501746788587,0.12712336493463486,0.008988962822851585,17.949113983081666,3.678824838748699,0.09003432924816734,0.017870829646935784,0.02180507797406008,0.0069895559895851575,-0.0054077049015267995,0.01708676401351562,0.0,0.0,0.0,0.0,0.0,0.0,0.12510854342289826,0.012147433541100205,0.16540770490152673,0.017086764013515655,0.1798467666544476,0.014852414857042437,0.8505674563965379,0.028244756567716255,0.9076367642403398,0.007973810296428428,0.3810433333333333,0.009436157410019545,0.4184126324553102,0.054293173227174786,0.5815873675446899,0.05429317322717479,0.0,0.0,0.0,0.0,73.74242101301587,7.3912065659214035,86.5694657603587,6.851027952370774,91.09335466938606,7.568577111089825,89.77096237362657,7.057945946012132,2.1715200797339933,0.24796357775957206,1.9682951362691177,0.19819447969791304,1.9551610535415658,0.19617936248877044,0.06891471975637267,0.02226561379626927,18695090.269874334,1985484.8654180719,17453658.13550029,1757072.747858633,0.054128452435189135,0.006150557224275491,2.571603879015585,0.3064927409613857,0.5174034465920209,0.016731887458721163,0.46623291006347667,0.012651539081461273,0.00641132244624394,0.003091661781048953,0.12064000442966624,0.013775754319976217,0.1356879487588573,0.022816931042261453,-0.8731206306057586,13.706469797858277,3.5410006223266777,4.183206918231088,,,,,,,,,0.15574889838358535,0.04104205347317856,0.08157484867211204,0.007521395654081141,0.2359969494752545,0.002743414548646148,0.9999166666666668,0.0001666666666666483,0.9236599999999999,0.035478445099336946,0.0,0.0,0.9486866666666668,0.005382537608889696,0.09270383333333325,0.004143464083482707,0.0,0.0,0.0,0.0,0.18446593406593403,0.03225276288655125,1851.7094324193731,243.2200878510195,2343.7258129034044,251.66354394919858,73.16874309001611,9.694078887585695,74.28921310031738,6.108584561764623,0.0,0.0,0.12488774955441886,0.009455609685277125,0.8409286111111112,0.02719956003411422,5.4263398913869474e-08,6.0965985047316495e-09,0.0,0.0,,,,,,,,,,,,,,,,,,,,,,,,,,,,,,,,,,,,,,,,,,,,,,,,,,,,,,,,,,,,,,,,,,,,,,,,,,,,,,,,,,
reliability_first,congestion_burst,PPO,5,150.0,0.0,300.0,0.0,1143451358.2,709705252.9090999,1.0,0.0,267.553891400015,9.782401107503151,200.0,0.0,0.003,0.006,0.9010648988976293,0.08340063324370761,0.8608654651678844,0.09472289031488293,0.6100000000000001,0.4759306672195016,0.9970000000000001,0.006000000000000005,0.09893510110237061,0.08340063324370756,0.1391345348321157,0.09472289031488287,0.14917443217536366,0.09710917759759048,19.787020220474137,16.68012664874151,0.09901828010320841,0.08332933435899363,-0.024283512706257157,0.054114646160104224,-0.04869720731864028,0.05652208748321925,0.0003056428601641902,0.00023928797627780594,0.0021286206312461,0.0026137494189721294,0.00246532163680585,0.0028587348866678545,0.1796132125214936,0.05866567030156095,0.20869720731864025,0.05652208748321927,0.21490599002994343,0.05662313535969482,0.8155779760553326,0.011951988275922412,0.8777851262223487,0.015417644902456652,0.36494666666666664,0.0053252689029652765,0.6356996853256474,0.07317862289981988,0.36399467181418854,0.07327582938944453,0.0,0.0,0.0,0.0,77.4867288201743,10.675419554266515,90.64594825169641,11.384187585022563,94.99901366896609,12.214855114160944,93.75626068683354,11.821822695396163,3.009751481077895,0.32602364901918607,2.757360255057144,0.3230140957374029,2.744761593628105,0.32279944675523636,0.04972497003669911,0.005107514128240708,29715008.520221043,3726250.2017330346,28663535.266129762,3634645.667623675,0.03421649286090328,0.004425255273062022,2.3448163104389024,0.18223743904898554,0.6809682029190596,0.023025261899728425,0.6211496625428994,0.012062675645415263,0.0,0.0,0.1672084156154386,0.018112424945510346,0.18110734782809917,0.018718340904479873,56.86624854226428,17.243833485468226,0.19407774607630834,0.06738687494868517,24.637569114567007,1.790413967267241,0.13216767443948907,0.011183999798211863,,,,,0.3915673529302753,0.09138910122559786,0.12509926517993594,0.07427779219170993,0.2942609457968534,0.0262795410942531,0.9994599999999998,0.000323109888428067,0.07843999999999995,0.10081094770796364,0.00018999999999997998,0.00014704496666740051,0.9914566666666668,0.0028212408617486165,0.14733583333333328,0.0071838043735737616,0.0,0.0,0.0,0.0,0.11265054945054939,0.007324922117425706,2902.2153263736964,381.3323232416605,3067.6555643801566,298.12186381020234,72.33846307703355,13.35719364345431,79.49348631113317,8.792012953996643,0.00017142857142853903,0.00014317425122258815,0.18049658653319522,0.061126574808891596,0.7464976388888889,0.02971404012379327,3.4223852137902465e-08,4.431569556834145e-09,0.0,0.0,,,,,0.02241127479194056,0.008159646336293645,0.01657446689639942,0.0054656536976417005,0.002626666666666653,0.005063009645128747,0.3026997475667363,0.10447981858929792,0.0008461914511768568,0.0005338143968012346,0.00020447119646382024,0.00013293747773896692,0.0007032635049378747,0.00041366040397400127,0.0007032635049378747,0.00041366040397400127,0.0,0.0,0.0,0.0,0.0,0.0,0.302699747561897,0.10447981859380204,0.9068074029678209,0.31299356449651905,0.0003393724700800073,0.00025320449509492175,0.4841844490078729,0.33376195246969076,0.07820714074936821,0.10061922513578278,0.4370645665762149,0.2774482828343639,0.00020447119646382024,0.00013293747773896692,,,,,,,,,,,0.0003393724700800073,0.00025320449509492175,0.4841844490078729,0.33376195246969076,0.07820714074936821,0.10061922513578278,0.4370645665762149,0.2774482828343639,0.00020447119646382024,0.00013293747773896692,,,,,,,,,,,,,,,,,,,,,,
reliability_first,congestion_burst,PPO-Lagrangian,5,150.0,0.0,300.0,0.0,1143451358.2,709705252.9090999,1.0,0.0,266.61783722001127,11.520029096061073,200.0,0.0,0.001,0.002,0.9476912538968498,0.018595039535108132,0.9159158135529968,0.01608514141663253,0.9719999999999999,0.026191601707417567,0.999,0.0020000000000000018,0.05230874610315002,0.018595039535108073,0.08408418644700319,0.01608514141663256,0.0988374088859305,0.013317446740124458,10.461749220630015,3.719007907021614,0.05234166890750752,0.01856050949492484,0.01734672534060986,0.013577935387382674,-0.0012091801780260807,0.022703343604921777,0.000266489883437254,0.0002151341227205594,0.00210178301637928,0.002575952273449246,0.002622692847723994,0.003087791707055707,0.11523142023463832,0.0359496280217046,0.15781729431281416,0.027111089483953434,0.1696190234489046,0.023357051534089106,0.8236136689802194,0.01745336162465349,0.8796955950476422,0.01864458188855049,0.3677033333333333,0.006061695765671174,0.5295497155325891,0.07192165152793079,0.47018379458397364,0.07186692907502411,0.0,0.0,0.0,0.0,88.0330375584363,8.714742549490403,101.74678113277464,9.694843647052748,108.17050363410947,10.475578247846787,106.08681630047417,10.195642377136284,2.5137491478351444,0.3399375745652246,2.250083091180993,0.34012109327412154,2.242273245141899,0.3399887517706039,0.06337208705163339,0.010627517809313558,32978031.989637304,3386225.9956535087,31181110.152458288,2957054.4428898515,0.03065997534930114,0.00325922697669457,2.0241704020090254,0.34258000369420416,0.698038949408525,0.020647359728601638,0.6259765012660027,0.01955460213919349,0.0,0.0,0.13965273043528573,0.018885420809179147,0.15341286556106806,0.01900114306126804,50.121070225056826,15.379484755601686,0.2576031253658845,0.10128129355997269,24.644923088030605,1.7839267943590833,0.15892923277864357,0.055980620837545784,,,,,0.28562889484693377,0.1931596182226185,0.08315029520817155,0.016111432478625547,0.24697012189717937,0.034635462310890784,0.9996366666666667,0.00028817432995400274,0.05105999999999996,0.04045007979665252,0.00016333333333331336,0.0001330830985178345,0.9834833333333333,0.009190490254121992,0.1366891666666666,0.009953593083795296,0.0,0.0,0.0,0.0,0.11773626373626367,0.08318430591899147,2318.709436109845,381.3919312067177,2618.7705310718443,321.3158240763594,85.77563714664606,11.504468000188718,89.00465800718956,7.175023194843437,0.00011428571428568857,8.832017614755185e-05,0.11629216335299777,0.032445492434842384,0.7679126388888888,0.025793759643283745,3.0689242347088197e-08,3.2499020396661186e-09,0.0,0.0,,,,,0.01006662420586144,0.005222849282593737,0.00799989133911168,0.0037535260180425584,0.0032966666666666604,0.004068502317943427,0.1865920162519834,0.12150276097881602,0.0005223577266743374,0.0004125216698699409,0.0001607886657778494,0.00013029841365071705,0.0003616352210456544,0.0002879800370600459,0.0003616352210456544,0.0002879800370600459,0.0,0.0,0.0,0.0,0.0,0.0,0.18659201625590635,0.12150276097675296,0.5589797250853296,0.36398974238397513,0.00023829937546773652,0.00018572621318062595,0.8214023907600753,0.1659814775687556,0.050794241519331707,0.04053450705210931,0.1274042796793473,0.13827432902425166,0.0001607886657778494,0.00013029841365071705,,,,,,,,,,,0.00023829937546773652,0.00018572621318062595,0.8214023907600753,0.1659814775687556,0.050794241519331707,0.04053450705210931,0.1274042796793473,0.13827432902425166,0.0001607886657778494,0.00013029841365071705,,,,,,,,,,,,,,,,,,,,,,
reliability_first,congestion_burst,PPO_CMDP,5,150.0,0.0,300.0,0.0,1143451358.2,709705252.9090999,1.0,0.0,272.14205237999556,4.344263892369205,200.0,0.0,0.001,0.002,0.9087565496074312,0.06267771951901262,0.8656325610780382,0.07295895262412991,0.597,0.3742940020892667,0.999,0.0020000000000000018,0.09124345039256866,0.06267771951901255,0.13436743892196185,0.0729589526241299,0.15243128216878693,0.07250506550324003,18.24869007851374,12.53554390380251,0.0912788511101111,0.06264611128565237,-0.02817585991692364,0.04025119517191486,-0.055394357375645874,0.040086481063913486,0.00017132831994088002,0.00010336036709132137,4.761904761902e-05,9.523809523804e-05,0.00131619351938434,0.0023560780335182604,0.18644504487690838,0.04237004558605653,0.21539435737564588,0.040086481063913486,0.22296434460017905,0.03805882096196494,0.8123793823695907,0.025445411123044902,0.8737824002946523,0.018608765044980415,0.36462,0.008350052561378161,0.6639303559375425,0.05074020921155452,0.33589831574251666,0.05075028557952789,0.0,0.0,0.0,0.0,76.77765369202459,9.883170248228135,88.89249040555993,10.74331200225109,93.23148667131548,10.00338893223158,92.1137977798219,10.339898833859714,3.1674159170796683,0.23150921830491367,2.9074117554159393,0.2552428996006973,2.878310877622364,0.2538520432025975,0.05106889173090214,0.0072627193324941225,30474035.891606994,3146518.9371698964,29312073.271087956,3017004.1183244153,0.03318349534115878,0.003488108538731285,2.40443436099032,0.3696077440346383,0.6716755047924524,0.011729783802852979,0.6196365775320659,0.009240244546761863,0.0,0.0,0.1759675509488704,0.012861623239161839,0.1910703279276045,0.012719572244506306,64.59381530151185,7.44626684337756,0.160288302850733,0.018361836096112232,22.497194582184438,3.1769705786406988,0.1268640647601539,0.011179455731412345,,,,,0.3721687428145847,0.06880486980161563,0.10967399420639923,0.05279816542917827,0.27455625688400503,0.030247975305030022,0.99879,0.0018358346572850729,0.00949999999999996,0.007586903921304843,0.00010666666666664666,6.289320754703378e-05,0.98894,0.008333963976137426,0.1461558333333333,0.00781208799802517,0.0,0.0,0.0,0.0,0.11705494505494504,0.03562219636718365,3081.9936466543113,252.3586361568151,3213.412524231783,225.93500414499718,71.58657320615954,12.148679845944255,78.69165078278425,8.135934820330828,0.00012380952380949904,7.737179432985081e-05,0.18815004254414006,0.04375273639712781,0.7494452777777779,0.043372774446141495,3.3189812494177366e-08,3.488372273069334e-09,0.0,0.0,,,,,0.02928646060039994,0.009188321990559285,0.02120401380901048,0.010081840358801658,0.018926666666666654,0.01948128047354404,0.2724664262974573,0.059770001124195324,0.0004300635234921799,0.00025672443740575615,0.00012297157710315475,7.654792101897473e-05,0.0003419277172461355,0.00022257716889993964,0.0003419277172461355,0.00022257716889993964,0.0,0.0,0.0,0.0,0.0,0.0,0.2724664262972231,0.05977000112697554,0.8162364667185111,0.17905492136643894,0.0011516016547433992,0.0019864379751989396,0.5115285622240842,0.2513465432223465,0.009752298090245162,0.007522641418653303,0.47744456645382394,0.2459658582255057,0.00012297157710315475,7.654792101897473e-05,,,,,,,,,,,0.0011516016547433992,0.0019864379751989396,0.5115285622240842,0.2513465432223465,0.009752298090245162,0.007522641418653303,0.47744456645382394,0.2459658582255057,0.00012297157710315475,7.654792101897473e-05,,,,,,,,,,,,,,,,,,,,,,
reliability_first,mixed_stress,Intent-PPO-CMDP,5,150.0,0.0,300.0,0.0,1168319045.8,286271988.0296697,1.0,0.0,320.147677999991,7.298897258581943,200.0,0.0,0.0,0.0,0.7776028943307165,0.11961337465493002,0.7328165437873221,0.1106290130609642,0.302,0.38107217164206575,1.0,0.0,0.22767144611205073,0.125306769350341,0.2820210041027219,0.12618701497952384,0.30771392093397887,0.11645055381205939,45.53428922241015,25.061353870068196,0.22767144611205073,0.125306769350341,-0.07733141346565905,0.07748790693468656,-0.10622694605085403,0.0732640691598483,0.01155193190444874,0.006182694511675523,0.020836495226820878,0.007310953719900686,0.022570323798489424,0.006793305157228189,0.2326415089377994,0.08296130621043658,0.26622694605085395,0.07326406915984832,0.2793126330967352,0.06937372558674867,0.8726899103801848,0.011488856981912132,0.9216861575294228,0.013747954498188268,0.40777333333333327,0.00706286532978412,0.4990654761911718,0.06343947658305797,0.4893825919043794,0.06617996113166107,0.0,0.0,0.0,0.0,89.36178108519785,6.839333620587827,102.29795250181064,8.265728306466164,107.56881343590393,8.895865774838146,105.65453999013735,8.504108951244161,2.7609581013773488,0.38857670588164606,2.523388926249833,0.39652979109775083,2.5052427225360576,0.40266083052997736,0.055237625764192645,0.012433370215544508,29261003.726886082,5370317.899871223,27897581.63634786,4974936.362235614,0.03545335645807014,0.006993137212698347,2.620565673669448,0.6430319380984852,0.6482888069809691,0.03516359635046979,0.5957593253857332,0.027295053806561862,0.0,0.0,0.15338656118763044,0.02158759477120257,0.16664400035241453,0.02107317144232013,73.76021308301051,12.735533020972902,0.16500895414952607,0.02275216473198665,19.763335581687688,1.8238640265105095,0.10548133996253935,0.01917164773982287,,,,,0.3783635457866122,0.14332615590956843,0.2226102770632096,0.11022322832123936,0.3751404729256514,0.10855429211261351,0.9913399999999999,0.004280181719922166,0.059316666666666615,0.027683414609553564,0.00810666666666664,0.00432176147215718,0.9908966666666666,0.0065918417591578965,0.15034966666666663,0.007076089994559934,0.6484566666666666,0.044728246854383445,0.04600966666666664,0.007212941274773656,0.115214652014652,0.03737619416478979,2045.021690747925,217.81981921069476,3146.462322485501,482.1716364084624,86.27625568348492,10.566663757803646,89.723629026687,5.71981704080474,0.010057142857142822,0.005900259420100919,0.343841101802621,0.11302073872718278,0.7464318055555557,0.018403219394072304,3.5475030718823964e-08,6.988706628330446e-09,0.0,0.0,,,,,0.019213258567502937,0.007830403241366593,0.014927969327130721,0.006378553960034267,0.00219333333333332,0.003732300452357311,0.3148915800272071,0.10114546061294033,0.38324547916636476,0.23545575587877532,0.11711179154289772,0.0759104351844045,0.2707097043091811,0.16292880200016155,0.37550289802705095,0.23140394871997702,0.10899046470172076,0.07166610568880782,0.10479319371786977,0.06882697987099834,0.10815999999999996,0.07135275405414362,0.29618002336930804,0.11258466552858276,0.8872760547894115,0.33727351603125694,0.0005435495229960587,0.0006192886575252076,0.49766002657413644,0.35721367327412346,0.05871743210720426,0.027127703959517045,0.4348517415709767,0.33518671358514823,0.00822725022468636,0.0043828777740943115,,,,,,,,,,,0.0005435495229960587,0.0006192886575252076,0.49766002657413644,0.35721367327412346,0.05871743210720426,0.027127703959517045,0.4348517415709767,0.33518671358514823,0.00822725022468636,0.0043828777740943115,,,,,,,,,,,,,,,,,,,,,,
reliability_first,mixed_stress,Intent-PPO-CMDP-FullPolicy-NoShield,5,150.0,0.0,300.0,0.0,1168319045.8,286271988.0296697,1.0,0.0,320.147677999991,7.298897258581943,200.0,0.0,0.0,0.0,0.5765550146268198,0.17221670509766263,0.5032759400495512,0.14221094962646885,0.086,0.172,1.0,0.0,1.2824943904434796,0.9771417795215062,1.6794252321198335,1.159014117691118,1.8181565817464882,1.22429450416547,256.4988780886959,195.4283559043012,1.2824943904434796,0.9771417795215062,-0.1849526099656264,0.12708598609554583,-0.2454878795796535,0.1523978335376993,0.18910702474443536,0.1414287077706169,0.2502038983061094,0.16989421234729038,0.27030416081010855,0.18024349901435788,0.24533182073995774,0.0832880094748839,0.28280119953335114,0.07395888501616935,0.29538987061139066,0.06930647101130714,0.8838537325065792,0.019596355890260025,0.9318621222140233,0.017333392901259688,0.42535,0.01792278500184116,0.40364036958234095,0.06757932570382144,0.40725260567322347,0.11086475365453044,0.0,0.0,0.0,0.0,80.03337264265912,9.22794058195616,93.46676940575776,10.914148784337184,98.29547083211872,12.386727969135405,96.92615728952634,12.10855764666688,2.29151966963338,0.3832902854437477,2.018691062815715,0.39645635741018986,1.988606762724767,0.397361655026707,0.07755788311479164,0.01687644466456597,28377523.815773524,5277961.766111743,26873547.50892108,4905902.094561733,0.03653389161401022,0.007014440749758251,2.024375189052993,0.6439773414106333,0.611523475218091,0.057418279485654165,0.5379668195341669,0.05883297556643115,0.00135965523366996,0.0016702411573241125,0.1273066483129655,0.021293904746874846,0.14289980768634863,0.021677132313081455,42.23434864810339,26.256118349011853,0.6317050784323096,0.6066489097056943,19.763335581687688,1.8238640265105095,0.10548133996253935,0.01917164773982287,,,,,0.5188757666290075,0.1826014601282956,1.2909846861473875,0.9250569309950948,1.782776018346188,1.1800030548610747,0.8662766666666666,0.0995089446565818,0.052726666666666644,0.022568539065600923,0.13162666666666661,0.09822442307740416,0.9838700000000001,0.007366692307647681,0.15166499999999994,0.01203772224901557,0.0,0.0,0.0,0.0,0.15732454212454208,0.052328988677325175,1741.4481590293512,228.22286354728556,2587.712021497088,470.8089107368745,71.64953612917115,14.12117476509261,82.25490889218074,8.010561708505373,0.11070476190476183,0.08939082016716667,0.3619884638253343,0.11089398820717464,0.6524536111111111,0.08129230458892214,3.6570087402120554e-08,7.0165310596039916e-09,0.0,0.0,,,,,0.019697081998826502,0.007633478232514012,0.01547735322303698,0.006163842927470636,0.00243666666666664,0.004033393938938583,0.32028162513888864,0.10183948912361596,0.3877082607459131,0.2393969877654171,0.13241455595045165,0.0987667164345499,0.26375609783878606,0.15494024539592297,0.26375609783878606,0.15494024539592297,0.0,0.0,0.0,0.0,0.0,0.0,0.32028162507503105,0.10183948907505973,0.9594780008635899,0.30508384414440554,0.0021127970484536218,0.002753389752318571,0.446952671062174,0.34519595106135453,0.052141468287851524,0.022627931180887566,0.36637850765106894,0.2925261217726035,0.13241455595045165,0.0987667164345499,,,,,,,,,,,0.0021127970484536218,0.002753389752318571,0.446952671062174,0.34519595106135453,0.052141468287851524,0.022627931180887566,0.36637850765106894,0.2925261217726035,0.13241455595045165,0.0987667164345499,,,,,,,,,,,,,,,,,,,,,,
reliability_first,mixed_stress,Intent-PPO-CMDP-NoRisk,5,150.0,0.0,300.0,0.0,1168319045.8,286271988.0296697,1.0,0.0,274.6141810200061,5.506362305433448,200.0,0.0,0.0,0.0,0.797949483057389,0.11929364685104642,0.7471345230317122,0.0959860092374888,0.321,0.28910897599348245,1.0,0.0,0.2130404631023078,0.13290966816604563,0.2787274448170933,0.12786886220349633,0.30631777118221537,0.11783437206144891,42.60809262046156,26.581933633209122,0.2130404631023078,0.13290966816604563,-0.0651025146281792,0.0872747305102239,-0.10204128826611332,0.07933001323213301,0.00010000805544258686,8.061784642213226e-05,0.0,0.0,0.00010000805544258686,8.061784642213226e-05,0.21883713931354443,0.09343649973575996,0.2620412882661133,0.07933001323213301,0.27257132745615753,0.07534174519969697,0.8584675418201341,0.015242289292272537,0.9090016745194955,0.00779547504052993,0.40252999999999994,0.005367592052722006,0.47899149784749256,0.08829780173305936,0.5209084940970647,0.08833264373357205,0.0,0.0,0.0,0.0,89.42516832562256,10.520743592580558,102.42122635665558,12.413974586104102,106.73697476203547,12.717385594945924,105.31428828565825,12.922819328326362,2.606076373783007,0.4881366490267078,2.3548228605155943,0.5045308188609648,2.3342925423879657,0.49599319866933417,0.06188843952677296,0.012951912371177564,29811184.715733528,4289813.178146307,28068788.922266208,3660375.0147892926,0.034242404778429436,0.004875670007633837,2.3748211564230948,0.5432128840033874,0.6664952468895853,0.02687219474010323,0.5969250562499175,0.017722855521652394,5.948130691890152e-06,1.1896261383780305e-05,0.14478202076572258,0.02711870272370599,0.15903014408570826,0.026718652432671117,65.2416009989623,10.463755764794087,0.206664851319926,0.038331530119608555,20.693185967730553,2.4289579678812494,0.1035148091577011,0.018437312337111388,,,,,0.21857024851307894,0.09566169612654385,0.20331882741764576,0.11506588688890172,0.35901578206960216,0.121967240613719,0.9998066666666668,0.00011813363431115609,0.034843333333333296,0.024173297021484005,6.999999999999334e-05,5.71547606649276e-05,0.9878433333333334,0.009400169029213203,0.1487661666666666,0.010951481464978978,0.0,0.0,0.0,0.0,0.07689963369963368,0.031196063166622403,1912.956311396559,233.32292257152614,2979.2948689141717,635.6683776799217,88.0965292017952,16.490326693230468,88.88815904484895,8.461050863988666,2.8571428571428574e-05,3.80952380952381e-05,0.3240964275052274,0.1344402259146567,0.7517543055555556,0.0294244701950216,3.4276300313819445e-08,4.8556897285908065e-09,0.0,0.0,,,,,0.02694563332094784,0.03748888216718941,0.0093477652591244,0.008112721774936016,0.00661666666666666,0.011706769171912653,0.23997874172828831,0.13851540603545548,0.00034257416228325997,0.00025810509703392734,8.865933497655327e-05,5.707034872087897e-05,0.0003758359498343,0.0004159187168185459,0.0003758359498343,0.0004159187168185459,0.0,0.0,0.0,0.0,0.0,0.0,0.2399787417249796,0.13851540603590037,0.7189120615523992,0.414955072246182,0.00012465393319470463,9.644277307772408e-05,0.5705559535500011,0.42559878937712114,0.03433244880899034,0.023423640332102293,0.39489828437283725,0.40286327470888855,8.865933497655327e-05,5.707034872087897e-05,,,,,,,,,,,0.00012465393319470463,9.644277307772408e-05,0.5705559535500011,0.42559878937712114,0.03433244880899034,0.023423640332102293,0.39489828437283725,0.40286327470888855,8.865933497655327e-05,5.707034872087897e-05,,,,,,,,,,,,,,,,,,,,,,
reliability_first,mixed_stress,MaxWeight,5,150.0,0.0,300.0,0.0,1168319045.8,286271988.0296697,0.0,0.0,1.4760007616132498e-05,4.58763455691082e-06,200.0,0.0,0.0,0.0,0.8469324569533312,0.0079211716636157,0.7754959936358194,0.009525862132499171,0.043,0.05334791467339656,1.0,0.0,0.15306754304666872,0.007921171663615681,0.22450400636418047,0.009525862132499152,0.24980831489062522,0.010879025010726143,30.613508609333746,1.5842343327231336,0.15306754304666872,0.007921171663615681,-0.01596816707450064,0.011741897086964943,-0.05346553403484772,0.011129820271745569,0.0,0.0,0.0,0.0,0.0,0.0,0.1756405287573114,0.011944843802177658,0.21346553403484775,0.01112982027174557,0.22542826678340644,0.01293356339445656,0.8812232037932366,0.020659365416806193,0.9287430899074536,0.009324815746179138,0.41380999999999996,0.00820892874321069,0.3457073389511951,0.042813596317068665,0.6542926610488049,0.04281359631706868,0.0,0.0,0.0,0.0,82.73335222228881,5.932274386668965,93.99224250739118,6.538965524649933,97.51096436735044,6.208702241858914,96.72234356505541,6.6357789051807154,2.0426192434384287,0.23130691564222797,1.8352034094731373,0.19033046582070867,1.8228220797160006,0.1841896335400426,0.06868286943939308,0.0140375193099024,18518922.539541833,1996217.503876002,17332376.99194886,1839703.8019171904,0.05465981125659353,0.006224132669863357,2.7453028078150714,0.3007514246691341,0.5139069436436061,0.01839359688622458,0.4603454216353239,0.018313266528923035,0.00814828870668528,0.004651731490931763,0.11347884685769043,0.012850384202346025,0.1278235913269756,0.019658866562318817,31.25612711519143,13.178063829405454,0.574337320981787,0.1190863934302536,,,,,,,,,0.1550482644967143,0.03937720436620176,0.13724810894386902,0.00900915471416635,0.2732681902759897,0.008254354601027676,0.9999933333333333,1.3333333333287456e-05,0.92598,0.031446298845986785,0.0,0.0,0.96577,0.0031552672012226035,0.0991198333333333,0.0038052963601918057,0.0,0.0,0.0,0.0,0.18960293040293036,0.047141023021036565,1301.3182401804759,147.75648374518806,2441.781322115788,276.71175953917304,84.99676169709403,9.49824662404217,82.46722179217306,4.6611036968922095,0.0,0.0,0.29702447607884697,0.012535462571610902,0.8403438888888889,0.02034556236783028,5.476878944823043e-08,6.196229978625972e-09,0.0,0.0,,,,,,,,,,,,,,,,,,,,,,,,,,,,,,,,,,,,,,,,,,,,,,,,,,,,,,,,,,,,,,,,,,,,,,,,,,,,,,,,,,
reliability_first,mixed_stress,PPO,5,150.0,0.0,300.0,0.0,1168319045.8,286271988.0296697,1.0,0.0,267.553891400015,9.782401107503151,200.0,0.0,0.0,0.0,0.788345585573184,0.11502599722392867,0.7333180951928343,0.09873364195667882,0.233,0.26729384579522214,1.0,0.0,0.2288371258151977,0.1400744260726613,0.2970090700545956,0.1393847854806042,0.31462057987101716,0.13725131299022197,45.76742516303954,28.014885214532256,0.2288371258151977,0.1400744260726613,-0.08444501310294343,0.07600577208154666,-0.1157728130951848,0.07311978917070434,0.00026036136110656774,0.000142768550817148,0.00272628880678292,0.0022281134788754197,0.003265612089263048,0.0026140181374610196,0.24414503865793233,0.07634439211755761,0.27577281309518487,0.07311978917070436,0.2842145340357318,0.07217508175694588,0.8612848325089839,0.007600682359017108,0.9089532053535342,0.006879380676194951,0.40329333333333334,0.004771542960324472,0.49964173625478886,0.05043823448958696,0.5000979023841045,0.05045095240221877,0.0,0.0,0.0,0.0,90.40741932175142,7.994403842543765,103.10531144249717,8.78539267297605,108.0963567273058,10.344673658428942,106.38882817503061,9.528795749878132,2.709638467824562,0.2757389418672643,2.4811017174060135,0.27216193474412864,2.4520237352158656,0.2682414009347651,0.054832493426828756,0.006953190027155218,28405059.712841146,3883839.976610493,27177167.590991348,3784023.5262310742,0.03591310164925794,0.005137261225146859,2.6031181977341395,0.2683121512493735,0.6613877289626642,0.022864636196502575,0.604326789259038,0.014079631184651397,0.0,0.0,0.15053547043469787,0.015318830103736905,0.1644173678688321,0.01529524900486026,67.24923244864678,30.382913259202617,0.26223276495200043,0.19419476075107653,24.637569114567007,1.790413967267241,0.13216767443948907,0.011183999798211863,,,,,0.3925628886311735,0.09275654839360345,0.21977609511265755,0.11558740505698537,0.3890514309718499,0.12259771519143384,0.9995233333333333,0.0002811879561194486,0.07994666666666667,0.10331056813747998,0.00018333333333332667,9.999999999999666e-05,0.9914833333333334,0.0037349401304142,0.15234999999999993,0.006256345267894887,0.0,0.0,0.0,0.0,0.11964395604395599,0.014085197127240282,1933.6715379684279,258.4878386998599,3127.4668146701733,349.76449673352204,86.49095265006602,11.87453319987214,90.82360195281892,6.46915330223279,0.00014285714285708953,0.00010432810619142022,0.3627784816829432,0.11273046700827008,0.7539041666666668,0.02431118435219652,3.5927306254908735e-08,5.145580495463479e-09,0.0,0.0,,,,,0.02218044664545284,0.00792658327273334,0.01654709448830906,0.0053727771872903556,0.00264333333333332,0.004833512640352201,0.30299206679796475,0.1055413276813459,0.0008143408033573907,0.0004972106449081154,0.00017720547188402957,0.00011340877827322573,0.0006470428752311685,0.0003888548284652056,0.0006470428752311685,0.0003888548284652056,0.0,0.0,0.0,0.0,0.0,0.0,0.3029920667902751,0.10554132768067857,0.9076831131144537,0.31617356152674597,0.000333776102385538,0.0002532007796367915,0.48333820318127874,0.3337891506828908,0.0801390415000386,0.10333576163984785,0.43601177374441297,0.2759274368015575,0.00017720547188402957,0.00011340877827322573,,,,,,,,,,,0.000333776102385538,0.0002532007796367915,0.48333820318127874,0.3337891506828908,0.0801390415000386,0.10333576163984785,0.43601177374441297,0.2759274368015575,0.00017720547188402957,0.00011340877827322573,,,,,,,,,,,,,,,,,,,,,,
reliability_first,mixed_stress,PPO-Lagrangian,5,150.0,0.0,300.0,0.0,1168319045.8,286271988.0296697,1.0,0.0,266.61783722001127,11.520029096061073,200.0,0.0,0.0,0.0,0.8767267174577352,0.034372858371616924,0.8124236164216458,0.04219552232231291,0.351,0.2599692289483507,1.0,0.0,0.12327328254226466,0.034372858371616855,0.187576383578354,0.04219552232231292,0.2127313283340216,0.04029752440034609,24.654656508452945,6.874571674323371,0.12327328254226466,0.034372858371616855,-0.008190201490979963,0.03450156486008961,-0.046179407665935555,0.037047234017102776,0.00021574705381899456,0.0001424764521522845,0.0018570712483320603,0.0022749386254691884,0.0021461106436210346,0.0024958620599226946,0.15694021065538205,0.0440742801173654,0.20617940766593548,0.03704723401710281,0.22002619655512995,0.03271482868617365,0.8675861658780833,0.011746511155690613,0.9163473823377519,0.012101196222505823,0.40565666666666667,0.0063101910518708355,0.42951100133840725,0.05293579284161271,0.5702732516077738,0.05291161466043417,0.0,0.0,0.0,0.0,96.28924478350089,6.883293403465836,109.59493473846109,8.468164069189468,114.25226786190456,8.148109240088155,112.75005626389434,8.40095327990512,2.3535231392551417,0.2890723997798667,2.108296590185333,0.2855365685970277,2.0960994039990752,0.28196313889768104,0.06624105305849717,0.010310753916616138,31810852.5708025,3338466.4416121785,30004068.666061956,3004300.076233529,0.031804410692529886,0.003478263494326491,2.160448286729452,0.3828671067831458,0.6703059140881285,0.015967867208589042,0.5961156107109675,0.01083250574114944,0.0,0.0,0.1307512855141745,0.016059577765548158,0.1453005977687049,0.01647465104451727,75.26466842405566,11.981841213273603,0.18698337720975294,0.03721177264371698,24.644923088030605,1.7839267943590833,0.15892923277864357,0.055980620837545784,,,,,0.2828390209793754,0.19297075785799833,0.1328833711511513,0.036895552309436266,0.2760229055790143,0.025092041107801635,0.9996433333333332,0.00025179356624026864,0.0505933333333333,0.04090903947920447,0.00014999999999998665,9.944289260116079e-05,0.9839833333333334,0.008607806534381125,0.1428353333333333,0.009226710223885607,0.0,0.0,0.0,0.0,0.12299487179487174,0.09090931128663891,1829.9677086477836,176.77834336722478,2635.437601889874,350.619033866479,98.02577577248624,9.656826951542897,95.32801236173746,5.550952428733875,0.00012380952380948952,0.00013333333333329168,0.2350163520028178,0.06134224457870813,0.7751834722222222,0.022032282122308084,3.1833040056393995e-08,3.465395983116506e-09,0.0,0.0,,,,,0.00984636033482256,0.005131585733051057,0.00785832286360362,0.003731938987539473,0.0033766666666666403,0.004145701924215507,0.1827422184743759,0.1195409851030427,0.0004924482438323191,0.0003901502926621492,0.00013223555238849638,0.00010481086820515053,0.0003603937297903077,0.000289809786402986,0.0003603937297903077,0.000289809786402986,0.0,0.0,0.0,0.0,0.0,0.0,0.18274221847510783,0.11954098510683585,0.5474467616267351,0.35811278709698513,0.00022298149309250048,0.00017326576349004213,0.8245512299933481,0.1645812466427794,0.05038331411830482,0.040906436546265364,0.12471023884286588,0.1362092804626253,0.00013223555238849638,0.00010481086820515053,,,,,,,,,,,0.00022298149309250048,0.00017326576349004213,0.8245512299933481,0.1645812466427794,0.05038331411830482,0.040906436546265364,0.12471023884286588,0.1362092804626253,0.00013223555238849638,0.00010481086820515053,,,,,,,,,,,,,,,,,,,,,,
reliability_first,mixed_stress,PPO_CMDP,5,150.0,0.0,300.0,0.0,1168319045.8,286271988.0296697,1.0,0.0,272.14205237999556,4.344263892369205,200.0,0.0,0.0,0.0,0.773669139100204,0.08743949256998239,0.714543287455553,0.07154441830463432,0.134,0.20915066339842198,1.0,0.0,0.23411130287477064,0.09907007156839938,0.3005257231659256,0.09244186837080201,0.32137877147505006,0.0873671116955103,46.82226057495414,19.81401431367988,0.23411130287477064,0.09907007156839938,-0.09259289093110007,0.05306295335625033,-0.1239847822851466,0.0483927609501646,0.00016174494219194945,0.00010333646219976208,0.0009347988240972201,0.0018695976481944401,0.0010939229873127094,0.0019540063024558836,0.2525904419515082,0.05306598214982246,0.2839847822851466,0.0483927609501646,0.2929844823062575,0.046563281817519835,0.8577953709179559,0.01477952056201945,0.907308294634882,0.014125426617415457,0.40177666666666667,0.004921558018893347,0.5250880570335114,0.025691611961744704,0.4747501980242966,0.025685056362934222,0.0,0.0,0.0,0.0,90.29460907313545,8.33660455783415,101.75063298933549,8.870125200495023,108.38879183063978,9.450341296431766,106.29237455269553,9.0217299825656,2.8724621274272484,0.1381781613575978,2.600343008466873,0.1558241967182557,2.5860087916609893,0.15569973985523716,0.054562212414504006,0.007874653615871372,29255366.256051827,2959797.0092112524,27987250.351113737,2845306.8492426476,0.03455144358895999,0.003557418010210447,2.6820966997392035,0.36644391823172684,0.6511359645015764,0.013537859099795593,0.5979633623106748,0.011067307651739388,0.0,0.0,0.15958122930151378,0.007676564519866549,0.17366893661343769,0.007403192562552661,77.03206170050768,16.77064374990234,0.16559406921764588,0.04045740960649178,22.497194582184438,3.1769705786406988,0.1268640647601539,0.011179455731412345,,,,,0.3749653235321457,0.06763824154969414,0.21769190156310086,0.08266244818477934,0.3753649882743959,0.0897179795673147,0.9987999999999999,0.001873647660462172,0.00973333333333328,0.007344158676571915,0.00011333333333331998,7.102425250886191e-05,0.9892766666666667,0.009066008554546489,0.1520981666666666,0.008013645522204972,0.0,0.0,0.0,0.0,0.12250989010989008,0.04263364650296127,2088.5350712304407,88.30566081682764,3294.576696148607,218.4538629942075,86.05781251025488,10.388642423136357,90.47228824328664,7.086354042523297,0.00010476190476189715,7.619047619046286e-05,0.3744667301174039,0.07557995896192286,0.7536063888888889,0.034941329709600344,3.456206423764698e-08,3.5583500178398376e-09,0.0,0.0,,,,,0.029167432968759222,0.009389257951362577,0.02113891635235916,0.01019060799155792,0.01844666666666662,0.02017345450503373,0.2711031473777342,0.058872337489656444,0.0004074317703696651,0.0002448242278148778,0.00010495803426035597,6.609120337845464e-05,0.0004238986140345869,0.0003532664173139958,0.0004238986140345869,0.0003532664173139958,0.0,0.0,0.0,0.0,0.0,0.0,0.2711031473797091,0.05887233748583419,0.8121524480674587,0.17636576142587604,0.001111499592791728,0.001924598194865163,0.5081754455433307,0.24818063691130474,0.00960254205392154,0.007426868932935341,0.48100555477569545,0.24290012621455265,0.00010495803426035597,6.609120337845464e-05,,,,,,,,,,,0.001111499592791728,0.001924598194865163,0.5081754455433307,0.24818063691130474,0.00960254205392154,0.007426868932935341,0.48100555477569545,0.24290012621455265,0.00010495803426035597,6.609120337845464e-05,,,,,,,,,,,,,,,,,,,,,,
reliability_first,nominal,Intent-PPO-CMDP,5,150.0,0.0,300.0,0.0,982597998.0,371222976.5002785,1.0,0.0,320.147677999991,7.298897258581943,200.0,0.0,0.036,0.072,0.89317281894125,0.08247378728173063,0.8549816403247628,0.10045915530280503,0.501,0.44612105980327804,0.9640000000000001,0.07199999999999997,0.10682718105874986,0.08247378728173066,0.1450183596752373,0.10045915530280504,0.15948370460114764,0.10007943638165682,21.365436211749987,16.49475745634613,0.10722008066767079,0.08200994311345379,-0.039749157924444264,0.053181343005723906,-0.06087651685993134,0.05907143680278881,0.01112830096071306,0.004893613030697176,0.0223915267256659,0.004591636267832648,0.02394475226143406,0.004041046506169461,0.18715187699492108,0.06768841774789443,0.21885151593292335,0.06143759387404731,0.2294628451917593,0.058639962254715135,0.7226451251524069,0.05726687499580953,0.8487018006307014,0.014224570497119676,0.24469666666666662,0.020793082182944105,0.8192135901145674,0.09211532130169062,0.1696581089247194,0.09366385319320136,0.0,0.0,0.0,0.0,60.39382452515211,15.9639286526427,77.63118417669617,16.096368260729665,84.65522233572122,14.136454047153755,82.62790199230582,15.066641140122057,2.702328434283141,0.3265248917059026,2.4170202405224597,0.3038864303049282,2.4001171214176686,0.29849548229239553,0.062143329438366826,0.00786183576309485,28734858.65120404,5554253.444193208,27000445.246299874,5146363.942275964,0.036223720845385804,0.007416129648386243,1.6687485788233627,0.14402119047067835,0.6696061208195409,0.02704912762827579,0.6078963772972,0.02656361763073653,0.0,0.0,0.15012935746017442,0.018140271761439033,0.16568548569435304,0.019148525808234593,55.08597121977008,7.925774800050438,0.17972909986621222,0.02153039399416044,19.763335581687688,1.8238640265105095,0.10548133996253935,0.01917164773982287,,,,,0.38930664807778476,0.14961621950678464,0.12866584634715506,0.07276162519956011,0.2964960479812891,0.05049986475633706,0.9924866666666666,0.003918721446821334,0.06856999999999999,0.03569279012162914,0.0049666666666666,0.0021933991884743645,0.9902266666666666,0.007622791847844001,0.15216283333333327,0.01423787504237278,0.7020933333333333,0.04565186086021029,0.05127849999999996,0.008164614783047383,0.12300219780219775,0.04433780189996161,2609.184612901513,357.3085251368158,2752.4827996424797,312.2844463579716,66.19726271669445,17.761412278840833,56.507133973341126,14.84809434495053,0.004742857142857081,0.0021764770052070297,0.18817239865679133,0.06800754522471626,0.5705861111111112,0.07955774616664142,3.627180448096471e-08,7.428027578051533e-09,0.0,0.0,,,,,0.02000394992658776,0.007417994473838102,0.01519479258113628,0.0057820407975624115,0.00461333333333332,0.008647911758209486,0.3362725153154221,0.10960758880146018,0.39594199132447844,0.23712118523577388,0.11789729410327672,0.0752358769761479,0.28854991381613904,0.1693373566601072,0.3955746703358919,0.23765026386981652,0.1128140796158422,0.07323825051873487,0.10702475651975288,0.0694243434477723,0.11325999999999994,0.07297609852243099,0.31771748992625676,0.12351151895256213,0.9517965384446523,0.37000744348186565,0.0026289562297098397,0.002936067576789615,0.49569656364864345,0.35513806164150064,0.0683736984713042,0.035445642206622274,0.42814382365473114,0.32549651260646084,0.00515695799561124,0.0023085457678840827,,,,,,,,,,,0.0026289562297098397,0.002936067576789615,0.49569656364864345,0.35513806164150064,0.0683736984713042,0.035445642206622274,0.42814382365473114,0.32549651260646084,0.00515695799561124,0.0023085457678840827,,,,,,,,,,,,,,,,,,,,,,
reliability_first,nominal,Intent-PPO-CMDP-FullPolicy-NoShield,5,150.0,0.0,300.0,0.0,982597998.0,371222976.5002785,1.0,0.0,320.147677999991,7.298897258581943,200.0,0.0,0.0,0.0,0.6649184440443004,0.12573656935719799,0.5989789771348886,0.12834180555533276,0.064,0.128,1.0,0.0,1.6309300581216266,1.1533819037871078,2.1043721049282476,1.2810384284522676,2.2300372696514175,1.2929572894272567,326.1860116243253,230.67638075742155,1.6309300581216266,1.1533819037871078,-0.23959676942521863,0.1667904206109869,-0.3078665559089881,0.18685879756577506,0.26392296190395653,0.17155293131628757,0.3364618412734146,0.1881276364106009,0.3553537146709615,0.19154516591633844,0.20534188645171408,0.06999337789081998,0.24061090000472754,0.06353681784604917,0.2513243069494529,0.0610852876914809,0.7277787949837216,0.047857437304978684,0.8475509758142934,0.02224489679714943,0.25844,0.01979572232130524,0.618813730769008,0.13129963729814165,0.11726330732703527,0.09428538016345726,0.0,0.0,0.0,0.0,47.10850420083817,18.29474528404986,62.78762471237049,21.359955772992958,68.01576529095114,19.364658695558283,66.9413253861843,20.20102137056862,2.093938551381444,0.4457616935218881,1.773786692214338,0.4385223680907004,1.7424742955231107,0.42203797570180207,0.09791925428112853,0.025148585162072284,27166998.28635774,5636172.203656557,25393185.595280044,5219014.582905295,0.038391696131967315,0.00781749919993441,1.08905736793711,0.4095134277769903,0.6278504720104846,0.061426258487488915,0.5489437989344815,0.06078018678349286,0.0016242896540681802,0.0023063440198591335,0.11632991952119127,0.024764538528993758,0.1334282727917077,0.02473157768386521,28.705403141487416,20.80396653701828,1.0697775720288156,1.3509365846005787,19.763335581687688,1.8238640265105095,0.10548133996253935,0.01917164773982287,,,,,0.5775280820782589,0.23657824475481593,1.5108405417463584,1.093413175105406,1.8950598145806055,1.2426055541214422,0.8623033333333334,0.09664261275441588,0.0752033333333333,0.04515759490692323,0.11621666666666663,0.07517170419187734,0.9823933333333335,0.007942079212789487,0.19679949999999996,0.06255646299899353,0.0,0.0,0.0,0.0,0.1877245421245421,0.08049902905274015,1996.6907411407817,452.23580590931306,2146.3027568956472,443.0346585285393,47.67823328416752,22.294264887588756,45.98396463823613,16.099410700456296,0.0969333333333333,0.06091737536462971,0.21025074555669784,0.070366926839861,0.42627069444444443,0.1487364139942808,3.849090045041206e-08,7.839015618698348e-09,0.0,0.0,,,,,0.020868133333031738,0.007138739409162485,0.016310709747864277,0.005492813179956383,0.00281666666666666,0.003687697264026853,0.35423206122175654,0.12063896425825295,0.3802034635888759,0.2182839932583612,0.11634523759757036,0.07453805694804476,0.3119961210989844,0.1894254529696575,0.3119961210989844,0.1894254529696575,0.0,0.0,0.0,0.0,0.0,0.0,0.3542320611456847,0.1206389642028847,1.0611844179016783,0.3614020385107063,0.021482707307496043,0.024654174911827694,0.4468647515126717,0.33882641686376613,0.075229784396526,0.044976983973152945,0.3400775191857358,0.2697995979178139,0.11634523759757036,0.07453805694804476,,,,,,,,,,,0.021482707307496043,0.024654174911827694,0.4468647515126717,0.33882641686376613,0.075229784396526,0.044976983973152945,0.3400775191857358,0.2697995979178139,0.11634523759757036,0.07453805694804476,,,,,,,,,,,,,,,,,,,,,,
reliability_first,nominal,Intent-PPO-CMDP-NoRisk,5,150.0,0.0,300.0,0.0,982597998.0,371222976.5002785,1.0,0.0,274.6141810200061,5.506362305433448,200.0,0.0,0.008,0.0116619037896906,0.8969163987402051,0.09451096095674671,0.8597212037926422,0.10492127282942187,0.596,0.48664566164715783,0.992,0.011661903789690611,0.10308360125979477,0.0945109609567467,0.14027879620735773,0.10492127282942189,0.15682130421691412,0.10067518779812683,20.61672025195896,18.90219219134934,0.10323861089903426,0.09437387468084198,-0.0316797542198232,0.06316296553889453,-0.05964347517812589,0.061376260412165505,0.0005298051693626332,0.00035765441872634315,0.00443563295799998,0.003668773485465834,0.005299268421405934,0.004240768904396589,0.18177942853464457,0.07220404942570739,0.21964347517812585,0.06137626041216551,0.2269688761388266,0.059697271392630556,0.6879203264672548,0.1146630476002809,0.8332335371919177,0.03646223884723614,0.23104333333333332,0.03776437268702404,0.7826070018039974,0.1351581592363542,0.21686319302663995,0.135446117594647,0.0,0.0,0.0,0.0,64.08446711723208,23.09107692726518,81.22440955122497,24.45103656372383,86.40194830757657,24.329126714948792,85.31588703603151,24.153447090910024,2.55401424284943,0.42553904848039803,2.277490131491247,0.3752254421575242,2.2405474696246737,0.350457248976683,0.06986236408846276,0.0071851806859297524,29347148.847227402,4421465.49808093,27583333.977150638,3873451.3483117116,0.034856596282862376,0.005266795962673807,1.5720579283409042,0.30190504097040316,0.6802854536135692,0.020656340901506746,0.6120301620106681,0.016959615499822396,0.0,0.0,0.1418896801583016,0.023641058248910985,0.15794463314288823,0.025441024112792955,47.32285221695086,10.17852114813268,0.2615684914173393,0.10838127684071643,20.693185967730553,2.4289579678812494,0.1035148091577011,0.018437312337111388,,,,,0.24953020246323768,0.11568922423285581,0.12024428464439496,0.07893067732236708,0.27428893403090837,0.031201234134060243,0.9966033333333334,0.003949759486348486,0.04121333333333327,0.03071099766822592,0.0002266666666666267,0.00015077577170529208,0.9869200000000001,0.010664621678969824,0.15623299999999996,0.026000221690294194,0.0,0.0,0.0,0.0,0.0898241758241758,0.04234738369353792,2425.8954258276653,438.73079091472187,2623.0012981688424,420.1720911539626,69.13002620466327,26.507277745602902,60.41145901839061,20.99632692164709,0.00023809523809519904,0.00013127665478179022,0.18608091238947377,0.07357584037430188,0.5787880555555556,0.12548898886234777,3.490977463460843e-08,5.263133356121376e-09,0.0,0.0,,,,,0.0258990173859578,0.032740143625042746,0.01072267824495208,0.009030014253986605,0.0007966666666666599,0.0010341072370783188,0.25757968835968637,0.14263303241861744,0.00096580727092086,0.0010149969467074453,0.00017760083433232798,0.0001422319009146927,0.01415557238211478,0.01735677532794235,0.01415557238211478,0.01735677532794235,0.0,0.0,0.0,0.0,0.0,0.0,0.25757968835644535,0.1426330324134114,0.7716397854213826,0.427290378475729,0.00306975958925786,0.0036712393025962434,0.5742161581471075,0.4151443970011434,0.0416948497580884,0.03048163644583671,0.38084163167121393,0.3819881129303069,0.00017760083433232798,0.0001422319009146927,,,,,,,,,,,0.00306975958925786,0.0036712393025962434,0.5742161581471075,0.4151443970011434,0.0416948497580884,0.03048163644583671,0.38084163167121393,0.3819881129303069,0.00017760083433232798,0.0001422319009146927,,,,,,,,,,,,,,,,,,,,,,
reliability_first,nominal,MaxWeight,5,150.0,0.0,300.0,0.0,982597998.0,371222976.5002785,0.0,0.0,1.1720007751137019e-05,5.343965475114622e-07,200.0,0.0,0.0,0.0,0.9385818678609841,0.007089773989757709,0.888883443049642,0.05340306745181874,0.9470000000000001,0.08370185183136629,1.0,0.0,0.06141813213901578,0.007089773989757785,0.11111655695035783,0.05340306745181869,0.12468565533950811,0.06043558885298882,12.283626427803167,1.4179547979515523,0.06141813213901578,0.007089773989757785,0.016688281649552418,0.014954584592191346,-0.01979412562645372,0.04477789823529911,0.0,0.0,0.0,0.0,0.0,0.0,0.13461558240407484,0.018747076150485945,0.17979412562645364,0.04477789823529914,0.19254869412999906,0.04602346046136133,0.8026301860177837,0.06367220830114145,0.8920859489740884,0.014690089402719642,0.27394666666666667,0.019765917355106227,0.5772301453780126,0.0745245317858054,0.42276985462198713,0.07452453178580536,0.0,0.0,0.0,0.0,65.00000151436856,9.73819471116101,79.7664655095089,8.720794870794672,86.41729990482948,9.310810244278803,84.62124840017381,9.086351581964056,2.0514142732106757,0.2132423444461716,1.8552220619621402,0.16781699464511024,1.841471885626678,0.16659556566793565,0.07043468678071454,0.023187851549448135,18103347.185534813,1974721.4368825646,16808590.405144066,1756170.5966392981,0.05596062240078582,0.006473787184966087,2.2147794212410825,0.3665108501531226,0.5248793852828382,0.02767899863300876,0.47033752363346704,0.021897929518333522,0.006523693218428441,0.003259565259311251,0.11396745962281525,0.011846796913676155,0.12921198642813275,0.02190480815199579,-14.459001551448276,14.267329912507194,1.0066358723691757,0.8366961890845209,,,,,,,,,0.16190706593867638,0.05315010304204548,0.064393131432298,0.006923829000345313,0.24269476877344168,0.010964187142465701,0.9988733333333334,0.0021951613456266035,0.90504,0.07195211880132517,0.0,0.0,0.9420433333333333,0.009734946213399293,0.09474399999999997,0.014344514654273471,0.0,0.0,0.0,0.0,0.1926315018315018,0.04646715990218695,1747.6706949618565,174.15413853876328,2214.9685076523465,235.23207291441094,71.62941190070975,11.472412992654373,62.17912112235486,8.923476246668358,0.0,0.0,0.12917131622433725,0.017676891296478772,0.753973611111111,0.06509738396519976,5.6119172202462947e-08,6.392407042814254e-09,0.0,0.0,,,,,,,,,,,,,,,,,,,,,,,,,,,,,,,,,,,,,,,,,,,,,,,,,,,,,,,,,,,,,,,,,,,,,,,,,,,,,,,,,,
reliability_first,nominal,PPO,5,150.0,0.0,300.0,0.0,982597998.0,371222976.5002785,1.0,0.0,267.553891400015,9.782401107503151,200.0,0.0,0.05800000000000001,0.09882307422864359,0.9057868963075897,0.0948813406533291,0.865023207860214,0.10543464961808242,0.5980000000000001,0.48225097200524125,0.942,0.09882307422864359,0.09425617155151665,0.09494990933240348,0.13497679213978578,0.10543464961808255,0.15410021803747592,0.10345250806741105,18.851234310303344,18.989981866480697,0.09590343239774027,0.09373279530964437,-0.03265091135602145,0.05660359881806132,-0.062271226617698905,0.05451207533956328,0.0006415724083658515,0.0004529210057771856,0.00462820639861132,0.0037907929575617095,0.006201684907830131,0.005134743168534771,0.19001161947167278,0.059099184290073395,0.22227122661769894,0.054512075339563267,0.23095485564047968,0.05418690808402741,0.7359581910950996,0.03612081820816652,0.84405227219101,0.0207253989329252,0.24924333333333332,0.011762627257547535,0.8276712508539278,0.07912900973671269,0.17168717673770625,0.07949505827430292,0.0,0.0,0.0,0.0,62.45641111281118,14.06742805852321,80.74941425833322,13.660449048626761,88.23734839878573,14.154194494125989,85.78368381191726,14.409358961137588,2.7120766416616306,0.24347785030333424,2.4280874830678494,0.20898358720668303,2.4115100770315836,0.20446535078529002,0.0603145831712731,0.0034871854024886135,28476327.729859106,3792435.9058724903,26934882.97899828,3644174.0809913087,0.03576338998815832,0.004852126989929898,1.7565579923797336,0.1583498779028168,0.6733204458830503,0.020765230831896356,0.6057558774944202,0.016512923036100406,0.0,0.0,0.15067092453675718,0.013526547239074116,0.16486340778005326,0.015127929818854396,54.13120491608966,13.982327513384924,0.21752754392882742,0.06923460172191459,24.637569114567007,1.790413967267241,0.13216767443948907,0.011183999798211863,,,,,0.3921484729127013,0.08184000659220965,0.11630801652369674,0.07918133124578655,0.2858990699501037,0.023650797535634985,0.9979600000000002,0.0021639624149539746,0.07997999999999997,0.10292885968257666,0.0002733333333333133,0.0001928153981863915,0.9911166666666666,0.0038587706735579825,0.15397899999999995,0.012996392217329655,0.0,0.0,0.0,0.0,0.1360542124542124,0.017831009170267493,2630.460510154618,256.5835201997681,2756.0237893961757,243.12316824598332,68.83276285594347,15.070885485972001,57.928579263011066,12.979488392933698,0.00032380952380948,0.00023980339641930734,0.19094321999297473,0.06413928389969623,0.5878122222222222,0.06750451797951451,3.5797561679364936e-08,4.858781488894425e-09,0.0,0.0,,,,,0.0224582605595171,0.008196570597687938,0.016941931049943498,0.005490942564511271,0.00303999999999998,0.0057031433827709746,0.3056411768483467,0.1101289657119817,0.0012672529009413757,0.0008160852297871617,0.00027145784858688144,0.00015860520916704962,0.00864609441889777,0.012172071468247525,0.00864609441889777,0.012172071468247525,0.0,0.0,0.0,0.0,0.0,0.0,0.30564117684299763,0.11012896571013361,0.9156191375955907,0.3299168968309681,0.0018517290161248344,0.002081517784361603,0.49945553643089413,0.33858107460179465,0.07961985086335946,0.1022384123013748,0.41880142584103464,0.27515773587047654,0.00027145784858688144,0.00015860520916704962,,,,,,,,,,,0.0018517290161248344,0.002081517784361603,0.49945553643089413,0.33858107460179465,0.07961985086335946,0.1022384123013748,0.41880142584103464,0.27515773587047654,0.00027145784858688144,0.00015860520916704962,,,,,,,,,,,,,,,,,,,,,,
reliability_first,nominal,PPO-Lagrangian,5,150.0,0.0,300.0,0.0,982597998.0,371222976.5002785,1.0,0.0,266.61783722001127,11.520029096061073,200.0,0.0,0.032,0.03709447398198282,0.9636863823138437,0.013606078782720812,0.9253797843291846,0.029083632879544942,0.9630000000000001,0.04925444142409901,0.968,0.03709447398198281,0.03631361768615626,0.013606078782720818,0.07462021567081524,0.029083632879544866,0.08971573989064766,0.03028853283593326,7.262723537231262,2.7212157565441615,0.03717209799711528,0.01371723386974225,0.0100291093627738,0.020158752062975883,-0.01486722458667682,0.028880133279064628,0.0003443307520073244,0.0002097470132457131,0.00421737121173218,0.003452695065689693,0.004891382009409584,0.0039281440501406206,0.13087120446512013,0.036345644955547124,0.17422707178531854,0.029712186335384534,0.18461762873139437,0.028264058571413165,0.7761516891923695,0.02697242666453788,0.8565996782150963,0.024526164782620704,0.2630733333333333,0.00792759316144147,0.7092943286622596,0.09072383586444303,0.29036134058573304,0.09073606217588255,0.0,0.0,0.0,0.0,79.26357072614915,13.19265680888933,96.37173808299613,12.83436589202651,102.24479176953409,13.508313951045286,100.36074518255559,13.128324581578884,2.3472151906889613,0.2821556284750201,2.110270740378403,0.2893278327744737,2.0889831635596026,0.28848077821719986,0.06275763821542046,0.01140229877210682,31657756.436634183,3096491.1255362113,29313017.608976938,2751169.7218585694,0.03190738201325016,0.0032202262231374908,1.7545437799557047,0.26696140786419476,0.6876483145973517,0.014004969664957524,0.6208044000739483,0.01798809539035924,0.0,0.0,0.1304008439271645,0.015675312693056685,0.14312771728246385,0.015667488972236923,46.59620720936829,16.174655849037944,0.28712409767137864,0.1456802220962585,24.644923088030605,1.7839267943590833,0.15892923277864357,0.055980620837545784,,,,,0.2857488989817954,0.20071393069940247,0.06937760878315061,0.01707231845704232,0.24625659418723914,0.032730296113538865,0.9994533333333333,0.00044025245282927974,0.04892333333333328,0.03921465655706918,0.00014999999999998668,9.128709291751795e-05,0.9825900000000001,0.009586336341086991,0.13701966666666662,0.011257605745055695,0.0,0.0,0.0,0.0,0.12241611721611718,0.09161041655960807,2209.323300701203,306.6017139038981,2421.46466991314,273.09990775478525,86.92639040812365,14.11410194712473,74.38994744555066,12.713014361126906,0.00018095238095233905,0.00012918723777378485,0.12984188929026855,0.030444031642227646,0.6689473611111112,0.049522712789791576,3.195582584832299e-08,3.2133663939438626e-09,0.0,0.0,,,,,0.0103352223965502,0.005630696963514637,0.008011883426984761,0.0038302892004858694,0.0035333333333333002,0.004480079364376348,0.19377553358531507,0.13299044457128104,0.0006196812872259595,0.00048482601124558166,0.00017992841948546128,0.00013818844378119124,0.0005135394028505559,0.0004000766612060621,0.0005135394028505559,0.0004000766612060621,0.0,0.0,0.0,0.0,0.0,0.0,0.19377553358973915,0.13299044457076653,0.5804996197999271,0.39840376687493834,0.00032436303442955517,0.00027337376431594586,0.8177999322191966,0.17240517104829925,0.048813424623173673,0.03894818963030982,0.1328823517037145,0.1432944333715469,0.00017992841948546128,0.00013818844378119124,,,,,,,,,,,0.00032436303442955517,0.00027337376431594586,0.8177999322191966,0.17240517104829925,0.048813424623173673,0.03894818963030982,0.1328823517037145,0.1432944333715469,0.00017992841948546128,0.00013818844378119124,,,,,,,,,,,,,,,,,,,,,,
reliability_first,nominal,PPO_CMDP,5,150.0,0.0,300.0,0.0,982597998.0,371222976.5002785,1.0,0.0,272.14205237999556,4.344263892369205,200.0,0.0,0.06999999999999999,0.09359487165438071,0.9110041641645188,0.07487601274469882,0.8551247602109884,0.08258924940792571,0.623,0.3775923728043245,0.93,0.09359487165438073,0.08899583583548108,0.07487601274469884,0.1448752397890114,0.08258924940792574,0.1612402636907668,0.07949390261898909,17.799167167096222,14.975202548939768,0.09056453007972402,0.07372636318150534,-0.0355276692343907,0.04400687510666419,-0.06665084430939563,0.04355540148285335,0.00036460969079034003,0.0002902552369369547,0.0028245178123349197,0.0034975838908337656,0.0034943553008415403,0.0040989674777061344,0.1938396560696327,0.046109237565176826,0.2266508443093956,0.04355540148285338,0.2358150501693132,0.040874215807629066,0.7113539855123318,0.08722531191333788,0.8319772514481034,0.032806462091943864,0.23955333333333328,0.02763488214396997,0.8549130169758652,0.049147508418287376,0.1447223733333443,0.04933473114458073,0.0,0.0,0.0,0.0,59.158060703246655,12.572474778468612,74.98943258245689,13.876309838435583,82.57512615946875,12.51984884812054,79.72063319719625,12.792727243501925,2.7870142105446876,0.1863492131058072,2.509101792225777,0.15056531347354163,2.48153715949372,0.14055282707426678,0.059672986671584806,0.00569441817699562,29142149.08462332,3263137.8699729936,27491126.038247906,2966895.575419271,0.034759259294367614,0.003919258199184804,1.6863645429397718,0.3167947524178235,0.6692043920943966,0.01342112643735153,0.6061375184844688,0.013138442571480925,0.0,0.0,0.15483412280803815,0.010352734061433715,0.16926326319468968,0.012437761584738066,61.72550248976851,6.33071368382659,0.15356578222710043,0.019313453335728457,22.497194582184438,3.1769705786406988,0.1268640647601539,0.011179455731412345,,,,,0.37771278442950623,0.06050383260642042,0.10234147206120432,0.06138857739350454,0.2729385862402154,0.03375609565672647,0.99617,0.006787123429292012,0.0119333333333333,0.010921670608880696,0.00015999999999998665,0.0001231981240838198,0.98899,0.008953413998147508,0.15435249999999998,0.016790167716388197,0.0,0.0,0.0,0.0,0.16909890109890105,0.05099552293055677,2732.048655403858,190.45986297459743,2816.6110479282115,196.51196571902875,65.79925190650997,16.012783259083452,54.28624214734948,10.398187562087639,0.00021904761904757998,0.0001366923818514912,0.19643199593119598,0.048870845201047945,0.5727547222222222,0.08208423122558353,3.478980205216961e-08,3.920682323649684e-09,0.0,0.0,,,,,0.029502767532370543,0.009160382911637085,0.02200044651859066,0.010069268949603461,0.02774666666666664,0.02681358983799072,0.2803831706455035,0.06692265280593421,0.0008274093002682322,0.0007456868365541695,0.00018153139429304116,0.00012202099739280508,0.00826993489349912,0.01491210298485594,0.00826993489349912,0.01491210298485594,0.0,0.0,0.0,0.0,0.0,0.0,0.28038317064842255,0.06692265280127405,0.8399529132728756,0.200482350828625,0.0037136367182707,0.0067589781934903025,0.543088078807753,0.2542863814527893,0.01219861794100886,0.011070773743995167,0.44081813513867407,0.24124593199163322,0.00018153139429304116,0.00012202099739280508,,,,,,,,,,,0.0037136367182707,0.0067589781934903025,0.543088078807753,0.2542863814527893,0.01219861794100886,0.011070773743995167,0.44081813513867407,0.24124593199163322,0.00018153139429304116,0.00012202099739280508,,,,,,,,,,,,,,,,,,,,,,
