intent,scenario,scheme,checkpoint_source_scheme,seed,env_seed,evaluation_seed,policy_seed,policy_fingerprint,evaluation_action_mode,training_steps,evaluation_steps,terminal_drain_steps,terminal_drain_auto_extend,terminal_drain_max_steps,terminal_drain_rng_replay_preserved,effective_environment_steps,terminal_drain_enabled,horizon_protocol,evaluation_action_sampling_seed,universal_training_reused,train_time_s,intent_name,episodes,intent_satisfaction_rate,soft_intent_compliance_score,soft_intent_compliance_p05,relaxed_intent_satisfaction_rate,intent_violation_rate,weighted_violation_mean,weighted_violation_p95,weighted_violation_cvar95,intent_regret_auc,positive_violation_mean,reliability_safety_margin_mean,reliability_safety_margin_p05,blocking_mean,blocking_p95,blocking_cvar95,interruption_mean,interruption_p95,interruption_cvar95,deadline_exposure_mean,deadline_exposure_cvar95,deadline_miss_proxy_mean,service_success_rate_mean,unfinished_rate_mean,right_censored_rate_mean,pending_after_deadline_rate_mean,measurement_service_success_rate_mean,measurement_deadline_exposure_mean,measurement_unfinished_rate_mean,measurement_right_censored_rate_mean,measurement_blocking_mean,measurement_throughput_mean_mbps,drain_added_completions_mean,drain_added_deadline_exposures_mean,drain_removed_unfinished_requests_mean,terminal_drain_requested_steps_mean,terminal_drain_actual_steps_mean,terminal_drain_actual_steps_max,terminal_drain_extension_steps_mean,terminal_drain_extension_steps_max,terminal_total_steps_mean,max_realized_device_deadline_steps_mean,max_realized_device_deadline_steps_max,measurement_rng_stream_preserved,request_conservation_error_max_abs,shield_override_rate_mean,delay_mean_ms,delay_p95_ms,delay_p99_ms,delay_cvar95_ms,throughput_mean_mbps,throughput_p05_mbps,throughput_cvar_low10_mbps,throughput_stability_cv,energy_eff_mean_bpj,energy_eff_p05_bpj,energy_per_mbit_j,energy_delay_product,fairness_mean,fairness_p05,fairness_deficit_mean,utilization_mean,utilization_p95,reward_mean,reward_stability_cv,qmax_terminal,qmax_oscillation_std,lambda_pressure_mean,lambda_terminal_pressure,action_entropy_norm,dynamic_violation_mean,dynamic_violation_step_cvar95,grant_like_action_rate,preempt_action_rate,deny_action_rate,feasibility_filter_active_rate,feasibility_filtered_action_fraction,shield_filter_active_rate,shield_filtered_action_fraction,shock_action_shift_l1,shock_throughput_bits_mean,pre_shock_throughput_bits_mean,shock_delay_ms_mean,pre_shock_delay_ms_mean,shock_block_rate,shock_interruption_rate,queue_load_mean,energy_per_delivered_bit_step,intent_switch_active,intent_action_shift_l1,intent_mode_shift_l1,counterfactual_intent_policy_l1,counterfactual_mode_policy_l1,counterfactual_argmax_change_rate,frozen_policy_entropy_norm,pre_mask_reject_probability,feasible_reject_probability,physical_infeasible_probability_mass,pre_mask_unsafe_probability_mass,shield_filtered_probability_mass,shield_filtered_raw_probability_mass,actual_shield_prevention_rate,stochastic_action_entropy,stochastic_action_entropy_nats,policy_mode_prob_defer,policy_mode_prob_grant,policy_mode_prob_protect,policy_mode_prob_coexist,policy_mode_prob_reject,intent_mode_prob__balanced_agentic__defer,intent_mode_prob__balanced_agentic__grant,intent_mode_prob__balanced_agentic__protect,intent_mode_prob__balanced_agentic__coexist,intent_mode_prob__balanced_agentic__reject,intent_mode_prob__reliability_first__defer,intent_mode_prob__reliability_first__grant,intent_mode_prob__reliability_first__protect,intent_mode_prob__reliability_first__coexist,intent_mode_prob__reliability_first__reject,intent_mode_prob__latency_critical__defer,intent_mode_prob__latency_critical__grant,intent_mode_prob__latency_critical__protect,intent_mode_prob__latency_critical__coexist,intent_mode_prob__latency_critical__reject,post_switch_violation_mean,switch_adaptation_time_steps,switch_adaptation_success,switch_pre_violation_reference,switch_post_violation_reference,switch_settling_band
balanced_agentic,congestion_burst,MaxWeight,MaxWeight,11,471540437,1073362871,28237267,,stochastic,150,300,250,1,500,1,800,1,150-step training / 300-step arrival window + >= 250-step no-arrival drain adaptively extended to cohort maturity (cap 500),546558637,0,1.2699980288743973e-05,balanced_agentic,200,0.0,0.8905500606554352,0.8764916264472883,0.065,1.0,0.10944993934456475,0.1235083735527117,0.12784625115875795,21.88998786891295,0.10944993934456475,0.059894563815544595,0.06,0.0,0.0,0.0,0.1113328246025531,0.1348353709850858,0.1406243765922082,0.9743879012613818,0.9923299591385643,,0.6794295945624735,0.3205704054375266,0.0,0.3205704054375266,0.3762205544624769,0.872313151074384,0.6237794455375232,0.10207475018699771,0.0,1.903892721643753,57.225,19.335,57.225,250.0,250.02,252.0,0.02,2.0,550.02,252.0,252.0,1.0,0.0,,155.201774418963,170.05757575757573,173.18787583282858,173.05918541460113,1.903892721643753,1.7299553213033476,1.7190864133978654,0.05799248673756483,18738815.471986033,17715645.85769828,0.05337649923182797,8.32197177620416,0.528463164254657,0.49146722139925764,0.001296123088918974,0.10577181786909738,0.11416938289599432,-150.18954190375436,0.15023313683215103,,,,,,,,,,,,,,,,,,,,,,,,,,,,,,,,,,,,,,,,,,,,,,,,,,,,,,,,,,,,,,,,,
balanced_agentic,congestion_burst,PPO,PPO,11,471540437,1073362871,1897045420,b9c1e1a3273f0ff06c77,stochastic,150,300,250,1,500,1,800,1,150-step training / 300-step arrival window + >= 250-step no-arrival drain adaptively extended to cohort maturity (cap 500),546558637,1,259.96485530002974,balanced_agentic,200,0.0,0.9478533013717558,0.9364560304593466,1.0,1.0,0.05214669862824416,0.06354396954065343,0.06564420200801471,10.429339725648832,0.05214669862824416,0.04917897213763203,0.02525222772947645,0.00029603367053136266,0.0,0.00029603367053136266,0.14873582416627545,0.17474777227052354,0.18185970700024545,0.8929426962525775,0.943523304024008,,0.9990161562019757,0.0006878101274928837,0.0,0.0006878101274928837,0.5708452094979738,0.835269588251554,0.4291547905020262,0.0691605980559012,0.0,2.6845000087068285,81.785,11.02,81.84,250.0,250.0,250.0,0.0,0.0,550.0,252.0,252.0,1.0,0.0,,133.08639260728933,155.95739892429006,163.22489234960997,161.99430781501485,2.6845000087068285,2.4246913001924937,2.424461213938105,0.05536129879962715,33531159.91416807,32599855.44421531,0.029827057876862066,5.292809854914892,0.6798531064978238,0.6375979513527281,0.0,0.14913888937260159,0.16386506659314998,27.604677663672234,0.72631869073134,,,,,,,,,,,,,,,,,,,,,,,,,,,,,,,,,,,,,,,,,,,,,,,,,,,,,,,,,,,,,,,,,
balanced_agentic,congestion_burst,PPO-Lagrangian,PPO-Lagrangian,11,471540437,1073362871,1897045420,97597eec01eed730a745,stochastic,150,300,250,1,500,1,800,1,150-step training / 300-step arrival window + >= 250-step no-arrival drain adaptively extended to cohort maturity (cap 500),546558637,1,273.0232358999783,balanced_agentic,200,0.0,0.9196521184902181,0.9003046894182299,0.95,1.0,0.08034788150978184,0.09969531058176999,0.10269680329183077,16.069576301956367,0.08034788150978184,0.05765236625062122,0.04400128564749884,2.8089887640449436e-05,0.0,2.8089887640449436e-05,0.1103595071800221,0.15599871435250115,0.16575556505566966,0.9008007342998374,0.9459713138957797,,0.8161710326405912,0.1838008774717683,0.0,0.1838008774717683,0.43856740670278355,0.8414911773608585,0.5614325932972164,0.06749888609758746,0.0,2.052908992358627,71.87,11.35,71.875,250.0,250.0,250.0,0.0,0.0,550.0,252.0,252.0,1.0,0.0,,167.7196881990948,188.03298422090728,198.99634736842106,194.90484932167507,2.052908992358627,1.8153968585146654,1.807869318966913,0.0756090678095087,34435790.267270446,32177983.17418562,0.029021517843735422,5.456637198153989,0.6685868424865589,0.6159110611927345,0.0,0.11405049957547925,0.12930129809873694,-57.645255149391666,0.3923645285136135,,,,,,,,,,,,,,,,,,,,,,,,,,,,,,,,,,,,,,,,,,,,,,,,,,,,,,,,,,,,,,,,,
balanced_agentic,congestion_burst,PPO_CMDP,PPO_CMDP,11,471540437,1073362871,1897045420,3e02143445d692cb208a,stochastic,150,300,250,1,500,1,800,1,150-step training / 300-step arrival window + >= 250-step no-arrival drain adaptively extended to cohort maturity (cap 500),546558637,1,273.6423236000119,balanced_agentic,200,0.0,0.9419600836452884,0.9221549655204981,0.995,1.0,0.058039916354711535,0.07784503447950174,0.08440968751919076,11.607983270942308,0.058039916354711535,-0.001632268212912984,-0.023099856321839078,0.0003370284425845557,0.004884146341463413,0.005774295074120803,0.20163226821291302,0.22309985632183904,0.22987969247962145,0.8958128205709408,0.9398535947795242,,0.9996629715574155,0.0,0.0,0.0,0.657634110862775,0.8377729379414626,0.3422378481636257,0.0745645053941991,0.00012804097359934923,3.1066622505907957,65.605,11.09,65.645,250.0,250.0,250.0,0.0,0.0,550.0,252.0,252.0,1.0,0.0,,105.21573916200695,125.48968799058083,133.13953960731212,129.5780995529051,3.1066622505907957,2.892549110304506,2.876623721630927,0.04376678673352376,30961556.194892626,30110351.157063644,0.03230334892841371,4.542905207436879,0.6764723736210467,0.6252368892118285,0.0,0.17259234725504422,0.18494314069221518,44.57314528886589,0.3742639738604121,,,,,,,,,,,,,,,,,,,,,,,,,,,,,,,,,,,,,,,,,,,,,,,,,,,,,,,,,,,,,,,,,
balanced_agentic,congestion_burst,Intent-PPO-CMDP-NoRisk,Intent-PPO-CMDP-NoRisk,11,471540437,1073362871,1897045420,7d2ee40999bb1a6afe16,stochastic,150,300,250,1,500,1,800,1,150-step training / 300-step arrival window + >= 250-step no-arrival drain adaptively extended to cohort maturity (cap 500),546558637,1,275.69379829999525,balanced_agentic,200,0.0,0.924188241395415,0.9055881914328378,0.98,1.0,0.07581175860458508,0.09441180856716228,0.09956414765236653,15.162351720917018,0.07581175860458508,0.057266228550133,0.04411724876389634,0.00021772251212566113,0.0,0.00021772251212566113,0.10892425296240357,0.15588275123610362,0.16915407112859523,0.8915445949469937,0.9469492972545049,,0.8288443781462295,0.1709378993416449,0.0,0.1709378993416449,0.4495874335430369,0.8366874237803631,0.5502234153734089,0.06217336828697842,0.00018915108355423252,2.087343146372537,72.005,10.45,72.01,250.0,250.0,250.0,0.0,0.0,550.0,252.0,252.0,1.0,0.0,,165.05116006992293,182.31000379891097,188.797438339271,186.27695449331026,2.087343146372537,1.8337022267271756,1.8367872950130437,0.07179753099985801,34559058.308953345,32095760.884352036,0.028919731520997815,5.403059436024375,0.6721356556941099,0.6184958789985335,0.0,0.11596350813180761,0.12972043756071822,-53.5358294681876,0.43070758862171743,,,,,,,,,,,,,,,,,,,,,,,,,,,,,,,,,,,,,,,,,,,,,,,,,,,,,,,,,,,,,,,,,
balanced_agentic,congestion_burst,Intent-PPO-CMDP,Intent-PPO-CMDP,11,471540437,1073362871,1897045420,b12c9f3440d9c22ff923,stochastic,150,300,250,1,500,1,800,1,150-step training / 300-step arrival window + >= 250-step no-arrival drain adaptively extended to cohort maturity (cap 500),546558637,1,319.3185737999738,balanced_agentic,200,0.0,0.9348299570878034,0.9168457992559791,1.0,1.0,0.0651700429121965,0.08315420074402094,0.08541867476566596,13.034008582439299,0.0651700429121965,0.04223958910262273,0.03251988343148564,0.017653710129883038,0.027480116568514356,0.02890232751382147,0.10077890687388517,0.1403325954037529,0.14946990678870473,0.8952816128860067,0.9493767675432293,,0.911740922133753,0.07060536773636397,0.0,0.07060536773636397,0.48713055522818827,0.844824444588653,0.4953911846053494,0.05659588792102272,0.017478260166462308,2.286425287566075,80.86,9.69,80.895,250.0,250.0,250.0,0.0,0.0,550.0,252.0,252.0,1.0,0.0,,155.97790715064738,174.434921318846,180.01176136363637,178.11771197754902,2.286425287566075,2.0525860439652903,2.038247106890813,0.060841770225550984,34672373.36859328,33135782.43755718,0.02883751954487912,5.590147915206267,0.6730771727048313,0.6234831088147675,0.0,0.12702362708700415,0.13933991993630698,-16.334270971311685,1.1208636387647026,,,,,,,,,,,,,,,,,,,,,,,,,,,,,,,,,,,,,,,,,,,,,,,,,,,,,,,,,,,,,,,,,
balanced_agentic,congestion_burst,Intent-PPO-CMDP-FullPolicy-NoShield,Intent-PPO-CMDP,11,471540437,1073362871,1897045420,b12c9f3440d9c22ff923,stochastic,150,300,250,1,500,1,800,1,150-step training / 300-step arrival window + >= 250-step no-arrival drain adaptively extended to cohort maturity (cap 500),546558637,1,319.3185737999738,balanced_agentic,200,0.0,0.7613754183023886,0.7423773385917675,0.0,1.0,0.6654235021758866,0.8640595456680469,0.9915810036506635,133.08470043517733,0.6654235021758866,-0.22389078546365768,-0.2982332900713822,0.28389078546365765,0.3582332900713822,0.3996408392414206,0.12512325992481657,0.16292241510006064,0.17206467551565857,0.888058322980346,0.9397207572592675,,0.7044431945605721,0.011666019975770114,0.0,0.011666019975770114,0.4093939794189206,0.8460154040081745,0.42104765562864216,0.049185309783026,0.1695583649524372,1.96936656163779,56.41,8.035,78.295,250.0,250.0,250.0,0.0,0.0,550.0,252.0,252.0,1.0,0.0,,133.27777853025316,157.064076349718,163.50196145680218,161.86216935866267,1.96936656163779,1.6880266769232397,1.6781646521232982,0.07740619608392779,33211543.316300377,31398798.809239365,0.0300850497481023,3.955929811845057,0.6420647263559313,0.5705778686685551,5.847973284277136e-05,0.10940925342432166,0.12212471245845948,-53.60637651930552,0.6224043611551839,,,,,,,,,,,,,,,,,,,,,,,,,,,,,,,,,,,,,,,,,,,,,,,,,,,,,,,,,,,,,,,,,
balanced_agentic,congestion_burst,MaxWeight,MaxWeight,12,1729653623,2128646545,1855510644,,stochastic,150,300,250,1,500,1,800,1,150-step training / 300-step arrival window + >= 250-step no-arrival drain adaptively extended to cohort maturity (cap 500),2003409612,0,1.5799887478351593e-05,balanced_agentic,200,0.005,0.8991038890580875,0.889442106361581,0.415,0.995,0.10089611094191245,0.11055789363841902,0.1141927243091824,20.17922218838249,0.10140312657478641,0.05965528323565327,0.06,0.0,0.0,0.0,0.10804289764828556,0.1312467214547998,0.14432049105472633,0.9740630739118444,0.9907148497355152,,0.6896203458528376,0.31037965414716245,0.0,0.31037965414716245,0.37845191249249277,0.8708237368290976,0.6215480875075073,0.10323933708274652,0.0,2.040097106722277,58.305,19.315,58.305,250.0,251.7,278.0,1.7,28.0,551.7,278.0,278.0,1.0,0.0,,153.49871815133628,167.6007633587786,173.19293226176808,171.43560280129878,2.040097106722277,1.883519281557487,1.869470792955898,0.05373646488161798,15216056.94180114,14398041.18910873,0.0657222042042758,10.933310619826779,0.5316973847970778,0.49656384761934746,0.0007240992795023888,0.1133387281512376,0.12251626709014735,-144.14777072263442,0.17926907853034071,,,,,,,,,,,,,,,,,,,,,,,,,,,,,,,,,,,,,,,,,,,,,,,,,,,,,,,,,,,,,,,,,
balanced_agentic,congestion_burst,PPO,PPO,12,1729653623,2128646545,1621075116,2fb07c1ee95b181950c4,stochastic,150,300,250,1,500,1,800,1,150-step training / 300-step arrival window + >= 250-step no-arrival drain adaptively extended to cohort maturity (cap 500),2003409612,1,284.739809300052,balanced_agentic,200,0.0,0.9513390683659008,0.9370577927162173,1.0,1.0,0.048660931634099285,0.06294220728378258,0.06547211715622829,9.732186326819857,0.048660931634099285,0.05871073801356801,0.05295994065281901,0.00040660399664039197,0.005267379679144383,0.005584324953607977,0.11596571223100714,0.14704005934718095,0.15453256067485666,0.8712942411044304,0.9281049154913419,,0.9517916618573622,0.047801734145997414,0.0,0.047801734145997414,0.5235183315402152,0.8213893876653134,0.47627185676378564,0.061802771664410415,0.0002098116959991136,2.5321084208211433,80.04,9.36,80.075,250.0,250.0,250.0,0.0,0.0,550.0,278.0,278.0,1.0,0.0,,147.61781158561215,165.59503328213006,173.1901210064857,170.70352034150034,2.5321084208211433,2.294397989155445,2.2756555656636097,0.06107758596068114,28993166.80984599,27511136.13504089,0.03449354465302096,6.794474113029683,0.6807126748570511,0.6181763523677584,0.0,0.14067269004561905,0.15438253868735058,0.22502071778529575,79.37255371435555,,,,,,,,,,,,,,,,,,,,,,,,,,,,,,,,,,,,,,,,,,,,,,,,,,,,,,,,,,,,,,,,,
balanced_agentic,congestion_burst,PPO-Lagrangian,PPO-Lagrangian,12,1729653623,2128646545,1621075116,5ff4062933b4dfa3978e,stochastic,150,300,250,1,500,1,800,1,150-step training / 300-step arrival window + >= 250-step no-arrival drain adaptively extended to cohort maturity (cap 500),2003409612,1,266.70855040004244,balanced_agentic,200,0.0,0.927544361021132,0.9117571108532868,0.995,1.0,0.07245563897886786,0.08824288914671319,0.0919981395466843,14.491127795773572,0.07245563897886786,0.05855075047541156,0.05411055988660524,0.0014492495245884466,0.005889440113394753,0.009061618957877392,0.06394568878598886,0.09303159123114112,0.10427833629979807,0.9035347563173299,0.943163796856847,,0.8860618101846487,0.11248894029076296,0.0,0.11248894029076296,0.44657998133565796,0.8457198341763004,0.5527526361211748,0.0664591389414868,0.0006673825431673033,2.1990451163103093,81.785,10.85,81.93,250.0,250.14,278.0,0.14,28.0,550.14,278.0,278.0,1.0,0.0,,174.53888124455523,189.86164239308917,197.2208254918734,194.7449747138377,2.1990451163103093,1.9169632108456534,1.9111305361522277,0.07041865257773372,28511595.851811256,26975965.029461686,0.035082837640841455,7.816663832637974,0.6771353040732194,0.6244258932003283,0.0,0.1221691731283505,0.13458435649045458,-20.55087328355228,0.7883448061577651,,,,,,,,,,,,,,,,,,,,,,,,,,,,,,,,,,,,,,,,,,,,,,,,,,,,,,,,,,,,,,,,,
balanced_agentic,congestion_burst,PPO_CMDP,PPO_CMDP,12,1729653623,2128646545,1621075116,c2c338dd9800f45e9834,stochastic,150,300,250,1,500,1,800,1,150-step training / 300-step arrival window + >= 250-step no-arrival drain adaptively extended to cohort maturity (cap 500),2003409612,1,270.83158040000126,balanced_agentic,200,0.0,0.9393934129675071,0.9176569114087516,1.0,1.0,0.06060658703249281,0.08234308859124832,0.08712390102546866,12.121317406498562,0.06060658703249281,-0.008827709870429336,-0.030418734630002234,8.184940202296563e-05,0.0,8.184940202296563e-05,0.20882770987042934,0.23041873463000223,0.2340364839993577,0.8887383521864354,0.9315868729605997,,0.9999181505979771,0.0,0.0,0.0,0.6612396490224921,0.8319469448056457,0.33876035097750795,0.07484216690654966,0.0,3.247010672327166,63.22,10.55,63.235,250.0,250.0,250.0,0.0,0.0,550.0,278.0,278.0,1.0,0.0,,101.8836159277468,123.69218654822333,134.20849184605345,130.84951411920625,3.247010672327166,2.9643875863374056,2.9415290349867598,0.05094645109932991,25360676.69236804,24689038.757889915,0.03943159641924538,5.573195873947614,0.6706314999804079,0.6135970702073238,0.0,0.18038948179595365,0.19416870407856704,54.00923008102545,0.29405190052064156,,,,,,,,,,,,,,,,,,,,,,,,,,,,,,,,,,,,,,,,,,,,,,,,,,,,,,,,,,,,,,,,,
balanced_agentic,congestion_burst,Intent-PPO-CMDP-NoRisk,Intent-PPO-CMDP-NoRisk,12,1729653623,2128646545,1621075116,53b75815fc19ab3c700d,stochastic,150,300,250,1,500,1,800,1,150-step training / 300-step arrival window + >= 250-step no-arrival drain adaptively extended to cohort maturity (cap 500),2003409612,1,267.30905749998055,balanced_agentic,200,0.0,0.949228084428481,0.93832175406635,1.0,1.0,0.05077191557151906,0.06167824593364986,0.06430275962670834,10.154383114303812,0.05077191557151906,0.05783110134703733,0.043814171314171334,0.0001307585279031821,0.0,0.0001307585279031821,0.12769323577268846,0.15618582868582864,0.16290163073468006,0.8823383101697891,0.9328215891619133,,0.9767531557918221,0.023116085680274682,0.0,0.023116085680274682,0.5204110440494338,0.830650839898492,0.47953980848401545,0.06410223233666974,4.9147466550741436e-05,2.5719885172643666,86.17,9.785,86.185,250.0,250.0,250.0,0.0,0.0,550.0,278.0,278.0,1.0,0.0,,150.64534167212383,172.21427264538647,174.94953102372727,174.52537170876167,2.5719885172643666,2.304816137603676,2.2968539693978185,0.056642933895063474,28592153.784725677,27389521.732492507,0.03496951154925739,7.280080017478742,0.6823104158930607,0.6265571181749238,0.0,0.14288825095913146,0.15444264636856755,6.380654114446379,2.8707502465295267,,,,,,,,,,,,,,,,,,,,,,,,,,,,,,,,,,,,,,,,,,,,,,,,,,,,,,,,,,,,,,,,,
balanced_agentic,congestion_burst,Intent-PPO-CMDP,Intent-PPO-CMDP,12,1729653623,2128646545,1621075116,fc604e43c5d11a5118bd,stochastic,150,300,250,1,500,1,800,1,150-step training / 300-step arrival window + >= 250-step no-arrival drain adaptively extended to cohort maturity (cap 500),2003409612,1,320.63457950000884,balanced_agentic,200,0.0,0.9145755099409181,0.8914953502182454,0.825,1.0,0.08542449005908188,0.10850464978175449,0.11527021918451222,17.084898011816378,0.08542449005908188,-0.04176212701303404,-0.0615701526937482,0.012263656292038166,0.025550483351235217,0.027775397152967517,0.24176212701303407,0.2615701526937482,0.2658423646575273,0.878840961864354,0.9402208152139266,,0.9877363437079617,0.0,0.0,0.0,0.6864695860199531,0.8225097364888154,0.30246654119043154,0.07325722923094363,0.011063872789615386,3.3985681982523177,56.625,10.55,56.85,250.0,250.0,250.0,0.0,0.0,550.0,278.0,278.0,1.0,0.0,,88.44921168451314,110.68423366834169,117.85110997591764,115.8540552613454,3.3985681982523177,3.1706087024476752,3.1539915372673253,0.04121063525093253,22613294.001674376,21829930.376511212,0.04421118276538323,5.4200854324845364,0.6664290065752942,0.6173484757305068,0.0,0.188809344347351,0.20131237658918474,38.548183174580146,0.4037774926045178,,,,,,,,,,,,,,,,,,,,,,,,,,,,,,,,,,,,,,,,,,,,,,,,,,,,,,,,,,,,,,,,,
balanced_agentic,congestion_burst,Intent-PPO-CMDP-FullPolicy-NoShield,Intent-PPO-CMDP,12,1729653623,2128646545,1621075116,fc604e43c5d11a5118bd,stochastic,150,300,250,1,500,1,800,1,150-step training / 300-step arrival window + >= 250-step no-arrival drain adaptively extended to cohort maturity (cap 500),2003409612,1,320.63457950000884,balanced_agentic,200,0.0,0.799992621725913,0.7423348744083967,0.025,1.0,0.21319607509482214,0.326043840564691,0.3536606872541085,42.63921501896443,0.21319607509482214,-0.05698347024002901,-0.0887081565299387,0.10846997769495474,0.14870815652993863,0.16430046000752419,0.24237888316533074,0.26286284268340065,0.2718100996911255,0.8809258979649232,0.9368649121564593,,0.8915300223050453,0.0,0.0,0.0,0.6375667518012804,0.8229563643118621,0.27732475735315865,0.07329657143715483,0.08510849084556098,3.231750671351765,48.325,10.97,52.77,250.0,250.0,250.0,0.0,0.0,550.0,278.0,278.0,1.0,0.0,,81.80405554150074,105.35283708222137,114.75734010152284,110.34308306759935,3.231750671351765,2.9683819958524236,2.9524895039906465,0.046503568939181686,22432505.991661806,21425742.01371978,0.044559777466716244,4.689935993799998,0.6554813651030568,0.6013036169551547,0.0,0.17954170396398694,0.19303349466290887,31.75070170886642,0.4653263293549373,,,,,,,,,,,,,,,,,,,,,,,,,,,,,,,,,,,,,,,,,,,,,,,,,,,,,,,,,,,,,,,,,
balanced_agentic,congestion_burst,MaxWeight,MaxWeight,13,1025721121,372372750,1935381396,,stochastic,150,300,250,1,500,1,800,1,150-step training / 300-step arrival window + >= 250-step no-arrival drain adaptively extended to cohort maturity (cap 500),1279880031,0,6.120000034570694e-05,balanced_agentic,200,0.0,0.9050145321871625,0.8927102913807959,0.715,1.0,0.09498546781283741,0.10728970861920392,0.11037957410540962,18.997093562567482,0.09498546781283741,0.05968735389710551,0.06,0.0,0.0,0.0,0.11324239897866145,0.1382306598407281,0.1458264956314636,0.9666862473972722,0.9884625664526198,,0.7364625753439884,0.2635374246560115,0.0,0.2635374246560115,0.40446788688698004,0.8584472723657778,0.5955321131130199,0.10827042157237499,0.0,2.105984568879155,61.375,20.03,61.375,250.0,261.98,325.0,11.98,75.0,561.98,326.0,326.0,1.0,0.0,,148.75544467554778,169.99058165548098,178.56466082207524,176.48726456156163,2.105984568879155,1.9160758232809505,1.9118922434516505,0.057340052057607296,17158528.424002312,16338666.41496044,0.05828156391341407,9.644295870431,0.5352628794622304,0.497358041064649,0.0006428447293006793,0.11699914271550864,0.12804987465754444,-160.49365951167132,0.24435792217712818,,,,,,,,,,,,,,,,,,,,,,,,,,,,,,,,,,,,,,,,,,,,,,,,,,,,,,,,,,,,,,,,,
balanced_agentic,congestion_burst,PPO,PPO,13,1025721121,372372750,535536204,3cabdc2e2c3a75659a16,stochastic,150,300,250,1,500,1,800,1,150-step training / 300-step arrival window + >= 250-step no-arrival drain adaptively extended to cohort maturity (cap 500),1279880031,1,262.1022107999888,balanced_agentic,200,0.0,0.8907779929275835,0.8672939301242503,0.245,1.0,0.1092220070724164,0.13270606987574968,0.13731144315096,21.84440141448328,0.1092220070724164,-0.07251593699332892,-0.09208551671889069,0.0011994704094599575,0.005731601731601726,0.009651679554217118,0.27251593699332893,0.29208551671889066,0.29748623900531596,0.8645316210718971,0.9233786679784506,,0.9988005295905401,0.0,0.0,0.0,0.7151523675997118,0.8174454508843403,0.28457565986111716,0.05847312456156446,0.0002719725391711049,3.288680942474153,52.66,8.685,52.83,250.0,250.0,250.0,0.0,0.0,550.0,326.0,326.0,1.0,0.0,,85.70594382279297,111.57356890623542,123.01751355140186,118.72117521215742,3.288680942474153,3.030505586311554,3.0125202248740544,0.047232869750158814,23973446.804191187,23171707.708696257,0.041718657274604484,4.788345869745704,0.6739741580034442,0.6223784422165746,0.0,0.18270449680411965,0.19802004827093367,13.55602209250768,1.7343436744117298,,,,,,,,,,,,,,,,,,,,,,,,,,,,,,,,,,,,,,,,,,,,,,,,,,,,,,,,,,,,,,,,,
balanced_agentic,congestion_burst,PPO-Lagrangian,PPO-Lagrangian,13,1025721121,372372750,535536204,454f28c68eb87e33907f,stochastic,150,300,250,1,500,1,800,1,150-step training / 300-step arrival window + >= 250-step no-arrival drain adaptively extended to cohort maturity (cap 500),1279880031,1,254.03850810002768,balanced_agentic,200,0.0,0.948991061969525,0.9373972101250406,1.0,1.0,0.051008938030474855,0.06260278987495943,0.06507105274968006,10.201787606094971,0.051008938030474855,0.03379733152003594,0.010640009823436661,0.00046063040099529655,0.005437768752986143,0.006637949480553554,0.16603085013087554,0.18935999017656333,0.19393256324727698,0.8903793864089303,0.9429319302654722,,0.9984397874333232,0.0010995821656815921,0.0,0.0010995821656815921,0.6163167990663478,0.8332275227061524,0.38368320093365205,0.07107424117524118,0.0,2.93368761627174,71.215,10.635,71.3,250.0,250.0,250.0,0.0,0.0,550.0,326.0,326.0,1.0,0.0,,118.04366344249905,142.4883181652712,157.49294682017546,150.14613956661796,2.93368761627174,2.6650229357702457,2.64405807416198,0.05510908654834629,28892377.98231724,27906063.641635723,0.03460423934720536,5.5120559904132245,0.6707216118396588,0.6202397369266,0.0,0.16298264534842996,0.1781829939960386,33.89938010629881,0.7123377080011087,,,,,,,,,,,,,,,,,,,,,,,,,,,,,,,,,,,,,,,,,,,,,,,,,,,,,,,,,,,,,,,,,
balanced_agentic,congestion_burst,PPO_CMDP,PPO_CMDP,13,1025721121,372372750,535536204,a070e26e29e031606ad8,stochastic,150,300,250,1,500,1,800,1,150-step training / 300-step arrival window + >= 250-step no-arrival drain adaptively extended to cohort maturity (cap 500),1279880031,1,277.9400926999515,balanced_agentic,200,0.0,0.9563448759112974,0.9439806225520511,1.0,1.0,0.043655124088702514,0.056019377447948875,0.057870964526918166,8.731024817740503,0.043655124088702514,0.05044016585688636,0.025915052448025104,0.00010864302943521087,0.0,0.00010864302943521087,0.14466443984655253,0.1740849475519749,0.18405272907880327,0.8628856397554111,0.9160516009004944,,0.9934346753940791,0.006456681576485753,0.0,0.006456681576485753,0.6063254063692828,0.8126266132835042,0.3936209554368719,0.06277253846778147,5.363819384526891e-05,2.8464247158373293,71.91,9.33,71.92,250.0,250.0,250.0,0.0,0.0,550.0,326.0,326.0,1.0,0.0,,118.83808072254453,145.3664596273292,150.72784285714286,149.92503822788115,2.8464247158373293,2.6150498713511494,2.601795064045762,0.05224362968581147,31148727.953492604,29720744.949420724,0.03208994137870141,5.109143876030609,0.6749305695536865,0.6194452344007941,0.0,0.15813470643540717,0.1723287010994545,28.900650888980472,0.9618653114628115,,,,,,,,,,,,,,,,,,,,,,,,,,,,,,,,,,,,,,,,,,,,,,,,,,,,,,,,,,,,,,,,,
balanced_agentic,congestion_burst,Intent-PPO-CMDP-NoRisk,Intent-PPO-CMDP-NoRisk,13,1025721121,372372750,535536204,4606dec7f3efe1c94a9c,stochastic,150,300,250,1,500,1,800,1,150-step training / 300-step arrival window + >= 250-step no-arrival drain adaptively extended to cohort maturity (cap 500),1279880031,1,283.62103929999284,balanced_agentic,200,0.0,0.9182876120910111,0.893355835635396,0.865,1.0,0.081712387908989,0.10664416436460392,0.11462319046807201,16.3424775817978,0.081712387908989,-0.04849150561990516,-0.06980547431482617,0.00014458267994825534,0.0,0.00014458267994825534,0.24849150561990518,0.26980547431482615,0.27689467093298326,0.841795797356329,0.9103224300624921,,0.9998554173200518,0.0,0.0,0.0,0.7732396672553042,0.7931628273974448,0.22664263178517757,0.06845511797634092,0.00011770095951814781,3.5823662110964256,42.025,8.98,42.03,250.0,250.0,250.0,0.0,0.0,550.0,326.0,326.0,1.0,0.0,,70.70951302622956,90.88684204501223,97.87411986863707,96.28777241547007,3.5823662110964256,3.318028122612824,3.286833868956009,0.04430762424607788,25218944.15767961,24188514.145338904,0.0396290699607115,3.7402754377461096,0.6710116223515769,0.6201037572292842,0.0,0.19902034506091248,0.2129160001751953,55.24909091146861,0.25206549543694734,,,,,,,,,,,,,,,,,,,,,,,,,,,,,,,,,,,,,,,,,,,,,,,,,,,,,,,,,,,,,,,,,
balanced_agentic,congestion_burst,Intent-PPO-CMDP,Intent-PPO-CMDP,13,1025721121,372372750,535536204,09d0d30da2ff448dad2f,stochastic,150,300,250,1,500,1,800,1,150-step training / 300-step arrival window + >= 250-step no-arrival drain adaptively extended to cohort maturity (cap 500),1279880031,1,309.3859143999871,balanced_agentic,200,0.0,0.9118645141448098,0.8849487864647226,0.785,1.0,0.08813548585519015,0.11505121353527724,0.11833270139530486,17.62709717103803,0.08813548585519015,-0.04505566028047703,-0.0650281159959104,0.02507658860351813,0.029858208955223876,0.03128709165049598,0.24505566028047704,0.2650281159959104,0.26901610556350575,0.8779149533352765,0.9367924406924757,,0.9749234113964819,0.0,0.0,0.0,0.7384105910517387,0.8263163886693649,0.2367084067333198,0.06479594033921719,0.024881002214941467,3.5351571954309087,44.545,9.685,44.58,250.0,250.0,250.0,0.0,0.0,550.0,326.0,326.0,1.0,0.0,,74.6873798856211,93.66554736298313,101.7161859193438,98.12479599121114,3.5351571954309087,3.270876531738216,3.241867648277851,0.043597955920940484,25443661.91165003,24459634.650048435,0.03928437883167347,3.941552771593366,0.658646976762195,0.6072458927084523,0.0,0.19639762196838384,0.2103217072387216,57.14401133582097,0.22872007025646876,,,,,,,,,,,,,,,,,,,,,,,,,,,,,,,,,,,,,,,,,,,,,,,,,,,,,,,,,,,,,,,,,
balanced_agentic,congestion_burst,Intent-PPO-CMDP-FullPolicy-NoShield,Intent-PPO-CMDP,13,1025721121,372372750,535536204,09d0d30da2ff448dad2f,stochastic,150,300,250,1,500,1,800,1,150-step training / 300-step arrival window + >= 250-step no-arrival drain adaptively extended to cohort maturity (cap 500),1279880031,1,309.3859143999871,balanced_agentic,200,0.0,0.7204031100641382,0.6658590286158551,0.0,1.0,1.081194830971276,1.4035405716486917,1.4902085731430852,216.2389661942552,1.081194830971276,-0.36781360935759916,-0.4694292717086835,0.42781360935759905,0.5294292717086835,0.5589083589319743,0.2597668718015809,0.28871001350247544,0.29318255227028034,0.8754575393753586,0.9502704232590963,,0.5721863906424008,0.0,0.0,0.0,0.4871336407442793,0.8466555985086092,0.11098323371701416,0.03800497728560942,0.40188312553870653,2.388237531949893,15.965,5.375,20.865,250.0,250.0,250.0,0.0,0.0,550.0,326.0,326.0,1.0,0.0,,52.12683093320524,69.65899667070217,85.71027777777778,79.72839744050236,2.388237531949893,1.8901310802174414,1.8687693009143018,0.12075644290622499,23966180.37758502,22609670.04605347,0.041636545288102504,1.7787533073683202,0.5702535382075843,0.5009452124392324,0.001417874124716316,0.13267986288610517,0.15765188983475648,4.906491782542082,3.0680001582206318,,,,,,,,,,,,,,,,,,,,,,,,,,,,,,,,,,,,,,,,,,,,,,,,,,,,,,,,,,,,,,,,,
balanced_agentic,congestion_burst,MaxWeight,MaxWeight,14,1103526060,1905340783,5320529,,stochastic,150,300,250,1,500,1,800,1,150-step training / 300-step arrival window + >= 250-step no-arrival drain adaptively extended to cohort maturity (cap 500),501583040,0,1.1700205504894257e-05,balanced_agentic,200,0.0,0.9096818887612915,0.8959945480637381,0.88,1.0,0.0903181112387085,0.10400545193626173,0.1076724400719737,18.0636222477417,0.0903181112387085,0.05945544703801936,0.056581146286924816,0.0,0.0,0.0,0.11589953676928808,0.14341885371307517,0.15032969915513975,0.9640717228245523,0.986105711520667,,0.7460408573598355,0.25395914264016445,0.0,0.25395914264016445,0.40923427845755783,0.8556219871205414,0.5907657215424422,0.10844973570401102,0.0,2.1732502398568267,63.475,20.485,63.475,250.0,253.28,276.0,3.28,26.0,553.28,277.0,277.0,1.0,0.0,,147.46682352952047,162.88270942083022,166.64026368159202,165.607458780051,2.1732502398568267,1.9838472379378898,1.9632349957812554,0.06240045751406016,20232792.636582986,18945316.79641418,0.049434287924629484,8.381047147218574,0.5405277850360085,0.5053420171454837,0.00012533437222088134,0.12073612443649036,0.1343539290482587,-138.31546240484371,0.24125610437631312,,,,,,,,,,,,,,,,,,,,,,,,,,,,,,,,,,,,,,,,,,,,,,,,,,,,,,,,,,,,,,,,,
balanced_agentic,congestion_burst,PPO,PPO,14,1103526060,1905340783,1823775964,0a65909e93fb2c778ea0,stochastic,150,300,250,1,500,1,800,1,150-step training / 300-step arrival window + >= 250-step no-arrival drain adaptively extended to cohort maturity (cap 500),501583040,1,272.0849051999976,balanced_agentic,200,0.0,0.9331955815415097,0.907422441575805,0.995,1.0,0.06680441845849022,0.09257755842419496,0.09804717503407129,13.360883691698044,0.06680441845849022,-0.026014435743908403,-0.04801861614387252,0.0015442480932169225,0.009354695149087669,0.011776482209576162,0.2260144357439084,0.24801861614387252,0.25525286557728055,0.8614579562979137,0.9135897459688597,,0.9984557519067832,0.0,0.0,0.0,0.6724246698010198,0.8065039125542987,0.32697662485930307,0.06582356437749622,0.0005987053396771187,3.2026301149331715,62.04,10.405,62.22,250.0,250.0,250.0,0.0,0.0,550.0,277.0,277.0,1.0,0.0,,94.64746649512958,116.15541607130706,121.83909115067765,119.92332894229182,3.2026301149331715,2.9845455343326344,2.9758976910582566,0.04289897443287697,27294010.40627749,26347909.200984284,0.03662471786896123,4.771268072901748,0.6736036205419947,0.6245592221090913,0.0,0.1779238952740651,0.1903784877681378,35.10024071396566,0.6071956431131422,,,,,,,,,,,,,,,,,,,,,,,,,,,,,,,,,,,,,,,,,,,,,,,,,,,,,,,,,,,,,,,,,
balanced_agentic,congestion_burst,PPO-Lagrangian,PPO-Lagrangian,14,1103526060,1905340783,1823775964,337f5a10e02765106fee,stochastic,150,300,250,1,500,1,800,1,150-step training / 300-step arrival window + >= 250-step no-arrival drain adaptively extended to cohort maturity (cap 500),501583040,1,284.58887489995686,balanced_agentic,200,0.0,0.9555077220641707,0.9450358834672993,1.0,1.0,0.04449227793582937,0.05496411653270055,0.05754428051582668,8.898455587165873,0.04449227793582937,0.053984895358191023,0.035747914560161805,0.0004161938980947434,0.00510204081632653,0.006936564968245723,0.13840939061363308,0.1642520854398382,0.17251796497353414,0.866063360527056,0.9148319805924195,,0.9933067138239757,0.00627709227792953,0.0,0.00627709227792953,0.5902348134279736,0.8124934226188222,0.40957570287986655,0.06603205456476655,0.00018948369215993514,2.832272096802095,76.085,10.11,76.125,250.0,250.0,250.0,0.0,0.0,550.0,277.0,277.0,1.0,0.0,,125.00034283798773,149.3177999203861,158.80693325116144,155.08657200532562,2.832272096802095,2.6212686556163276,2.598280797549914,0.04492887798748748,34799564.1204876,33214263.56689046,0.028727820190009627,4.899109347867722,0.6725499762037276,0.6243758770701756,0.0,0.1573484498223386,0.16790974338663722,32.47086337044312,0.6491809856069728,,,,,,,,,,,,,,,,,,,,,,,,,,,,,,,,,,,,,,,,,,,,,,,,,,,,,,,,,,,,,,,,,
balanced_agentic,congestion_burst,PPO_CMDP,PPO_CMDP,14,1103526060,1905340783,1823775964,dadb88684cb84768bf3a,stochastic,150,300,250,1,500,1,800,1,150-step training / 300-step arrival window + >= 250-step no-arrival drain adaptively extended to cohort maturity (cap 500),501583040,1,264.74071779998485,balanced_agentic,200,0.0,0.9188985923275476,0.8938111181292009,0.9,1.0,0.08110140767245241,0.10618888187079913,0.11331565355720166,16.220281534490482,0.08110140767245241,-0.057207162252006116,-0.07767871846695111,0.00046006225232427726,0.005320571168506086,0.0061563729051020925,0.2572071622520061,0.2776787184669511,0.28601012960750527,0.810216707006049,0.8796467137201549,,0.9995399377476757,0.0,0.0,0.0,0.7535287192616673,0.7657335168374542,0.24617287387595696,0.057690705949323115,0.0002984068623756452,3.5441650487278538,46.88,8.415,46.91,250.0,250.0,250.0,0.0,0.0,550.0,277.0,277.0,1.0,0.0,,72.36564091498933,91.85856252291892,99.30901532273509,98.66110471110237,3.5441650487278538,3.317762266424471,3.308254518218894,0.03847608284196386,28506715.73385087,27652552.424449127,0.035068695710867286,3.4954808309007475,0.6722202051957968,0.6256475382666412,0.0,0.19689805826265855,0.2092778372692078,57.146115684966716,0.2580684900048711,,,,,,,,,,,,,,,,,,,,,,,,,,,,,,,,,,,,,,,,,,,,,,,,,,,,,,,,,,,,,,,,,
balanced_agentic,congestion_burst,Intent-PPO-CMDP-NoRisk,Intent-PPO-CMDP-NoRisk,14,1103526060,1905340783,1823775964,72924e27f6df7ecb428f,stochastic,150,300,250,1,500,1,800,1,150-step training / 300-step arrival window + >= 250-step no-arrival drain adaptively extended to cohort maturity (cap 500),501583040,1,270.7660398000153,balanced_agentic,200,0.0,0.9148769156622959,0.8822284512431569,0.765,1.0,0.085123084337704,0.11777154875684306,0.12086293068026195,17.0246168675408,0.085123084337704,-0.05883553592879596,-0.08225085969542216,0.000469182698859314,0.005076142131979695,0.005964977418149924,0.258835535928796,0.2822508596954222,0.2907906331246647,0.8186973716622701,0.8921521856755069,,0.9995308173011407,0.0,0.0,0.0,0.7553449177140211,0.7718791504546871,0.2443220960904915,0.05982619380574755,0.0003329861954873678,3.577851076769201,46.66,8.875,46.685,250.0,250.0,250.0,0.0,0.0,550.0,277.0,277.0,1.0,0.0,,71.89107939385994,92.92375059269796,102.07998287671232,98.62683266040173,3.577851076769201,3.3658828706341413,3.34534584517523,0.038586218531773006,28039979.751236714,27129350.538839336,0.03565487926235657,3.5294883369428693,0.671213888737822,0.6239962338124627,0.0,0.19876950426495563,0.21041648486299985,54.79603307136778,0.2744312041787668,,,,,,,,,,,,,,,,,,,,,,,,,,,,,,,,,,,,,,,,,,,,,,,,,,,,,,,,,,,,,,,,,
balanced_agentic,congestion_burst,Intent-PPO-CMDP,Intent-PPO-CMDP,14,1103526060,1905340783,1823775964,fd2a9bdca11bd34bca64,stochastic,150,300,250,1,500,1,800,1,150-step training / 300-step arrival window + >= 250-step no-arrival drain adaptively extended to cohort maturity (cap 500),501583040,1,319.06714920001104,balanced_agentic,200,0.0,0.9411599103912255,0.9277923193901759,1.0,1.0,0.05884008960877452,0.07220768060982401,0.07885862496295097,11.768017921754904,0.05884008960877452,0.008135154541946871,-0.015325178188701273,0.024328505257553062,0.029411764705882353,0.030139779652093843,0.19172994044137964,0.21532517818870128,0.222585324330689,0.9110479807843705,0.9614796172431642,,0.9756714947424469,0.0,0.0,0.0,0.6335173339155032,0.8498181328132476,0.34321836407380774,0.07183342635792632,0.02326430201068895,3.1448511818396185,65.22,11.59,65.425,250.0,250.0,250.0,0.0,0.0,550.0,277.0,277.0,1.0,0.0,,103.8277168705688,124.51533539276252,137.28671825899343,133.25730044407356,3.1448511818396185,2.8950897697385516,2.882859377031676,0.04561518753822899,31794326.967349444,30306606.602139786,0.03143585640546533,4.459162274805252,0.6605946387663459,0.6090981588528169,0.0,0.17471395454664546,0.18787020196614557,59.37833318924387,0.22806487151400798,,,,,,,,,,,,,,,,,,,,,,,,,,,,,,,,,,,,,,,,,,,,,,,,,,,,,,,,,,,,,,,,,
balanced_agentic,congestion_burst,Intent-PPO-CMDP-FullPolicy-NoShield,Intent-PPO-CMDP,14,1103526060,1905340783,1823775964,fd2a9bdca11bd34bca64,stochastic,150,300,250,1,500,1,800,1,150-step training / 300-step arrival window + >= 250-step no-arrival drain adaptively extended to cohort maturity (cap 500),501583040,1,319.06714920001104,balanced_agentic,200,0.0,0.7170078530106168,0.6659376996931984,0.0,1.0,1.3109066722368872,1.518471229530037,1.5731561917412482,262.1813344473774,1.3109066722368872,-0.4547191776950416,-0.5172056427966377,0.5147191776950416,0.5772056427966378,0.5957621418232913,0.21120187955926176,0.244605827298135,0.2550116537602163,0.9081734738153864,0.951091071584781,,0.4852808223049584,0.0,0.0,0.0,0.40557199517403464,0.8764769138883375,0.1337971739161413,0.038393144703333035,0.46063083090982415,2.0818048773392026,15.225,6.035,25.675,250.0,250.0,250.0,0.0,0.0,550.0,277.0,277.0,1.0,0.0,,61.612891783103414,80.266755521706,88.84737179487178,85.75004348264201,2.0818048773392026,1.7875850700682008,1.782406517467401,0.08389456251081152,29260035.07325466,27407584.32131325,0.034151924483130355,1.529178837177967,0.5486667621487213,0.462659296779926,0.006097442902806671,0.1156558265188446,0.1310908016790589,-8.130286858944157,1.9364724015762393,,,,,,,,,,,,,,,,,,,,,,,,,,,,,,,,,,,,,,,,,,,,,,,,,,,,,,,,,,,,,,,,,
balanced_agentic,congestion_burst,MaxWeight,MaxWeight,15,1481178426,1997781942,448460546,,stochastic,150,300,250,1,500,1,800,1,150-step training / 300-step arrival window + >= 250-step no-arrival drain adaptively extended to cohort maturity (cap 500),1853986158,0,1.0600080713629723e-05,balanced_agentic,200,0.05,0.9423060990797703,0.9200484110793274,1.0,0.95,0.057693900920229746,0.07995158892067246,0.08265620199999471,11.53878018404595,0.06073042202129447,0.05444448192316461,0.03014439464290509,0.0,0.0,0.0,0.1339396358007531,0.1698556053570949,0.18143517294304762,0.9014630594476408,0.9758511242552126,,0.8788999283409418,0.12110007165905824,0.0,0.12110007165905824,0.5236885299770434,0.7956311345928881,0.47631147002295665,0.10747206673553517,0.0,2.634375761567955,66.715,19.915,66.715,250.0,256.135,297.0,6.135,47.0,556.135,298.0,298.0,1.0,0.0,,125.25705536765366,151.49907407407406,157.61697402946913,155.5142291503619,2.634375761567955,2.3280780172659146,2.3121208221211598,0.11310413759101341,19916663.395022646,18282309.385640044,0.05038428954388868,7.931881635525176,0.6010653466342306,0.5280870493103209,0.0,0.14635420897599746,0.17935029010234183,-123.312817651905,0.5806665204033444,,,,,,,,,,,,,,,,,,,,,,,,,,,,,,,,,,,,,,,,,,,,,,,,,,,,,,,,,,,,,,,,,
balanced_agentic,congestion_burst,PPO,PPO,15,1481178426,1997781942,1596015111,461e22a59e6f436fac36,stochastic,150,300,250,1,500,1,800,1,150-step training / 300-step arrival window + >= 250-step no-arrival drain adaptively extended to cohort maturity (cap 500),1853986158,1,258.87767640000675,balanced_agentic,200,0.0,0.9558258618513373,0.944367131654753,1.0,1.0,0.04417413814866257,0.055632868345247,0.059754213525366195,8.834827629732514,0.04417413814866257,0.03929597387215724,0.01761510010484019,0.000650701961521698,0.00546448087431694,0.00672673337699169,0.16009028025640737,0.1823848998951598,0.18897605024771033,0.8649167824216737,0.9230823971613671,,0.9993492980384783,0.0,0.0,0.0,0.6985331464992455,0.8009080256680974,0.30110352835083243,0.07807403640818887,0.0003633251499221475,3.33511818891969,56.94,12.095,56.995,250.0,250.0,250.0,0.0,0.0,550.0,298.0,298.0,1.0,0.0,,92.22453419356212,111.73438689217757,121.1317523637143,118.91809600041377,3.33511818891969,3.103647656327994,3.070951699653887,0.04467991403495885,32763082.365890455,31765328.03508279,0.030524665187560914,3.8215153142464766,0.6813924999008685,0.6344151583962192,0.0,0.1852843438288717,0.1995164766982106,86.90613239090614,0.16626114948546297,,,,,,,,,,,,,,,,,,,,,,,,,,,,,,,,,,,,,,,,,,,,,,,,,,,,,,,,,,,,,,,,,
balanced_agentic,congestion_burst,PPO-Lagrangian,PPO-Lagrangian,15,1481178426,1997781942,1596015111,c54dc7a9b9a68be549b7,stochastic,150,300,250,1,500,1,800,1,150-step training / 300-step arrival window + >= 250-step no-arrival drain adaptively extended to cohort maturity (cap 500),1853986158,1,254.7300168000511,balanced_agentic,200,0.0,0.9566716319237258,0.9377301802770327,1.0,1.0,0.043328368076274056,0.0622698197229672,0.06773105860158848,8.66567361525481,0.043328368076274056,0.056248195334717616,0.04092771482011224,0.0015981856788047446,0.00574878745598299,0.00901992331595269,0.10662661432682768,0.15885334674794344,0.17036738948055818,0.8497066480116444,0.9084764059889222,,0.9863540894823218,0.012047724838873362,0.0,0.012047724838873362,0.5502661734150543,0.7980413864164246,0.4494236462316128,0.06117214667538667,0.00031018035333279777,2.550313195033719,81.565,9.665,81.8,250.0,250.0,250.0,0.0,0.0,550.0,298.0,298.0,1.0,0.0,,137.33999248633188,161.17034056886226,168.473305019305,165.8435004519249,2.550313195033719,2.230056967630162,2.2150342610418723,0.075020119908234,35371067.78980782,33037937.93311119,0.028278884949726267,5.161305143250204,0.6830996231345307,0.6429544830927136,0.0,0.14168406639076217,0.15963774767905478,34.769856090002314,0.9324613219615231,,,,,,,,,,,,,,,,,,,,,,,,,,,,,,,,,,,,,,,,,,,,,,,,,,,,,,,,,,,,,,,,,
balanced_agentic,congestion_burst,PPO_CMDP,PPO_CMDP,15,1481178426,1997781942,1596015111,fc83225982e20e56ecdd,stochastic,150,300,250,1,500,1,800,1,150-step training / 300-step arrival window + >= 250-step no-arrival drain adaptively extended to cohort maturity (cap 500),1853986158,1,273.55554740002844,balanced_agentic,200,0.0,0.9536333540360276,0.9441047234015983,1.0,1.0,0.04636664596397225,0.05589527659840161,0.058258365607486415,9.27332919279445,0.04636664596397225,0.05187948743998458,0.029203515517714933,0.0006391002042717361,0.005437768752986143,0.006637754112600166,0.14226381414173464,0.17079648448228504,0.17728148925995613,0.8731021449321631,0.9174978982679493,,0.9993608997957283,0.0,0.0,0.0,0.645344385012841,0.8118428430379191,0.3542072819557859,0.07267838641772174,0.00044833303137319596,3.0735475957390963,66.6,11.505,66.635,250.0,250.0,250.0,0.0,0.0,550.0,298.0,298.0,1.0,0.0,,107.90586598760041,123.77045707070707,133.46980748431753,130.15649733676415,3.0735475957390963,2.8102176754253425,2.773373664538859,0.05563562216360892,34428622.2327072,33218144.95205145,0.02905306630350478,4.2389195499633106,0.680195086370486,0.6305295274283425,0.0,0.17075264420772757,0.18465478805863433,79.89361326714868,0.18897883672420673,,,,,,,,,,,,,,,,,,,,,,,,,,,,,,,,,,,,,,,,,,,,,,,,,,,,,,,,,,,,,,,,,
balanced_agentic,congestion_burst,Intent-PPO-CMDP-NoRisk,Intent-PPO-CMDP-NoRisk,15,1481178426,1997781942,1596015111,8c806f3e428ad93e5ba2,stochastic,150,300,250,1,500,1,800,1,150-step training / 300-step arrival window + >= 250-step no-arrival drain adaptively extended to cohort maturity (cap 500),1853986158,1,275.68097020004643,balanced_agentic,200,0.0,0.9499410507123889,0.9334964934089113,1.0,1.0,0.05005894928761119,0.0665035065910887,0.0747792541454518,10.011789857522238,0.05005894928761119,0.05311947410561677,0.027608952480966134,0.0007676133554117525,0.005654587960257158,0.007931195615377636,0.12616871702832155,0.17239104751903386,0.1845303462053287,0.861454174668991,0.9208305098936306,,0.9665930406844805,0.032639345960107716,0.0,0.032639345960107716,0.5185300978897477,0.8096878438778341,0.48144372409978103,0.06039512786918319,2.617801047120419e-05,2.422526490947064,84.195,9.745,84.33,250.0,250.0,250.0,0.0,0.0,550.0,298.0,298.0,1.0,0.0,,148.32670754803684,167.49871204064752,172.6741315147164,172.12672030606117,2.422526490947064,2.1818062050125087,2.1601924317316974,0.07010851054896008,34831234.593873285,32544420.395760693,0.028707377228969922,5.60965515893435,0.6744199099697821,0.6231017321837232,0.0,0.13458480505261466,0.15219260833904852,6.583638765435366,4.762180626488769,,,,,,,,,,,,,,,,,,,,,,,,,,,,,,,,,,,,,,,,,,,,,,,,,,,,,,,,,,,,,,,,,
balanced_agentic,congestion_burst,Intent-PPO-CMDP,Intent-PPO-CMDP,15,1481178426,1997781942,1596015111,618554fca77aa7604c32,stochastic,150,300,250,1,500,1,800,1,150-step training / 300-step arrival window + >= 250-step no-arrival drain adaptively extended to cohort maturity (cap 500),1853986158,1,332.33217309997417,balanced_agentic,200,0.0,0.9569566136146946,0.9444770238491139,1.0,1.0,0.043043386385305256,0.055522976150886034,0.05790069605506241,8.608677277061052,0.043043386385305256,0.05476805828967597,0.043578771881078074,0.004777520545645769,0.015957446808510637,0.017756821476736302,0.1020931784526999,0.14373140773438242,0.15455705938753034,0.8567457888130163,0.9049059524140368,,0.9927388824505735,0.0024835970037808547,0.0,0.0024835970037808547,0.5708805568846839,0.8042117944541025,0.4245883005656541,0.062474845877350235,0.004531142549661969,2.6742456688621687,79.09,9.875,79.135,250.0,250.0,250.0,0.0,0.0,550.0,298.0,298.0,1.0,0.0,,130.27574542554592,152.57003840245775,163.9205714285714,157.20113208574708,2.6742456688621687,2.3632324136288645,2.344946118063489,0.06746645696354611,35539540.8440933,33635401.00935619,0.028148080281723213,4.924120651673201,0.6792449160584505,0.628283344389961,0.0,0.14856920382567604,0.16405141695315897,50.86477393545864,0.5342488582574512,,,,,,,,,,,,,,,,,,,,,,,,,,,,,,,,,,,,,,,,,,,,,,,,,,,,,,,,,,,,,,,,,
balanced_agentic,congestion_burst,Intent-PPO-CMDP-FullPolicy-NoShield,Intent-PPO-CMDP,15,1481178426,1997781942,1596015111,618554fca77aa7604c32,stochastic,150,300,250,1,500,1,800,1,150-step training / 300-step arrival window + >= 250-step no-arrival drain adaptively extended to cohort maturity (cap 500),1853986158,1,332.33217309997417,balanced_agentic,200,0.0,0.9137584373386168,0.8231197786569323,0.72,1.0,0.08637743222660045,0.17688022134306766,0.19012719595337244,17.27548644532009,0.08637743222660045,-0.014025229679958538,-0.05113931190073322,0.07402522967995853,0.1111393119007332,0.11590236695393621,0.10449019958907649,0.1497691787112679,0.16156060624595664,0.8531051414181732,0.910156037391667,,0.9245058037872727,0.0014689665327687537,0.0,0.0014689665327687537,0.5427586102125628,0.8040102770650512,0.41500473724575654,0.05914486548654135,0.04223665254168065,2.5696414502255855,71.84,9.24,77.83,250.0,250.0,250.0,0.0,0.0,550.0,298.0,298.0,1.0,0.0,,126.0848196870681,152.2500525964696,160.21957223567392,159.22443230399315,2.5696414502255855,2.2806588220225117,2.2533219993631692,0.06695647413112574,35452001.77709374,33321434.27578916,0.028211468905862822,4.5101855407778135,0.6820527793624739,0.6243957760579145,0.0,0.14275785834586588,0.15823926648493203,38.88972964483385,0.7120146845044313,,,,,,,,,,,,,,,,,,,,,,,,,,,,,,,,,,,,,,,,,,,,,,,,,,,,,,,,,,,,,,,,,
balanced_agentic,emergency_surge,MaxWeight,MaxWeight,11,471540437,1073362871,8773678,,stochastic,150,300,250,1,500,1,800,1,150-step training / 300-step arrival window + >= 250-step no-arrival drain adaptively extended to cohort maturity (cap 500),1909289823,0,1.2699980288743973e-05,balanced_agentic,200,0.0,0.8883210619347847,0.8725307074003791,0.085,1.0,0.1116789380652154,0.12746929259962075,0.13755253140326623,22.335787613043077,0.1116789380652154,0.05994710013944122,0.06,0.0,0.0,0.0,0.10908857457372326,0.13060670695580046,0.13722974499067278,0.9772744568923764,0.9956105030254758,,0.6376626541332935,0.3623373458667065,0.0,0.3623373458667065,0.3413979627435411,0.898880655556649,0.6586020372564587,0.07839380133572744,0.0,1.9092302864192527,61.39,16.29,61.39,250.0,250.015,252.0,0.015,2.0,550.015,252.0,252.0,1.0,0.0,,167.05977518135282,180.44899454875832,182.83736226180613,182.2099571540287,1.9092302864192527,1.7276469142913322,1.718406545961459,0.05924972039451883,19244098.674797233,18254556.98095745,0.05197205043773518,9.060671807978453,0.5162515187266925,0.4702058001441048,0.004636904787734859,0.10606834924551403,0.11597332788337608,-120.55508087004162,0.14673039639915791,,,,,,,,,,,,,,,,,,,,,,,,,,,,,,,,,,,,,,,,,,,,,,,,,,,,,,,,,,,,,,,,,
balanced_agentic,emergency_surge,PPO,PPO,11,471540437,1073362871,1897045420,b9c1e1a3273f0ff06c77,stochastic,150,300,250,1,500,1,800,1,150-step training / 300-step arrival window + >= 250-step no-arrival drain adaptively extended to cohort maturity (cap 500),1909289823,1,259.96485530002974,balanced_agentic,200,0.0,0.9420999105639493,0.9322124608113799,1.0,1.0,0.05790008943605066,0.0677875391886201,0.06950957316292265,11.580017887210133,0.05790008943605066,0.040345536570721326,0.018884108450324937,0.0003960187204200374,0.004833274419700718,0.0060197401024906175,0.1590358808653111,0.18111589154967506,0.18626321216963398,0.9130008166930905,0.9568244682382268,,0.9910343076640301,0.008569673615549857,0.0,0.008569673615549857,0.5064414361225267,0.8660917862324095,0.4935350896990696,0.05615422576633519,2.347417840375587e-05,2.645511637608507,100.885,9.77,100.96,250.0,250.0,250.0,0.0,0.0,550.0,252.0,252.0,1.0,0.0,,154.47731302120522,172.46124515295134,177.39688011391408,175.69568541811492,2.645511637608507,2.4001074474563078,2.371672814881677,0.05727560140614781,33000139.720347673,32120046.51042297,0.03030197702408675,6.975670101251117,0.6378438777157043,0.594056645537374,0.0,0.14697286875602814,0.15945401846776075,23.014025029239875,0.7232260895595854,,,,,,,,,,,,,,,,,,,,,,,,,,,,,,,,,,,,,,,,,,,,,,,,,,,,,,,,,,,,,,,,,
balanced_agentic,emergency_surge,PPO-Lagrangian,PPO-Lagrangian,11,471540437,1073362871,1897045420,97597eec01eed730a745,stochastic,150,300,250,1,500,1,800,1,150-step training / 300-step arrival window + >= 250-step no-arrival drain adaptively extended to cohort maturity (cap 500),1909289823,1,273.0232358999783,balanced_agentic,200,0.0,0.9128715896023641,0.8951866934394507,0.86,1.0,0.087128410397636,0.10481330656054925,0.10825681252807424,17.4256820795272,0.087128410397636,0.057382852951574526,0.04296028880866426,0.0,0.0,0.0,0.11605857040642116,0.15703971119133575,0.1645602629846818,0.9190139552986635,0.9677754048709091,,0.7477262542328745,0.2522737457671254,0.0,0.2522737457671254,0.38984702619252315,0.8740744004451534,0.6101529738074769,0.05210688461326832,0.0,2.0210424511080127,74.155,9.395,74.155,250.0,250.0,250.0,0.0,0.0,550.0,252.0,252.0,1.0,0.0,,177.0565465800334,195.84279097270127,200.17621047877142,197.8598102318644,2.0210424511080127,1.814468382332152,1.803092014800502,0.06832488795690762,34242316.373462036,32439063.73396626,0.029187751584724274,5.919119794181249,0.6338281720211802,0.5891068502844301,0.0,0.11228013617266734,0.12559502715731025,-55.06179265950657,0.39014590308907404,,,,,,,,,,,,,,,,,,,,,,,,,,,,,,,,,,,,,,,,,,,,,,,,,,,,,,,,,,,,,,,,,
balanced_agentic,emergency_surge,PPO_CMDP,PPO_CMDP,11,471540437,1073362871,1897045420,3e02143445d692cb208a,stochastic,150,300,250,1,500,1,800,1,150-step training / 300-step arrival window + >= 250-step no-arrival drain adaptively extended to cohort maturity (cap 500),1909289823,1,273.6423236000119,balanced_agentic,200,0.0,0.9253470779221101,0.9056913090868571,0.98,1.0,0.07465292207788987,0.09430869091314288,0.09931286680774547,14.930584415577975,0.07465292207788987,-0.017253557023448177,-0.03649707466334686,0.0002917052590184548,0.004318041871921179,0.004973886148254253,0.21725355702344817,0.23649707466334688,0.2424500222257724,0.9194939929351608,0.9546184440756603,,0.9997082947409816,0.0,0.0,0.0,0.5876596870366645,0.8671708144278741,0.41220991680067526,0.06318668932521318,0.00013039616266015966,3.069547217198634,85.5,10.845,85.535,250.0,250.0,250.0,0.0,0.0,550.0,252.0,252.0,1.0,0.0,,124.17602919228189,142.46163061102575,154.21580418000374,149.0651724231574,3.069547217198634,2.8270500156450287,2.8083072250581145,0.046996141751715265,30440408.949163124,29538937.792830974,0.03285334626271577,6.072460211936373,0.6391863027915471,0.5992511720029216,0.0,0.1705304009554797,0.1836779630701065,43.209122151713416,0.4324113004354913,,,,,,,,,,,,,,,,,,,,,,,,,,,,,,,,,,,,,,,,,,,,,,,,,,,,,,,,,,,,,,,,,
balanced_agentic,emergency_surge,Intent-PPO-CMDP-NoRisk,Intent-PPO-CMDP-NoRisk,11,471540437,1073362871,1897045420,7d2ee40999bb1a6afe16,stochastic,150,300,250,1,500,1,800,1,150-step training / 300-step arrival window + >= 250-step no-arrival drain adaptively extended to cohort maturity (cap 500),1909289823,1,275.69379829999525,balanced_agentic,200,0.0,0.9166657787594957,0.8984706906667739,0.935,1.0,0.08333422124050419,0.10152930933322606,0.1060766849688946,16.666844248100837,0.08333422124050419,0.05747416052285636,0.04208185053380785,2.6595744680851064e-05,0.0,2.6595744680851064e-05,0.11462384331131684,0.15791814946619215,0.16890986161238897,0.9116454684761149,0.9537562545266262,,0.7558231818536971,0.244150222401622,0.0,0.244150222401622,0.397907302624423,0.8688344757679666,0.6020661016308962,0.04903985991086607,2.6595744680851064e-05,2.0518909193664054,74.37,8.945,74.37,250.0,250.0,250.0,0.0,0.0,550.0,252.0,252.0,1.0,0.0,,174.2250805797994,189.56824346405224,194.02206244160695,194.1774953890434,2.0518909193664054,1.83097275930452,1.807856869824107,0.06814114947652787,34322457.389755696,32795661.81265607,0.029122693548512744,5.879390694170996,0.6373178135669615,0.5911513963481156,0.0,0.11399393996480033,0.12646752696606672,-49.32383256845284,0.4383190485243378,,,,,,,,,,,,,,,,,,,,,,,,,,,,,,,,,,,,,,,,,,,,,,,,,,,,,,,,,,,,,,,,,
balanced_agentic,emergency_surge,Intent-PPO-CMDP,Intent-PPO-CMDP,11,471540437,1073362871,1897045420,b12c9f3440d9c22ff923,stochastic,150,300,250,1,500,1,800,1,150-step training / 300-step arrival window + >= 250-step no-arrival drain adaptively extended to cohort maturity (cap 500),1909289823,1,319.3185737999738,balanced_agentic,200,0.0,0.9277265706910963,0.9128162353323429,1.0,1.0,0.0722734293089036,0.08718376466765711,0.09161174159855887,14.45468586178072,0.0722734293089036,0.04521081009269505,0.0340865177029361,0.01442327777394853,0.02565431114653912,0.026870835727993887,0.10670725546382903,0.14154305906422573,0.15490103283336185,0.9115424407133846,0.9588280590442004,,0.8390141747603025,0.14656254746574907,0.0,0.14656254746574907,0.429872254228322,0.8728081824692461,0.5558286215435924,0.04728147643436291,0.014299124228085635,2.240505696178387,84.685,8.06,84.71,250.0,250.0,250.0,0.0,0.0,550.0,252.0,252.0,1.0,0.0,,167.67751597927213,183.07939708141322,189.11736329935124,186.05719171049455,2.240505696178387,2.0046167656711806,1.9934213541635657,0.06805884952425506,34400089.74402713,32931802.39018399,0.029061997020641904,6.261340831379112,0.6405964730824494,0.5948602674552603,0.0,0.1244725386765771,0.1385889874577601,-11.719709697829492,1.629474011028657,,,,,,,,,,,,,,,,,,,,,,,,,,,,,,,,,,,,,,,,,,,,,,,,,,,,,,,,,,,,,,,,,
balanced_agentic,emergency_surge,Intent-PPO-CMDP-FullPolicy-NoShield,Intent-PPO-CMDP,11,471540437,1073362871,1897045420,b12c9f3440d9c22ff923,stochastic,150,300,250,1,500,1,800,1,150-step training / 300-step arrival window + >= 250-step no-arrival drain adaptively extended to cohort maturity (cap 500),1909289823,1,319.3185737999738,balanced_agentic,200,0.0,0.7529822256285321,0.7355807219485746,0.0,1.0,0.6384350568601114,0.8343440356405848,0.9077701697056106,127.68701137202228,0.6384350568601114,-0.21030423647563923,-0.2796373474556758,0.2703042364756392,0.33963734745567575,0.3687125912664445,0.13084413399891293,0.17016279226694556,0.18179900576234215,0.9116345310456659,0.9576924481495797,,0.6786913251275405,0.05100443839682026,0.0,0.05100443839682026,0.3623017076395677,0.8798417577308532,0.4868264674623412,0.03816247602251835,0.1508718248980911,1.9390763955282033,65.61,6.585,90.33,250.0,250.0,250.0,0.0,0.0,550.0,252.0,252.0,1.0,0.0,,151.3031790113541,170.20294784580494,179.7154982578397,176.57029115232572,1.9390763955282033,1.6774337819478002,1.6578993145880159,0.08941049593765354,32927447.907644887,30961502.83381221,0.030351741656583622,4.8929981905179325,0.600594676680184,0.5426658255643304,0.0,0.10772646641823352,0.12614695286971359,-60.20456751124322,0.3889194820050339,,,,,,,,,,,,,,,,,,,,,,,,,,,,,,,,,,,,,,,,,,,,,,,,,,,,,,,,,,,,,,,,,
balanced_agentic,emergency_surge,MaxWeight,MaxWeight,12,1729653623,2128646545,766997810,,stochastic,150,300,250,1,500,1,800,1,150-step training / 300-step arrival window + >= 250-step no-arrival drain adaptively extended to cohort maturity (cap 500),2098632769,0,1.2299977242946625e-05,balanced_agentic,200,0.0,0.900036230419889,0.8870126689211933,0.475,1.0,0.09996376958011083,0.11298733107880661,0.11730122904099397,19.992753916022167,0.09996376958011083,0.05999794520547948,0.06,0.0,0.0,0.0,0.10085054517688931,0.12631603229527102,0.13215296048872965,0.9744906692913393,0.9913822106601284,,0.6678645778339863,0.33213542216601377,0.0,0.33213542216601377,0.3477708694131886,0.8951696241416391,0.6522291305868114,0.07932104514970031,0.0,2.061750819518173,65.24,16.2,65.24,250.0,251.7,278.0,1.7,28.0,551.7,278.0,278.0,1.0,0.0,,168.55577890812222,180.74096254031258,184.1870247975202,183.71960884803653,2.061750819518173,1.8454112442960895,1.8436171404274198,0.06395039342655806,15927255.382967917,15104990.690283472,0.06277770414271397,12.230036093182129,0.5332460113994538,0.4971733069160766,0.0007874167140628216,0.11454171219545403,0.12485313560832907,-95.60285785486266,0.2167131831012654,,,,,,,,,,,,,,,,,,,,,,,,,,,,,,,,,,,,,,,,,,,,,,,,,,,,,,,,,,,,,,,,,
balanced_agentic,emergency_surge,PPO,PPO,12,1729653623,2128646545,1621075116,2fb07c1ee95b181950c4,stochastic,150,300,250,1,500,1,800,1,150-step training / 300-step arrival window + >= 250-step no-arrival drain adaptively extended to cohort maturity (cap 500),2098632769,1,284.739809300052,balanced_agentic,200,0.0,0.9439580213846085,0.9333558535970469,1.0,1.0,0.056041978615391556,0.06664414640295305,0.06988885032626188,11.208395723078311,0.056041978615391556,0.05769523164780198,0.04419737089366018,0.0005210153541910747,0.004834470019892013,0.005751764480153898,0.117474748327472,0.15580262910633982,0.1658826935082714,0.8956279056068901,0.9420328070468891,,0.8864691492700755,0.1130098353757334,0.0,0.1130098353757334,0.4650239862704133,0.8558552380633716,0.5346067256087224,0.05046171900178295,0.0003692881208644174,2.5103928813518106,85.86,8.14,85.89,250.0,250.0,250.0,0.0,0.0,550.0,278.0,278.0,1.0,0.0,,160.52960779642,177.7651219586653,183.56599053295932,181.5146183278971,2.5103928813518106,2.254573866129662,2.2359857184939638,0.06492876373050167,28868119.02053011,27337042.260088846,0.03463367160058541,7.82550275878876,0.6424899444380165,0.5995856291972206,0.0,0.13946627118621166,0.15362388737636726,10.790874638784034,1.7317029689999326,,,,,,,,,,,,,,,,,,,,,,,,,,,,,,,,,,,,,,,,,,,,,,,,,,,,,,,,,,,,,,,,,
balanced_agentic,emergency_surge,PPO-Lagrangian,PPO-Lagrangian,12,1729653623,2128646545,1621075116,5ff4062933b4dfa3978e,stochastic,150,300,250,1,500,1,800,1,150-step training / 300-step arrival window + >= 250-step no-arrival drain adaptively extended to cohort maturity (cap 500),2098632769,1,266.70855040004244,balanced_agentic,200,0.0,0.9198463098507232,0.9040592404099704,0.99,1.0,0.08015369014927684,0.09594075959002955,0.09964434985688742,16.030738029855367,0.08015369014927684,0.05870427980883927,0.05459312573443008,0.0012957201911607266,0.0054068742655699175,0.008004430730971162,0.07263508830418107,0.10292225373904074,0.11275822223899983,0.922744321926594,0.9606517639821114,,0.8027659313306179,0.19593834847822136,0.0,0.19593834847822136,0.3934334369650226,0.8763965275137712,0.6060789605497534,0.05510736947820959,0.00048760248522399825,2.155799214886122,83.5,9.515,83.665,250.0,250.06,256.0,0.06,6.0,550.06,278.0,278.0,1.0,0.0,,185.342699247212,198.64985146966853,202.21722675169516,201.0919951512765,2.155799214886122,1.8827543449810853,1.8760231759984336,0.07544317020859172,27924924.41685382,26795180.189112,0.03582384842002304,8.627525870766533,0.6516232056295983,0.6090126927194742,0.0,0.11976662304922898,0.135784800054872,-19.37419380869055,0.9395478882271459,,,,,,,,,,,,,,,,,,,,,,,,,,,,,,,,,,,,,,,,,,,,,,,,,,,,,,,,,,,,,,,,,
balanced_agentic,emergency_surge,PPO_CMDP,PPO_CMDP,12,1729653623,2128646545,1621075116,c2c338dd9800f45e9834,stochastic,150,300,250,1,500,1,800,1,150-step training / 300-step arrival window + >= 250-step no-arrival drain adaptively extended to cohort maturity (cap 500),2098632769,1,270.83158040000126,balanced_agentic,200,0.0,0.9242338545804698,0.9026665060306008,0.965,1.0,0.07576614541953025,0.09733349396939914,0.10431394583152534,15.153229083906051,0.07576614541953025,-0.02004128824922302,-0.0407445593479764,9.106598592339838e-05,0.0,9.106598592339838e-05,0.22004128824922303,0.2407445593479764,0.2479566915888209,0.9144352896123809,0.9564614186231652,,0.9997694917830009,0.00013944223107569722,0.0,0.00013944223107569722,0.5848735235552194,0.8643665930280525,0.41510655612605546,0.061893005999897124,1.9920318725099602e-05,3.236169261595123,85.44,10.31,85.455,250.0,250.0,250.0,0.0,0.0,550.0,278.0,278.0,1.0,0.0,,124.26133962610557,145.13405744293215,156.3170251220956,152.56809019967557,3.236169261595123,2.9849635083038417,2.9556299195374995,0.04824253879210767,24919777.57256446,24223668.35745815,0.04013111193105981,7.86879613604941,0.6316048383428656,0.5930940504874472,0.0,0.17978718119972903,0.19291840405451746,54.847294804581324,0.33642616038776685,,,,,,,,,,,,,,,,,,,,,,,,,,,,,,,,,,,,,,,,,,,,,,,,,,,,,,,,,,,,,,,,,
balanced_agentic,emergency_surge,Intent-PPO-CMDP-NoRisk,Intent-PPO-CMDP-NoRisk,12,1729653623,2128646545,1621075116,53b75815fc19ab3c700d,stochastic,150,300,250,1,500,1,800,1,150-step training / 300-step arrival window + >= 250-step no-arrival drain adaptively extended to cohort maturity (cap 500),2098632769,1,267.30905749998055,balanced_agentic,200,0.0,0.9416840892125146,0.9321704279103233,1.0,1.0,0.058315910787485284,0.06782957208967659,0.07292566837334805,11.663182157497056,0.058315910787485284,0.0563267596555668,0.03400707395733006,0.00015554459880849514,0.0,0.00015554459880849514,0.13204937306622777,0.16599292604266994,0.17400479166252963,0.9075888290232191,0.9484787006949308,,0.9261557875818996,0.07368866781929198,0.0,0.07368866781929198,0.4698240533462372,0.8658429759074892,0.530098822311946,0.05221869484180185,7.712434181680957e-05,2.5396767476004483,92.81,8.55,92.825,250.0,250.0,250.0,0.0,0.0,550.0,278.0,278.0,1.0,0.0,,164.56321366585186,180.68572541853652,186.59431170406307,184.23125813862538,2.5396767476004483,2.2727438119968824,2.266031441576001,0.06188670436195216,28309619.560242075,27129756.751646172,0.03532547616353569,8.521135248998698,0.6472929856177739,0.5977471182293056,0.0,0.1410931526444693,0.15454066813858217,13.863808021803653,1.2295538636920007,,,,,,,,,,,,,,,,,,,,,,,,,,,,,,,,,,,,,,,,,,,,,,,,,,,,,,,,,,,,,,,,,
balanced_agentic,emergency_surge,Intent-PPO-CMDP,Intent-PPO-CMDP,12,1729653623,2128646545,1621075116,fc604e43c5d11a5118bd,stochastic,150,300,250,1,500,1,800,1,150-step training / 300-step arrival window + >= 250-step no-arrival drain adaptively extended to cohort maturity (cap 500),2098632769,1,320.63457950000884,balanced_agentic,200,0.0,0.8964570339669631,0.874455489038141,0.445,1.0,0.10354296603303693,0.12554451096185898,0.13031986494437858,20.708593206607386,0.10354296603303693,-0.05202856298897477,-0.07268651291625855,0.009800667632605389,0.020267038660821038,0.023469976721070523,0.2520285629889748,0.27268651291625856,0.27705032862120044,0.9120479348311517,0.957908380235638,,0.9901130932838325,8.623908356213257e-05,0.0,8.623908356213257e-05,0.6076844878773128,0.8606908298537701,0.3831481722953399,0.06100090027083449,0.009167339827347364,3.3481437423754814,78.095,10.465,78.225,250.0,250.0,250.0,0.0,0.0,550.0,278.0,278.0,1.0,0.0,,112.53720324645207,133.9548024770446,147.9403419980276,142.33406957266067,3.3481437423754814,3.1275699756788753,3.1124332024543198,0.04333472347393294,22473244.69757225,21785670.361942194,0.044491182322770474,7.792584629635376,0.6254794854889382,0.57982420798708,0.0,0.18600798568752672,0.19997364438436524,32.59467545725494,0.6271546890309145,,,,,,,,,,,,,,,,,,,,,,,,,,,,,,,,,,,,,,,,,,,,,,,,,,,,,,,,,,,,,,,,,
balanced_agentic,emergency_surge,Intent-PPO-CMDP-FullPolicy-NoShield,Intent-PPO-CMDP,12,1729653623,2128646545,1621075116,fc604e43c5d11a5118bd,stochastic,150,300,250,1,500,1,800,1,150-step training / 300-step arrival window + >= 250-step no-arrival drain adaptively extended to cohort maturity (cap 500),2098632769,1,320.63457950000884,balanced_agentic,200,0.0,0.7941874454695237,0.7253700566867803,0.01,1.0,0.2140111388658901,0.3177717386108544,0.3554480806698924,42.80222777317802,0.2140111388658901,-0.05932501279450188,-0.08355520051126378,0.10152563012883997,0.14144725948004636,0.15403426832007344,0.25436991071767845,0.2756349952963311,0.28060000744971386,0.9107007598942787,0.9583722334806464,,0.89847436987116,0.0,0.0,0.0,0.5704914248534075,0.8615537223091032,0.35788094060088027,0.05971556340860142,0.07162763454571212,3.1936928132512348,67.405,10.09,73.555,250.0,250.0,250.0,0.0,0.0,550.0,278.0,278.0,1.0,0.0,,104.54492834774419,131.4008863464923,140.80255283331604,136.31045185063869,3.1936928132512348,2.9473296871513894,2.9411076651281136,0.04485133451623563,22331667.52226944,21608381.88093439,0.04476512886800642,6.738353950879395,0.6159839593129156,0.5718742489725467,0.0,0.17742737851395746,0.19021028341440374,24.210350111849447,0.8452850444411452,,,,,,,,,,,,,,,,,,,,,,,,,,,,,,,,,,,,,,,,,,,,,,,,,,,,,,,,,,,,,,,,,
balanced_agentic,emergency_surge,MaxWeight,MaxWeight,13,1025721121,372372750,244753097,,stochastic,150,300,250,1,500,1,800,1,150-step training / 300-step arrival window + >= 250-step no-arrival drain adaptively extended to cohort maturity (cap 500),1743803152,0,1.1499971151351929e-05,balanced_agentic,200,0.0,0.9041281205846542,0.89319465363714,0.73,1.0,0.09587187941534574,0.10680534636285996,0.11051118280983385,19.174375883069146,0.09587187941534574,0.059944186046511645,0.06,0.0,0.0,0.0,0.1048731822780569,0.12947647972719062,0.13675888270018846,0.9715369314854402,0.9905358241595513,,0.7178813450499502,0.28211865495004984,0.0,0.28211865495004984,0.3711099060185565,0.8849456245426133,0.6288900939814434,0.08659130694282698,0.0,2.1119665278340194,69.335,17.395,69.335,250.0,259.36,317.0,9.36,67.0,559.36,326.0,326.0,1.0,0.0,,164.53124277318406,180.85885338345864,189.45497863978125,185.98821587883333,2.1119665278340194,1.923580584195319,1.9048092548584599,0.05421857087185729,17937853.988208085,17134085.46707222,0.05575448400998833,10.922985887967503,0.5306304477708939,0.4996975523338843,0.00046782552678880594,0.11733147376855665,0.12789193244622993,-105.07699401226157,0.26381860826421055,,,,,,,,,,,,,,,,,,,,,,,,,,,,,,,,,,,,,,,,,,,,,,,,,,,,,,,,,,,,,,,,,
balanced_agentic,emergency_surge,PPO,PPO,13,1025721121,372372750,535536204,3cabdc2e2c3a75659a16,stochastic,150,300,250,1,500,1,800,1,150-step training / 300-step arrival window + >= 250-step no-arrival drain adaptively extended to cohort maturity (cap 500),1743803152,1,262.1022107999888,balanced_agentic,200,0.0,0.8697452750609236,0.8472745978143271,0.03,1.0,0.13025472493907633,0.15272540218567277,0.15873675494158962,26.050944987815267,0.13025472493907633,-0.08714321104835321,-0.10801439840255198,0.0008492171029680853,0.0050787452817909655,0.006525901474941228,0.2871432110483532,0.30801439840255196,0.313212270917173,0.8939914527145336,0.9481301064192162,,0.9990611288408187,8.965405621328264e-05,0.0,8.965405621328264e-05,0.6109837725989271,0.8589986846770327,0.3887942495948863,0.04700266621809004,0.00022197780618643442,3.1528071815613172,79.345,7.155,79.475,250.0,250.0,250.0,0.0,0.0,550.0,326.0,326.0,1.0,0.0,,114.78036448419002,139.1592703349282,146.807089522756,143.8272290409592,3.1528071815613172,2.943958532930737,2.934774166690447,0.04048054094256067,23514811.223770265,22836281.94106176,0.04252347160201158,7.45186021235665,0.6345885589294096,0.5903810116256749,0.0,0.1751559545311843,0.18564072329418438,-1.677142550363104,14.643168348422948,,,,,,,,,,,,,,,,,,,,,,,,,,,,,,,,,,,,,,,,,,,,,,,,,,,,,,,,,,,,,,,,,
balanced_agentic,emergency_surge,PPO-Lagrangian,PPO-Lagrangian,13,1025721121,372372750,535536204,454f28c68eb87e33907f,stochastic,150,300,250,1,500,1,800,1,150-step training / 300-step arrival window + >= 250-step no-arrival drain adaptively extended to cohort maturity (cap 500),1743803152,1,254.03850810002768,balanced_agentic,200,0.0,0.9421048963625184,0.933965725522336,1.0,1.0,0.05789510363748156,0.06603427447766398,0.06732831076430192,11.579020727496312,0.05789510363748156,0.02639290359103005,0.0025511873502008283,0.0006102573024444273,0.005082751692047375,0.006354312239282329,0.17351310994299893,0.19744881264979916,0.20275279456977757,0.9156277804665354,0.9513590268533939,,0.9909244710145356,0.008465271683020014,0.0,0.008465271683020014,0.5506446241841009,0.8676241716883248,0.449302707763231,0.05937317516259265,5.266805266805266e-05,2.9043397906112625,88.595,9.65,88.705,250.0,250.0,250.0,0.0,0.0,550.0,326.0,326.0,1.0,0.0,,138.34277627780648,162.0721582701336,169.56426887178648,166.51150894736415,2.9043397906112625,2.6503307389098056,2.6293664017525478,0.055647586191439315,28648441.482155047,27679991.018602863,0.03489970986341971,7.2273082595123865,0.6349626817877525,0.5925460282698614,0.0,0.16135221058951454,0.17641915224048896,28.701250398311785,0.8199855721304763,,,,,,,,,,,,,,,,,,,,,,,,,,,,,,,,,,,,,,,,,,,,,,,,,,,,,,,,,,,,,,,,,
balanced_agentic,emergency_surge,PPO_CMDP,PPO_CMDP,13,1025721121,372372750,535536204,a070e26e29e031606ad8,stochastic,150,300,250,1,500,1,800,1,150-step training / 300-step arrival window + >= 250-step no-arrival drain adaptively extended to cohort maturity (cap 500),1743803152,1,277.9400926999515,balanced_agentic,200,0.0,0.9469890653149574,0.9362959315565951,1.0,1.0,0.053010934685042636,0.06370406844340494,0.06530387264878519,10.602186937008527,0.053010934685042636,0.049440135647405035,0.0215898143567579,0.00012721501799171702,0.0,0.00012721501799171702,0.1465610519304269,0.1784101856432421,0.19149022152409592,0.8975006613330604,0.9438011245554648,,0.9684023251065886,0.031470459875419715,0.0,0.031470459875419715,0.5416451318231423,0.853390770532039,0.45828068346189627,0.0543746031327829,7.418471496141399e-05,2.8509471257735868,86.29,8.94,86.3,250.0,250.0,250.0,0.0,0.0,550.0,326.0,326.0,1.0,0.0,,138.66137327301558,158.91972789115644,164.30044437340152,162.9622939614573,2.8509471257735868,2.6009040873099436,2.563213915187907,0.05567782378022661,31074829.85336143,29714095.300092015,0.032168308595898074,6.590721963961988,0.6374241420511906,0.5937653452728869,0.0,0.15838595143186593,0.1722482774683069,34.0276085642298,0.5764216160752873,,,,,,,,,,,,,,,,,,,,,,,,,,,,,,,,,,,,,,,,,,,,,,,,,,,,,,,,,,,,,,,,,
balanced_agentic,emergency_surge,Intent-PPO-CMDP-NoRisk,Intent-PPO-CMDP-NoRisk,13,1025721121,372372750,535536204,4606dec7f3efe1c94a9c,stochastic,150,300,250,1,500,1,800,1,150-step training / 300-step arrival window + >= 250-step no-arrival drain adaptively extended to cohort maturity (cap 500),1743803152,1,283.62103929999284,balanced_agentic,200,0.0,0.8944650042044683,0.8742932313525531,0.36,1.0,0.10553499579553172,0.12570676864744684,0.13044465964489355,21.106999159106344,0.10553499579553172,-0.060190224650374526,-0.07993966301614305,0.00014795601512114363,0.0,0.00014795601512114363,0.2601902246503745,0.2799396630161431,0.2847718259674712,0.8921092724551872,0.9324060474331244,,0.9998520439848789,0.0,0.0,0.0,0.6834348922907497,0.8437362535783355,0.3164651314921088,0.05963304696065558,9.997621714134564e-05,3.5985457996311188,64.33,9.8,64.34,250.0,250.0,250.0,0.0,0.0,550.0,326.0,326.0,1.0,0.0,,92.07377864338294,112.63514396245559,118.0260526418405,116.63250102710306,3.5985457996311188,3.349955053207224,3.3343206351292585,0.04213063928600173,25161908.499368194,24444167.29669813,0.03972706782424002,5.553132105495125,0.6342670802635213,0.595947763224374,0.0,0.19991921109061772,0.21324309831903226,55.91304992301717,0.26986531048723794,,,,,,,,,,,,,,,,,,,,,,,,,,,,,,,,,,,,,,,,,,,,,,,,,,,,,,,,,,,,,,,,,
balanced_agentic,emergency_surge,Intent-PPO-CMDP,Intent-PPO-CMDP,13,1025721121,372372750,535536204,09d0d30da2ff448dad2f,stochastic,150,300,250,1,500,1,800,1,150-step training / 300-step arrival window + >= 250-step no-arrival drain adaptively extended to cohort maturity (cap 500),1743803152,1,309.3859143999871,balanced_agentic,200,0.0,0.8905810752716207,0.8675582674895728,0.235,1.0,0.10941892472837937,0.13244173251042718,0.13787817236003405,21.883784945675874,0.10941892472837937,-0.057831160150083744,-0.07893332695228651,0.02221237267464151,0.02912621359223301,0.0294528287090858,0.2578311601500837,0.2789333269522865,0.28678990742880384,0.914521969315877,0.9569068516828896,,0.9777876273253584,0.0,0.0,0.0,0.6641501986619326,0.8661206994907212,0.3140843634591507,0.05678207285170396,0.02176543787891668,3.5329898105424284,63.555,9.76,63.645,250.0,250.0,250.0,0.0,0.0,550.0,326.0,326.0,1.0,0.0,,93.11772534255674,113.289809183065,120.46789760974485,118.86251021632367,3.5329898105424284,3.2797828113274687,3.2591126867722346,0.04385876057553138,25253835.51965603,24500884.051369563,0.03958836886822592,5.524659913254529,0.6214498333769631,0.5828604333645786,0.0,0.19627721169680157,0.2101865849680549,60.353130065935495,0.2577500990732768,,,,,,,,,,,,,,,,,,,,,,,,,,,,,,,,,,,,,,,,,,,,,,,,,,,,,,,,,,,,,,,,,
balanced_agentic,emergency_surge,Intent-PPO-CMDP-FullPolicy-NoShield,Intent-PPO-CMDP,13,1025721121,372372750,535536204,09d0d30da2ff448dad2f,stochastic,150,300,250,1,500,1,800,1,150-step training / 300-step arrival window + >= 250-step no-arrival drain adaptively extended to cohort maturity (cap 500),1743803152,1,309.3859143999871,balanced_agentic,200,0.0,0.7089613022886819,0.6702970534123409,0.0,1.0,0.9788132147308458,1.3049663144296142,1.386957501003596,195.76264294616917,0.9788132147308458,-0.3241054145354986,-0.43743243243243246,0.3841054145354987,0.4974324324324324,0.5231516302641703,0.2730620964941573,0.29780116959064323,0.3015035590472657,0.920991859557879,0.9703358652520503,,0.6158945854645013,0.0,0.0,0.0,0.4664750597978687,0.8921037522053464,0.1896536738329734,0.03455495448336141,0.3438712663691578,2.5666072726582008,30.275,5.815,38.435,250.0,250.0,250.0,0.0,0.0,550.0,326.0,326.0,1.0,0.0,,70.9540004201217,91.88387230514094,103.12191450623388,99.84457316428902,2.5666072726582008,2.109961812322518,2.118223153336351,0.0969131982791883,24093202.256301302,22870570.67401473,0.04144000441729581,2.898563653176138,0.5352446504520637,0.47860186073092914,0.002881155338302811,0.14258929292545558,0.1653880975188494,9.062813925641127,1.73295488998354,,,,,,,,,,,,,,,,,,,,,,,,,,,,,,,,,,,,,,,,,,,,,,,,,,,,,,,,,,,,,,,,,
balanced_agentic,emergency_surge,MaxWeight,MaxWeight,14,1103526060,1905340783,873315712,,stochastic,150,300,250,1,500,1,800,1,150-step training / 300-step arrival window + >= 250-step no-arrival drain adaptively extended to cohort maturity (cap 500),526521599,0,2.7799978852272034e-05,balanced_agentic,200,0.0,0.9065886716323699,0.8939879965416327,0.8,1.0,0.09341132836763005,0.10601200345836724,0.11058752788033144,18.68226567352601,0.09341132836763005,0.059753592135844774,0.06,0.0,0.0,0.0,0.10940928554131053,0.1342281879194631,0.14182649056637503,0.9707576738791837,0.9869074326375655,,0.716655702619208,0.28334429738079214,0.0,0.28334429738079214,0.36799392711194756,0.888305434274759,0.6320060728880524,0.08245223960442459,0.0,2.1509221416620803,71.515,16.97,71.515,250.0,254.235,277.0,4.235,27.0,554.235,277.0,277.0,1.0,0.0,,166.67836751824746,176.5701160892436,182.2798252347897,180.38866749582928,2.1509221416620803,1.9492916253925225,1.9403152554601657,0.05703799280338819,21255514.00112511,20273380.974177234,0.04704626959976754,9.566145547821746,0.5360880513385294,0.5003468275945786,0.0007433053534628909,0.11949567453678223,0.13251191998670875,-91.06609374852589,0.23985669178344304,,,,,,,,,,,,,,,,,,,,,,,,,,,,,,,,,,,,,,,,,,,,,,,,,,,,,,,,,,,,,,,,,
balanced_agentic,emergency_surge,PPO,PPO,14,1103526060,1905340783,1823775964,0a65909e93fb2c778ea0,stochastic,150,300,250,1,500,1,800,1,150-step training / 300-step arrival window + >= 250-step no-arrival drain adaptively extended to cohort maturity (cap 500),526521599,1,272.0849051999976,balanced_agentic,200,0.0,0.9165148697255165,0.8958013959227453,0.9,1.0,0.08348513027448344,0.1041986040772546,0.11098849079886068,16.69702605489669,0.08348513027448344,-0.03699925763961025,-0.0565657095426601,0.0016892605290241426,0.008857530096468147,0.009646536878260257,0.23699925763961027,0.2565657095426601,0.26249194734946324,0.887576143025212,0.9267185764157018,,0.9978990059162208,0.00041173355475504557,0.0,0.00041173355475504557,0.5865941015599125,0.8462889958347204,0.4127072578558754,0.052857007223357275,0.0006986405842120393,3.11136262286969,85.1,8.53,85.305,250.0,250.0,250.0,0.0,0.0,550.0,277.0,277.0,1.0,0.0,,120.35122865946647,143.91607503607503,150.3162659574468,147.82778755811609,3.11136262286969,2.8890653404548434,2.8886738578895397,0.040445183813718776,27244385.28630149,26332440.068004243,0.03669754577696482,6.847898995925659,0.6296166341830345,0.5823141361357143,0.0,0.1728534790483161,0.1844510467832129,33.111221548703476,0.6246769215151334,,,,,,,,,,,,,,,,,,,,,,,,,,,,,,,,,,,,,,,,,,,,,,,,,,,,,,,,,,,,,,,,,
balanced_agentic,emergency_surge,PPO-Lagrangian,PPO-Lagrangian,14,1103526060,1905340783,1823775964,337f5a10e02765106fee,stochastic,150,300,250,1,500,1,800,1,150-step training / 300-step arrival window + >= 250-step no-arrival drain adaptively extended to cohort maturity (cap 500),526521599,1,284.58887489995686,balanced_agentic,200,0.0,0.9482185994713933,0.9403215785991259,1.0,1.0,0.05178140052860661,0.05967842140087402,0.06188820442739347,10.356280105721321,0.05178140052860661,0.05330514693039795,0.03199753993741767,0.0005318507696265968,0.004788172992056486,0.005028203961016395,0.13964183201528024,0.16800246006258232,0.17935092156349816,0.8932078758041881,0.9310492965289356,,0.962183262601854,0.03728488662851932,0.0,0.03728488662851932,0.5244511516590132,0.8492619268296465,0.47526228079536303,0.05568239396515429,0.0002865675456237369,2.8290671455094003,90.14,9.06,90.19,250.0,250.0,250.0,0.0,0.0,550.0,277.0,277.0,1.0,0.0,,145.06646971236034,164.29706821839792,171.31359592078036,167.72022145258512,2.8290671455094003,2.605355930902793,2.5759374646458078,0.04995439895498958,34993129.26095085,33272703.97753022,0.02857508501871373,6.236821547574645,0.6317371412129711,0.5846889841036591,0.0,0.15717039697274446,0.16898150582075064,36.643215951890426,0.45637979759022596,,,,,,,,,,,,,,,,,,,,,,,,,,,,,,,,,,,,,,,,,,,,,,,,,,,,,,,,,,,,,,,,,
balanced_agentic,emergency_surge,PPO_CMDP,PPO_CMDP,14,1103526060,1905340783,1823775964,dadb88684cb84768bf3a,stochastic,150,300,250,1,500,1,800,1,150-step training / 300-step arrival window + >= 250-step no-arrival drain adaptively extended to cohort maturity (cap 500),526521599,1,264.74071779998485,balanced_agentic,200,0.0,0.8997069762918741,0.8763202520974571,0.475,1.0,0.10029302370812573,0.12367974790254292,0.12744811041003454,20.058604741625146,0.10029302370812573,-0.0683136621910315,-0.09027285956827552,0.0005659827483398143,0.004934904996481348,0.006116653922277663,0.2683136621910315,0.29027285956827553,0.2935160934753024,0.8450244434083427,0.9004572548749827,,0.9994340172516601,0.0,0.0,0.0,0.659714690170858,0.8128995102020311,0.34004016156460426,0.04442358504124123,0.0002451482645377495,3.448953262629128,70.425,6.62,70.49,250.0,250.0,250.0,0.0,0.0,550.0,277.0,277.0,1.0,0.0,,95.6519228296036,118.51568364871422,131.4363098045822,127.35283739551241,3.448953262629128,3.202637341508189,3.193649744970158,0.042560564943732344,28174080.210227717,27240711.17859213,0.035486894230541646,5.2546745891402065,0.6332090077771853,0.5885448191376969,0.0,0.19160851459050712,0.20476873167306348,56.32881090003947,0.3286008231237096,,,,,,,,,,,,,,,,,,,,,,,,,,,,,,,,,,,,,,,,,,,,,,,,,,,,,,,,,,,,,,,,,
balanced_agentic,emergency_surge,Intent-PPO-CMDP-NoRisk,Intent-PPO-CMDP-NoRisk,14,1103526060,1905340783,1823775964,72924e27f6df7ecb428f,stochastic,150,300,250,1,500,1,800,1,150-step training / 300-step arrival window + >= 250-step no-arrival drain adaptively extended to cohort maturity (cap 500),526521599,1,270.7660398000153,balanced_agentic,200,0.0,0.8946669761446604,0.8746193567902337,0.32,1.0,0.10533302385533957,0.1253806432097662,0.12933512732904012,21.066604771067915,0.10533302385533957,-0.07122650437478978,-0.0922830823326564,0.0004505434127098898,0.004763043973570289,0.005453286745382766,0.2712265043747898,0.29228308233265643,0.2957368263132747,0.8542365987073214,0.914167317079998,,0.99954945658729,0.0,0.0,0.0,0.6515429641784364,0.8165086705073835,0.3481793383455168,0.05019640703711994,0.0002776974760468311,3.479974518077278,72.93,7.86,72.965,250.0,250.0,250.0,0.0,0.0,550.0,277.0,277.0,1.0,0.0,,97.27322244886098,120.49898282340308,131.36780135071785,127.11131971189033,3.479974518077278,3.2443507893383154,3.220118170813106,0.042485426574103195,27929235.414743632,27053351.237422843,0.03579413864052198,5.451335676683034,0.6313450450755442,0.5932035519873717,0.0,0.19333191767095986,0.20771787268042208,52.60003864313973,0.3594860212137998,,,,,,,,,,,,,,,,,,,,,,,,,,,,,,,,,,,,,,,,,,,,,,,,,,,,,,,,,,,,,,,,,
balanced_agentic,emergency_surge,Intent-PPO-CMDP,Intent-PPO-CMDP,14,1103526060,1905340783,1823775964,fd2a9bdca11bd34bca64,stochastic,150,300,250,1,500,1,800,1,150-step training / 300-step arrival window + >= 250-step no-arrival drain adaptively extended to cohort maturity (cap 500),526521599,1,319.06714920001104,balanced_agentic,200,0.0,0.9312107252139764,0.9165878073935149,1.0,1.0,0.06878927478602362,0.08341219260648502,0.0881128601758441,13.757854957204724,0.06878927478602362,-0.0011706720056503437,-0.026011371107524953,0.02034460602460307,0.02890592276116277,0.029738165815121176,0.20117067200565036,0.22601137110752498,0.23076529153491018,0.9362511202267058,0.9708579100569364,,0.9796553939753969,0.0,0.0,0.0,0.5642635677780924,0.8840663695857228,0.41646598167674753,0.05881944917011007,0.01927045054516009,3.115120295930778,85.94,10.765,86.165,250.0,250.0,250.0,0.0,0.0,550.0,277.0,277.0,1.0,0.0,,126.71885559063466,149.15315045188729,155.9142808510638,153.7276634963242,3.115120295930778,2.8600206067839284,2.8684171651266492,0.04224765626493362,31964565.617252436,30754617.347693104,0.03127895341917779,6.092425982675704,0.6236714531431317,0.5877878123034516,0.0,0.17306223866282103,0.18503099072047208,60.21683604082247,0.262839390524332,,,,,,,,,,,,,,,,,,,,,,,,,,,,,,,,,,,,,,,,,,,,,,,,,,,,,,,,,,,,,,,,,
balanced_agentic,emergency_surge,Intent-PPO-CMDP-FullPolicy-NoShield,Intent-PPO-CMDP,14,1103526060,1905340783,1823775964,fd2a9bdca11bd34bca64,stochastic,150,300,250,1,500,1,800,1,150-step training / 300-step arrival window + >= 250-step no-arrival drain adaptively extended to cohort maturity (cap 500),526521599,1,319.06714920001104,balanced_agentic,200,0.0,0.6976019784167488,0.6542497182061997,0.0,1.0,1.3698306704575964,1.5481448345885587,1.58960410674386,273.9661340915193,1.3698306704575964,-0.46989413716774864,-0.5291294478792857,0.5298941371677486,0.5891294478792857,0.5974933024512308,0.22239639332703257,0.24957945910582888,0.2570279660621981,0.931335632223813,0.9653370250816137,,0.47010586283225136,0.0,0.0,0.0,0.3544510151664894,0.89878650643432,0.21436556367604054,0.03726645816567138,0.4311834211574701,2.0558372282797124,23.905,6.715,44.465,250.0,250.0,250.0,0.0,0.0,550.0,277.0,277.0,1.0,0.0,,76.05031137904771,93.99341304347824,102.90224528301884,100.64252074385301,2.0558372282797124,1.780286045925272,1.7495905117974833,0.0793533453963396,29356202.212128628,27884979.733749814,0.03404820625408735,2.047732556529802,0.5350145061311057,0.4564464607751414,0.006647425029419662,0.11421317934887291,0.1283950984181517,-22.745451179116067,0.8409949812388973,,,,,,,,,,,,,,,,,,,,,,,,,,,,,,,,,,,,,,,,,,,,,,,,,,,,,,,,,,,,,,,,,
balanced_agentic,emergency_surge,MaxWeight,MaxWeight,15,1481178426,1997781942,1522624858,,stochastic,150,300,250,1,500,1,800,1,150-step training / 300-step arrival window + >= 250-step no-arrival drain adaptively extended to cohort maturity (cap 500),397486879,0,1.2100208550691605e-05,balanced_agentic,200,0.0,0.9374669673290345,0.9167441051952272,1.0,1.0,0.06253303267096538,0.08325589480477277,0.08746796844165654,12.506606534193077,0.06253303267096538,0.05743655168501361,0.042860741120218586,0.0,0.0,0.0,0.12882360000040916,0.15713925887978142,0.1657195347559586,0.9235515386526667,0.9772919066631939,,0.8575837460380241,0.14241625396197585,0.0,0.14241625396197585,0.47195908640559603,0.8397605690135643,0.5280409135944041,0.08437149586562771,0.0,2.6320942379255996,79.08,17.19,79.08,250.0,255.3,294.0,5.3,44.0,555.3,298.0,298.0,1.0,0.0,,139.3549878294763,161.87146811029103,163.76335854623062,163.11157523385054,2.6320942379255996,2.2690438171561444,2.260462835724079,0.11460931190742088,20382269.751193438,18791792.91260232,0.049120370208696,9.438271574657003,0.568822989120602,0.5268726864622508,0.0,0.14622745766253328,0.18134822332645506,-67.42154392668323,0.8013040565899324,,,,,,,,,,,,,,,,,,,,,,,,,,,,,,,,,,,,,,,,,,,,,,,,,,,,,,,,,,,,,,,,,
balanced_agentic,emergency_surge,PPO,PPO,15,1481178426,1997781942,1596015111,461e22a59e6f436fac36,stochastic,150,300,250,1,500,1,800,1,150-step training / 300-step arrival window + >= 250-step no-arrival drain adaptively extended to cohort maturity (cap 500),397486879,1,258.87767640000675,balanced_agentic,200,0.0,0.9469585169697755,0.9370378989361701,1.0,1.0,0.05304148303022446,0.06296210106382981,0.06459781258354116,10.608296606044892,0.05304148303022446,0.027829351130037726,0.005274993753296872,0.0007670725626507751,0.005076142131979695,0.005692294398912486,0.17215835113533445,0.19472500624670314,0.19843464333177807,0.8978829509980265,0.940564395689466,,0.9992329274373491,0.0,0.0,0.0,0.6350681294502124,0.8437970200922442,0.3644927198618512,0.06396877451000915,0.0004391506879363271,3.3911184754430668,75.315,11.155,75.38,250.0,250.0,250.0,0.0,0.0,550.0,298.0,298.0,1.0,0.0,,107.41693503462942,129.50140065844582,131.89826351351348,132.2459192649746,3.3911184754430668,3.135701399186647,3.1136677150449783,0.044436479518988645,32383538.209339205,31498134.00653684,0.030877868905406433,5.054187475219671,0.6402214688039862,0.5990521596000328,0.0,0.18839547085794814,0.20190868762559078,102.82391464575849,0.14521740439485553,,,,,,,,,,,,,,,,,,,,,,,,,,,,,,,,,,,,,,,,,,,,,,,,,,,,,,,,,,,,,,,,,
balanced_agentic,emergency_surge,PPO-Lagrangian,PPO-Lagrangian,15,1481178426,1997781942,1596015111,c54dc7a9b9a68be549b7,stochastic,150,300,250,1,500,1,800,1,150-step training / 300-step arrival window + >= 250-step no-arrival drain adaptively extended to cohort maturity (cap 500),397486879,1,254.7300168000511,balanced_agentic,200,0.0,0.9460433334418974,0.9270390401974714,1.0,1.0,0.05395666655810269,0.07296095980252856,0.0780407771077429,10.791333311620537,0.05395666655810269,0.05568984399646742,0.03954092590383012,0.001017261952278841,0.005184059897458155,0.008150173235540957,0.11412510982350282,0.16045907409616986,0.1796192445455825,0.8817740310959385,0.9310413396959779,,0.960104890353282,0.038877847694439215,0.0,0.038877847694439215,0.4840050388504967,0.8410408344649933,0.5158211688538032,0.050364053720547364,0.00017379229570001876,2.5052511838949116,96.61,8.305,96.78,250.0,250.0,250.0,0.0,0.0,550.0,298.0,298.0,1.0,0.0,,156.27233814991942,177.61777758028202,184.7645962732919,181.78000449287984,2.5052511838949116,2.165558912221417,2.1458310076130793,0.08828431995684381,35080903.649178065,33091965.694393296,0.028496564382021715,6.461387810741609,0.6416867544895039,0.5994530928057829,0.0,0.1391806213274951,0.15850063025642902,40.16156242367408,0.7294340920752854,,,,,,,,,,,,,,,,,,,,,,,,,,,,,,,,,,,,,,,,,,,,,,,,,,,,,,,,,,,,,,,,,
balanced_agentic,emergency_surge,PPO_CMDP,PPO_CMDP,15,1481178426,1997781942,1596015111,fc83225982e20e56ecdd,stochastic,150,300,250,1,500,1,800,1,150-step training / 300-step arrival window + >= 250-step no-arrival drain adaptively extended to cohort maturity (cap 500),397486879,1,273.55554740002844,balanced_agentic,200,0.0,0.9469461691226454,0.9377384995098725,1.0,1.0,0.05305383087735455,0.06226150049012744,0.06422603242229315,10.61076617547091,0.05305383087735455,0.039883861310330206,0.014832238351554712,0.0007767464630720458,0.005027676453332653,0.0070761069317092275,0.15921987585849998,0.18516776164844528,0.19077212278244343,0.8979306403259619,0.9397771877098944,,0.999223253536928,0.0,0.0,0.0,0.5863716887592575,0.8476024966368462,0.41324085537104593,0.05983928378307854,0.0003874558696965436,3.0997830246609874,84.515,10.315,84.595,250.0,250.0,250.0,0.0,0.0,550.0,298.0,298.0,1.0,0.0,,122.9476545478584,143.9153369228259,156.84010394039663,151.36786080446666,3.0997830246609874,2.7881227231498706,2.751475165796298,0.06331346829785402,33562930.02566953,32276405.717672754,0.029802215502032325,5.543079947442789,0.638028354161824,0.6005535108905824,0.0,0.17221016803672154,0.18892720116700717,91.74541023392753,0.18897857975442992,,,,,,,,,,,,,,,,,,,,,,,,,,,,,,,,,,,,,,,,,,,,,,,,,,,,,,,,,,,,,,,,,
balanced_agentic,emergency_surge,Intent-PPO-CMDP-NoRisk,Intent-PPO-CMDP-NoRisk,15,1481178426,1997781942,1596015111,8c806f3e428ad93e5ba2,stochastic,150,300,250,1,500,1,800,1,150-step training / 300-step arrival window + >= 250-step no-arrival drain adaptively extended to cohort maturity (cap 500),397486879,1,275.68097020004643,balanced_agentic,200,0.0,0.940039427625679,0.9220250917620327,1.0,1.0,0.059960572374320904,0.07797490823796717,0.08273556546088533,11.99211447486418,0.059960572374320904,0.0522125509154469,0.027414573350757487,0.0002649593537170158,0.00023923444976068394,0.0052991870743403155,0.13198557580870854,0.1725854266492425,0.17781873795468903,0.8909376442514201,0.9371817034025629,,0.9092834017977133,0.09045163884856974,0.0,0.09045163884856974,0.4546191167322946,0.8481543096206701,0.5453808832677054,0.05100095199270799,0.0,2.382800868063575,93.56,8.84,93.61,250.0,250.0,250.0,0.0,0.0,550.0,298.0,298.0,1.0,0.0,,164.27715576493335,179.98478608438194,189.79098615814175,186.16818894856002,2.382800868063575,2.1245990180410206,2.1030685407142986,0.0756552544223708,34818138.06061815,32880271.786769465,0.02870860279495303,6.602566868277803,0.6405969385737853,0.5978145731199538,0.0,0.13237782600353196,0.15181337904894204,11.0490978924428,2.5082207212800274,,,,,,,,,,,,,,,,,,,,,,,,,,,,,,,,,,,,,,,,,,,,,,,,,,,,,,,,,,,,,,,,,
balanced_agentic,emergency_surge,Intent-PPO-CMDP,Intent-PPO-CMDP,15,1481178426,1997781942,1596015111,618554fca77aa7604c32,stochastic,150,300,250,1,500,1,800,1,150-step training / 300-step arrival window + >= 250-step no-arrival drain adaptively extended to cohort maturity (cap 500),397486879,1,332.33217309997417,balanced_agentic,200,0.0,0.9484303519007261,0.9361524982989013,1.0,1.0,0.0515696480992739,0.06384750170109861,0.06637876366554761,10.313929619854779,0.0515696480992739,0.055524058810953056,0.04431625,0.0034029835851967973,0.01020408163265306,0.012800615269803205,0.11194521517053219,0.15125031205245104,0.16273278012810494,0.8865171380692343,0.9315386878681984,,0.9816486076593204,0.014948408755482801,0.0,0.014948408755482801,0.5067442795023241,0.8468547015714666,0.48992596356613033,0.050136900598890026,0.0033297569315455166,2.6711936197944444,97.985,8.175,98.0,250.0,250.0,250.0,0.0,0.0,550.0,298.0,298.0,1.0,0.0,,150.4470257461099,173.29819194194192,181.53587808550438,179.25357073554514,2.6711936197944444,2.3143207107249912,2.306376850155053,0.07736905944139885,35150959.242675364,33421670.636077188,0.028441585470361026,6.42055647885708,0.644142416426615,0.604952928554606,0.0,0.1483996455441358,0.1652684229794001,55.06080345969427,0.4523675004355267,,,,,,,,,,,,,,,,,,,,,,,,,,,,,,,,,,,,,,,,,,,,,,,,,,,,,,,,,,,,,,,,,
balanced_agentic,emergency_surge,Intent-PPO-CMDP-FullPolicy-NoShield,Intent-PPO-CMDP,15,1481178426,1997781942,1596015111,618554fca77aa7604c32,stochastic,150,300,250,1,500,1,800,1,150-step training / 300-step arrival window + >= 250-step no-arrival drain adaptively extended to cohort maturity (cap 500),397486879,1,332.33217309997417,balanced_agentic,200,0.0,0.8986160346123054,0.8096775074047526,0.575,1.0,0.10209413662987131,0.19032249259524722,0.22036176956843848,20.418827325974263,0.10209413662987131,-0.01750103269626351,-0.05238265306122449,0.0775010326962635,0.11238265306122444,0.12419087061190379,0.11719873355873663,0.15854364039508165,0.17564727325491436,0.8867160389119957,0.9239862254373428,,0.9117948304449125,0.010704136858824044,0.0,0.010704136858824044,0.4788414421377598,0.847454413196648,0.48211357713243586,0.04920554922176461,0.03904498072980439,2.5638307684334602,89.7,8.12,97.675,250.0,250.0,250.0,0.0,0.0,550.0,298.0,298.0,1.0,0.0,,146.8779572781681,169.9833333333333,182.8128386670193,179.20529148564623,2.5638307684334602,2.233504261931686,2.207909690040054,0.07587735446622006,34926997.97480241,33037536.707597226,0.028627561187900958,5.978528055091576,0.639269762748422,0.596835861914481,0.0,0.14243504269074778,0.15988730066423829,37.37093200760516,0.6918909733185171,,,,,,,,,,,,,,,,,,,,,,,,,,,,,,,,,,,,,,,,,,,,,,,,,,,,,,,,,,,,,,,,,
balanced_agentic,mixed_stress,MaxWeight,MaxWeight,11,471540437,1073362871,1422107241,,stochastic,150,300,250,1,500,1,800,1,150-step training / 300-step arrival window + >= 250-step no-arrival drain adaptively extended to cohort maturity (cap 500),982698968,0,1.3999873772263527e-05,balanced_agentic,200,0.0,0.8755022612846105,0.852080816087334,0.005,1.0,0.12449773871538941,0.14791918391266587,0.153510092363847,24.899547743077882,0.12449773871538941,0.05644538294400842,0.040762171482797344,0.0,0.0,0.0,0.13407426807729064,0.15923782851720264,0.1678171288063172,0.9790107253870483,0.992449308272228,,0.5982800421561066,0.40171995784389336,0.0,0.40171995784389336,0.3068235971262879,0.9020395316323777,0.6931764028737122,0.07697119375467051,0.0,1.7778245039150717,62.16,16.495,62.16,250.0,250.03,252.0,0.03,2.0,550.03,252.0,252.0,1.0,0.0,,176.1885346472982,187.43703106433543,195.091147664965,192.16995156096917,1.7778245039150717,1.6094972681642816,1.6050164525673793,0.05768391581570113,19110588.329616223,18257956.807823945,0.05233301259708505,9.332434382295634,0.5110313222749189,0.46606911587703836,0.004985439177792227,0.09876802799528177,0.1090986856563403,-104.10854176945413,0.15771470066923074,,,,,,,,,,,,,,,,,,,,,,,,,,,,,,,,,,,,,,,,,,,,,,,,,,,,,,,,,,,,,,,,,
balanced_agentic,mixed_stress,PPO,PPO,11,471540437,1073362871,1897045420,b9c1e1a3273f0ff06c77,stochastic,150,300,250,1,500,1,800,1,150-step training / 300-step arrival window + >= 250-step no-arrival drain adaptively extended to cohort maturity (cap 500),982698968,1,259.96485530002974,balanced_agentic,200,0.0,0.935038092095647,0.9221095164096738,1.0,1.0,0.06496190790435291,0.0778904835903262,0.08054929928977751,12.992381580870584,0.06496190790435291,0.02264724392401257,0.0017159689386076235,0.00032315514929246255,0.0046773475745438345,0.005539192261656872,0.17720900962065772,0.1982840310613924,0.20538351193281357,0.9249364661031214,0.9637147169586798,,0.9684754801973403,0.031201364653367317,0.0,0.031201364653367317,0.4590724347218454,0.8746950775806489,0.5408520661752582,0.05853582493154666,7.549910289636317e-05,2.474202139353492,108.86,10.76,108.91,250.0,250.01,252.0,0.01,2.0,550.01,252.0,252.0,1.0,0.0,,170.3795290200396,188.06744719616705,192.79456381433232,191.6079350197987,2.474202139353492,2.240591264207884,2.213381402828074,0.06126416902092448,32884743.108512755,32035521.42885209,0.030411775551235164,7.782484524525469,0.647869457546017,0.6045287907714146,0.0,0.13745567440852732,0.14904495783148414,32.1352223642228,0.4885213524108471,,,,,,,,,,,,,,,,,,,,,,,,,,,,,,,,,,,,,,,,,,,,,,,,,,,,,,,,,,,,,,,,,
balanced_agentic,mixed_stress,PPO-Lagrangian,PPO-Lagrangian,11,471540437,1073362871,1897045420,97597eec01eed730a745,stochastic,150,300,250,1,500,1,800,1,150-step training / 300-step arrival window + >= 250-step no-arrival drain adaptively extended to cohort maturity (cap 500),982698968,1,273.0232358999783,balanced_agentic,200,0.0,0.9073416320328682,0.8908148655397539,0.8,1.0,0.09265836796713169,0.10918513446024608,0.1133296411136907,18.531673593426337,0.09265836796713169,0.0562713667370525,0.03743994661921709,2.304147465437788e-05,0.0,2.304147465437788e-05,0.12151219391398298,0.16256005338078292,0.17631819414874428,0.9266066125048988,0.9648158031765022,,0.7189337465921539,0.28104321193319165,0.0,0.28104321193319165,0.3661080755086276,0.878831227990254,0.6338688830167181,0.055312161911014,2.304147465437788e-05,1.9634942234608106,75.11,10.22,75.11,250.0,250.0,250.0,0.0,0.0,550.0,252.0,252.0,1.0,0.0,,182.8755789097518,197.87380011293052,204.0026557978005,201.62462305733342,1.9634942234608106,1.7757258781903493,1.7553533354381918,0.06248921879641581,34230507.7452151,32610703.09687312,0.029203699066931828,6.055969514070555,0.6356557381000877,0.58416761266538,0.0,0.10908301241448948,0.12038011855482011,-28.938070986445464,0.719469631398727,,,,,,,,,,,,,,,,,,,,,,,,,,,,,,,,,,,,,,,,,,,,,,,,,,,,,,,,,,,,,,,,,
balanced_agentic,mixed_stress,PPO_CMDP,PPO_CMDP,11,471540437,1073362871,1897045420,3e02143445d692cb208a,stochastic,150,300,250,1,500,1,800,1,150-step training / 300-step arrival window + >= 250-step no-arrival drain adaptively extended to cohort maturity (cap 500),982698968,1,273.6423236000119,balanced_agentic,200,0.0,0.8963883696864343,0.8755311567617602,0.39,1.0,0.10361163031356561,0.12446884323823973,0.12869779397227496,20.722326062713122,0.10361163031356561,-0.04729315909872542,-0.0668535998217614,0.0003980338388815885,0.004526953036219757,0.005320023724960462,0.24729315909872546,0.26685359982176143,0.2714742032299227,0.9281381545678664,0.9631225855993109,,0.9992398839191476,0.0003620822419708226,0.0,0.0003620822419708226,0.5212999188467978,0.8748008930088633,0.4785366641164071,0.06404075993534422,0.0001634170367950154,2.8275234602373063,102.46,11.425,102.51,250.0,250.0,250.0,0.0,0.0,550.0,252.0,252.0,1.0,0.0,,146.24393911546514,169.62962000462,175.0250669735567,173.32681772284187,2.8275234602373063,2.5838656443020462,2.58128066654767,0.051114976948581047,30137429.109777633,29140367.62952331,0.03318140638625717,7.451992959933539,0.6443416205346114,0.599922313894034,0.0,0.15708463667985037,0.17150442311798705,37.928600057672845,0.6042972893210554,,,,,,,,,,,,,,,,,,,,,,,,,,,,,,,,,,,,,,,,,,,,,,,,,,,,,,,,,,,,,,,,,
balanced_agentic,mixed_stress,Intent-PPO-CMDP-NoRisk,Intent-PPO-CMDP-NoRisk,11,471540437,1073362871,1897045420,7d2ee40999bb1a6afe16,stochastic,150,300,250,1,500,1,800,1,150-step training / 300-step arrival window + >= 250-step no-arrival drain adaptively extended to cohort maturity (cap 500),982698968,1,275.69379829999525,balanced_agentic,200,0.0,0.9106858955796996,0.8961986371465095,0.885,1.0,0.08931410442030038,0.10380136285349044,0.1067438697497668,17.862820884060078,0.08931410442030038,0.05650875844573983,0.037508147813878866,5.0178580411489507e-05,0.0,5.0178580411489507e-05,0.11791440405213201,0.16249185218612114,0.16966026240622667,0.9219550133783343,0.9589666908228034,,0.733679747835586,0.2662700735840027,0.0,0.2662700735840027,0.37477393239826,0.8775377331400885,0.6252001608659886,0.051193463008873064,2.5906735751295337e-05,1.9980504059666089,76.32,9.48,76.325,250.0,250.0,250.0,0.0,0.0,550.0,252.0,252.0,1.0,0.0,,180.92857633876324,194.62633821234235,201.41869410456056,199.75516721178062,1.9980504059666089,1.7909827802164622,1.7721108386317206,0.0680533409777597,34307917.05213469,32650347.701225072,0.02912973544003875,6.076456238694186,0.6367720347108329,0.580123112299422,0.0,0.11100280033147827,0.12305654467117477,-22.20515721237789,1.0329510334058793,,,,,,,,,,,,,,,,,,,,,,,,,,,,,,,,,,,,,,,,,,,,,,,,,,,,,,,,,,,,,,,,,
balanced_agentic,mixed_stress,Intent-PPO-CMDP,Intent-PPO-CMDP,11,471540437,1073362871,1897045420,b12c9f3440d9c22ff923,stochastic,150,300,250,1,500,1,800,1,150-step training / 300-step arrival window + >= 250-step no-arrival drain adaptively extended to cohort maturity (cap 500),982698968,1,319.3185737999738,balanced_agentic,200,0.0,0.9183145088604447,0.905097187787665,0.99,1.0,0.08168549113955516,0.09490281221233485,0.09991616207153617,16.33709822791103,0.08168549113955516,0.042680965839086066,0.03183098591549295,0.016726275202998957,0.027906976744186046,0.02877281935620676,0.11535063421285581,0.1559689265536723,0.165174625744931,0.9232470812076844,0.9655702197921597,,0.8090642697530634,0.17420945504393767,0.0,0.17420945504393767,0.3991230673367319,0.8811607942851054,0.5842445805145463,0.048855972316536246,0.0166323521487217,2.1314698414370437,86.695,8.96,86.715,250.0,250.0,250.0,0.0,0.0,550.0,252.0,252.0,1.0,0.0,,176.92149606910706,190.98720930232557,196.06174181184667,195.3945522399705,2.1314698414370437,1.900274086537185,1.8921173074156532,0.06591692850245186,34459559.556416534,33132647.864274893,0.02901148516746931,6.501584568008669,0.646229885474406,0.5999382707233982,0.0,0.11841499119094685,0.1301183410868102,9.021171649532112,2.1804793477793067,,,,,,,,,,,,,,,,,,,,,,,,,,,,,,,,,,,,,,,,,,,,,,,,,,,,,,,,,,,,,,,,,
balanced_agentic,mixed_stress,Intent-PPO-CMDP-FullPolicy-NoShield,Intent-PPO-CMDP,11,471540437,1073362871,1897045420,b12c9f3440d9c22ff923,stochastic,150,300,250,1,500,1,800,1,150-step training / 300-step arrival window + >= 250-step no-arrival drain adaptively extended to cohort maturity (cap 500),982698968,1,319.3185737999738,balanced_agentic,200,0.0,0.7424699817209556,0.7231944512758848,0.0,1.0,0.6086289101564171,0.8077874632021359,0.8667153114979168,121.72578203128342,0.6086289101564171,-0.19482197448091113,-0.26885388437217705,0.25482197448091115,0.328853884372177,0.34968789169216785,0.1416052754557894,0.18262682644391529,0.1936159369264366,0.9263326482834215,0.9595149515318667,,0.6632596634381123,0.0819183620809765,0.0,0.0819183620809765,0.33054964197853026,0.8910945213946865,0.5328114819882764,0.040851663394579074,0.1366388760331933,1.8367843749032124,71.145,7.555,96.415,250.0,250.0,250.0,0.0,0.0,550.0,252.0,252.0,1.0,0.0,,166.08190475355107,182.24280349843139,186.5890357142857,185.89047222354202,1.8367843749032124,1.5934838286987667,1.5867037856335942,0.08193468650723368,33218076.65718056,31517206.39393102,0.030094510638912247,5.398829791890319,0.6034610793553495,0.5399134704480762,0.0,0.1020435763835118,0.11603143501487131,-40.12718764165581,0.5514467627786721,,,,,,,,,,,,,,,,,,,,,,,,,,,,,,,,,,,,,,,,,,,,,,,,,,,,,,,,,,,,,,,,,
balanced_agentic,mixed_stress,MaxWeight,MaxWeight,12,1729653623,2128646545,1775211512,,stochastic,150,300,250,1,500,1,800,1,150-step training / 300-step arrival window + >= 250-step no-arrival drain adaptively extended to cohort maturity (cap 500),270404651,0,1.090019941329956e-05,balanced_agentic,200,0.0,0.8914713786271892,0.8766518166090463,0.14,1.0,0.10852862137281064,0.12334818339095355,0.13135520496953937,21.705724274562126,0.10852862137281064,0.058697570954790716,0.05169848466770077,0.0,0.0,0.0,0.12244376603672741,0.14830151533229924,0.1594376857448613,0.9759884507497242,0.9942810718546408,,0.6414741116182583,0.3585258883817417,0.0,0.3585258883817417,0.3184518630240049,0.8943160559416813,0.681548136975995,0.0816723948080427,0.0,1.9415062892105777,67.4,17.1,67.4,250.0,251.83,278.0,1.83,28.0,551.83,278.0,278.0,1.0,0.0,,177.99861235646014,192.62683823529412,197.4450733568075,195.65146909896868,1.9415062892105777,1.7598324641822034,1.7478331720489213,0.05853408651605439,15951101.150235755,15141147.022067484,0.0626921076241725,12.679660245292771,0.5327228334949445,0.49488762978597417,0.0008579430498335033,0.10786146051169876,0.11808835372804989,-72.20993036033,0.260101128649818,,,,,,,,,,,,,,,,,,,,,,,,,,,,,,,,,,,,,,,,,,,,,,,,,,,,,,,,,,,,,,,,,
balanced_agentic,mixed_stress,PPO,PPO,12,1729653623,2128646545,1621075116,2fb07c1ee95b181950c4,stochastic,150,300,250,1,500,1,800,1,150-step training / 300-step arrival window + >= 250-step no-arrival drain adaptively extended to cohort maturity (cap 500),270404651,1,284.739809300052,balanced_agentic,200,0.0,0.9344164854460115,0.9184114400953514,1.0,1.0,0.06558351455398842,0.08158855990464864,0.08402240504060156,13.116702910797684,0.06558351455398842,0.05403971732586833,0.029710938816787477,0.00034537020599784504,0.0047088501156190826,0.005555693072919515,0.13252437683474766,0.17028906118321252,0.18349320263555746,0.9090267395988488,0.9474643698393964,,0.8427849919781721,0.15686963781583005,0.0,0.15686963781583005,0.42211127360134915,0.8690855479345428,0.5775932318145435,0.04971720160989023,0.0002954945841072977,2.3507287317469796,88.145,8.42,88.155,250.0,250.0,250.0,0.0,0.0,550.0,278.0,278.0,1.0,0.0,,172.8970193025234,188.2811658986175,195.55272177906696,193.13525390545007,2.3507287317469796,2.106575168500385,2.099082094578749,0.06097174792464829,28820353.091419514,27378057.80267713,0.03469340590224014,8.252169505964757,0.6524323801083477,0.6026056598736301,0.0,0.13059604065261,0.14479431795447426,24.680481482737914,0.8094446109988401,,,,,,,,,,,,,,,,,,,,,,,,,,,,,,,,,,,,,,,,,,,,,,,,,,,,,,,,,,,,,,,,,
balanced_agentic,mixed_stress,PPO-Lagrangian,PPO-Lagrangian,12,1729653623,2128646545,1621075116,5ff4062933b4dfa3978e,stochastic,150,300,250,1,500,1,800,1,150-step training / 300-step arrival window + >= 250-step no-arrival drain adaptively extended to cohort maturity (cap 500),270404651,1,266.70855040004244,balanced_agentic,200,0.0,0.9149445523454878,0.9019194803788543,0.96,1.0,0.08505544765451216,0.09808051962114575,0.10453642886915557,17.01108953090243,0.08505544765451216,0.05856608014881649,0.05489795918367347,0.0014339198511835126,0.00510204081632653,0.008047402810396582,0.08023340924917736,0.10727238896984781,0.11413369546847005,0.9262139524467088,0.9597018720483771,,0.7748122956249013,0.2237537845239153,0.0,0.2237537845239153,0.36936726042038825,0.8764103718895351,0.6301134396564904,0.058743850835786,0.0005192999231213535,2.0882712625517117,85.0,10.525,85.19,250.0,250.345,278.0,0.345,28.0,550.345,278.0,278.0,1.0,0.0,,191.26544473408663,205.66958888245512,212.17991512345677,209.7244679189752,2.0882712625517117,1.8407256962621075,1.8423116706222598,0.07246778566120689,27841466.348781053,26661503.39449408,0.03593441243790638,8.84197271354656,0.6558222897056063,0.6090630860406765,0.0,0.11601507014176175,0.131210010058731,5.331125432583544,3.5063177012051856,,,,,,,,,,,,,,,,,,,,,,,,,,,,,,,,,,,,,,,,,,,,,,,,,,,,,,,,,,,,,,,,,
balanced_agentic,mixed_stress,PPO_CMDP,PPO_CMDP,12,1729653623,2128646545,1621075116,c2c338dd9800f45e9834,stochastic,150,300,250,1,500,1,800,1,150-step training / 300-step arrival window + >= 250-step no-arrival drain adaptively extended to cohort maturity (cap 500),270404651,1,270.83158040000126,balanced_agentic,200,0.0,0.8990341816396142,0.8729625896739345,0.47,1.0,0.10096581836038573,0.12703741032606547,0.13190331019328277,20.193163672077148,0.10096581836038573,-0.04507612433124352,-0.06838777350258703,2.4630541871921184e-05,0.0,2.4630541871921184e-05,0.2450761243312435,0.268387773502587,0.2735178427741789,0.9257138516457226,0.9599772546779362,,0.999063420377289,0.0009119490808390862,0.0,0.0009119490808390862,0.5185217060677408,0.8749604534672183,0.4814782939322592,0.0614184425969443,0.0,2.9480047893122503,101.085,10.68,101.09,250.0,250.0,250.0,0.0,0.0,550.0,278.0,278.0,1.0,0.0,,146.7022555555307,169.16080739171989,178.7772227717563,175.28773836907024,2.9480047893122503,2.7406480004279254,2.704126591262703,0.044781905553379346,24737561.486213878,24049695.17041616,0.040423485203617174,9.54152007464028,0.6371691947321423,0.5890701843481277,0.0,0.1637780438506806,0.17499833747023372,50.107546442426745,0.4121135506446381,,,,,,,,,,,,,,,,,,,,,,,,,,,,,,,,,,,,,,,,,,,,,,,,,,,,,,,,,,,,,,,,,
balanced_agentic,mixed_stress,Intent-PPO-CMDP-NoRisk,Intent-PPO-CMDP-NoRisk,12,1729653623,2128646545,1621075116,53b75815fc19ab3c700d,stochastic,150,300,250,1,500,1,800,1,150-step training / 300-step arrival window + >= 250-step no-arrival drain adaptively extended to cohort maturity (cap 500),270404651,1,267.30905749998055,balanced_agentic,200,0.0,0.9341648654664104,0.9204541302091399,1.0,1.0,0.06583513453358945,0.07954586979086,0.08129992279031648,13.16702690671789,0.06583513453358945,0.04881904930827369,0.025693717652793515,0.00011802983742023575,0.0,0.00011802983742023575,0.14754392057796728,0.1743062823472065,0.18294748824041646,0.9135597909492081,0.9561143770726875,,0.8784317971267367,0.12145017303584289,0.0,0.12145017303584289,0.4226226986152246,0.8716061714905934,0.5773065658228471,0.052302570715555455,7.073556192828585e-05,2.37011122900237,95.695,8.835,95.705,250.0,250.0,250.0,0.0,0.0,550.0,278.0,278.0,1.0,0.0,,177.23604999505676,191.20297297297296,197.5423639112903,195.84589568589874,2.37011122900237,2.130239011020716,2.1128712549501634,0.06273772975762525,28354870.78259181,27232607.627956644,0.03527131352470798,9.003500585546119,0.6566951829437728,0.609277564495882,0.0,0.13167284605568721,0.14555004904993274,28.721788556489592,0.5381329812909694,,,,,,,,,,,,,,,,,,,,,,,,,,,,,,,,,,,,,,,,,,,,,,,,,,,,,,,,,,,,,,,,,
balanced_agentic,mixed_stress,Intent-PPO-CMDP,Intent-PPO-CMDP,12,1729653623,2128646545,1621075116,fc604e43c5d11a5118bd,stochastic,150,300,250,1,500,1,800,1,150-step training / 300-step arrival window + >= 250-step no-arrival drain adaptively extended to cohort maturity (cap 500),270404651,1,320.63457950000884,balanced_agentic,200,0.0,0.8632062631869024,0.8430445352446838,0.0,1.0,0.13679373681309753,0.15695546475531622,0.16474752532736547,27.358747362619507,0.13679373681309753,-0.08513402367261369,-0.10869762386029841,0.009307206379839974,0.02104207694894084,0.025186763831222436,0.2851340236726137,0.3086976238602984,0.3136331797943456,0.9251429130336724,0.960422478565684,,0.9876443462300145,0.0030484473901455063,0.0,0.0030484473901455063,0.5331990724609593,0.8709400414427865,0.4583667824609735,0.06365353451743719,0.008434145078067065,3.0445531482936987,95.08,11.295,95.265,250.0,250.0,250.0,0.0,0.0,550.0,278.0,278.0,1.0,0.0,,137.35542542552201,163.4702380952381,167.82779537777043,166.9506097888139,3.0445531482936987,2.811103841605037,2.8033795961586914,0.047189998416906236,22250146.115668762,21419132.884397503,0.04492949525714106,9.838411392220655,0.6289875796480427,0.5923459381466656,0.0,0.16914184157187212,0.18130007652610675,16.734504500747907,1.309398936020964,,,,,,,,,,,,,,,,,,,,,,,,,,,,,,,,,,,,,,,,,,,,,,,,,,,,,,,,,,,,,,,,,
balanced_agentic,mixed_stress,Intent-PPO-CMDP-FullPolicy-NoShield,Intent-PPO-CMDP,12,1729653623,2128646545,1621075116,fc604e43c5d11a5118bd,stochastic,150,300,250,1,500,1,800,1,150-step training / 300-step arrival window + >= 250-step no-arrival drain adaptively extended to cohort maturity (cap 500),270404651,1,320.63457950000884,balanced_agentic,200,0.0,0.7568795543996041,0.6959213992030467,0.0,1.0,0.2512570885262943,0.35298828861140147,0.3880368756785369,50.25141770525886,0.2512570885262943,-0.0873483484203232,-0.10966459025470654,0.10364536489530661,0.13930550803968522,0.15388574102476651,0.28692556268308655,0.3094752081780985,0.3129466688782392,0.9215724957489383,0.9566810163596035,,0.8960023380197616,0.0003522970849317622,0.0,0.0003522970849317622,0.5026802328671109,0.869000275007039,0.4309559368986028,0.06401422566043653,0.06636383023428633,2.921085833707368,82.925,11.075,90.775,250.0,250.025,255.0,0.025,5.0,550.025,278.0,278.0,1.0,0.0,,127.45964624516999,151.10778317713755,159.15992622401072,156.99832982810184,2.921085833707368,2.6805725221941046,2.666813854265325,0.0502965532231484,22131954.091840077,21164781.439900093,0.04516645905112113,8.487670416407482,0.623525088761695,0.5773951140002861,0.0,0.162282546317076,0.17488382129613023,12.936110646009514,1.6538944827561097,,,,,,,,,,,,,,,,,,,,,,,,,,,,,,,,,,,,,,,,,,,,,,,,,,,,,,,,,,,,,,,,,
balanced_agentic,mixed_stress,MaxWeight,MaxWeight,13,1025721121,372372750,51736825,,stochastic,150,300,250,1,500,1,800,1,150-step training / 300-step arrival window + >= 250-step no-arrival drain adaptively extended to cohort maturity (cap 500),630784621,0,0.00012110010720789433,balanced_agentic,200,0.0,0.8959924544188211,0.8822378774841787,0.275,1.0,0.10400754558117871,0.11776212251582117,0.12240481038813811,20.801509116235742,0.10400754558117871,0.05701132506136032,0.04288342280636802,0.0,0.0,0.0,0.12967369501917334,0.15711657719363198,0.1657704949050555,0.9708956510718316,0.9891465226847072,,0.684599228880108,0.3154007711198919,0.0,0.3154007711198919,0.33676145836939514,0.8841923296391784,0.6632385416306047,0.08670332143265327,0.0,1.9781280462873472,71.555,17.885,71.555,250.0,261.3,325.0,11.3,75.0,561.3,326.0,326.0,1.0,0.0,,174.5288845284382,193.34772727272727,201.54955279503105,199.16372474307292,1.9781280462873472,1.7864577231326562,1.7780973391812132,0.062304274570293895,17891412.524756897,17124545.767224558,0.05589548978827463,11.417733138622639,0.5289272050595746,0.49053553641008885,0.0011982770123954308,0.10989600257151927,0.12113947330377062,-84.60518872113367,0.3605398129040193,,,,,,,,,,,,,,,,,,,,,,,,,,,,,,,,,,,,,,,,,,,,,,,,,,,,,,,,,,,,,,,,,
balanced_agentic,mixed_stress,PPO,PPO,13,1025721121,372372750,535536204,3cabdc2e2c3a75659a16,stochastic,150,300,250,1,500,1,800,1,150-step training / 300-step arrival window + >= 250-step no-arrival drain adaptively extended to cohort maturity (cap 500),630784621,1,262.1022107999888,balanced_agentic,200,0.0,0.8334090309756027,0.8129774835316324,0.0,1.0,0.16659096902439724,0.18702251646836768,0.19225219922269066,33.31819380487945,0.16659096902439724,-0.12501142333548437,-0.1459887196256023,0.0008702174968058513,0.004977624440611015,0.006610033505981661,0.32501142333548444,0.3459887196256023,0.3517924509393432,0.9025296292630668,0.9460647356626329,,0.9953954955525045,0.0037342869506897373,0.0,0.0037342869506897373,0.5307434633487251,0.8636364100474604,0.4689872078691664,0.05042109112330745,0.0002693287821084885,2.7702277694858997,95.755,8.01,95.88,250.0,250.0,250.0,0.0,0.0,550.0,326.0,326.0,1.0,0.0,,139.5413636252014,163.4082082082082,174.5159911894273,169.8091140176698,2.7702277694858997,2.5585965513868882,2.5470618275771377,0.04732087646832323,23048302.826796155,22349893.868795995,0.04338611346978975,9.305953600580509,0.6374240822232352,0.5949756467695486,0.0,0.15390154274921666,0.165298577668834,-34.244513505823896,0.7885360621007375,,,,,,,,,,,,,,,,,,,,,,,,,,,,,,,,,,,,,,,,,,,,,,,,,,,,,,,,,,,,,,,,,
balanced_agentic,mixed_stress,PPO-Lagrangian,PPO-Lagrangian,13,1025721121,372372750,535536204,454f28c68eb87e33907f,stochastic,150,300,250,1,500,1,800,1,150-step training / 300-step arrival window + >= 250-step no-arrival drain adaptively extended to cohort maturity (cap 500),630784621,1,254.03850810002768,balanced_agentic,200,0.0,0.9354487072312208,0.9205910504643904,1.0,1.0,0.06455129276877923,0.07940894953560963,0.08530195330582928,12.910258553755845,0.06455129276877923,0.005112872779199966,-0.019825422015271776,0.00040196226970940066,0.00483209042727827,0.005197811656301185,0.19488712722080007,0.21982542201527175,0.22654986155250662,0.9261859732042582,0.9630347309252208,,0.9789632963488265,0.020634741381464074,0.0,0.020634741381464074,0.4969357680476748,0.8757012066619524,0.5029402362871431,0.06153590763046299,0.00012399566518204276,2.714167793259085,99.675,10.455,99.73,250.0,250.0,250.0,0.0,0.0,550.0,326.0,326.0,1.0,0.0,,156.9120628697964,174.168948938992,179.7911923076923,178.93248767238836,2.714167793259085,2.470889498252399,2.436474992815605,0.05504625073823047,28661656.750107493,27639266.371903446,0.03488286012270282,8.344459715225172,0.6417578494862413,0.5990901271329134,0.0,0.15078709962550468,0.163972145540153,37.48285750352929,0.4861087983910577,,,,,,,,,,,,,,,,,,,,,,,,,,,,,,,,,,,,,,,,,,,,,,,,,,,,,,,,,,,,,,,,,
balanced_agentic,mixed_stress,PPO_CMDP,PPO_CMDP,13,1025721121,372372750,535536204,a070e26e29e031606ad8,stochastic,150,300,250,1,500,1,800,1,150-step training / 300-step arrival window + >= 250-step no-arrival drain adaptively extended to cohort maturity (cap 500),630784621,1,277.9400926999515,balanced_agentic,200,0.0,0.9435995439131478,0.9345570666769211,1.0,1.0,0.05640045608685213,0.06544293332307886,0.06738655036817062,11.280091217370426,0.05640045608685213,0.03472924371627167,0.007524541884816771,0.0002709084622670106,0.004086003864522943,0.00501166518029956,0.16493446969756392,0.1924754581151832,0.199622447900416,0.9080212026363503,0.9483974107543137,,0.9437859675012567,0.05594312403647619,0.0,0.05594312403647619,0.49138679366659027,0.8615006784437196,0.50846551125101,0.05701775753938982,0.00014769508239971353,2.67114857860853,93.77,9.645,93.795,250.0,250.0,250.0,0.0,0.0,550.0,326.0,326.0,1.0,0.0,,154.65799914676708,173.37809278350517,176.7071962311558,175.92530338643797,2.67114857860853,2.436199202439494,2.4085490582386346,0.05709869193012127,31200721.502871543,29766494.58742119,0.03204913183305892,7.355063779898262,0.6437891707162542,0.6036707018175576,0.0,0.14839714325602946,0.1624109758118461,48.01568654453329,0.31032659322415107,,,,,,,,,,,,,,,,,,,,,,,,,,,,,,,,,,,,,,,,,,,,,,,,,,,,,,,,,,,,,,,,,
balanced_agentic,mixed_stress,Intent-PPO-CMDP-NoRisk,Intent-PPO-CMDP-NoRisk,13,1025721121,372372750,535536204,4606dec7f3efe1c94a9c,stochastic,150,300,250,1,500,1,800,1,150-step training / 300-step arrival window + >= 250-step no-arrival drain adaptively extended to cohort maturity (cap 500),630784621,1,283.62103929999284,balanced_agentic,200,0.0,0.8566919753272765,0.8386305190019215,0.005,1.0,0.14330802467272347,0.16136948099807838,0.16898870096963456,28.66160493454469,0.14330802467272347,-0.09809255745457564,-0.11664345316519227,0.00018829545918479546,0.0,0.00018829545918479546,0.29809255745457564,0.31664345316519227,0.325567940335485,0.9059978389826118,0.9470382284239246,,0.9998117045408152,0.0,0.0,0.0,0.6016542668392059,0.8557893922446789,0.3982037349902171,0.06213659751879419,0.0001419981705769292,3.2566512366733678,82.355,10.35,82.365,250.0,250.0,250.0,0.0,0.0,550.0,326.0,326.0,1.0,0.0,,114.05004238141274,133.5579381805409,144.98956790123458,141.89938543823047,3.2566512366733678,2.970774606767079,2.9567299756848606,0.05145097987793753,24858984.158545274,23912693.614267156,0.04021431293522657,7.095618456272333,0.6341633265724724,0.5891825960926854,0.0,0.18092506870407596,0.1956534030356479,43.345406157215386,0.46256146148273425,,,,,,,,,,,,,,,,,,,,,,,,,,,,,,,,,,,,,,,,,,,,,,,,,,,,,,,,,,,,,,,,,
balanced_agentic,mixed_stress,Intent-PPO-CMDP,Intent-PPO-CMDP,13,1025721121,372372750,535536204,09d0d30da2ff448dad2f,stochastic,150,300,250,1,500,1,800,1,150-step training / 300-step arrival window + >= 250-step no-arrival drain adaptively extended to cohort maturity (cap 500),630784621,1,309.3859143999871,balanced_agentic,200,0.0,0.8545048234123849,0.8359989155839104,0.0,1.0,0.14549517658761507,0.1640010844160897,0.16973437404784047,29.099035317523015,0.14549517658761507,-0.09354298140572116,-0.11418171866447727,0.02315626083833512,0.029128236245954692,0.030070263865226283,0.29354298140572116,0.31418171866447725,0.3174891368631223,0.9294232424620732,0.9682546011266961,,0.9768008207067294,4.291845493562232e-05,0.0,4.291845493562232e-05,0.5790148436802324,0.8783147881819703,0.3981128052648515,0.05740377806870022,0.02287235105491611,3.1898366718154225,82.82,10.605,82.88,250.0,250.0,250.0,0.0,0.0,550.0,326.0,326.0,1.0,0.0,,116.93822043776241,138.17240006997287,143.55577890426983,142.40211047546137,3.1898366718154225,2.936514471941248,2.928998631209411,0.0457084509830624,25091989.058649972,24179388.348853808,0.03983830461690822,7.15882100141958,0.6266454227592115,0.5818846785957068,0.0,0.17721314843419017,0.18945398617954842,47.37507241126073,0.3876202488379423,,,,,,,,,,,,,,,,,,,,,,,,,,,,,,,,,,,,,,,,,,,,,,,,,,,,,,,,,,,,,,,,,
balanced_agentic,mixed_stress,Intent-PPO-CMDP-FullPolicy-NoShield,Intent-PPO-CMDP,13,1025721121,372372750,535536204,09d0d30da2ff448dad2f,stochastic,150,300,250,1,500,1,800,1,150-step training / 300-step arrival window + >= 250-step no-arrival drain adaptively extended to cohort maturity (cap 500),630784621,1,309.3859143999871,balanced_agentic,200,0.0,0.6685703007355198,0.6318138943210994,0.0,1.0,0.9321999336323177,1.2350122280528075,1.3051817708967008,186.43998672646353,0.9321999336323177,-0.29069576999724966,-0.38817708333333334,0.35069576999724966,0.4481770833333333,0.4792630537243247,0.3125740895460173,0.33628829282324174,0.342964359931763,0.9396034862009743,0.9779093577575182,,0.6493042300027504,0.0,0.0,0.0,0.4264534036491838,0.9064306239994545,0.27760368108112277,0.038408258448749566,0.29594291526969346,2.4462798923099385,46.495,6.895,57.91,250.0,250.0,250.0,0.0,0.0,550.0,326.0,326.0,1.0,0.0,,94.13907445785851,115.71437444739166,126.33347561781419,122.26192508680347,2.4462798923099385,2.1248112966687542,2.0968971418077276,0.09037123451263206,23912936.737761937,22794597.948953114,0.0417712909746051,4.2301205469284495,0.5359361729864195,0.4754689836754152,0.003945090664355469,0.13590443846166325,0.15458879651414517,9.482884914556275,2.060341316423709,,,,,,,,,,,,,,,,,,,,,,,,,,,,,,,,,,,,,,,,,,,,,,,,,,,,,,,,,,,,,,,,,
balanced_agentic,mixed_stress,MaxWeight,MaxWeight,14,1103526060,1905340783,408848433,,stochastic,150,300,250,1,500,1,800,1,150-step training / 300-step arrival window + >= 250-step no-arrival drain adaptively extended to cohort maturity (cap 500),955564766,0,1.119985245168209e-05,balanced_agentic,200,0.0,0.9009763220915823,0.8876884843285495,0.495,1.0,0.09902367790841776,0.11231151567145033,0.11662981551902232,19.804735581683552,0.09902367790841776,0.057166795772919825,0.043135564570655864,0.0,0.0,0.0,0.1308415784118132,0.15686443542934414,0.1607364653187414,0.9678905217661976,0.9865885627980195,,0.6868947133774868,0.3131052866225133,0.0,0.3131052866225133,0.3384654096328943,0.8832838580240218,0.6615345903671057,0.08460666374217578,0.0,2.045223245179298,73.725,17.97,73.725,250.0,254.75,277.0,4.75,27.0,554.75,277.0,277.0,1.0,0.0,,175.03889707813144,190.2229406130268,192.9749002849003,192.10070473077698,2.045223245179298,1.8355578406128652,1.8218664484922642,0.06937413717664268,21442603.475791585,20494009.180664707,0.0466417544161058,9.862460511339634,0.536248500359436,0.5066625751861109,0.0003469047317377902,0.1136235136210721,0.12508905749543034,-63.47231360995653,0.39600028961732453,,,,,,,,,,,,,,,,,,,,,,,,,,,,,,,,,,,,,,,,,,,,,,,,,,,,,,,,,,,,,,,,,
balanced_agentic,mixed_stress,PPO,PPO,14,1103526060,1905340783,1823775964,0a65909e93fb2c778ea0,stochastic,150,300,250,1,500,1,800,1,150-step training / 300-step arrival window + >= 250-step no-arrival drain adaptively extended to cohort maturity (cap 500),955564766,1,272.0849051999976,balanced_agentic,200,0.0,0.8833066004846927,0.8618143661218509,0.095,1.0,0.1166933995153072,0.138185633878149,0.14596695939504448,23.33867990306144,0.1166933995153072,-0.06995603238706892,-0.09078782364946275,0.001447344184354579,0.0055071365416192964,0.009278227906254762,0.2699560323870689,0.29078782364946276,0.3001485062555705,0.9007350413664855,0.9449855956485788,,0.9892029356341743,0.009349720181471108,0.0,0.009349720181471108,0.5061046309014504,0.855925202247229,0.49338221554848005,0.054621286530074774,0.0005131535500695452,2.7732390313225803,103.105,9.545,103.3,250.0,250.0,250.0,0.0,0.0,550.0,277.0,277.0,1.0,0.0,,147.38559693820974,173.44240615024043,179.28018627112797,177.43881906595388,2.7732390313225803,2.5600848635683517,2.5274898990199497,0.05038193902763816,26923027.71237606,26024464.087543067,0.03713507919102123,8.676878874260044,0.6384778599145635,0.5972530305295096,0.0,0.15406883507347666,0.16641623697573227,9.76195366764505,2.554216828785744,,,,,,,,,,,,,,,,,,,,,,,,,,,,,,,,,,,,,,,,,,,,,,,,,,,,,,,,,,,,,,,,,
balanced_agentic,mixed_stress,PPO-Lagrangian,PPO-Lagrangian,14,1103526060,1905340783,1823775964,337f5a10e02765106fee,stochastic,150,300,250,1,500,1,800,1,150-step training / 300-step arrival window + >= 250-step no-arrival drain adaptively extended to cohort maturity (cap 500),955564766,1,284.58887489995686,balanced_agentic,200,0.0,0.9448263700786498,0.9364433458015429,1.0,1.0,0.05517362992135021,0.06355665419845707,0.06829361625070055,11.034725984270043,0.05517362992135021,0.04032619181440857,0.009183081732717249,0.0004285706053397822,0.004718098900116248,0.005449227502210183,0.1576195008569111,0.19081691826728273,0.20277885451785505,0.9018045710308163,0.9378183578762931,,0.9283928820129012,0.07117854738175916,0.0,0.07117854738175916,0.47273453877748056,0.8564619160639522,0.5270461774240974,0.05673772310190854,0.0002192837984220527,2.6115109848693994,95.795,9.6,95.84,250.0,250.0,250.0,0.0,0.0,550.0,277.0,277.0,1.0,0.0,,159.48829954199456,176.03933642571835,180.14303235294116,178.8255091536589,2.6115109848693994,2.404432102459324,2.378812525131159,0.04745668907430118,35163932.12420316,33489614.349124692,0.02843957050063815,6.753129808651662,0.6388895024598754,0.5946910484020672,0.0,0.1450839436038555,0.15567096930573907,50.524185999945054,0.30036934929317227,,,,,,,,,,,,,,,,,,,,,,,,,,,,,,,,,,,,,,,,,,,,,,,,,,,,,,,,,,,,,,,,,
balanced_agentic,mixed_stress,PPO_CMDP,PPO_CMDP,14,1103526060,1905340783,1823775964,dadb88684cb84768bf3a,stochastic,150,300,250,1,500,1,800,1,150-step training / 300-step arrival window + >= 250-step no-arrival drain adaptively extended to cohort maturity (cap 500),955564766,1,264.74071779998485,balanced_agentic,200,0.0,0.858070914278833,0.834800932886928,0.0,1.0,0.14192908572116691,0.16519906711307195,0.1690073985242419,28.385817144233386,0.14192908572116691,-0.10824968069014586,-0.12894136773015188,0.0006452864890924111,0.0049261083743842365,0.005436522495327712,0.30824968069014586,0.32894136773015187,0.33520070007244923,0.8667811160441589,0.910754078579101,,0.9987920965459978,0.0005626169649097685,0.0,0.0005626169649097685,0.570930332469796,0.8307930858934263,0.4289281460212898,0.046218346641363046,0.000141521508914221,3.059290723710861,90.795,7.62,90.9,250.0,250.0,250.0,0.0,0.0,550.0,277.0,277.0,1.0,0.0,,121.33088632103649,144.21539890837298,162.94716666666665,156.79429805663284,3.059290723710861,2.8277591686697265,2.8169721474134097,0.04495187262238661,27905512.64261831,27057616.786088783,0.03582790441040498,6.904624053775252,0.6343391937803413,0.5919459246985741,0.0,0.16996059576171446,0.18369901270660804,32.02555474231759,0.7167634799113766,,,,,,,,,,,,,,,,,,,,,,,,,,,,,,,,,,,,,,,,,,,,,,,,,,,,,,,,,,,,,,,,,
balanced_agentic,mixed_stress,Intent-PPO-CMDP-NoRisk,Intent-PPO-CMDP-NoRisk,14,1103526060,1905340783,1823775964,72924e27f6df7ecb428f,stochastic,150,300,250,1,500,1,800,1,150-step training / 300-step arrival window + >= 250-step no-arrival drain adaptively extended to cohort maturity (cap 500),955564766,1,270.7660398000153,balanced_agentic,200,0.0,0.8556202942568819,0.8354880138981405,0.005,1.0,0.14437970574311804,0.16451198610185935,0.1713205106261634,28.875941148623607,0.14437970574311804,-0.1088402752187889,-0.12841907986725287,0.0006380498602066889,0.0048543689320388345,0.005754073727622906,0.30884027521878893,0.3284190798672529,0.3333038820862752,0.873949144977953,0.9189713852648502,,0.9993619501397933,0.0,0.0,0.0,0.5686155923593607,0.8315502242700075,0.4310483059880228,0.05286540233649399,0.0003361016526164929,3.098622732461075,91.705,9.0,91.77,250.0,250.0,250.0,0.0,0.0,550.0,277.0,277.0,1.0,0.0,,121.84498946811742,143.55566161087864,153.87620258620686,148.9102818391181,3.098622732461075,2.870735001773377,2.866479579834962,0.041697773721696724,27619794.919416327,26761262.535845656,0.03620586232785496,7.024830688900895,0.6359717118613447,0.5889688058552444,0.0,0.17214570735894863,0.18277419664412153,30.91192967066775,0.6585362897694108,,,,,,,,,,,,,,,,,,,,,,,,,,,,,,,,,,,,,,,,,,,,,,,,,,,,,,,,,,,,,,,,,
balanced_agentic,mixed_stress,Intent-PPO-CMDP,Intent-PPO-CMDP,14,1103526060,1905340783,1823775964,fd2a9bdca11bd34bca64,stochastic,150,300,250,1,500,1,800,1,150-step training / 300-step arrival window + >= 250-step no-arrival drain adaptively extended to cohort maturity (cap 500),955564766,1,319.06714920001104,balanced_agentic,200,0.0,0.9120439674512925,0.8898793482855497,0.83,1.0,0.08795603254870751,0.11012065171445018,0.1159660901247169,17.591206509741504,0.08795603254870751,-0.024640576860804595,-0.04901966797513901,0.021449746732774725,0.02926829268292683,0.029759586737277122,0.22464057686080457,0.24901966797513897,0.2552672419517084,0.9449199172953606,0.9750875418542266,,0.9752224864387651,0.0033277668284603236,0.0,0.0033277668284603236,0.504721877830105,0.8923751588535171,0.4750847349540191,0.05894977436582995,0.020193387215875935,2.8706096338685594,99.55,11.07,99.815,250.0,250.0,250.0,0.0,0.0,550.0,277.0,277.0,1.0,0.0,,146.76934140724478,173.45877606725625,177.66350032530903,176.59504468708187,2.8706096338685594,2.6493036175621856,2.645772406401078,0.04662166545829369,31830960.290860597,30742829.94587338,0.031412849403237124,7.225237908773782,0.6248758671295382,0.5925146324551164,0.0,0.15947831299269774,0.1726070874057209,62.71753832629465,0.3315284833259845,,,,,,,,,,,,,,,,,,,,,,,,,,,,,,,,,,,,,,,,,,,,,,,,,,,,,,,,,,,,,,,,,
balanced_agentic,mixed_stress,Intent-PPO-CMDP-FullPolicy-NoShield,Intent-PPO-CMDP,14,1103526060,1905340783,1823775964,fd2a9bdca11bd34bca64,stochastic,150,300,250,1,500,1,800,1,150-step training / 300-step arrival window + >= 250-step no-arrival drain adaptively extended to cohort maturity (cap 500),955564766,1,319.06714920001104,balanced_agentic,200,0.0,0.6537363922128052,0.609433262888747,0.0,1.0,1.432037734638905,1.625541589051797,1.7004792197116578,286.407546927781,1.432037734638905,-0.47693726471105685,-0.5392218838211261,0.536937264711057,0.5992218838211261,0.621381525424972,0.2570410112531453,0.29040282954930535,0.2944686162533765,0.9390368867247451,0.9722681721411638,,0.46306273528894315,0.0,0.0,0.0,0.3187947567181199,0.902069613099783,0.2809974204347089,0.041523500560448685,0.4002078228471712,1.9006428739452486,30.48,7.795,59.52,250.0,250.0,250.0,0.0,0.0,550.0,277.0,277.0,1.0,0.0,,92.11286807722107,114.28782318237026,124.46591145833332,120.49918100169934,1.9006428739452486,1.6457943098503143,1.6236968656110982,0.08748369506465091,29052363.70463951,27458797.521820765,0.03441311095128957,2.5290646582577754,0.5411393845880039,0.4572996814231818,0.006187203601175639,0.10559127077473603,0.12117094962592113,-26.083417571204265,0.826552009229338,,,,,,,,,,,,,,,,,,,,,,,,,,,,,,,,,,,,,,,,,,,,,,,,,,,,,,,,,,,,,,,,,
balanced_agentic,mixed_stress,MaxWeight,MaxWeight,15,1481178426,1997781942,533834020,,stochastic,150,300,250,1,500,1,800,1,150-step training / 300-step arrival window + >= 250-step no-arrival drain adaptively extended to cohort maturity (cap 500),615353400,0,2.6700086891651154e-05,balanced_agentic,200,0.0,0.9319863880778412,0.9108570029219106,0.995,1.0,0.06801361192215868,0.0891429970780893,0.09290179277230323,13.602722384431736,0.06801361192215868,0.04414740264714408,0.016455658144857825,0.0,0.0,0.0,0.1537441472680514,0.18354434185514218,0.19076670044250943,0.9288564415415336,0.9755664129024754,,0.8242507167768145,0.17574928322318548,0.0,0.17574928322318548,0.4280343666033933,0.8422842437289242,0.5719656333966067,0.08670087926239106,0.0,2.4704141325998488,83.605,18.325,83.605,250.0,255.435,298.0,5.435,48.0,555.435,298.0,298.0,1.0,0.0,,150.91679171798415,172.10740302370354,177.64033918595368,176.44558231876368,2.4704141325998488,2.184671751273679,2.161296986290225,0.09551793311827365,20409736.577279236,19030012.546447676,0.04901223165434086,10.155375586367262,0.5648007534727689,0.5253946896996978,1.742958597008182e-05,0.1372452295888805,0.16570238645128707,-42.154357448719836,1.0954615747328214,,,,,,,,,,,,,,,,,,,,,,,,,,,,,,,,,,,,,,,,,,,,,,,,,,,,,,,,,,,,,,,,,
balanced_agentic,mixed_stress,PPO,PPO,15,1481178426,1997781942,1596015111,461e22a59e6f436fac36,stochastic,150,300,250,1,500,1,800,1,150-step training / 300-step arrival window + >= 250-step no-arrival drain adaptively extended to cohort maturity (cap 500),615353400,1,258.87767640000675,balanced_agentic,200,0.0,0.9398042897913562,0.9218121287837864,1.0,1.0,0.06019571020864365,0.07818787121621357,0.08292436040655786,12.03914204172873,0.06019571020864365,0.0027686370293094876,-0.02421771959905038,0.0006782019304854192,0.004743915561966251,0.005459499451136021,0.19723136297069055,0.2242177195990504,0.22889792036532647,0.9077741915402866,0.9411137988978556,,0.9992587992932936,6.299877622076287e-05,0.0,6.299877622076287e-05,0.5675940146824847,0.850790086111044,0.43212271703057104,0.06803584124961735,0.0002832682869441847,3.14237613957633,91.905,12.095,91.99,250.0,250.0,250.0,0.0,0.0,550.0,298.0,298.0,1.0,0.0,,127.24207532872151,144.4985538137147,159.47832146932566,153.0478630266699,3.14237613957633,2.876589726381862,2.8555711397028025,0.04905316412705074,32102080.341144327,31031494.41669454,0.031151633351233908,6.214416866079521,0.6452310106319942,0.6056237206807957,0.0,0.17457645219868503,0.18758307838750107,105.26522039609901,0.1834644748237944,,,,,,,,,,,,,,,,,,,,,,,,,,,,,,,,,,,,,,,,,,,,,,,,,,,,,,,,,,,,,,,,,
balanced_agentic,mixed_stress,PPO-Lagrangian,PPO-Lagrangian,15,1481178426,1997781942,1596015111,c54dc7a9b9a68be549b7,stochastic,150,300,250,1,500,1,800,1,150-step training / 300-step arrival window + >= 250-step no-arrival drain adaptively extended to cohort maturity (cap 500),615353400,1,254.7300168000511,balanced_agentic,200,0.0,0.9394570570071966,0.9201896721378469,1.0,1.0,0.06054294299280338,0.07981032786215297,0.0859497025219271,12.108588598560676,0.06054294299280338,0.054185278622808204,0.02981534569983137,0.001051664847180443,0.005154639175257732,0.007470259232433138,0.1200959625348315,0.17018465430016858,0.1919343803092691,0.8959726821064098,0.9460150120416897,,0.932428096165298,0.06652023898752174,0.0,0.06652023898752174,0.4483526475573767,0.8549248204154987,0.5514111332427202,0.04993652953383432,0.0002362191999031918,2.40631951265662,101.745,8.66,101.915,250.0,250.0,250.0,0.0,0.0,550.0,298.0,298.0,1.0,0.0,,168.50994693868756,185.56960998062016,191.4775392670157,189.0375115405841,2.40631951265662,2.130985097007472,2.1059331596972113,0.07910647798033442,35290976.4698528,33097238.21238126,0.0283241547820457,6.988570863736986,0.644430724634758,0.6058191422232453,0.0,0.1336844173698122,0.15284208570856453,55.12978825632726,0.5169936348558265,,,,,,,,,,,,,,,,,,,,,,,,,,,,,,,,,,,,,,,,,,,,,,,,,,,,,,,,,,,,,,,,,
balanced_agentic,mixed_stress,PPO_CMDP,PPO_CMDP,15,1481178426,1997781942,1596015111,fc83225982e20e56ecdd,stochastic,150,300,250,1,500,1,800,1,150-step training / 300-step arrival window + >= 250-step no-arrival drain adaptively extended to cohort maturity (cap 500),615353400,1,273.55554740002844,balanced_agentic,200,0.0,0.9439315812259591,0.9337326320963608,1.0,1.0,0.05606841877404078,0.06626736790363918,0.07032773674193267,11.213683754808155,0.05606841877404078,0.019178359300606584,-0.006082065668877398,0.0005694386554091589,0.004741604118007211,0.006386645785482205,0.18075185257137627,0.2060820656688774,0.2112611279839165,0.9055370279228341,0.9448089485909946,,0.9992160661836502,0.00021449516094080039,0.0,0.00021449516094080039,0.5243749935981417,0.8526843498454183,0.47534279559704,0.06319467505119862,0.0002822108048182829,2.8644608924978594,100.345,11.155,100.405,250.0,250.0,250.0,0.0,0.0,550.0,298.0,298.0,1.0,0.0,,142.37179949091998,167.6872619047619,175.66099315068493,172.124675253886,2.8644608924978594,2.5561180738801887,2.507676808740696,0.06927474558323936,33271712.22407261,32030175.03974397,0.03005968454874692,6.667779384966593,0.6428941537034939,0.6060875311176953,0.0,0.15913671624988107,0.17614915696058195,92.99939696725689,0.22744242291829006,,,,,,,,,,,,,,,,,,,,,,,,,,,,,,,,,,,,,,,,,,,,,,,,,,,,,,,,,,,,,,,,,
balanced_agentic,mixed_stress,Intent-PPO-CMDP-NoRisk,Intent-PPO-CMDP-NoRisk,15,1481178426,1997781942,1596015111,8c806f3e428ad93e5ba2,stochastic,150,300,250,1,500,1,800,1,150-step training / 300-step arrival window + >= 250-step no-arrival drain adaptively extended to cohort maturity (cap 500),615353400,1,275.68097020004643,balanced_agentic,200,0.0,0.9332308946189607,0.9146875058831402,0.995,1.0,0.06676910538103917,0.08531249411685975,0.0896019204297179,13.353821076207833,0.06676910538103917,0.04838689610343449,0.015463028794880915,0.00024571096713735745,0.0,0.00024571096713735745,0.14019584535731017,0.18453697120511908,0.19439816902494927,0.9006246156837813,0.9455616445188507,,0.8834207734978279,0.11633351553503468,0.0,0.11633351553503468,0.42906485057608584,0.8565086566696891,0.5708652205295731,0.052312126311030556,6.992889434107999e-05,2.3015891599359164,95.39,9.315,95.425,250.0,250.0,250.0,0.0,0.0,550.0,298.0,298.0,1.0,0.0,,172.14753613932217,186.80739614489863,190.8555723492842,189.4979465072352,2.3015891599359164,2.052975474237932,2.0313097874542816,0.08123266568055995,34944205.838310845,33058499.501860544,0.028598935539854282,6.855878393608362,0.6399095479206249,0.5888584374679277,0.0,0.12786606444088425,0.14753434809819083,29.79611965031866,1.005452413151377,,,,,,,,,,,,,,,,,,,,,,,,,,,,,,,,,,,,,,,,,,,,,,,,,,,,,,,,,,,,,,,,,
balanced_agentic,mixed_stress,Intent-PPO-CMDP,Intent-PPO-CMDP,15,1481178426,1997781942,1596015111,618554fca77aa7604c32,stochastic,150,300,250,1,500,1,800,1,150-step training / 300-step arrival window + >= 250-step no-arrival drain adaptively extended to cohort maturity (cap 500),615353400,1,332.33217309997417,balanced_agentic,200,0.0,0.9417594322093908,0.9254822636991631,1.0,1.0,0.058240567790609,0.07451773630083684,0.07845946297357644,11.6481135581218,0.058240567790609,0.05273277116819874,0.02767980290379981,0.0029223184543621795,0.01005278919851784,0.012176452334953045,0.12620606614689833,0.17232019709620017,0.18636925701434923,0.8965781034697102,0.9433916503742197,,0.9578926644618829,0.03918501708375482,0.0,0.03918501708375482,0.45819209795874877,0.8544245168441171,0.5389543093109382,0.051125762530204094,0.002853592730313047,2.4880525118167918,105.645,8.92,105.66,250.0,250.0,250.0,0.0,0.0,550.0,298.0,298.0,1.0,0.0,,164.58235842225346,184.18493283192765,190.0147790170364,188.14431085347937,2.4880525118167918,2.132367810095269,2.115152392968452,0.08508870953441504,35173394.28725406,33664395.78369903,0.028420352007096614,7.063971418487875,0.6467462658715484,0.6033970292443361,0.0,0.13822513954537732,0.15610961151821362,67.53810704565338,0.3683716762355041,,,,,,,,,,,,,,,,,,,,,,,,,,,,,,,,,,,,,,,,,,,,,,,,,,,,,,,,,,,,,,,,,
balanced_agentic,mixed_stress,Intent-PPO-CMDP-FullPolicy-NoShield,Intent-PPO-CMDP,15,1481178426,1997781942,1596015111,618554fca77aa7604c32,stochastic,150,300,250,1,500,1,800,1,150-step training / 300-step arrival window + >= 250-step no-arrival drain adaptively extended to cohort maturity (cap 500),615353400,1,332.33217309997417,balanced_agentic,200,0.0,0.8949072678255221,0.8117708766858106,0.535,1.0,0.10518398929698494,0.18822912331418934,0.2085668973505556,21.036797859396987,0.10518398929698494,-0.014956295676864038,-0.045814102564102566,0.07490207254615983,0.10581410256410255,0.11334323238000202,0.12912020991539241,0.17341177495601534,0.19008716804241632,0.8969280076367037,0.9365132351498756,,0.9008046659571284,0.024293261496711908,0.0,0.024293261496711908,0.4457139908872277,0.8537274019405173,0.5207581222351788,0.05187303135776651,0.033527886877593616,2.422457487853378,95.3,9.06,103.96,250.0,250.0,250.0,0.0,0.0,550.0,298.0,298.0,1.0,0.0,,159.27400574729157,179.94675341669088,187.54815770917006,184.7248917441461,2.422457487853378,2.0992864830516678,2.0772296510133925,0.08682528044286628,34859625.78582768,33267520.085238025,0.028680287986398906,6.498896547086021,0.6462731152490506,0.6064861032264727,0.0,0.1345809715474099,0.15357795721715678,48.586242504137935,0.5413558542167906,,,,,,,,,,,,,,,,,,,,,,,,,,,,,,,,,,,,,,,,,,,,,,,,,,,,,,,,,,,,,,,,,
