intent,scenario,scheme,checkpoint_source_scheme,seed,env_seed,evaluation_seed,policy_seed,policy_fingerprint,evaluation_action_mode,training_steps,evaluation_steps,horizon_protocol,evaluation_action_sampling_seed,universal_training_reused,train_time_s,intent_name,episodes,intent_satisfaction_rate,soft_intent_compliance_score,soft_intent_compliance_p05,relaxed_intent_satisfaction_rate,intent_violation_rate,weighted_violation_mean,weighted_violation_p95,weighted_violation_cvar95,intent_regret_auc,positive_violation_mean,reliability_safety_margin_mean,reliability_safety_margin_p05,blocking_mean,blocking_p95,blocking_cvar95,interruption_mean,interruption_p95,interruption_cvar95,deadline_exposure_mean,deadline_exposure_cvar95,deadline_miss_proxy_mean,service_success_rate_mean,unfinished_rate_mean,request_conservation_error_max_abs,shield_override_rate_mean,delay_mean_ms,delay_p95_ms,delay_p99_ms,delay_cvar95_ms,throughput_mean_mbps,throughput_p05_mbps,throughput_cvar_low10_mbps,throughput_stability_cv,energy_eff_mean_bpj,energy_eff_p05_bpj,energy_per_mbit_j,energy_delay_product,fairness_mean,fairness_p05,fairness_deficit_mean,utilization_mean,utilization_p95,reward_mean,reward_stability_cv,qmax_terminal,qmax_oscillation_std,lambda_pressure_mean,lambda_terminal_pressure,action_entropy_norm,dynamic_violation_mean,dynamic_violation_step_cvar95,grant_like_action_rate,preempt_action_rate,deny_action_rate,feasibility_filter_active_rate,feasibility_filtered_action_fraction,shield_filter_active_rate,shield_filtered_action_fraction,shock_action_shift_l1,shock_throughput_bits_mean,pre_shock_throughput_bits_mean,shock_delay_ms_mean,pre_shock_delay_ms_mean,shock_block_rate,shock_interruption_rate,queue_load_mean,energy_per_delivered_bit_step,intent_switch_active,intent_action_shift_l1,intent_mode_shift_l1,counterfactual_intent_policy_l1,counterfactual_mode_policy_l1,counterfactual_argmax_change_rate,frozen_policy_entropy_norm,pre_mask_reject_probability,feasible_reject_probability,physical_infeasible_probability_mass,pre_mask_unsafe_probability_mass,shield_filtered_probability_mass,shield_filtered_raw_probability_mass,actual_shield_prevention_rate,stochastic_action_entropy,stochastic_action_entropy_nats,policy_mode_prob_defer,policy_mode_prob_grant,policy_mode_prob_protect,policy_mode_prob_coexist,policy_mode_prob_reject,intent_mode_prob__balanced_agentic__defer,intent_mode_prob__balanced_agentic__grant,intent_mode_prob__balanced_agentic__protect,intent_mode_prob__balanced_agentic__coexist,intent_mode_prob__balanced_agentic__reject,intent_mode_prob__reliability_first__defer,intent_mode_prob__reliability_first__grant,intent_mode_prob__reliability_first__protect,intent_mode_prob__reliability_first__coexist,intent_mode_prob__reliability_first__reject,intent_mode_prob__latency_critical__defer,intent_mode_prob__latency_critical__grant,intent_mode_prob__latency_critical__protect,intent_mode_prob__latency_critical__coexist,intent_mode_prob__latency_critical__reject,post_switch_violation_mean,switch_adaptation_time_steps,switch_adaptation_success,switch_pre_violation_reference,switch_post_violation_reference,switch_settling_band
balanced_agentic,congestion_burst,MaxWeight,MaxWeight,11,471540437,1073362871,28237267,,stochastic,150,300,150-step training / 300-step held-out evaluation,546558637,0,1.2599979527294636e-05,balanced_agentic,200,0.0,0.8067503364712618,0.7813985487564163,0.005,1.0,0.19324966352873807,0.21860145124358366,0.22641546763374265,38.64993270574762,0.19324966352873807,0.058200947031256396,0.04754819629034615,0.0,0.0,0.0,0.11870547312327105,0.15245180370965386,0.16623870504187588,0.872313151074384,0.9169329770799971,0.3875166666666667,0.3762205544624769,0.6237794455375232,0.0,0.0,80.62717840709513,95.18013698630136,99.07506944444444,97.95989785405449,1.903892721643753,1.7299553213033476,1.7190864133978654,0.05799248673756483,19052548.052486405,17839008.175719056,0.05251324918620793,2.4183217425196903,0.5030525771178108,0.4510825134084055,0.01018210034107541,0.10577181786909738,0.11416938289599432,-14.405066704265097,0.8157760919748895,,,,,0.1275541084011818,0.19324966352873807,0.3578585176688251,1.0,0.9463333333333332,0.0,0.9440333333333334,0.08899499999999999,0.0,0.0,0.1581391941391941,1629.0469709841104,2051.8865873835593,82.69334610478052,79.73778854102795,0.0,0.11719777347463191,0.8576104166666667,5.257937273269333e-08,1.0,0.37446666666666667,0.21373333333333336,,,,,,,,,,,,,,,,,,,,,,,,,,,,,,,,,,0.3028718405814191,58.65,1.0,0.08149029369267691,0.35159223569801745,0.05
balanced_agentic,congestion_burst,PPO,PPO,11,471540437,1073362871,1897045420,b9c1e1a3273f0ff06c77,stochastic,150,300,150-step training / 300-step held-out evaluation,546558637,1,259.96485530002974,balanced_agentic,200,0.0,0.8395572797015697,0.7998418293607171,0.0,1.0,0.1604427202984303,0.20015817063928285,0.21919558931151886,32.08854405968606,0.1604427202984303,0.05574860845503929,0.03826639542378345,2.617801047120419e-05,0.0,2.617801047120419e-05,0.13245243574611018,0.16173360457621652,0.17135541464727616,0.8336989003895642,0.8883241051764907,0.37420000000000003,0.5689481530621139,0.43102566892741495,0.0,0.0,92.91090311362547,104.77691891891891,110.20786501120239,108.94618934732276,2.672719628869735,2.427298530528867,2.421250608997605,0.05349198661792157,34303718.70008025,33165491.987596877,0.029165372443928538,2.1727455354896175,0.6877656984088246,0.6239924915577312,0.0,0.14848442382609636,0.16083478334318996,53.335052443005004,0.16582543211760678,,,,,0.34202956539389917,0.1604427202984303,0.27944651298948164,0.9999833333333333,0.003416666666666667,1.6666666666666667e-05,0.9855666666666667,0.14223833333333333,0.0,0.0,0.11170695970695971,2533.9352055464865,2747.449702966869,90.3075840017817,92.7363520290663,4.761904761904762e-05,0.1366757122038607,0.7817048611111111,2.9165994725068603e-08,1.0,0.4401333333333334,0.43573333333333336,0.009778125906758542,0.009020328482109256,0.00025,0.18319401012575207,6.459683810067002e-05,2.3444433243211585e-05,4.115310835006735e-05,4.115310835006735e-05,0.0,0.0,0.0,0.1831940101343914,0.5488002084813732,3.071607690195945e-05,0.7717382577135434,0.0036081513918351394,0.22459943038447627,2.3444433243211585e-05,4.543311467072725e-05,0.8774226589921187,0.005588811603401729,0.11690762896977176,3.546732003710304e-05,,,,,,1.5801495002067252e-05,0.6646352738674705,0.0016009051371602748,0.3337367593349487,1.1260165418529639e-05,0.21585654406033633,4.57,1.0,0.05746407860342785,0.2204566267579397,0.05
balanced_agentic,congestion_burst,PPO-Lagrangian,PPO-Lagrangian,11,471540437,1073362871,1897045420,97597eec01eed730a745,stochastic,150,300,150-step training / 300-step held-out evaluation,546558637,1,273.0232358999783,balanced_agentic,200,0.0,0.8058540180896204,0.7593586594058905,0.0,1.0,0.19414598191037954,0.2406413405941095,0.2593650616377322,38.82919638207591,0.19414598191037954,0.05907510897032146,0.051955645161290344,0.0,0.0,0.0,0.09547072805360486,0.14804435483870965,0.15749816459081906,0.8411753760794738,0.892111807504859,0.37821666666666665,0.4396029301856207,0.5603970698143793,0.0,0.0,94.6746233993283,111.33827160493827,120.5294246031746,117.22560727904049,2.0573987769695354,1.8153968585146654,1.8059885415060328,0.07695610840663196,35135804.54515205,32701999.888557628,0.028445705899657694,1.66222585732481,0.6961067546817162,0.6118026694108281,0.0,0.11429993205386307,0.12935714962718506,26.40205293865193,0.4909108692918491,,,,,0.08239662183472449,0.19414598191037954,0.33260456407240335,1.0,0.0171,0.0,0.9874333333333334,0.13340999999999997,0.0,0.0,0.04119413919413921,1864.9146885912755,2161.044055327062,96.47032114274232,93.61007660499232,0.0,0.09709374178323558,0.7917548611111112,2.8511460169701043e-08,1.0,0.05200000000000001,0.044199999999999996,0.002875109506926157,0.0025487780198836154,0.0,0.050761980697269775,2.136756104903323e-05,1.0504401953662139e-05,1.0863343245110799e-05,1.0863343245110799e-05,0.0,0.0,0.0,0.05076198069861377,0.15206930384836204,6.411176510112044e-06,0.9736797181704816,0.017468867380004038,0.00883449887105055,1.0504401953662139e-05,1.2102184888868288e-05,0.9693067811558764,0.01601023439567528,0.014651221687371048,1.9660576188408876e-05,,,,,,6.43778757144308e-07,0.9781113523262225,0.018947079330565393,0.002939699238403603,1.2253260513349025e-06,0.27562718095798844,33.09,1.0,0.08099227141388422,0.3044332451298733,0.05
balanced_agentic,congestion_burst,PPO_CMDP,PPO_CMDP,11,471540437,1073362871,1897045420,3e02143445d692cb208a,stochastic,150,300,150-step training / 300-step held-out evaluation,546558637,1,273.6423236000119,balanced_agentic,200,0.0,0.871762908503096,0.831869945776329,0.075,1.0,0.12823709149690404,0.16813005422367094,0.1961131579386995,25.64741829938081,0.12823709149690404,0.009164169908102496,-0.018443276691285784,0.00020308411376342172,0.0,0.00020308411376342172,0.19083583009189753,0.2184432766912858,0.22719407032625863,0.8335015456512203,0.8864558770318205,0.37541666666666673,0.6523405421454607,0.34745637374077604,0.0,0.0,83.56240972302439,95.15716271186439,101.72112010796221,100.5096504801026,3.0631469060037806,2.83945400949665,2.8015543190897128,0.04918734928566948,31593292.04664777,30365748.471283104,0.03165932979606926,2.4310940073277982,0.6591602444271372,0.6099783405216577,0.0,0.17017482811132112,0.1826202391843895,56.14447430544874,0.17468283840200255,,,,,0.4493198689411996,0.12823709149690404,0.24056279259729807,0.9993666666666666,0.005716666666666667,0.00011666666666666667,0.9937333333333334,0.14865666666666666,0.0,0.0,0.14912820512820513,3039.96607197109,3075.628893559845,79.92777215378031,84.08948890191402,9.523809523809524e-05,0.19608307990914361,0.7819069444444444,3.1665928672783034e-08,1.0,0.858,0.7691333333333332,0.023057097600518307,0.02153298385909518,0.020050000000000002,0.24764540360017562,0.00046700335205122743,0.00014949439534604905,0.0003175453236744004,0.0003175453236744004,0.0,0.0,0.0,0.24764540360046922,0.7418793279632294,0.00045002254242304274,0.5120528109264795,0.00544762711678638,0.48190004501896494,0.00014949439534604905,0.0007067798358831559,0.7023256160442637,0.005819516583346571,0.29094509470641505,0.00020299283009150406,,,,,,0.00018981884233930388,0.319226008424564,0.005070745845305919,0.6754181490269855,9.5277860805353e-05,0.17006352143477815,2.955,1.0,0.035156149545139286,0.17273178204789116,0.05
balanced_agentic,congestion_burst,Intent-PPO-CMDP-NoRisk,Intent-PPO-CMDP-NoRisk,11,471540437,1073362871,1897045420,7d2ee40999bb1a6afe16,stochastic,150,300,150-step training / 300-step held-out evaluation,546558637,1,275.69379829999525,balanced_agentic,200,0.0,0.81208334021352,0.7671478818848209,0.0,1.0,0.18791665978647998,0.2328521181151791,0.248382563548233,37.583331957296,0.18791665978647998,0.05878265045467581,0.053888798701298715,0.0001136414366212087,0.0,0.0001136414366212087,0.09090197958932185,0.1452084206116464,0.16090298511711584,0.833055030338371,0.8960581760653694,0.3717333333333333,0.45427282547600056,0.5456135330873783,0.0,0.0,92.88602104646601,108.28458819661348,118.03240522875817,114.80681826927312,2.083281352635351,1.8523559209949325,1.8404153108860453,0.07316329638638719,35383922.4440283,32949661.249651484,0.02824692885125914,1.6397996021338102,0.7112687528482021,0.6314757972558556,0.0,0.11573785292418616,0.13096765439450625,29.980184308637362,0.4123390065173665,,,,,0.11689939934817918,0.18791665978647998,0.3135226012713914,0.9999000000000001,0.024016666666666665,6.666666666666667e-05,0.9883333333333333,0.13737916666666666,0.0,0.0,0.04986080586080586,1920.6019957124238,2170.8779294400056,93.72385979601103,92.211772545437,0.0,0.08624866716893465,0.7789798611111113,2.8301064987498605e-08,1.0,0.12846666666666667,0.06866666666666668,0.005175894880823322,0.0027546780867100597,0.0,0.10391672780484412,0.00016658079092550182,6.631600965819387e-05,0.00010027339388668116,0.00010027339388668116,0.0,0.0,0.0,0.10391672780110107,0.3113066952358837,6.666071697574985e-05,0.9610304945979329,0.0236289053230561,0.015207623352376994,6.631600965819387e-05,0.00011160367533976344,0.9462187995054174,0.031134668665124293,0.022419274798520298,0.00011565335559819996,,,,,,2.111449742564212e-05,0.9760410043896769,0.01602239347975209,0.007899171215681433,1.6316417463959537e-05,0.26798687988892494,28.985,1.0,0.07799355082500331,0.29346963642622254,0.05
balanced_agentic,congestion_burst,Intent-PPO-CMDP,Intent-PPO-CMDP,11,471540437,1073362871,1897045420,b12c9f3440d9c22ff923,stochastic,150,300,150-step training / 300-step held-out evaluation,546558637,1,319.3185737999738,balanced_agentic,200,0.0,0.8182174907750059,0.7780958874664248,0.0,1.0,0.18178250922499412,0.2219041125335752,0.24100376654019035,36.356501844998824,0.18178250922499412,0.03903694015897001,0.021151488853935023,0.020950811126677484,0.03884851114606497,0.046106739850602964,0.09198289742223058,0.12715806070161606,0.1360529825174519,0.844095846358184,0.9093551855061881,0.3771333333333334,0.4860539948989506,0.49299519397437197,0.0,0.0,91.99309786404025,105.16141049671977,112.11060891627402,109.35939416595991,2.2807683620723975,2.0448411445993937,2.037080848111611,0.05786049399111794,35285438.97848479,33851413.46730338,0.02834726194845414,1.7843037801609098,0.7159955072156091,0.633541098581822,0.0,0.1267093534484665,0.13686606079768093,46.045025140905125,0.19905134457605125,,,,,0.29326753826057744,0.18178250922499412,0.2998678321453918,0.9865999999999999,0.03676666666666667,0.0133,0.9931833333333333,0.14713833333333334,0.6930833333333334,0.04969833333333333,0.08984615384615385,2069.683659849663,2394.429355576949,90.03994626976576,92.57735511000395,0.014761904761904763,0.0867673495370158,0.7432145833333333,2.8357993336928113e-08,1.0,0.21613333333333334,0.12626666666666667,0.007145390420392037,0.0058442770770573025,0.00045,0.24925983871831467,0.3918182741848984,0.12171188816064589,0.27476693343370623,0.3788344701728501,0.10828793255276939,0.10406753673914385,0.10815000000000001,0.20396819556255763,0.6110341062253258,8.677432663762082e-05,0.8792067333314083,0.037008888091410466,0.07008966668284947,0.013607937567694232,0.00014727866221373484,0.8538487176610551,0.040431605553240234,0.08943923383662636,0.016133164286864607,,,,,,2.5457852328941485e-05,0.9049051250510278,0.033540228113314516,0.05048037379546484,0.011048815187863855,0.2619933987529114,16.655,1.0,0.06959944542976779,0.2785253257473065,0.05
balanced_agentic,congestion_burst,Intent-PPO-CMDP-FullPolicy-NoShield,Intent-PPO-CMDP,11,471540437,1073362871,1897045420,b12c9f3440d9c22ff923,stochastic,150,300,150-step training / 300-step held-out evaluation,546558637,1,319.3185737999738,balanced_agentic,200,0.0,0.5361984968653764,0.32986957518067883,0.0,1.0,0.46380150313462365,0.6701304248193211,0.7065746005167473,92.76030062692473,0.46380150313462365,-0.10556771023379646,-0.17723689862542955,0.16556771023379646,0.23723689862542952,0.24656858636959744,0.1067158156711729,0.14793382429208587,0.15934017316700266,0.8447477034093162,0.8989847242984474,0.3918666666666666,0.4097577355243071,0.42467455424189654,0.0,0.0,80.7127966644581,95.77635692201991,101.43305269355314,99.31894828640058,1.9640761966486318,1.6821864276681373,1.6884982131508703,0.07923602946816045,34470611.45907051,32633909.145924754,0.02900903733037753,1.3796067152091755,0.709059030875909,0.6026066581526864,0.0,0.10911534425825732,0.12264322727829807,25.873655195816035,0.41761943838821997,,,,,0.43305510847586887,0.46380150313462365,0.7367178321862338,0.8952666666666667,0.033549999999999996,0.10468333333333334,0.9884666666666666,0.14926916666666665,0.0,0.0,0.1499120879120879,1819.4133070736093,2041.9715987274922,70.22193736811138,85.76334798322361,0.07971428571428571,0.1089328676145947,0.6710187499999999,2.9039900838659618e-08,1.0,0.27379999999999993,0.19233333333333336,0.007486525218634909,0.006035422024081895,0.0007833333333333334,0.2499623736339638,0.38974182331112883,0.10534502238973509,0.2889157790680472,0.2889157790680472,0.0,0.0,0.0,0.24996237362940954,0.7488203498557833,8.289280109470134e-05,0.7976106404868554,0.03363883573716577,0.06332260858514902,0.10534502238973509,0.00013778910726227833,0.7577703030937494,0.03605004993978565,0.0783334440124338,0.12770841384676904,,,,,,2.7259631757089765e-05,0.8379857475093992,0.031195256243235558,0.048110285434008054,0.08268145118160003,0.36045121491289367,14.995,1.0,0.5137838539921284,0.37693981434097396,0.05013946202601942
balanced_agentic,congestion_burst,MaxWeight,MaxWeight,12,1729653623,2128646545,1855510644,,stochastic,150,300,150-step training / 300-step held-out evaluation,2003409612,0,1.5600002370774746e-05,balanced_agentic,200,0.0,0.8172492864358386,0.793038098846507,0.005,1.0,0.1827507135641614,0.206961901153493,0.21099332526325482,36.550142712832276,0.1827507135641614,0.05819399086789547,0.048211948391922235,0.0,0.0,0.0,0.11410283181681433,0.15178805160807776,0.17225669266314458,0.8708237368290976,0.9153975846940631,0.38416666666666666,0.37845191249249277,0.6215480875075073,0.0,0.0,78.81750486654026,91.68282484635643,95.00513513513512,94.27180931554082,2.040097106722277,1.883519281557487,1.869470792955898,0.05373646488161798,15468716.106339801,14507475.745272897,0.06465816741682444,3.1190200625728695,0.5093312571516009,0.4625796941969935,0.006474459720306386,0.1133387281512376,0.12251626709014735,-7.922146231598604,1.4487203284862098,,,,,0.12796375935885063,0.1827507135641614,0.34638743799409594,1.0,0.946,0.0,0.9471333333333334,0.09095416666666668,0.0,0.0,0.15705494505494502,1721.8071062157355,2211.484030071953,79.55026372935139,78.56422226868925,0.0,0.11450343776626486,0.8566451388888887,6.474034975696328e-08,1.0,0.4059333333333333,0.21413333333333334,,,,,,,,,,,,,,,,,,,,,,,,,,,,,,,,,,0.29018324271599194,60.565,1.0,0.06728313747366052,0.34027003353518637,0.05
balanced_agentic,congestion_burst,PPO,PPO,12,1729653623,2128646545,1621075116,2fb07c1ee95b181950c4,stochastic,150,300,150-step training / 300-step held-out evaluation,2003409612,1,284.739809300052,balanced_agentic,200,0.0,0.8470425027739756,0.8031413970228793,0.01,1.0,0.15295749722602447,0.19685860297712063,0.2130003344024715,30.591499445204892,0.15295749722602447,0.058869832326807675,0.052565872057397496,0.00029838416987845354,0.0048854026228704476,0.00547987851952029,0.11120255250738889,0.14743412794260252,0.1555935246385329,0.8198731856038467,0.8798064180765213,0.36129999999999995,0.5186291761927551,0.4810724396373665,0.0,0.0,88.24138618796923,101.31584737827716,110.00484189723318,106.20859407537446,2.513485377438231,2.280240119171841,2.2689431509354896,0.056643113507520534,29597464.90639486,28151365.911873862,0.03380617670172404,2.249396404990579,0.7278744077426158,0.6544879933857112,0.0,0.13963807652434615,0.1523996282582705,52.81530074925967,0.1746727042226256,,,,,0.313210529367685,0.15295749722602447,0.26646071784142855,0.9991666666666665,0.019033333333333333,0.00018333333333333334,0.9933500000000001,0.1488775,0.0,0.0,0.11832234432234433,2286.110373954685,2635.918071621676,85.95297984103986,88.92551697870054,0.0003333333333333334,0.09975792370412155,0.7677770833333334,3.381471346733433e-08,1.0,0.2715333333333333,0.2554666666666667,0.024411725212898173,0.023069806187356788,0.0,0.18628134275359995,0.0005529228146842488,0.00015965283010079917,0.0003933122799341935,0.0003933122799341935,0.0,0.0,0.0,0.18628134276788783,0.5580490304907348,0.0006445354946243643,0.8369151955201761,0.018697981007182687,0.1435826351479161,0.00015965283010079917,0.0010178620021317076,0.7741091180272645,0.028194151079606957,0.1964433247744492,0.00023554411654780067,,,,,,0.00026619789305651977,0.9005643076103081,0.009074345564658758,0.09001240606330876,8.274286866793183e-05,0.21725526288217817,21.165,1.0,0.04479034878145839,0.2371602531031355,0.05
balanced_agentic,congestion_burst,PPO-Lagrangian,PPO-Lagrangian,12,1729653623,2128646545,1621075116,5ff4062933b4dfa3978e,stochastic,150,300,150-step training / 300-step held-out evaluation,2003409612,1,266.70855040004244,balanced_agentic,200,0.0,0.8107842181481851,0.7704099003738688,0.0,1.0,0.18921578185181487,0.22959009962613114,0.24256122108894265,37.843156370362976,0.18921578185181487,0.059297457320678204,0.05467358446692245,0.0005581718183946567,0.005265957446808509,0.006065058602078307,0.07361780236462781,0.1153427419354838,0.13183151273490334,0.843894602786882,0.8917709211808692,0.36895000000000006,0.45075934804189954,0.5486824801397057,0.0,0.0,101.16327835129468,116.66183605720123,125.8742111977321,122.52496326434921,2.204249394801548,1.9474041078393969,1.9192030943527552,0.07349793453725362,29337799.73660982,27847939.988860063,0.03409743623100522,2.2810069349302298,0.7153071041796919,0.6213820143027462,0.0,0.12245829971119707,0.13658997432503084,35.630163923052535,0.30330584737187033,,,,,0.18082608514290993,0.18921578185181487,0.31464601449266527,0.9993166666666667,0.06948333333333334,0.00035000000000000005,0.97185,0.1272916666666667,0.0,0.0,0.06017582417582418,1945.5084974290253,2343.571416463674,102.80374946959037,99.97865583519848,0.00042857142857142855,0.08628752898086145,0.7992131944444444,3.412168984849652e-08,1.0,0.2336,0.2218,0.006139591652481079,0.005691595252759391,0.0,0.1087843182734908,0.0010000264006793185,0.0003240481092182377,0.0006760875755446069,0.0006760875755446069,0.0,0.0,0.0,0.1087843182654876,0.32588869308449014,0.00036369571912669415,0.9245239196864895,0.06815417013143796,0.006634166353727664,0.0003240481092182377,0.00025280340497602674,0.9783168368019287,0.0184285649416638,0.0027396827355304905,0.0002621121159009252,,,,,,0.0004760765207156256,0.8700089499923195,0.1185472331089943,0.010580924919820106,0.0003868154581505477,0.2732671900949182,23.52,1.0,0.08471905120403575,0.29420025098968056,0.05
balanced_agentic,congestion_burst,PPO_CMDP,PPO_CMDP,12,1729653623,2128646545,1621075116,c2c338dd9800f45e9834,stochastic,150,300,150-step training / 300-step held-out evaluation,2003409612,1,270.83158040000126,balanced_agentic,200,0.0,0.8839800045433958,0.8414343523755711,0.3,1.0,0.11601999545660409,0.1585656476244289,0.17140804273564433,23.203999091320817,0.11601999545660409,-0.003115299750471082,-0.02867139288862768,2.6455026455026453e-05,0.0,2.6455026455026453e-05,0.20311529975047107,0.22867139288862767,0.23531652963189012,0.8319104424148287,0.8903958548591058,0.3656333333333333,0.661842405200903,0.3381311397726421,0.0,0.0,79.92604631281475,93.67187063159233,100.13202225719422,98.31145273384979,3.2698078045609105,3.008665472411682,3.0045749665051584,0.04440365152699892,25707632.221423425,24645776.452203043,0.03891026317915284,3.0506752553728864,0.6568668516524835,0.6016720082361169,0.0,0.18165598914227282,0.19333656805276508,62.64023774900316,0.17961587371920698,,,,,0.42748982907591987,0.11601999545660409,0.22308882129356164,0.99995,0.0006,1.6666666666666667e-05,0.9941,0.1504933333333333,0.0,0.0,0.1368424908424908,3234.570366110958,3288.7818098801154,76.06223139673817,80.86798988783899,0.0,0.2060018761345406,0.7858756944444444,3.892088094063935e-08,1.0,0.6048,0.5868,0.03884049999066355,0.037926598681459804,0.055216666666666664,0.2353005487380088,4.152630475269487e-05,1.1546893698367749e-05,2.9979711424289005e-05,2.9979711424289005e-05,0.0,0.0,0.0,0.23530054875419915,0.7048974478879186,3.3250177985235845e-05,0.4406991044818852,0.0005219557316819968,0.5587341427147492,1.1546893698367749e-05,4.726549145158577e-05,0.5880136432677148,0.0005293668835343207,0.41139228673539674,1.743762190263383e-05,,,,,,1.904673950591478e-05,0.29140718933651444,0.0005144451012813196,0.7080537417273814,5.577095316863198e-06,0.15222536541850673,11.48,1.0,0.02816472016003993,0.1658324876163266,0.05
balanced_agentic,congestion_burst,Intent-PPO-CMDP-NoRisk,Intent-PPO-CMDP-NoRisk,12,1729653623,2128646545,1621075116,53b75815fc19ab3c700d,stochastic,150,300,150-step training / 300-step held-out evaluation,2003409612,1,267.30905749998055,balanced_agentic,200,0.0,0.846646629999897,0.8043235939489337,0.0,1.0,0.153353370000103,0.19567640605106632,0.20892838799015467,30.670674000020597,0.153353370000103,0.05740009329748881,0.043585980052344916,2.551020408163265e-05,0.0,2.551020408163265e-05,0.12200380933125629,0.15641401994765508,0.16808763684856395,0.8261172246988815,0.8884960207883619,0.3658166666666666,0.5250968711162323,0.4748776186796861,0.0,0.0,90.91340750437531,105.95957446808511,110.1888677059195,109.35777099392651,2.576381925856384,2.3262435178488947,2.3201735067800877,0.056034687209207096,29082367.60360455,27787527.159968436,0.03440342668300444,2.4174702374772368,0.7089374543974181,0.630495364308382,0.0,0.14313232921424357,0.15467364867341726,52.91963719857135,0.18625674277625257,,,,,0.33555267499937586,0.153353370000103,0.2640465009283657,0.9999333333333333,0.019966666666666667,1.6666666666666667e-05,0.9918333333333333,0.1506533333333333,0.0,0.0,0.08427106227106228,2398.4250051291333,2672.2048831710563,89.2507799291495,90.75366022496344,0.0,0.12109836915491118,0.7750694444444445,3.440911367496577e-08,1.0,0.1532,0.09093333333333332,0.008064133376695416,0.003949472284081158,0.0,0.26572089602227306,0.00014276466635430345,3.9707918717880286e-05,0.00010306115603910738,0.00010306115603910738,0.0,0.0,0.0,0.26572089601282856,0.7960286639433144,2.770854906970016e-05,0.8146131607069976,0.019077380993662105,0.16624204183155278,3.9707918717880286e-05,4.525473186569221e-05,0.8162885853075278,0.023861098229254734,0.15974404868995123,6.101304140042606e-05,,,,,,9.926847041547132e-06,0.8129152471856547,0.014229452788464205,0.17282725635760535,1.8116821234226494e-05,0.2178297678353224,16.95,1.0,0.049112167667646575,0.2346888252497234,0.05
balanced_agentic,congestion_burst,Intent-PPO-CMDP,Intent-PPO-CMDP,12,1729653623,2128646545,1621075116,fc604e43c5d11a5118bd,stochastic,150,300,150-step training / 300-step held-out evaluation,2003409612,1,320.63457950000884,balanced_agentic,200,0.0,0.881144171978695,0.8303332113433581,0.24,1.0,0.11885582802130495,0.16966678865664186,0.18472492034708718,23.77116560426099,0.11885582802130495,-0.0449244929454459,-0.0686220162462153,0.012262957280031319,0.026774695892342937,0.02996357598218759,0.2449244929454459,0.2686220162462153,0.2776047886044025,0.8242492687754818,0.8996652857695213,0.37056666666666666,0.6813228966285857,0.30641414609138307,0.0,0.0,66.57488920606912,81.02087622315415,86.04406983050843,84.57551124158063,3.422134678914714,3.2005479414646736,3.160503947453887,0.04269993269243924,22563219.579702277,21721668.424907576,0.04432210784815228,3.029348308640212,0.6466996527644546,0.5957780308363151,0.0,0.19011859327303968,0.2018719562305437,53.06448849753731,0.22259818395069533,,,,,0.4005025505800465,0.11885582802130495,0.22889384501940094,0.99065,0.06798333333333334,0.007733333333333333,0.9952833333333334,0.14959499999999998,0.63085,0.04156499999999999,0.10663736263736263,3388.576532403884,3440.204450112853,59.82723848305298,69.86942278528849,0.009190476190476192,0.24426621317641722,0.7454777777777777,4.434432152367461e-08,1.0,0.25293333333333334,0.16873333333333335,0.029710180977304334,0.021613458714410057,0.0,0.40435439283864716,0.17394442416061115,0.04784047436047475,0.1285237494444332,0.16702020715547342,0.04037016827310149,0.038496457711040176,0.04025,0.37397446875424156,1.12032738553229,0.0015805757328668118,0.11454133778772996,0.0677252670715352,0.8085380412779304,0.007614778129937536,0.0015751687942719022,0.08936897360159599,0.05753908895640421,0.8429491636186472,0.008567605029080697,,,,,,0.0015860552478187007,0.14005158605689927,0.0780481724096881,0.7736650246776068,0.006649161607987084,0.13077796570877243,25.75,1.0,0.0632614137950735,0.15332158144139338,0.05
balanced_agentic,congestion_burst,Intent-PPO-CMDP-FullPolicy-NoShield,Intent-PPO-CMDP,12,1729653623,2128646545,1621075116,fc604e43c5d11a5118bd,stochastic,150,300,150-step training / 300-step held-out evaluation,2003409612,1,320.63457950000884,balanced_agentic,200,0.0,0.8408882420942628,0.7640960176627378,0.035,1.0,0.15911175790573726,0.2359039823372622,0.26618293756300304,31.82235158114745,0.15911175790573726,-0.04827027162649753,-0.07405533892420277,0.08198399899960611,0.12002409638554215,0.13030396658305707,0.2456215355954227,0.27083475832193343,0.2807669142036434,0.8257578663475712,0.8952734686432109,0.37178333333333335,0.648638806015895,0.26937719498449897,0.0,0.0,62.501499741456406,76.90808183949775,81.84273135906925,80.46076591113533,3.259242673201146,3.016083041145706,3.0077612768716095,0.04588449832455615,22472282.429254588,21573414.865712453,0.04449983019522395,2.7194854833825435,0.635058006637542,0.5839242204823378,0.0,0.18106903740006366,0.19515374372358407,44.858481657502104,0.2151277027904434,,,,,0.4749310980985282,0.15911175790573726,0.28214781492447916,0.9472999999999999,0.06411666666666667,0.05101666666666667,0.99385,0.14849999999999997,0.0,0.0,0.12146520146520148,3232.539138887176,3273.6214993702074,54.05749582075687,66.68274935146171,0.052142857142857144,0.24794133150143502,0.7142256944444445,4.4526363668670464e-08,1.0,0.24953333333333333,0.16200000000000003,0.02935599450256754,0.02124822539210496,0.0,0.4019318900653939,0.17764785323322116,0.05142879601215937,0.12896131565438437,0.12896131565438437,0.0,0.0,0.0,0.40193189005374613,1.2040803348045617,0.0015633125939860087,0.10597593519376476,0.06340787729817345,0.7776240789019164,0.05142879601215937,0.0015948919117931943,0.08422319855696461,0.05459440720801485,0.8050234129449962,0.05456408937823104,,,,,,0.001531309392718324,0.1280206548726696,0.07233964900028048,0.7498569685629561,0.04825141817137533,0.14544592769607567,19.795,1.0,0.14449831537538094,0.16621978031150397,0.05
balanced_agentic,congestion_burst,MaxWeight,MaxWeight,13,1025721121,372372750,1935381396,,stochastic,150,300,150-step training / 300-step held-out evaluation,1279880031,0,1.4899997040629387e-05,balanced_agentic,200,0.0,0.8294292616341383,0.8026608638552127,0.01,1.0,0.17057073836586162,0.19733913614478726,0.20376365481661796,34.114147673172326,0.17057073836586162,0.057267230991545154,0.04096704893202684,0.0,0.0,0.0,0.12020309463219313,0.15903295106797316,0.17568291247500561,0.8584472723657778,0.9078761027118633,0.3831333333333333,0.40446788688698004,0.5955321131130199,0.0,0.0,74.8360115104578,85.96898061288303,94.19286872586872,91.07159232079661,2.105984568879155,1.9160758232809505,1.9118922434516505,0.057340052057607296,17583976.46627639,16631727.947156962,0.056878653536207316,2.6892822132892547,0.5069562846112531,0.46059970105918463,0.008930290868596934,0.11699914271550864,0.12804987465754444,-5.9441239121480836,2.1688382364165695,,,,,0.13955883500456565,0.17057073836586162,0.3269250383792275,1.0,0.9389833333333333,0.0,0.9467833333333334,0.09088416666666667,0.0,0.0,0.17865934065934064,1765.3521216413587,2289.4020404687385,75.22456995776403,75.07079058366328,0.0,0.12327357929412602,0.8505701388888889,5.694478640958194e-08,1.0,0.38266666666666665,0.24220000000000003,,,,,,,,,,,,,,,,,,,,,,,,,,,,,,,,,,0.27280619770698294,57.3,1.0,0.05999640019283119,0.32065523217378866,0.05
balanced_agentic,congestion_burst,PPO,PPO,13,1025721121,372372750,535536204,3cabdc2e2c3a75659a16,stochastic,150,300,150-step training / 300-step held-out evaluation,1279880031,1,262.1022107999888,balanced_agentic,200,0.0,0.8819466196510051,0.8415883634975865,0.24,1.0,0.11805338034899492,0.15841163650241347,0.1667917768917474,23.610676069798984,0.11805338034899492,-0.0677045024540643,-0.09349259722656658,0.00023206961906480444,0.0,0.00023206961906480444,0.2677045024540643,0.2934925972265666,0.3003901027228129,0.816470201502089,0.8812807904475088,0.3604833333333333,0.7172567366145483,0.282511193766387,0.0,0.0,64.92932352593385,78.07740277694293,85.49268804243006,83.11803679444756,3.308238033120405,3.0807610126935976,3.0614685219642492,0.0411862703749704,24270602.9149407,23362819.48002045,0.04120813690864821,2.6554728337979627,0.6656297147072007,0.6029624927148785,0.0,0.18379100184002248,0.1961451227322906,39.38181633510537,0.2850666803651605,,,,,0.2697121029918,0.11805338034899492,0.21752084454635828,0.9994666666666667,0.037033333333333335,0.00015,0.9937166666666667,0.15844416666666664,0.0,0.0,0.1206007326007326,3297.770687994869,3313.8742958803077,55.461035647424396,69.81901747768538,0.00019047619047619048,0.27190189448112234,0.6971055555555555,4.1219998556514544e-08,1.0,0.3472,0.22119999999999998,0.0197823468526847,0.012572804107774442,0.011416666666666665,0.39897292665602097,0.0006341611077661847,0.00013066623849866815,0.0009789496572492349,0.0009789496572492349,0.0,0.0,0.0,0.39897292666491424,1.1952160726843735,0.00041705799496206746,0.08162070954412569,0.03704077771052058,0.8807907885118931,0.00013066623849866815,0.00046206639751329796,0.1279326079943821,0.04467257620838188,0.8268054356061438,0.0001273137935788827,,,,,,0.0003714454527792769,0.03468717487306043,0.02930653896436584,0.9355007770271153,0.00013406368267912183,0.1261099154128815,10.975,1.0,0.07783464792021871,0.13932843203484344,0.05
balanced_agentic,congestion_burst,PPO-Lagrangian,PPO-Lagrangian,13,1025721121,372372750,535536204,454f28c68eb87e33907f,stochastic,150,300,150-step training / 300-step held-out evaluation,1279880031,1,254.03850810002768,balanced_agentic,200,0.0,0.8732684941713458,0.8326950401503852,0.105,1.0,0.12673150582865406,0.16730495984961472,0.17480919915895315,25.34630116573081,0.12673150582865406,0.03417587671523589,0.0042620137299771215,8.127016251989138e-05,0.0,8.127016251989138e-05,0.1653960364521221,0.19573798627002287,0.20272983457424454,0.833990367770998,0.892161678293709,0.36949999999999994,0.6143717893229895,0.3855469405144907,0.0,0.0,83.41542569934907,96.76666666666664,101.7830357142857,100.5851052764803,2.9216259602719403,2.6762058295198923,2.667471564143283,0.04871314385213576,28604035.307900637,27415358.845674668,0.034971570428218066,2.5568625087430363,0.6663134232954704,0.6183741811772866,0.0,0.1623125533484411,0.17413805908416086,57.960125314970554,0.16826518456887823,,,,,0.5898813325648612,0.12673150582865406,0.21398470929716396,0.9999166666666668,0.11981666666666665,5e-05,0.9897333333333332,0.14491166666666666,0.0,0.0,0.25751648351648354,2867.1629034118528,2950.9522216581404,80.38914838374342,84.49492136531377,0.0,0.16605840087342508,0.7792694444444445,3.498229809758791e-08,1.0,0.4050666666666667,0.3254666666666667,0.017324824875253136,0.013687646927280266,0.007449999999999999,0.33498851305705357,9.764350326386914e-05,3.2367179576164035e-05,6.527797223996314e-05,6.527797223996314e-05,0.0,0.0,0.0,0.3349885130584307,1.0035358998390034,3.033345850630617e-05,0.5426877812708113,0.11789280538745249,0.3393567127036537,3.2367179576164035e-05,3.9772229366228286e-05,0.4841249195268148,0.19476378371857792,0.32102355431468643,4.797021055471612e-05,,,,,,2.0767992735512623e-05,0.6020367216959355,0.039990001843828754,0.3579359537555601,1.6554711940181715e-05,0.1789949622733099,8.16,1.0,0.032109817898811996,0.18941636688205787,0.05
balanced_agentic,congestion_burst,PPO_CMDP,PPO_CMDP,13,1025721121,372372750,535536204,a070e26e29e031606ad8,stochastic,150,300,150-step training / 300-step held-out evaluation,1279880031,1,277.9400926999515,balanced_agentic,200,0.0,0.8860402624632618,0.8499609675991813,0.29,1.0,0.11395973753673819,0.1500390324008187,0.16519188103051535,22.791947507347636,0.11395973753673819,0.047245721781963984,0.019096908561678207,8.741266918062498e-05,0.0,8.741266918062498e-05,0.14960343008473195,0.1809030914383218,0.18673797577923368,0.8100942077847287,0.8721746276629144,0.35888333333333333,0.6072396294390887,0.3926729578917306,0.0,0.0,76.35604020807732,89.06800171526586,94.20893040293038,92.96242397768651,2.8261058704075954,2.5784004678917203,2.560464279436166,0.05085826532584191,31172701.428506374,29743006.337255526,0.03210210818965043,2.0781966189799115,0.691311288624494,0.6324765917420979,0.0,0.15700588168931087,0.16937164483556308,65.02449748316646,0.13712098144263163,,,,,0.39302394243487127,0.11395973753673819,0.20944968485602883,0.9999000000000001,0.008016666666666665,5e-05,0.9901833333333334,0.15007416666666665,0.0,0.0,0.11238095238095239,2668.2316707019345,2911.1150548644887,69.69108923100201,80.23309468148774,0.00014285714285714287,0.14830145861559985,0.7393069444444444,3.210365264449658e-08,1.0,0.6540666666666667,0.3612,0.033657236218821135,0.024391598719714726,0.021166666666666667,0.2474737240919051,0.00024214378873849477,5.989583928947167e-05,0.0001831832116660792,0.0001831832116660792,0.0,0.0,0.0,0.24747372408258264,0.7413650220907883,5.342395717527331e-05,0.7104982585332101,0.007915795144892837,0.2814726265254324,5.989583928947167e-05,8.370385541374545e-05,0.6192495883978936,0.011445187678604337,0.3691428212167834,7.869885130494242e-05,,,,,,2.273761734970758e-05,0.8029717430327588,0.004339028214755679,0.19262565069728482,4.084043785097448e-05,0.16312670322173012,19.53,1.0,0.02001573233346432,0.18170111546085665,0.05
balanced_agentic,congestion_burst,Intent-PPO-CMDP-NoRisk,Intent-PPO-CMDP-NoRisk,13,1025721121,372372750,535536204,4606dec7f3efe1c94a9c,stochastic,150,300,150-step training / 300-step held-out evaluation,1279880031,1,283.62103929999284,balanced_agentic,200,0.0,0.9086851783289555,0.8746261628007072,0.66,1.0,0.09131482167104459,0.12537383719929288,0.1319980526004865,18.262964334208917,0.09131482167104459,-0.04774185464324229,-0.07084478021978019,2.5125628140703518e-05,0.0,2.5125628140703518e-05,0.24774185464324228,0.2708447802197802,0.27630398030995623,0.7944848801322314,0.86295215218304,0.35633333333333334,0.7682025015199394,0.23177237285191965,0.0,0.0,60.983386076165516,73.48681609195403,74.12751944502837,74.89441989292226,3.603057593286024,3.367124127398845,3.349776684459175,0.041825728599037305,25339590.176909465,24465454.215249106,0.03946929835624913,2.6017370385322205,0.6576479975916755,0.6022062847178278,0.0,0.200169866293668,0.21321773060558136,59.25322196643186,0.15713947178902263,,,,,0.2848594572721327,0.09131482167104459,0.18841873867341513,0.9997166666666666,0.06466666666666666,1.6666666666666667e-05,0.9930166666666668,0.15023916666666665,0.0,0.0,0.10597802197802199,3587.607956775427,3611.376628330192,51.77218857516654,65.60082143002454,0.0,0.2542265838514471,0.7181020833333334,3.948229857289157e-08,1.0,0.35986666666666667,0.21746666666666667,0.014728660685323991,0.01071185274816976,0.002333333333333333,0.3237779232503462,0.00036497183456038815,9.204239746135967e-05,0.0005793531993288647,0.0005793531993288647,0.0,0.0,0.0,0.32377792325773386,0.9699519741674808,0.0003239593883677283,0.06059525585724956,0.06450017922726504,0.8744885631296563,9.204239746135967e-05,0.0004994113142489639,0.08395722230838686,0.09430401951353665,0.8211069925746078,0.00013235428921963668,,,,,,0.0001461524030786907,0.0369197059638151,0.03429628739352673,0.9285866648330946,5.1189406484850744e-05,0.09923566736965406,10.74,1.0,0.05054540654720835,0.11467287905755921,0.05
balanced_agentic,congestion_burst,Intent-PPO-CMDP,Intent-PPO-CMDP,13,1025721121,372372750,535536204,09d0d30da2ff448dad2f,stochastic,150,300,150-step training / 300-step held-out evaluation,1279880031,1,309.3859143999871,balanced_agentic,200,0.0,0.895210099013353,0.8579267363312728,0.445,1.0,0.10478990098664695,0.14207326366872716,0.15186284793416777,20.95798019732939,0.10478990098664695,-0.04291619727154262,-0.06428614273356946,0.03654701995359828,0.05789473684210526,0.062014001972632564,0.24291619727154262,0.2642861427335695,0.27330808195652223,0.830124198831615,0.8971919908803805,0.3685666666666666,0.7382373590331162,0.22521562101328552,0.0,0.0,62.29017973790506,74.02867606412383,80.31059537733222,78.51574782882392,3.4919545734198993,3.212619862601245,3.194751241346087,0.04518656746837779,25450293.137243003,24439083.957294255,0.039296397417707636,2.5642606116539186,0.641523466834246,0.581975129018751,0.0,0.19399747630110553,0.2064245442792128,63.466663901576105,0.1467057337529571,,,,,0.4007617054039102,0.10478990098664695,0.194493078164273,0.9775333333333333,0.07376666666666667,0.022399999999999996,0.9917833333333335,0.14968333333333333,0.68865,0.04784416666666667,0.14701098901098902,3458.3210037647923,3510.0649570803425,53.21672548383233,66.71674447715331,0.030619047619047615,0.2481785075550755,0.6727541666666668,3.931528784777399e-08,1.0,0.36060000000000003,0.3024,0.015247155830411231,0.010972970283904745,0.00055,0.29604981992748625,0.6463381264507249,0.22087979005690003,0.43212384887631783,0.6250650953180081,0.19917720327414748,0.1929412464416903,0.19946666666666665,0.2921639500918908,0.8752449744592947,0.00017242798637291063,0.0859413822537649,0.07265695536132123,0.8194138375657513,0.0218153968327898,0.00023184470941310566,0.11682903604018226,0.11346329832979293,0.7487234043226607,0.020752416597951007,,,,,,0.00011221372342613577,0.0546391290876641,0.03130287624562174,0.8910531356845879,0.022892645258700255,0.1267010219701657,12.95,1.0,0.0460701675850463,0.1419567546302193,0.05
balanced_agentic,congestion_burst,Intent-PPO-CMDP-FullPolicy-NoShield,Intent-PPO-CMDP,13,1025721121,372372750,535536204,09d0d30da2ff448dad2f,stochastic,150,300,150-step training / 300-step held-out evaluation,1279880031,1,309.3859143999871,balanced_agentic,200,0.0,0.15533882772902127,0.0,0.0,1.0,0.8585549642468897,1.079353346828843,1.1553251562526872,171.71099284937793,0.8585549642468897,-0.3386579770999478,-0.46897312365542526,0.3986579770999478,0.528973123655425,0.5566144201739291,0.2573509006172786,0.2846150288852841,0.2982081693954572,0.8457663753639837,0.922199586629788,0.39840000000000003,0.49550292158700543,0.10583910131304687,0.0,0.0,47.46030210355916,61.040109890109875,64.977845410628,63.82746773072391,2.4181858270721954,1.96301279297429,1.9224273450369043,0.12353879799580371,24117546.901275612,22837048.353777986,0.04140623263197328,1.4256310389945948,0.5748251735379505,0.5121855622334094,0.00016200861326739395,0.1343436570595664,0.16387757197100536,10.867184924432665,1.2344305611688162,,,,,0.6582666900011276,0.8585549642468897,1.4772076209848262,0.74965,0.07195,0.24281666666666665,0.9765666666666668,0.16597,0.0,0.0,0.19854945054945056,2360.981983745942,2448.9878965555627,35.71044426942697,52.788085034151166,0.25566666666666665,0.253822223106838,0.46488680555555545,4.151279716027766e-08,1.0,0.4692,0.40026666666666666,0.01627391069551072,0.011812869884159442,0.0007833333333333334,0.3300917432105274,0.696948281613353,0.23981140596026532,0.4811038114016107,0.4811038114016107,0.0,0.0,0.0,0.330091743016241,0.9888664877874433,0.007379350090968772,0.08054768739094452,0.07220247030154209,0.6000590862562794,0.23981140596026532,0.013438407338388698,0.09770197270762786,0.09718633858101888,0.5057448706126446,0.28592841076032005,,,,,,0.0012389632160667006,0.06316314321095003,0.04688324808542802,0.6956392645260031,0.19307538096155213,0.5067867367352386,5.84,1.0,1.2557262372917877,0.5061647420193974,0.07674268167751996
balanced_agentic,congestion_burst,MaxWeight,MaxWeight,14,1103526060,1905340783,5320529,,stochastic,150,300,150-step training / 300-step held-out evaluation,501583040,0,1.1600088328123093e-05,balanced_agentic,200,0.0,0.8358867186136734,0.8085843531583224,0.015,1.0,0.1641132813863267,0.1914156468416775,0.19607224686628874,32.82265627726534,0.1641132813863267,0.056413184988282926,0.034287148594377516,0.0,0.0,0.0,0.12396423939498781,0.16571285140562247,0.17638419275120712,0.8556219871205414,0.9022763454514591,0.3878666666666667,0.40923427845755783,0.5907657215424422,0.0,0.0,74.75232678641602,84.90251282051281,90.13155923344947,88.35246041238008,2.1732502398568267,1.9838472379378898,1.9632349957812554,0.06240045751406016,20781517.044920683,19469791.191742975,0.04811358180879138,2.344894971779819,0.5183578644143852,0.467794995619122,0.005111625667889923,0.12073612443649036,0.1343539290482587,-1.3099997596206483,11.863299929591657,,,,,0.14717452500557202,0.1641132813863267,0.31790906188218593,1.0,0.9336500000000001,0.0,0.94625,0.09191416666666667,0.0,0.0,0.183010989010989,1820.628089784058,2363.123705280624,73.48539391723291,75.47174162433576,0.0,0.12826475851182007,0.8530534722222223,4.819430545808562e-08,1.0,0.4093333333333333,0.2628666666666667,,,,,,,,,,,,,,,,,,,,,,,,,,,,,,,,,,0.26260057120159047,59.335,1.0,0.05291057848833498,0.31144352714000534,0.05
balanced_agentic,congestion_burst,PPO,PPO,14,1103526060,1905340783,1823775964,0a65909e93fb2c778ea0,stochastic,150,300,150-step training / 300-step held-out evaluation,501583040,1,272.0849051999976,balanced_agentic,200,0.0,0.8949437976808334,0.8579950823251197,0.4,1.0,0.10505620231916651,0.14200491767488027,0.14984030813898402,21.011240463833303,0.10505620231916651,-0.028931743506404182,-0.050759027266028,0.0006751139879309406,0.005467499924523744,0.006351046793715539,0.22893174350640422,0.250759027266028,0.2555227124390391,0.8100932133190445,0.8661157310877485,0.3673166666666666,0.6728162875218954,0.32650859849017366,0.0,0.0,67.17594059725036,80.14067005937234,83.35625032258065,82.64829860563837,3.204395629315776,2.97543827478915,2.961191699966027,0.04521428362290204,27363760.517614435,26367216.281444862,0.036549980098704464,2.3603058695538266,0.6679630403692923,0.6209319177138228,0.0,0.17802197940643197,0.19174194536357395,50.24748960880161,0.2205290755999909,,,,,0.5058080669026197,0.10505620231916651,0.19751277263019218,0.9993666666666666,0.2734166666666667,0.0004166666666666667,0.9944333333333334,0.14867916666666667,0.0,0.0,0.12024908424908425,3062.706792459748,3280.6896183920985,60.15410697695407,70.84101505017766,0.00014285714285714287,0.23015513017276837,0.7166777777777777,3.6562511890625327e-08,1.0,0.38273333333333326,0.15633333333333332,0.0352318366185162,0.015870921490267986,0.0,0.4285853117103914,0.0014432833911820998,0.0003663210223877616,0.0011519084241985477,0.0011519084241985477,0.0,0.0,0.0,0.42858531170488606,1.283926850245524,0.0001850394550931222,0.0693935223321165,0.2754549071668035,0.6546002100235992,0.0003663210223877616,0.00015311572739802476,0.0516788966725273,0.26447414032424305,0.6834098701756668,0.0002839771001647972,,,,,,0.00021739168920023436,0.08734592820190151,0.2865830668528882,0.6254038430238528,0.000449770232157343,0.12979357132223743,20.03,1.0,0.04552283545204246,0.14843759100361092,0.05
balanced_agentic,congestion_burst,PPO-Lagrangian,PPO-Lagrangian,14,1103526060,1905340783,1823775964,337f5a10e02765106fee,stochastic,150,300,150-step training / 300-step held-out evaluation,501583040,1,284.58887489995686,balanced_agentic,200,0.0,0.8817001669005244,0.8417056656685252,0.245,1.0,0.1182998330994755,0.15829433433147483,0.16770416800172244,23.6599666198951,0.1182998330994755,0.04301628036672392,0.013237775576831385,0.00039181352540277784,0.005027676453332653,0.005420178849449605,0.15499679530995247,0.18676222442316862,0.19554366783014304,0.8064776132885705,0.8578747933403349,0.36265000000000003,0.595272833510208,0.40433535296438916,0.0,0.0,77.53028490691493,90.64223214285714,95.25017543859649,93.64725838310851,2.826074937070089,2.633988593887419,2.6146176337872293,0.04444175656406911,34568060.95416123,33071559.226842772,0.028944378622076557,1.9025695369610425,0.6808602052639805,0.6300733517055888,0.0,0.15700416317056048,0.1688104009482162,63.67299801978559,0.13518276692923742,,,,,0.4372202362986984,0.1182998330994755,0.21613444387849842,0.9993500000000001,0.03253333333333333,0.00025,0.9947666666666667,0.15180249999999998,0.0,0.0,0.19148717948717947,2646.9274874615016,2922.538948397791,73.12143810835374,80.58167663270729,0.0004761904761904763,0.1428667433759454,0.7492055555555556,2.8947365363888502e-08,1.0,0.6954666666666667,0.5439333333333333,0.014021589419983127,0.009573808718440208,0.010083333333333333,0.33035386007824785,0.0007873736875456333,0.00018014875687983272,0.0006073360047818763,0.0006073360047818763,0.0,0.0,0.0,0.3303538600777754,0.9896517203281312,0.00043253713704736075,0.7100503064734565,0.03144749255063975,0.2578895150819766,0.00018014875687983272,0.0005086773151806747,0.578228142861745,0.031099240832287968,0.38996652816856675,0.00019741082221963718,,,,,,0.0003553749431001769,0.8436418951000902,0.03180041878870095,0.12403965618214369,0.0001626549859649973,0.16216582204294294,24.205,1.0,0.027492501277459443,0.18302055070024917,0.05
balanced_agentic,congestion_burst,PPO_CMDP,PPO_CMDP,14,1103526060,1905340783,1823775964,dadb88684cb84768bf3a,stochastic,150,300,150-step training / 300-step held-out evaluation,501583040,1,264.74071779998485,balanced_agentic,200,0.0,0.913178424861037,0.872833289853092,0.705,1.0,0.08682157513896296,0.1271667101469079,0.1370179329868663,17.364315027792593,0.08682157513896296,-0.05444546280400608,-0.07967769419689442,0.00026648199347698996,0.00023696682464446897,0.0053296398695398,0.2544454628040061,0.2796776941968944,0.28454200671529345,0.7645801740446185,0.8336913932382009,0.35111666666666663,0.7526031816485945,0.2471303363579285,0.0,0.0,57.60037013633113,70.05504127075535,73.91330098039215,72.25742023440918,3.545273257362887,3.2999748497639505,3.2916081255832794,0.03855851318593186,28842053.476165824,27886798.158043608,0.034676683805751236,2.1243878164712404,0.6755863582197239,0.6227240651116788,0.0,0.19695962540904927,0.20896126783654162,60.5762730779505,0.1712136793539867,,,,,0.25648354721984495,0.08682157513896296,0.1912750164336795,0.9954999999999999,0.021316666666666668,0.00016666666666666666,0.9952333333333333,0.15201416666666667,0.0,0.0,0.07617582417582418,3410.545244931964,3617.819110210307,48.08383095261097,62.2440391841794,0.00019047619047619048,0.25971320727123653,0.66435,3.468671674345597e-08,1.0,0.27213333333333334,0.07306666666666667,0.036238145866402165,0.010748180440448235,0.0,0.375715523322156,0.0005562297555438659,0.0001298453858830793,0.0011759716796352637,0.0011759716796352637,0.0,0.0,0.0,0.37571552332608077,1.1255431189031677,0.005020340936013563,0.08232848098446013,0.021254239026962673,0.8912670936666806,0.0001298453858830793,0.006117956247958701,0.08123709134176227,0.02131974515248119,0.8912156502128817,0.0001095570449159831,,,,,,0.00390799253263292,0.0834345201525633,0.02118785362459156,0.8913192276366376,0.00015040605357456607,0.08798715443851454,13.905,1.0,0.06102469098079148,0.10257198449878124,0.05
balanced_agentic,congestion_burst,Intent-PPO-CMDP-NoRisk,Intent-PPO-CMDP-NoRisk,14,1103526060,1905340783,1823775964,72924e27f6df7ecb428f,stochastic,150,300,150-step training / 300-step held-out evaluation,501583040,1,270.7660398000153,balanced_agentic,200,0.0,0.9111302597403167,0.8706194222661086,0.64,1.0,0.0888697402596833,0.1293805777338914,0.1357106108849236,17.77394805193666,0.0888697402596833,-0.05796784698043302,-0.08036276498005644,0.0002168429394051269,0.0,0.0002168429394051269,0.257967846980433,0.2803627649800564,0.2882713050578255,0.7661560667979045,0.8429528454703401,0.34913333333333335,0.7609645107502812,0.2388186463103138,0.0,0.0,56.944864593145304,68.61590564283266,72.91768076767131,70.86562678750828,3.59441026287918,3.3838514461591815,3.353276444712803,0.03967248358992704,28284437.3845597,27244290.886741802,0.035363702270932176,2.171506783996326,0.6652784531615044,0.6176017986232618,0.0,0.19968945904884336,0.2134704941763944,60.2419624685423,0.1844089677893518,,,,,0.22668461092615513,0.0888697402596833,0.19721276284219058,0.9997666666666666,0.05045,0.00013333333333333334,0.9952333333333334,0.15227833333333332,0.0,0.0,0.0683956043956044,3498.4758880493387,3646.067233941402,47.10097029949342,61.96412198928926,0.0,0.2602245311659054,0.6704222222222223,3.5373604544963385e-08,1.0,0.35993333333333327,0.06713333333333332,0.09976712600462662,0.02479253544444928,0.08285000000000001,0.4102307047880359,0.0006824705675783616,0.000173344970078443,0.0008404096657571993,0.0008404096657571993,0.0,0.0,0.0,0.4102307047977681,1.2289413619654737,7.387621009076524e-05,0.041787349411448946,0.052800621919970696,0.9051648074884112,0.000173344970078443,9.151076876396452e-05,0.039009408852598265,0.049027368130596896,0.9117027794787669,0.0001689327692740651,,,,,,5.600494593201963e-05,0.04460257776303589,0.0566245234112153,0.8985390774847621,0.00017781639505469175,0.08540542268720795,13.86,1.0,0.0654887959244389,0.10066899074040257,0.05
balanced_agentic,congestion_burst,Intent-PPO-CMDP,Intent-PPO-CMDP,14,1103526060,1905340783,1823775964,fd2a9bdca11bd34bca64,stochastic,150,300,150-step training / 300-step held-out evaluation,501583040,1,319.06714920001104,balanced_agentic,200,0.0,0.8650078934476526,0.8209908735393976,0.075,1.0,0.1349921065523473,0.17900912646060232,0.19744306495330377,26.998421310469464,0.1349921065523473,0.004682648772154212,-0.02204881805397442,0.03557918188971481,0.05529231029428344,0.062053733256325114,0.1920994163087738,0.22024270847596875,0.2314898779960623,0.8597640546959551,0.916323946725736,0.3833333333333333,0.6329934455335443,0.33142737257674093,0.0,0.0,78.18997154776343,90.92916838914152,95.14069746512675,93.31928806190129,3.138636460354559,2.920163511889271,2.8876562218186046,0.04615799316278033,31812971.52529047,30261602.088245194,0.031444636512493046,2.315047488489674,0.6334792916893563,0.5841154472202539,0.0,0.17436869224191992,0.18714459388510568,68.14752025068555,0.142229453619598,,,,,0.6357726743194857,0.1349921065523473,0.2518187006256049,0.977,0.09161666666666667,0.022316666666666665,0.99395,0.14416833333333334,0.6846166666666668,0.047705000000000004,0.14681318681318678,3101.812933162414,3158.464513458022,73.12718926739868,80.59866067165602,0.029761904761904764,0.1879354245312835,0.7408604166666666,3.1456486950692307e-08,1.0,0.33559999999999995,0.20579999999999998,0.020212195854115978,0.014708371368545048,0.0139,0.4410551646399835,0.6767647367869798,0.22588678035895085,0.4618093960686282,0.6579502428616589,0.2054186198098356,0.19614084679303076,0.20518333333333336,0.45268616847686893,1.3561265646976557,0.0005744329648822497,0.458330287002819,0.09260250309883589,0.4274264922257828,0.021066284707680082,0.000693613683885027,0.4393529966462276,0.133880432946935,0.406401586126743,0.019671370596209384,,,,,,0.0004536525046848043,0.4775623060890291,0.050770507078279056,0.4487336118295076,0.022479922498499373,0.175613465595747,16.16,1.0,0.037921065446910276,0.19101692699451223,0.05
balanced_agentic,congestion_burst,Intent-PPO-CMDP-FullPolicy-NoShield,Intent-PPO-CMDP,14,1103526060,1905340783,1823775964,fd2a9bdca11bd34bca64,stochastic,150,300,150-step training / 300-step held-out evaluation,501583040,1,319.06714920001104,balanced_agentic,200,0.0,0.27168394118287137,0.0,0.0,1.0,0.732315205843304,1.0135155401384093,1.0774348204204576,146.4630411686608,0.732315205843304,-0.4087039852511748,-0.4859595959595959,0.4687039852511748,0.5459595959595958,0.5797460641618649,0.2089358051050521,0.24339387400347656,0.2521788779767066,0.8763492987147705,0.9220919762698191,0.41508333333333325,0.3994961466069478,0.13179986814187739,0.0,0.0,55.16616015865709,68.2426981707317,71.53764285714284,70.73163576059454,2.0538231957367454,1.7945715795545247,1.7769740160237952,0.07848002505456005,29760664.970002837,28186285.72048046,0.033615839249232365,1.1426179000801382,0.5710455107262645,0.48475042869000845,0.0025145334897407057,0.1141012886520414,0.12938702294235063,-0.6327327307350709,16.66681894357933,,,,,0.7980413982195966,0.732315205843304,1.1966852568951725,0.7045333333333332,0.07773333333333333,0.2942,0.97905,0.13482916666666667,0.0,0.0,0.19038827838827843,1989.7407291560853,2088.329139280178,46.24606861578581,59.24515349896581,0.3017619047619048,0.21306023582710282,0.5502743055555556,3.3644954208000924e-08,1.0,0.3443333333333333,0.22966666666666666,0.022282882559589098,0.01703062549817241,0.013983333333333334,0.4547721621833956,0.6597010472512685,0.2923848810598885,0.3817220780395529,0.3817220780395529,0.0,0.0,0.0,0.45477216201368387,1.362375642858317,0.001211318626761152,0.32158299012997177,0.07912367671152619,0.3056971334718524,0.2923848810598885,0.0019734807260991566,0.3218853883466331,0.11099209819584388,0.3016059932269293,0.2635430395044945,,,,,,0.00043892616367364345,0.3212765328768451,0.04682749118043914,0.30984318835093544,0.3216138614281067,0.5614090232530092,57.865,1.0,1.0774383318001122,0.6264616076471898,0.06528128030082353
balanced_agentic,congestion_burst,MaxWeight,MaxWeight,15,1481178426,1997781942,448460546,,stochastic,150,300,150-step training / 300-step held-out evaluation,1853986158,0,1.0499963536858559e-05,balanced_agentic,200,0.0,0.8921931972357467,0.8433002252767288,0.32,1.0,0.1078068027642534,0.15669977472327126,0.1629474948994955,21.56136055285068,0.1078068027642534,0.04481876079536794,0.001947133283693245,0.0,0.0,0.0,0.14856707814722514,0.19805286671630676,0.2086713303410051,0.7956311345928881,0.8957008112643156,0.3625333333333333,0.5236885299770434,0.47631147002295665,0.0,0.0,59.67908349457015,75.1128735357399,77.06214080803248,77.19905196536085,2.634375761567955,2.3280780172659146,2.3121208221211598,0.11310413759101341,20588693.679348394,18820287.617609568,0.048478610227914894,2.286500404916292,0.5493192496650545,0.48910764603367757,0.0013581356333512713,0.14635420897599746,0.17935029010234183,25.21573345460364,1.4083685251640634,,,,,0.2364932641477568,0.1078068027642534,0.23858054216351932,0.9995833333333334,0.8533333333333333,0.0,0.9592333333333335,0.10077166666666666,0.0,0.0,0.24546520146520145,2321.712873471604,2802.732701312147,54.890141740951655,62.601522483870646,0.0,0.14119919872525163,0.7867638888888888,4.8858180212023204e-08,1.0,0.6431333333333333,0.5437333333333334,,,,,,,,,,,,,,,,,,,,,,,,,,,,,,,,,,0.17040763609532536,50.18,1.0,0.027235103758540945,0.21159239329780502,0.05
balanced_agentic,congestion_burst,PPO,PPO,15,1481178426,1997781942,1596015111,461e22a59e6f436fac36,stochastic,150,300,150-step training / 300-step held-out evaluation,1853986158,1,258.87767640000675,balanced_agentic,200,0.0,0.9029071659729415,0.8636521676948957,0.625,1.0,0.09709283402705854,0.13634783230510428,0.14658343603490218,19.418566805411707,0.09709283402705854,0.04358337612410475,0.011877725449154036,0.0002456324827465028,0.0,0.0002456324827465028,0.15327335475614112,0.18812227455084596,0.19910873954833236,0.8000240119516507,0.8547499056652661,0.35873333333333335,0.6976460061901713,0.30210836132708224,0.0,0.0,73.40348644993782,85.91136618769644,91.2153695522388,90.33711784352616,3.3262021699056503,3.0508453947941123,3.039995943963786,0.046918038291925236,33341037.14543346,32312183.589735497,0.02999924326397823,2.197338094948041,0.6571213384941381,0.6097249526059421,0.0,0.18478900943920276,0.19930409686931497,88.47235700319196,0.10825707227674486,,,,,0.47143700682650774,0.09709283402705854,0.24123414011912922,0.9997499999999999,0.047983333333333336,0.00015,0.9872333333333333,0.13617083333333332,0.0,0.0,0.12253479853479854,3268.7195576229774,3357.1543457501666,67.17172210936776,75.62283128805933,0.00019047619047619048,0.1569754600988958,0.7491625,3.000569524126848e-08,1.0,0.3497333333333333,0.33679999999999993,0.02288024211419022,0.022289483416730347,3.3333333333333335e-05,0.2737405793290556,0.000893364777600556,0.00018931644163026713,0.0007041467898340933,0.0007041467898340933,0.0,0.0,0.0,0.2737405793288754,0.8200534880768785,0.0001650717590862284,0.6815084763949935,0.04773561492561168,0.2704015204786783,0.00018931644163026713,0.00011226251240686068,0.7655248426931942,0.029506922202980738,0.20468565845303088,0.00017031413838739247,,,,,,0.00021858985471431245,0.5963643736364144,0.06620898808747258,0.33699947461205254,0.00020857380934620053,0.12534463395039533,7.765,1.0,0.014163122301759255,0.1360664693169989,0.05
balanced_agentic,congestion_burst,PPO-Lagrangian,PPO-Lagrangian,15,1481178426,1997781942,1596015111,c54dc7a9b9a68be549b7,stochastic,150,300,150-step training / 300-step held-out evaluation,1853986158,1,254.7300168000511,balanced_agentic,200,0.0,0.8559999592150805,0.8111586390121275,0.02,1.0,0.1440000407849195,0.18884136098787246,0.20180837617032937,28.8000081569839,0.1440000407849195,0.05868633582826167,0.05242056001258456,0.0002971327845246922,0.00023923444976068394,0.005942655690493844,0.09411072680787683,0.14707767722473605,0.15813925596730857,0.7989222800309882,0.8609340096000425,0.35674999999999996,0.5398008068521376,0.4599020603633377,0.0,0.0,84.77098798573144,98.15205607476635,101.22532390938021,101.16832499598725,2.51173870940407,2.16503708050918,2.1701134307513046,0.07946426246746832,36842072.16537496,34314199.224723354,0.027123096725716563,1.7325358542930918,0.7280769106405889,0.6460338209933105,0.0,0.13954103941133725,0.15799860923221665,60.87463247306012,0.23318520597790549,,,,,0.12855925759706477,0.1440000407849195,0.27292602253914455,0.9995499999999999,0.011566666666666668,0.00018333333333333334,0.9734666666666666,0.12616499999999997,0.0,0.0,0.05061538461538461,2223.715035836922,2666.8283797863814,79.6849640433227,86.53449155911909,0.00023809523809523812,0.10519041015954421,0.7361076388888889,2.7180474222329246e-08,1.0,0.07566666666666667,0.048799999999999996,0.00980732491254477,0.008372619449135098,0.0,0.0953216947721392,0.000492937562621355,0.0001751911998502855,0.00031780154510245643,0.00031780154510245643,0.0,0.0,0.0,0.09532169477048136,0.28555827739379375,0.0002493860143310419,0.9562920132546178,0.01112122138589178,0.032162188145309176,0.0001751911998502855,0.0002001047667536113,0.9629518317704716,0.009147962509089278,0.02755403169516465,0.0001460692585208881,,,,,,0.0002993287551645453,0.9495428012016385,0.013120966959027203,0.03683219904444893,0.0002047040397210171,0.20603614148099447,17.185,1.0,0.0441021315793146,0.22058293550820438,0.05
balanced_agentic,congestion_burst,PPO_CMDP,PPO_CMDP,15,1481178426,1997781942,1596015111,fc83225982e20e56ecdd,stochastic,150,300,150-step training / 300-step held-out evaluation,1853986158,1,273.55554740002844,balanced_agentic,200,0.0,0.8783762469495356,0.8411892562966695,0.135,1.0,0.12162375305046429,0.15881074370333048,0.17469334281074833,24.324750610092856,0.12162375305046429,0.05603420999020542,0.038233343735372134,0.0003491529108574794,0.0049854355167169295,0.006485545779338642,0.1296496782913131,0.16176665626462788,0.1726981497178919,0.8092482492980434,0.8679146245567635,0.36215,0.6406082363368695,0.35904261075227306,0.0,0.0,84.3352691203822,96.14368709346114,100.68532505536223,99.01017718980461,3.0360346854129805,2.726140207905714,2.7088965913334744,0.062496936959824716,35279559.85999637,34094707.64188483,0.028347523440488787,2.177470810105679,0.6779819378231252,0.6264612503249058,0.0,0.16866859363405445,0.1874794851482332,78.19023614586634,0.1435593038922806,,,,,0.3089185883697262,0.12162375305046429,0.2478655478510379,0.9996666666666667,0.009749999999999998,0.00021666666666666668,0.97165,0.13043666666666667,0.0,0.0,0.08954578754578754,2835.6727486786117,3143.921882116103,81.17019970883274,83.87234321408445,0.00014285714285714287,0.1310164804957211,0.75314375,2.8359078563027116e-08,1.0,0.4487333333333334,0.4004,0.014410437326140278,0.011161280363813529,0.0001333333333333333,0.22118363502109073,0.0006591599284488633,0.00020683444131970634,0.0004524059841015846,0.0004524059841015846,0.0,0.0,0.0,0.22118363502832744,0.6626069538363475,9.586344227553456e-05,0.8257511578422958,0.010048668752291783,0.16389747552181716,0.00020683444131970634,7.866115755436918e-05,0.9250335418909147,0.006518705905882867,0.06816037777232624,0.0002087132733219047,,,,,,0.00011329663014731956,0.72513612434336,0.013626013650330351,0.2609196349860664,0.00020493039009600192,0.16365979903208733,3.335,1.0,0.033865920744707505,0.16532318458770226,0.05
balanced_agentic,congestion_burst,Intent-PPO-CMDP-NoRisk,Intent-PPO-CMDP-NoRisk,15,1481178426,1997781942,1596015111,8c806f3e428ad93e5ba2,stochastic,150,300,150-step training / 300-step held-out evaluation,1853986158,1,275.68097020004643,balanced_agentic,200,0.0,0.8491158262832473,0.8063725933720102,0.02,1.0,0.15088417371675258,0.19362740662798977,0.2036912206846157,30.17683474335052,0.15088417371675258,0.05621648523154809,0.037100772335238584,0.00010779513826946198,0.0,0.00010779513826946198,0.11277705330382486,0.16289922766476142,0.17207730791625186,0.8052935899536213,0.8671104372600817,0.3591333333333334,0.5150492483145389,0.4848429565471916,0.0,0.0,84.16048666298646,95.31873203449378,101.16518125552608,99.58856879510043,2.3920591125339428,2.1248105112929934,2.1259050435143427,0.07355150793685442,35995590.395145476,33237082.747385483,0.027777988609201304,1.6776532251550584,0.7065495698597121,0.6218863950853659,0.0,0.13289217291855238,0.15022298596237185,51.22093531240334,0.29299443337319636,,,,,0.08866885360915759,0.15088417371675258,0.28248072144313435,0.9998166666666666,0.0041,6.666666666666667e-05,0.9675666666666666,0.12059750000000001,0.0,0.0,0.040739926739926755,2129.0867310456833,2533.6596256430057,79.62896268454942,85.58284604121225,9.523809523809524e-05,0.12558514554227063,0.7400437500000001,2.7843803326828134e-08,1.0,0.05393333333333335,0.03913333333333333,0.00627368814471479,0.005395502040852237,0.0,0.06409798475404477,0.00016478746923365338,5.5963337385567474e-05,0.00010882800627313914,0.00010882800627313914,0.0,0.0,0.0,0.06409798475294058,0.1920204015941557,6.904266192198158e-05,0.9713898161694313,0.00408448391245739,0.02440069391880373,5.5963337385567474e-05,7.415311509812494e-05,0.9767849497692409,0.0037498810803107373,0.019322776445175018,6.823959017520731e-05,,,,,,6.386361205891011e-05,0.9659222646689531,0.0044235780577872195,0.02954677135852141,4.352230267928817e-05,0.21934382336319452,24.83,1.0,0.04675900729564231,0.23899837185816253,0.05
balanced_agentic,congestion_burst,Intent-PPO-CMDP,Intent-PPO-CMDP,15,1481178426,1997781942,1596015111,618554fca77aa7604c32,stochastic,150,300,150-step training / 300-step held-out evaluation,1853986158,1,332.33217309997417,balanced_agentic,200,0.0,0.8617297444686018,0.8243889407500206,0.04,1.0,0.13827025553139816,0.17561105924997938,0.1915345373630122,27.65405110627963,0.13827025553139816,0.05547994432625492,0.04640074084236521,0.0039838692556797735,0.012070783132530113,0.01668888233640774,0.09556572772048887,0.1428793947485536,0.15338686844922597,0.7968090464726464,0.8623450552805851,0.35719999999999996,0.5580444409458261,0.43797168979849416,0.0,0.0,84.2537939986682,97.51320754716981,99.95651515151515,98.91059125509518,2.61174962273967,2.2756617008311193,2.238228240779749,0.08089374126458422,36731230.906327695,34560434.59932969,0.02720981903605141,1.7962546909927906,0.7184551795555653,0.6503713645726631,0.0,0.145097201263315,0.16436423275165404,66.60504372719676,0.19894950737638725,,,,,0.17620807208409722,0.13827025553139816,0.26953183572509576,0.9974666666666667,0.015116666666666667,0.002466666666666667,0.9734166666666667,0.12831416666666665,0.78715,0.06681750000000002,0.06498168498168497,2369.3556839068947,2742.269435957319,79.52520244970502,85.75349535513132,0.0036190476190476194,0.10216676993618258,0.73055,2.7252981670213747e-08,1.0,0.09886666666666667,0.06846666666666668,0.024793115938193194,0.022343381257911243,0.0,0.15786190656003998,0.0641441666772956,0.02327622738732133,0.041237419833372174,0.06189541667036824,0.021000712704980246,0.020657996836996064,0.021616666666666666,0.12900744785122853,0.3864717750567588,7.492000619734898e-05,0.9364632034197491,0.014184056652003086,0.046985597032199615,0.002292222889850801,7.462567476692358e-05,0.9479176403142072,0.011517748615349583,0.038279431564961615,0.002210553830714494,,,,,,7.521828838522976e-05,0.9248550156944928,0.016886154058276096,0.05580862378087703,0.0023749881779688044,0.19548223107450205,13.495,1.0,0.04050529160650168,0.20709237420186355,0.05
balanced_agentic,congestion_burst,Intent-PPO-CMDP-FullPolicy-NoShield,Intent-PPO-CMDP,15,1481178426,1997781942,1596015111,618554fca77aa7604c32,stochastic,150,300,150-step training / 300-step held-out evaluation,1853986158,1,332.33217309997417,balanced_agentic,200,0.0,0.8521700664163157,0.8127395989815647,0.015,1.0,0.14782993358368435,0.18726040101843527,0.20754757567236742,29.56598671673687,0.14782993358368435,0.02166553664596027,-0.0063339408782821655,0.038110808419722225,0.06633394087828215,0.06980897698418573,0.09658733065497717,0.14599992561460928,0.15609322159643502,0.804960344795536,0.8650505137248554,0.3592,0.5419401692291942,0.4199490223510837,0.0,0.0,82.16063968541265,93.70401179941003,97.65554419066532,96.58838878670389,2.53950398996173,2.1977559062700673,2.1931996001737923,0.07989155835628728,36698446.23337782,34661489.21177953,0.02724311247254376,1.7052603318986288,0.715924862805453,0.6327245494474221,0.0,0.1410835549978739,0.15982803588527425,60.57509464236025,0.21191992936879447,,,,,0.22678661447632642,0.14782993358368435,0.27613904579727494,0.9764666666666666,0.014283333333333335,0.023483333333333335,0.9745833333333332,0.12852583333333334,0.0,0.0,0.07352380952380953,2318.289107599355,2658.6196958491637,77.35448784690608,83.78524424057937,0.023571428571428573,0.10292793427851032,0.7219159722222221,2.727832525419946e-08,1.0,0.12606666666666666,0.08606666666666665,0.02473968366310559,0.0222932657903445,0.0,0.1575409153867693,0.06392717555450478,0.023344189245658408,0.04095050180095,0.04095050180095,0.0,0.0,0.0,0.15754091539053994,0.47195040464067917,7.316826274155513e-05,0.9170146258721965,0.013827772858484933,0.04574024376091851,0.023344189245658408,7.298751159567698e-05,0.931464701400462,0.011245975527457142,0.03736226483655952,0.01985407072392553,,,,,,7.335144007731085e-05,0.9023705895985852,0.01644422518724464,0.054230678778221894,0.026881154995870918,0.20738050345637596,13.67,1.0,0.04807705179481145,0.22054223683960397,0.05
balanced_agentic,mixed_stress,MaxWeight,MaxWeight,11,471540437,1073362871,1422107241,,stochastic,150,300,150-step training / 300-step held-out evaluation,982698968,0,1.1299969628453255e-05,balanced_agentic,200,0.0,0.7722968787113448,0.7447282386577689,0.0,1.0,0.22770312128865522,0.255271761342231,0.2620421851365046,45.54062425773105,0.22770312128865522,0.028132256691585714,-0.008834330342306409,0.0,0.0,0.0,0.17118712739784597,0.20883433034230642,0.21909909991483295,0.9020395316323777,0.9340417228903171,0.42394999999999994,0.3068235971262879,0.6931764028737122,0.0,0.0,88.63071118198182,102.17298773690078,103.46750856164381,104.56325055054234,1.7778245039150717,1.6094972681642816,1.6050164525673793,0.05768391581570113,18773743.495176326,17656271.91153169,0.05328010228594087,2.5186013197718418,0.4950753372978604,0.4453532762349711,0.014999331671234494,0.09876802799528177,0.1090986856563403,14.869955200780884,0.7999320872162734,,,,,0.12544193283005656,0.22770312128865522,0.4146841072751052,1.0,0.9483,0.0,0.9616,0.09462416666666666,0.0,0.0,0.15263003663003663,1152.235593372482,2114.6800711303117,94.40124056449656,87.13340860830104,0.0,0.29016694576562463,0.8559020833333334,5.333418244295264e-08,1.0,0.40373333333333333,0.20560000000000003,,,,,,,,,,,,,,,,,,,,,,,,,,,,,,,,,,0.3645900317711525,51.28,1.0,0.10782604064632889,0.4057681968125675,0.05
balanced_agentic,mixed_stress,PPO,PPO,11,471540437,1073362871,1897045420,b9c1e1a3273f0ff06c77,stochastic,150,300,150-step training / 300-step held-out evaluation,982698968,1,259.96485530002974,balanced_agentic,200,0.0,0.7955261295535456,0.7482264559432278,0.0,1.0,0.20447387044645432,0.25177354405677227,0.2697409352936819,40.89477408929086,0.20447387044645432,0.01626307647755561,-0.01849637247867334,0.0,0.0,0.0,0.18367768163603465,0.21849637247867335,0.2268492868335335,0.8752003424622665,0.9220627892087112,0.4107,0.4602046469347338,0.5397953530652662,0.0,0.0,104.33674446225376,117.7744016249451,122.89989247311824,121.82800290483749,2.471506137743045,2.2211531301397693,2.205208896841127,0.06246729881938403,33175094.26376397,31617915.793087166,0.03015915473970825,2.3331324564795666,0.6720749939151438,0.6105964062600369,0.0,0.13730589654128028,0.15160914749444918,76.15855534692912,0.14059473984152862,,,,,0.33796912810064694,0.20447387044645432,0.3463034551258498,0.9999666666666667,0.0032000000000000006,0.0,0.9854333333333334,0.1469675,0.0,0.0,0.09127472527472527,1892.5724486497506,2783.2396626394348,104.14141276297654,102.4599805160112,0.0,0.27798844467430406,0.7899430555555556,3.016266713921392e-08,1.0,0.4383333333333333,0.4347333333333333,0.009709548720909605,0.008966020428549501,0.00023333333333333333,0.18116435630230712,6.145597963232341e-05,2.125449702375588e-05,4.020211609202311e-05,4.020211609202311e-05,0.0,0.0,0.0,0.18116435630685623,0.5427199090060838,2.9560626109489506e-05,0.7749202383914411,0.0035082964888370084,0.22152064999658877,2.125449702375588e-05,4.4811010939361486e-05,0.8818786984902525,0.005520019032372279,0.11252245380114666,3.4017665289172124e-05,,,,,,1.4105538127538704e-05,0.6665260942644576,0.0014695709581401914,0.33198190922821125,8.320011063501842e-06,0.29520724121441383,13.18,1.0,0.08207700416587319,0.30031869309130754,0.05
balanced_agentic,mixed_stress,PPO-Lagrangian,PPO-Lagrangian,11,471540437,1073362871,1897045420,97597eec01eed730a745,stochastic,150,300,150-step training / 300-step held-out evaluation,982698968,1,273.0232358999783,balanced_agentic,200,0.0,0.7736960576194244,0.7235884479177398,0.0,1.0,0.2263039423805756,0.2764115520822602,0.29194365856180976,45.260788476115124,0.2263039423805756,0.05368799545274383,0.02574989526602431,2.336448598130841e-05,0.0,2.336448598130841e-05,0.12351771331736341,0.17425010473397567,0.19062819026973887,0.8788674925155245,0.9324540286051055,0.41259999999999997,0.36597595424032275,0.6340006812736959,0.0,0.0,99.97462020020261,114.5320399113082,122.61619691119684,121.39382781456482,1.9625622386679134,1.7757258781903493,1.753798068896018,0.06241449412866694,34216552.519828685,32231706.22111825,0.029226113721432134,1.7203052943024237,0.6639028570312666,0.5860288380589589,0.0,0.10903123548155075,0.11935164980138033,57.745536368706354,0.2167946254757205,,,,,0.07915612433261698,0.2263039423805756,0.3804407161195415,0.9999666666666667,0.016200000000000003,1.6666666666666667e-05,0.9884333333333334,0.14090166666666665,0.0,0.0,0.03693040293040294,1600.474492682278,2157.5325634294113,105.2951093727118,97.43118679678525,0.0,0.18009948543121826,0.7894645833333332,2.9261311409921836e-08,1.0,0.0462,0.04,0.002799839781330052,0.0024793235522450286,0.0,0.04956287922031637,2.0858217510452526e-05,1.0492438091635457e-05,1.0365968961469656e-05,1.0365968961469656e-05,0.0,0.0,0.0,0.04956287922507602,0.14847711686481882,6.324843938928132e-06,0.9743845645830785,0.016977326395511968,0.008621291739378905,1.0492438091635457e-05,1.2036778535087877e-05,0.9696481375286788,0.015786559205024097,0.014533317515474424,1.9948972287458694e-05,,,,,,5.362390797326878e-07,0.9791845678395507,0.01818407703822115,0.002629909912597539,9.089705509018348e-07,0.33382306588780297,37.875,1.0,0.10104955787163529,0.3620554678439322,0.05
balanced_agentic,mixed_stress,PPO_CMDP,PPO_CMDP,11,471540437,1073362871,1897045420,3e02143445d692cb208a,stochastic,150,300,150-step training / 300-step held-out evaluation,982698968,1,273.6423236000119,balanced_agentic,200,0.0,0.8217308018100415,0.775929696018018,0.0,1.0,0.17826919818995848,0.22407030398198202,0.23990914700707888,35.653839637991695,0.17826919818995848,-0.061754419563339054,-0.0909812609137585,0.00021110940345730092,0.0,0.00021110940345730092,0.26175441956333906,0.2909812609137585,0.3014829944806853,0.8729380542983348,0.9253288054625901,0.4107333333333333,0.5175057330828965,0.48228315751364625,0.0,0.0,97.73750563122225,109.62332662912308,111.75873207547167,111.79241586369037,2.8041975032352524,2.5865927287999573,2.568432043893897,0.052177206258229684,30321659.151133824,29132781.698556617,0.03298864209187008,2.7124112891901033,0.6380679572456252,0.5914194155428454,0.0,0.15578875017973623,0.16962565421312154,71.67609161620153,0.1554261586990188,,,,,0.44874193229835824,0.17826919818995848,0.31087165947650336,0.9994333333333333,0.005349999999999999,0.00015,0.99465,0.15523499999999998,0.0,0.0,0.1924688644688645,2092.6751093531166,3187.324946094864,95.06597235949677,96.84325291067361,0.00014285714285714287,0.39087712026247146,0.7882479166666667,3.29971636108518e-08,1.0,0.909,0.82,0.022357383709088727,0.02095904556984308,0.01583333333333333,0.2409667235492351,0.00041611886774980706,0.0001200097125333371,0.00029613813521990406,0.00029613813521990406,0.0,0.0,0.0,0.24096672353247756,0.7218717905388047,0.00040858489719978173,0.49247937778431405,0.005136538539923527,0.5018554890660293,0.0001200097125333371,0.000671406236280169,0.6936108659123221,0.005724535802975956,0.29981158339631675,0.00018160865210504868,,,,,,0.00014223575491026169,0.2886481381378093,0.004540648696158987,0.7066113934695635,5.7583941557978375e-05,0.2625098468493816,7.445,1.0,0.07323579151888211,0.2596331419977897,0.05
balanced_agentic,mixed_stress,Intent-PPO-CMDP-NoRisk,Intent-PPO-CMDP-NoRisk,11,471540437,1073362871,1897045420,7d2ee40999bb1a6afe16,stochastic,150,300,150-step training / 300-step held-out evaluation,982698968,1,275.69379829999525,balanced_agentic,200,0.0,0.7774028622523269,0.7413901575555654,0.0,1.0,0.22259713774767306,0.2586098424444346,0.2706681419456141,44.51942754953461,0.22259713774767306,0.054930609305159445,0.03107280439769728,9.56409065844111e-05,0.0,9.56409065844111e-05,0.11544969745139724,0.1689271956023027,0.18748790367431312,0.8790026543424457,0.9240081815928564,0.4126833333333333,0.37489130840334106,0.6250130506900744,0.0,0.0,101.4854832772071,115.60807583221376,121.07455767761651,119.30074281788313,2.002608318401956,1.7851381815324119,1.7751733008622286,0.06685847815954576,34511209.11794119,32707706.549111243,0.028968279275255332,1.7662163203168693,0.677181733117933,0.60620673902259,0.0,0.11125601768899757,0.12331695277325126,60.226269018785736,0.2191318945799119,,,,,0.11295886003334239,0.22259713774767306,0.3735398888304271,0.9999000000000001,0.022666666666666665,6.666666666666667e-05,0.9885666666666667,0.14336166666666667,0.0,0.0,0.04438095238095238,1631.3365800087706,2202.5238698444423,107.39141170203654,98.73279720359307,4.761904761904762e-05,0.16842622141978814,0.7949840277777777,2.9007524906179658e-08,1.0,0.1274,0.06893333333333335,0.0050293106236167185,0.002680137257447652,0.0,0.10117124889543781,0.00015911527311653282,6.307657333200933e-05,9.604682618219896e-05,9.604682618219896e-05,0.0,0.0,0.0,0.10117124890331879,0.30308197549543586,6.368731121803324e-05,0.9621065673807112,0.023049083826587012,0.014717584908151827,6.307657333200933e-05,0.00010849164859810734,0.9469559384426344,0.030774253472479043,0.02204696878155591,0.00011434765473243756,,,,,,1.828157333621318e-05,0.9774605604656077,0.01522022062840113,0.007289820043158421,1.1117289496676016e-05,0.330533942321878,35.665,1.0,0.09936877750058581,0.357691767778956,0.05
balanced_agentic,mixed_stress,Intent-PPO-CMDP,Intent-PPO-CMDP,11,471540437,1073362871,1897045420,b12c9f3440d9c22ff923,stochastic,150,300,150-step training / 300-step held-out evaluation,982698968,1,319.3185737999738,balanced_agentic,200,0.0,0.7871361573562168,0.7484214253078214,0.0,1.0,0.2128638426437832,0.2515785746921786,0.2652726799525217,42.57276852875664,0.2128638426437832,0.039394080277174864,0.02041666666666667,0.016656151317553193,0.031681406828465646,0.037407972631773714,0.1346717153545175,0.1739893211289092,0.19784521350875722,0.8817897992662622,0.9283023012090552,0.41340000000000005,0.3958410320115472,0.5875028166708995,0.0,0.0,97.37000891914303,113.1239032769556,117.99250835148872,116.68693325457313,2.119950568840654,1.9158763212980674,1.8781058332226437,0.06524483681783938,33858941.6336731,32206442.205025546,0.02953570988974206,1.8290248777050617,0.6862889732641284,0.619393454186787,0.0,0.11777503160225855,0.13136287931638727,71.98478306281369,0.1631265090650043,,,,,0.28906836968303956,0.2128638426437832,0.36492592926041595,0.9881166666666666,0.03651666666666666,0.0118,0.9933666666666667,0.15320999999999999,0.6277833333333334,0.0440925,0.09379487179487178,1661.8600469456462,2366.6146960148903,100.4671936684062,95.9220506045579,0.011619047619047617,0.20416556715992493,0.7436604166666666,2.955892853751381e-08,1.0,0.22279999999999997,0.13313333333333333,0.007204807632444825,0.005904376755527629,0.00048333333333333334,0.24378709202372584,0.39041015064768314,0.11061153486337134,0.2841246980254304,0.3787651959104103,0.09854343913166565,0.09464049788497997,0.0992,0.2032465398000124,0.6088722187670729,8.765813174276479e-05,0.8804170283337609,0.03705219924279776,0.07019180453047191,0.012251309761226525,0.00014988583813548042,0.853232439874279,0.04069196139842063,0.09017011140118061,0.015755601487984213,,,,,,2.4595154123301324e-05,0.9079665105980683,0.033363581219314174,0.049945332466867776,0.00869998056162645,0.32373595814005596,29.95,1.0,0.08710048133782067,0.34500837650845584,0.05
balanced_agentic,mixed_stress,Intent-PPO-CMDP-FullPolicy-NoShield,Intent-PPO-CMDP,11,471540437,1073362871,1897045420,b12c9f3440d9c22ff923,stochastic,150,300,150-step training / 300-step held-out evaluation,982698968,1,319.3185737999738,balanced_agentic,200,0.0,0.5175852954479774,0.3333551077925199,0.0,1.0,0.48241470455202257,0.66664489220748,0.7191638981452354,96.48294091040451,0.48241470455202257,-0.08004482477557405,-0.13836206896551725,0.14004482477557403,0.19836206896551722,0.21212136455983704,0.1545613467911387,0.20195981344237157,0.21619144896619408,0.8902862441760544,0.9384414723935091,0.4314666666666666,0.33308981929912007,0.5268653559253059,0.0,0.0,88.88131362252561,104.88271604938272,109.66419354838706,108.07267148967705,1.844944007256037,1.6118330799048675,1.5891268883102438,0.08449566726382615,32860327.536190223,31125917.006142378,0.03042674315500034,1.4968227591218073,0.662697233259985,0.5827343960351649,8.697513458257089e-05,0.10249688929200204,0.11750384017789042,50.049727266635834,0.2586161973554029,,,,,0.4287858335034638,0.48241470455202257,0.7412795856626133,0.9004333333333332,0.0342,0.09946666666666668,0.9900166666666667,0.15478499999999998,0.0,0.0,0.1734725274725275,1500.2237913043407,2030.5625850761828,84.86667180375872,90.1995367644079,0.06109523809523809,0.23986149690646275,0.6643770833333333,3.046328237764558e-08,1.0,0.2904,0.2149333333333333,0.007449178722707386,0.006036170102961052,0.0008666666666666667,0.24450514349659108,0.38862083725525964,0.099229388901444,0.2936704804434467,0.2936704804434467,0.0,0.0,0.0,0.24450514348972582,0.7324719494021212,8.237552242347222e-05,0.803916838768611,0.0336796793286261,0.06309171747889553,0.099229388901444,0.00013893400227732008,0.7593913070246024,0.0361912934693131,0.07855788006279484,0.1257205854410123,,,,,,2.505786834339824e-05,0.8490400286568343,0.031134352246453376,0.04741795539722572,0.07238260583114331,0.40335009723076354,18.26,1.0,0.5020975614857339,0.4208084298660522,0.05003721052134938
balanced_agentic,mixed_stress,MaxWeight,MaxWeight,12,1729653623,2128646545,1775211512,,stochastic,150,300,150-step training / 300-step held-out evaluation,270404651,0,1.1399970389902592e-05,balanced_agentic,200,0.0,0.7871886072892442,0.7656140818410055,0.0,1.0,0.2128113927107558,0.2343859181589945,0.2399807682702161,42.56227854215116,0.2128113927107558,0.0347937221840985,-0.004773785761809689,0.0,0.0,0.0,0.16340536392698327,0.20477378576180966,0.21746099394004306,0.8943160559416813,0.9411228458097538,0.4147666666666667,0.3184518630240049,0.681548136975995,0.0,0.0,86.65144269927745,97.55168173218415,102.90933930093772,101.49366526014495,1.9415062892105777,1.7598324641822034,1.7478331720489213,0.05853408651605439,15376956.409632495,14419045.53538927,0.06504828521261871,3.2830062278987726,0.5106282252485796,0.4570789718317762,0.006920475167669039,0.10786146051169876,0.11808835372804989,27.812130073145426,0.46673182552851095,,,,,0.13211760594978808,0.2128113927107558,0.39612568472768644,1.0,0.9441166666666666,0.0,0.96875,0.09977333333333334,0.0,0.0,0.15835164835164833,1236.7185831285133,2321.0073617163052,90.96702951243373,85.6528318068958,0.0,0.28278684851836766,0.8491361111111111,6.51253485517499e-08,1.0,0.4372666666666667,0.22219999999999998,,,,,,,,,,,,,,,,,,,,,,,,,,,,,,,,,,0.34682071277931514,49.605,1.0,0.08983790991791929,0.3862942696657569,0.05
balanced_agentic,mixed_stress,PPO,PPO,12,1729653623,2128646545,1621075116,2fb07c1ee95b181950c4,stochastic,150,300,150-step training / 300-step held-out evaluation,270404651,1,284.739809300052,balanced_agentic,200,0.0,0.8101584010462471,0.7638607084535588,0.0,1.0,0.1898415989537529,0.2361392915464411,0.25263907721606793,37.968319790750584,0.1898415989537529,0.04449629465125946,0.011855670103092797,0.00024349047396259946,0.00022222222222214642,0.004869809479251989,0.1503034650229174,0.18814432989690721,0.19599029498775122,0.8643602931969953,0.9145584037779599,0.3973333333333333,0.42738320416511727,0.5723733053609201,0.0,0.0,94.96330987199399,106.20055555555555,111.9332366470738,111.75984574574534,2.3562214394586194,2.1188530796313922,2.1150591761152953,0.06090013286082688,28313537.47854687,26853267.23219723,0.03534022999280753,2.3722615665898945,0.700663227676512,0.6254620716879582,0.0,0.1309011910810344,0.1427854770074633,81.52642240411313,0.14531131681577023,,,,,0.31688880115221457,0.1898415989537529,0.3340422506870611,0.9992666666666666,0.019616666666666668,0.00016666666666666666,0.9941333333333333,0.15405333333333332,0.0,0.0,0.11961904761904762,1859.5117124473961,2623.680523233892,98.41652349058066,93.3699931805841,0.00019047619047619048,0.21588856219135227,0.7704215277777777,3.5351036586569365e-08,1.0,0.2842666666666666,0.2648,0.024272619252439745,0.022956652258740905,0.0,0.18605940424319634,0.0005460548588073587,0.00014305283958189328,0.00040304086788733954,0.00040304086788733954,0.0,0.0,0.0,0.18605940424969958,0.5573841621090537,0.0006442888010615032,0.8361433123752664,0.018792931639682774,0.14427641434440752,0.00014305283958189328,0.0010339153497240365,0.771543032432296,0.028668043442171217,0.19853437026184612,0.00022063851396251423,,,,,,0.0002494323658397415,0.90161071016982,0.008785268000919319,0.08929016371666776,6.442574675321031e-05,0.28858488436701957,29.435,1.0,0.06625875152626376,0.3084526162708172,0.05
balanced_agentic,mixed_stress,PPO-Lagrangian,PPO-Lagrangian,12,1729653623,2128646545,1621075116,5ff4062933b4dfa3978e,stochastic,150,300,150-step training / 300-step held-out evaluation,270404651,1,266.70855040004244,balanced_agentic,200,0.0,0.7771217757520702,0.7426688324396,0.0,1.0,0.2228782242479299,0.25733116756040003,0.2738130908221089,44.575644849585984,0.2228782242479299,0.057287030181423726,0.045281862745098045,0.0003869968577669208,0.0046773475745438345,0.005022813469816198,0.10824069278507967,0.15471813725490194,0.17097146719428977,0.8788823711405902,0.9240412995504961,0.40409999999999996,0.36829403064258487,0.6313189724996483,0.0,0.0,107.70603886577614,122.60686580086579,128.05446256486283,125.8639355541529,2.0707648008564363,1.8340491681977054,1.831353911763514,0.07030640506182712,28232855.51081109,26696324.856128205,0.03543688436733984,2.3710876821881715,0.6934247223697,0.6133750497840714,0.0,0.11504248893646869,0.1294759010922021,63.55914387314113,0.21644586864006807,,,,,0.17942833196557245,0.2228782242479299,0.37675249214153517,0.9994833333333333,0.06860000000000001,0.0002666666666666667,0.9742166666666665,0.13372666666666666,0.0,0.0,0.059604395604395594,1633.7882808414731,2306.0598500952624,112.646831222034,105.30756205773363,0.00014285714285714287,0.1757775592323074,0.8065166666666667,3.54620395057636e-08,1.0,0.23299999999999998,0.2210666666666667,0.006209318881630826,0.005777753675815441,0.0,0.10769436816097754,0.0009521655142352447,0.0002776723849900061,0.0006745837298853814,0.0006745837298853814,0.0,0.0,0.0,0.10769436815884034,0.3226234943734433,0.0003411344613121593,0.9246328622312885,0.06827946172793943,0.006468869194469915,0.0002776723849900061,0.0002411443225275879,0.9791554176252824,0.017740342204595173,0.002636958532406175,0.00022613731518877903,,,,,,0.0004424667496106176,0.8693784604561672,0.11949695869455006,0.010352214898977464,0.0003298992006946054,0.3326161202740964,31.425,1.0,0.10348994763401122,0.35522483389102955,0.05
balanced_agentic,mixed_stress,PPO_CMDP,PPO_CMDP,12,1729653623,2128646545,1621075116,c2c338dd9800f45e9834,stochastic,150,300,150-step training / 300-step held-out evaluation,270404651,1,270.83158040000126,balanced_agentic,200,0.0,0.8331587419753663,0.7876126238789553,0.0,1.0,0.16684125802463362,0.21238737612104475,0.22499134736077822,33.368251604926726,0.16684125802463362,-0.06674813255135505,-0.09545454545454546,2.369668246445498e-05,0.0,2.369668246445498e-05,0.26674813255135504,0.29545454545454547,0.29867531205369935,0.8690019496001572,0.9134219815236866,0.40146666666666664,0.5229356828185105,0.477040620499025,0.0,0.0,93.69360599127835,108.2263923013923,115.08386369593707,112.97558353700921,2.9598258313902477,2.7453341067617982,2.7142488263718443,0.051318528600207164,24655688.880322322,23587306.90011194,0.04058112364242455,3.3761476598637405,0.6339090356454374,0.578795492573835,0.0,0.1644347684105693,0.1789307008606428,78.66072232719075,0.1578199895816866,,,,,0.42808381993458644,0.16684125802463362,0.29199519205403673,0.99995,0.00043333333333333337,1.6666666666666667e-05,0.9943333333333334,0.15572499999999997,0.0,0.0,0.1146739926739927,2190.343084255119,3374.16269523224,90.09164869753117,93.30109783866187,0.0,0.39111680422715395,0.7809604166666668,4.059180194039399e-08,1.0,0.5902,0.5724666666666667,0.03939130813168884,0.038556556959100624,0.054266666666666664,0.23637970911203238,3.9769454086902524e-05,1.0432822933535485e-05,3.0213548426805624e-05,3.0213548426805624e-05,0.0,0.0,0.0,0.236379709103021,0.7081303233732241,3.170125212126592e-05,0.45264634015686894,0.0004761351764113447,0.546835390591665,1.0432822933535485e-05,4.787509784030336e-05,0.5959151957846274,0.0005263023326256769,0.40349341944641254,1.720733849408568e-05,,,,,,1.5310307801972936e-05,0.3074544126414896,0.00042529463554984035,0.6921014150408803,3.5673742782128022e-06,0.2440642660701552,11.015,1.0,0.07406097759445097,0.24535283789267404,0.05
balanced_agentic,mixed_stress,Intent-PPO-CMDP-NoRisk,Intent-PPO-CMDP-NoRisk,12,1729653623,2128646545,1621075116,53b75815fc19ab3c700d,stochastic,150,300,150-step training / 300-step held-out evaluation,270404651,1,267.30905749998055,balanced_agentic,200,0.0,0.8026926817903752,0.7658946622690587,0.0,1.0,0.19730731820962474,0.23410533773094128,0.2639396789511682,39.46146364192495,0.19730731820962474,0.02820577267057018,-0.0073198831066651465,4.800828920101313e-05,0.0,4.800828920101313e-05,0.17099419532264895,0.20731988310666516,0.2135995373868746,0.8712735532516434,0.9125467864725011,0.4031166666666667,0.42310743324315864,0.5768445584676403,0.0,0.0,100.49234454711565,115.4926907155529,122.0302247191011,120.5506154439159,2.3676619426495975,2.1020071714212025,2.092734692855074,0.060576722264127233,27871847.62309158,26571385.77969243,0.03589248180247619,2.5619899141907045,0.691051212430165,0.622386136275383,0.0,0.13153677459164428,0.1440671935585292,75.42967165132501,0.1491482119940056,,,,,0.3322829411202637,0.19730731820962474,0.3415361510155614,0.9999166666666668,0.0184,3.3333333333333335e-05,0.9926666666666668,0.15572833333333333,0.0,0.0,0.08372893772893773,1810.1074902303264,2667.8835708753577,102.3605798417081,98.7581631435634,0.0,0.2600899026158306,0.7769111111111111,3.590805344111172e-08,1.0,0.13966666666666666,0.07746666666666666,0.007873239142206362,0.003858502398092584,0.0,0.26219200017063243,0.00013934280949879038,3.5771176006429334e-05,0.0001035757487700975,0.0001035757487700975,0.0,0.0,0.0,0.2621920001685142,0.7854570367724912,2.704518352870907e-05,0.8172072662907007,0.018759403235370575,0.1639705141143935,3.5771176006429334e-05,4.483622261451799e-05,0.8178782719658956,0.02375763934838398,0.1582614931884199,5.775927468600319e-05,,,,,,9.01533854913091e-06,0.8165272538279196,0.013694076704732829,0.1697561661937359,1.3487935062700112e-05,0.29787608237078156,24.77,1.0,0.07580399163896154,0.31441135979054213,0.05
balanced_agentic,mixed_stress,Intent-PPO-CMDP,Intent-PPO-CMDP,12,1729653623,2128646545,1621075116,fc604e43c5d11a5118bd,stochastic,150,300,150-step training / 300-step held-out evaluation,270404651,1,320.63457950000884,balanced_agentic,200,0.0,0.8272277401209552,0.7736026187135134,0.0,1.0,0.1727722598790448,0.22639738128648657,0.23744294850364606,34.55445197580896,0.1727722598790448,-0.12037230592962998,-0.14637561205398017,0.00892118145063185,0.020148108965882025,0.02530589949654243,0.32037230592963,0.34637561205398015,0.352173639502903,0.8674392431171778,0.9290692761581123,0.4011166666666666,0.5367866133148408,0.45429220523452735,0.0,0.0,81.7636738757025,96.52071428571428,100.6227655055225,98.64670563093512,3.061970377500298,2.8344509592035325,2.8073670706129468,0.04759146096271098,21604069.06025798,20639189.026836183,0.046296177165938125,3.4771847658053625,0.6198347861306734,0.5766560839827032,0.0,0.17010946541668326,0.18409077175756486,56.53552343733217,0.23265779098470177,,,,,0.39856429754620115,0.1727722598790448,0.2760752113360804,0.9922166666666666,0.06735,0.00615,0.9958666666666666,0.15636416666666664,0.57785,0.0369375,0.10677655677655677,2174.9349624878655,3539.6048317377617,75.97866332130297,83.13912344683833,0.005809523809523809,0.4626857582017347,0.7458902777777777,4.631814307267482e-08,1.0,0.24573333333333333,0.16593333333333335,0.029867237515148727,0.021890020567480503,0.0,0.40075727769750374,0.1675562232581586,0.043196468983243134,0.12676772991687377,0.1626876279978034,0.03764239174805265,0.03591989808092964,0.03785,0.37228480813425724,1.1152656146816498,0.0016419799099990687,0.11898938925286259,0.06834957874375105,0.8053648620392013,0.0056541900541858415,0.0018860801275923662,0.09162184033787807,0.058426089377356966,0.8410836227185721,0.006982367438600557,,,,,,0.001394603179417942,0.14672428781771268,0.07840626930969403,0.7691666549077587,0.0043081847854165665,0.22213744709769595,21.145,1.0,0.13760363147546031,0.2337836730445767,0.05
balanced_agentic,mixed_stress,Intent-PPO-CMDP-FullPolicy-NoShield,Intent-PPO-CMDP,12,1729653623,2128646545,1621075116,fc604e43c5d11a5118bd,stochastic,150,300,150-step training / 300-step held-out evaluation,270404651,1,320.63457950000884,balanced_agentic,200,0.0,0.7852908913970775,0.7064492045458611,0.0,1.0,0.2147091086029225,0.2935507954541387,0.31326846716135653,42.9418217205845,0.2147091086029225,-0.12197191240376114,-0.14515055816686248,0.06661409804367444,0.10585454431608277,0.1144316317990329,0.32197191240376116,0.34515055816686246,0.3517552666155363,0.8713443686425609,0.9198055131568175,0.4047333333333333,0.5047232776490467,0.42866262430727886,0.0,0.0,78.75582015814312,91.53845663265305,96.52414741474146,95.14155428718115,2.9299621943755416,2.7309267633735033,2.7080942380116455,0.04734848766024498,21410191.765439257,20333462.63866866,0.04671818295623709,3.2340882986025914,0.608079619205877,0.5621687505261174,0.0,0.16277567746530786,0.1761418098571912,48.46634892066521,0.2556891274857236,,,,,0.47483288029868015,0.2147091086029225,0.3139314239141014,0.9522499999999999,0.06503333333333333,0.04626666666666667,0.9946666666666667,0.15463416666666666,0.0,0.0,0.11953846153846154,2086.002634838491,3384.4019572031843,70.26322145073676,80.89657000458486,0.04204761904761904,0.4663115488061763,0.7291659722222223,4.674554577092259e-08,1.0,0.25766666666666665,0.1704,0.029688143089509848,0.021708211207685874,0.0,0.39999248915369584,0.1694245872048495,0.045794422523910805,0.12589006421649174,0.12589006421649174,0.0,0.0,0.0,0.39999248914501934,1.1982704089109288,0.0014331166097780374,0.11234234762448335,0.06498764802723335,0.7754424652145944,0.045794422523910805,0.0015004647705660582,0.08612403894809934,0.05523868887447026,0.806366968989621,0.05076983841724337,,,,,,0.0013648644468317883,0.13891257990726177,0.07486746569211405,0.744102867429165,0.04075222252462748,0.24168075362057004,19.02,1.0,0.20529038479082956,0.25213475614921016,0.05
balanced_agentic,mixed_stress,MaxWeight,MaxWeight,13,1025721121,372372750,51736825,,stochastic,150,300,150-step training / 300-step held-out evaluation,630784621,0,1.2199976481497288e-05,balanced_agentic,200,0.0,0.7952265886021413,0.7707898238396226,0.0,1.0,0.20477341139785865,0.22921017616037742,0.23636521434336033,40.95468227957173,0.20477341139785865,0.026516661684509567,-0.009124869383490048,0.0,0.0,0.0,0.17213783336045174,0.20912486938349004,0.2227599100687439,0.8841923296391784,0.9252352002728976,0.41159999999999997,0.33676145836939514,0.6632385416306047,0.0,0.0,83.29600108043134,93.28630514705883,95.58363458528952,94.95203193392462,1.9781280462873472,1.7864577231326562,1.7780973391812132,0.062304274570293895,17308371.445456795,16233808.248257574,0.057777109062928246,2.855982979991895,0.5007002418467511,0.4442250329592879,0.011272403574442964,0.10989600257151927,0.12113947330377062,25.988062806134558,0.578508397894984,,,,,0.1370371432509916,0.20477341139785865,0.3821627733547377,1.0,0.9406333333333333,0.0,0.9638833333333332,0.09738,0.0,0.0,0.17153113553113553,1243.722688470788,2373.577085111648,87.00901186631211,82.73986654660392,0.0,0.29779296813951134,0.8493513888888888,5.7863043042323137e-08,1.0,0.40519999999999995,0.2353333333333333,,,,,,,,,,,,,,,,,,,,,,,,,,,,,,,,,,0.33493959611631796,46.235,1.0,0.08585851226485325,0.37218051288338044,0.05
balanced_agentic,mixed_stress,PPO,PPO,13,1025721121,372372750,535536204,3cabdc2e2c3a75659a16,stochastic,150,300,150-step training / 300-step held-out evaluation,630784621,1,262.1022107999888,balanced_agentic,200,0.0,0.8077826985268318,0.7688994291445256,0.0,1.0,0.19221730147316815,0.23110057085547436,0.2518448727432041,38.44346029463363,0.19221730147316815,-0.16115149808951792,-0.18891503267973855,0.0002154382148229135,0.0,0.0002154382148229135,0.36115149808951796,0.38891503267973854,0.39682020106763544,0.8661082703475145,0.9153481477493388,0.4009166666666667,0.5282735578388633,0.47151100394631373,0.0,0.0,83.87644677986762,99.01742817583938,101.94262201331766,101.39267120580713,2.777560266112068,2.5451310418571933,2.532497374015913,0.05213983293171772,22618368.004493427,21603843.14236704,0.04421424550164749,3.090202846632559,0.6492468834846798,0.597981652671104,0.0,0.15430890367289268,0.16840491057767956,19.40035505065116,0.7356053342232735,,,,,0.27548594410145105,0.19221730147316815,0.3029292371846513,0.9992666666666667,0.03788333333333333,0.00015,0.9936333333333335,0.16216166666666662,0.0,0.0,0.11901098901098901,1728.7394764017888,3342.309922109911,73.60988076390379,86.30304987175887,0.00014285714285714287,0.5318503771631973,0.7233055555555556,4.424421611103473e-08,1.0,0.3373333333333333,0.22273333333333334,0.01990189885417662,0.012802555392875834,0.012383333333333333,0.40204225406609284,0.0006595668060671133,0.00011181247223331181,0.0010138138613583155,0.0010138138613583155,0.0,0.0,0.0,0.4020422540597175,1.2044109558190887,0.00044287705385609303,0.08275586279484035,0.03770901034726639,0.8789804373318038,0.00011181247223331181,0.0005044595025426071,0.12911853661001726,0.04549804290290713,0.8247681671318452,0.00011079385268788163,,,,,,0.00038046799512009554,0.035770871210332233,0.0298154270190667,0.9339203890109566,0.00011284476452431822,0.2546093561021975,16.025,1.0,0.16646066132004012,0.2563361556815902,0.05
balanced_agentic,mixed_stress,PPO-Lagrangian,PPO-Lagrangian,13,1025721121,372372750,535536204,454f28c68eb87e33907f,stochastic,150,300,150-step training / 300-step held-out evaluation,630784621,1,254.03850810002768,balanced_agentic,200,0.0,0.8267473319561202,0.7958981978645034,0.0,1.0,0.17325266804387968,0.20410180213549659,0.21177191530242906,34.65053360877594,0.17325266804387968,-0.02567125341667973,-0.05957760747004931,4.869668246445498e-05,0.0,4.869668246445498e-05,0.22567125341667973,0.25957760747004927,0.2654929901584682,0.8738646374312415,0.921292692845831,0.40313333333333334,0.4996514023232054,0.5002999009943302,0.0,0.0,95.06480096383395,107.95773237179488,112.37073291452504,111.13625349377064,2.7099597841231353,2.4595335644512764,2.425327467747503,0.05885582961019277,27396479.483384505,26176306.740820736,0.036517348656841656,2.8222993906952487,0.6403768119719812,0.5823841212013258,0.0,0.15055332134017416,0.16322250836040395,79.07910006313567,0.14921429254191756,,,,,0.5889523249538408,0.17325266804387968,0.30460829068445644,0.9999333333333333,0.11911666666666668,3.3333333333333335e-05,0.9906666666666666,0.15059666666666666,0.0,0.0,0.24956776556776558,2076.5416222115596,3051.0311020755207,93.50107655254742,94.92111738616865,0.0,0.33710937845053196,0.7824652777777777,3.652801606019465e-08,1.0,0.4057333333333333,0.3318666666666667,0.017273157203660742,0.013653592565916757,0.0073,0.3341412890505269,9.789530572657873e-05,2.9648443396298432e-05,6.824844865703573e-05,6.824844865703573e-05,0.0,0.0,0.0,0.3341412890451669,1.000997843519539,3.040770840872092e-05,0.544744652036182,0.1178165185349556,0.3373787732770572,2.9648443396298432e-05,4.083929305924268e-05,0.48638514476160694,0.1952472901738752,0.31828044611422646,4.627965723213758e-05,,,,,,1.9836102487722357e-05,0.6038875084016913,0.039346407679406205,0.35673345382462396,1.2793991790850716e-05,0.26446153615128615,13.065,1.0,0.07057480987162686,0.2695340025230031,0.05
balanced_agentic,mixed_stress,PPO_CMDP,PPO_CMDP,13,1025721121,372372750,535536204,a070e26e29e031606ad8,stochastic,150,300,150-step training / 300-step held-out evaluation,630784621,1,277.9400926999515,balanced_agentic,200,0.0,0.8369821855066764,0.806910947374423,0.0,1.0,0.16301781449332375,0.1930890526255769,0.1992837801138485,32.60356289866475,0.16301781449332375,-0.005171301391088351,-0.03741480668700599,7.546262917567891e-05,0.0,7.546262917567891e-05,0.20517130139108836,0.23741480668700599,0.24840771066989067,0.8594452756883125,0.9140553974823751,0.39788333333333337,0.4907581819927547,0.5091663553780695,0.0,0.0,87.11514584201508,99.31654691242319,103.29453809523807,101.64626780860219,2.6330102566502296,2.3848100513705406,2.361454161834707,0.05703047645128037,29983470.812670156,28537367.415431686,0.03337122079023697,2.296357856568429,0.6704516019283289,0.6056116791435049,0.0,0.14627834759167943,0.15861840927543788,87.2461746545282,0.12426567494592944,,,,,0.39368099704329607,0.16301781449332375,0.29531354134602994,0.9998166666666666,0.0078000000000000005,5e-05,0.9901166666666668,0.15501583333333332,0.0,0.0,0.10397069597069597,2016.4578818977682,2964.9999969015544,83.15008438569392,89.25798675052752,0.0,0.3074786158040417,0.7495347222222223,3.337585403529148e-08,1.0,0.6536,0.36019999999999996,0.03387318218836491,0.024453242997464975,0.0216,0.2488804351843957,0.0002435791221511219,5.459296069944175e-05,0.00018899260893542636,0.00018899260893542636,0.0,0.0,0.0,0.2488804351801531,0.7455791519253466,5.4325233761675604e-05,0.7099566344233602,0.007994309577751746,0.2819401378044269,5.459296069944175e-05,8.575307656875221e-05,0.6209130506013981,0.011585218080610965,0.3673403984362548,7.55798051672079e-05,,,,,,2.247554071557783e-05,0.8001954341355498,0.004355200960760188,0.1953935649493529,3.3324413621370005e-05,0.251055224915928,22.55,1.0,0.060233586953510165,0.26636535615640833,0.05
balanced_agentic,mixed_stress,Intent-PPO-CMDP-NoRisk,Intent-PPO-CMDP-NoRisk,13,1025721121,372372750,535536204,4606dec7f3efe1c94a9c,stochastic,150,300,150-step training / 300-step held-out evaluation,630784621,1,283.62103929999284,balanced_agentic,200,0.0,0.851467265668524,0.8191057772386211,0.005,1.0,0.148532734331476,0.1808942227613789,0.18797685381645474,29.706546866295202,0.148532734331476,-0.12420640324849198,-0.1475715406906544,7.344211861711576e-05,0.0,7.344211861711576e-05,0.3242064032484919,0.3475715406906544,0.3531203848505997,0.8551184856452153,0.9061753503376428,0.39761666666666673,0.6012286671088164,0.3986978907725664,0.0,0.0,78.18501037310482,88.96841181974115,92.14330909090907,91.25505128950364,3.2657831751695205,3.0406453508083917,3.0179087211455373,0.04179491872572193,24275129.500889637,23374176.667116392,0.04120404545754424,3.1562540864612845,0.6221379717851687,0.5759624529109033,0.0,0.1814323986205289,0.19254612340160218,61.79645448705128,0.17924890818320216,,,,,0.27761956869402965,0.148532734331476,0.2449476694397223,0.9995999999999999,0.06183333333333334,5e-05,0.9934000000000001,0.15643749999999998,0.0,0.0,0.11816117216117215,2308.6720592479123,3781.150699127311,69.37742858063275,80.280937572502,0.0,0.4736910467784562,0.7327520833333334,4.121416324596315e-08,1.0,0.37920000000000004,0.22733333333333333,0.014074705339855413,0.010180046606660227,0.0026166666666666673,0.3103120878793332,0.0003397931888319314,7.67940056847364e-05,0.00043867836152433165,0.00043867836152433165,0.0,0.0,0.0,0.31031208787765174,0.9296119365290035,0.0003388305267584004,0.05753405163288761,0.06147834735623299,0.8805719764784362,7.67940056847364e-05,0.0005586645577679119,0.08232033753642722,0.0923644389485078,0.8246378598637958,0.0001186990935013393,,,,,,0.00011604570338634515,0.03241506390513943,0.03017767735332362,0.9372568866046826,3.432643346791062e-05,0.19745654063825668,16.44,1.0,0.12311487488092557,0.20389047901131696,0.05
balanced_agentic,mixed_stress,Intent-PPO-CMDP,Intent-PPO-CMDP,13,1025721121,372372750,535536204,09d0d30da2ff448dad2f,stochastic,150,300,150-step training / 300-step held-out evaluation,630784621,1,309.3859143999871,balanced_agentic,200,0.0,0.8378715382695232,0.8013772246102044,0.0,1.0,0.16212846173047676,0.1986227753897956,0.2082319070250736,32.42569234609535,0.16212846173047676,-0.12206993839099635,-0.14687406961718497,0.02755064454829048,0.04419602866527319,0.05099780064842563,0.3220699383909963,0.346874069617185,0.35533402006777315,0.8846150341523376,0.9264203055834888,0.4099333333333333,0.5813638078892467,0.39108554756246283,0.0,0.0,80.4962100611391,92.9021714121369,94.33381355932202,94.40940785977644,3.195568967787594,2.93595238794356,2.9234746669852916,0.045558454703532175,24440590.0657699,23372980.168712113,0.04092353260244864,3.158042708098364,0.6151322276314443,0.5730274019892326,0.0,0.177531609321533,0.18956703557780202,65.00013044875548,0.18831012153196025,,,,,0.3816911222410991,0.16212846173047676,0.2660124921103531,0.9807999999999999,0.06966666666666667,0.0189,0.9918166666666667,0.15526916666666665,0.6288166666666666,0.04261166666666666,0.15706227106227105,2279.50731597275,3688.832934149433,71.47112200559428,82.79392556910416,0.018571428571428572,0.470847569833748,0.7050583333333332,4.0943018394543504e-08,1.0,0.37086666666666657,0.3152,0.01477654729306662,0.010479102853236692,0.0008166666666666666,0.2843394181605409,0.6241540376971999,0.19541484515624055,0.43451543539991405,0.6054830330446395,0.1763073210318674,0.1709675976447254,0.17638333333333336,0.2794044099633835,0.8370208083006182,0.00026242104640886827,0.08130937306783935,0.06777718228261082,0.8314615809790922,0.019189442624048682,0.00042844839560318265,0.11401211132537487,0.10961630671362106,0.7555848614532219,0.02035827211217895,,,,,,9.416514219181123e-05,0.04816767188067247,0.025376458865949428,0.9083567799616857,0.018004924149500563,0.22402539538820362,12.635,1.0,0.12522807673267933,0.22794409384239017,0.05
balanced_agentic,mixed_stress,Intent-PPO-CMDP-FullPolicy-NoShield,Intent-PPO-CMDP,13,1025721121,372372750,535536204,09d0d30da2ff448dad2f,stochastic,150,300,150-step training / 300-step held-out evaluation,630784621,1,309.3859143999871,balanced_agentic,200,0.0,0.1746864078889906,0.0,0.0,1.0,0.8342469269283381,1.0744589458129947,1.1152341294196892,166.84938538566763,0.8342469269283381,-0.23339746155898147,-0.32616869974290247,0.2930237793683752,0.38616869974290247,0.42668711210143745,0.3385388141646826,0.36556390977443604,0.37805534651899253,0.9054342074798482,0.9545623370611862,0.44153333333333333,0.4268070504199787,0.28016917021164617,0.0,0.0,71.04940135311487,82.15459138562586,85.49329670329669,84.47841629967009,2.4430132935784004,2.0928439209958163,2.079736414152962,0.08957318223138247,23575179.849007234,22533096.921243552,0.04239549663812477,2.207634818307918,0.5470737355549184,0.4849956550067647,0.002564674105893446,0.13572296075435558,0.1561144073897177,24.149137152797458,0.555207770766955,,,,,0.6007404340892202,0.8342469269283381,1.4320118780248077,0.7944499999999999,0.06151666666666667,0.20016666666666666,0.9756666666666667,0.16983916666666665,0.0,0.0,0.22787545787545788,1857.5211845767171,2758.2782753485376,53.449157750113365,75.87869099869732,0.16247619047619047,0.48066495742593335,0.5336722222222222,4.2454166368277337e-08,1.0,0.5415333333333333,0.4838666666666666,0.015513328019805877,0.011115527331120964,0.0006666666666666666,0.3063839128278429,0.6574455840041196,0.19968796817409534,0.4767234918994231,0.4767234918994231,0.0,0.0,0.0,0.30638391271374293,0.9178441754143085,0.0054656597032183875,0.07241513609297316,0.061072045905825226,0.661359190123888,0.19968796817409534,0.010771133267875578,0.09702597194213969,0.09376180247842594,0.5407796092537268,0.257661483057832,,,,,,8.897172829734142e-05,0.04747395345388496,0.027943500654397636,0.783557288858078,0.14093628530534205,0.4958708875610479,3.405,1.0,1.1706004163421408,0.4837449915295275,0.07085951930772705
balanced_agentic,mixed_stress,MaxWeight,MaxWeight,14,1103526060,1905340783,408848433,,stochastic,150,300,150-step training / 300-step held-out evaluation,955564766,0,1.6200006939470768e-05,balanced_agentic,200,0.0,0.801285162890425,0.7747296368937513,0.01,1.0,0.19871483710957502,0.22527036310624868,0.2310433852440613,39.742967421915004,0.19871483710957502,0.026182319150510926,-0.009115405552531276,0.0,0.0,0.0,0.17293475283253087,0.20911540555253127,0.21685447500411673,0.8832838580240218,0.9300459348696991,0.4190833333333333,0.3384654096328943,0.6615345903671057,0.0,0.0,83.53012321342993,94.50920955201777,99.12025147679324,97.38475949018648,2.045223245179298,1.8355578406128652,1.8218664484922642,0.06937413717664268,20819311.35405103,19577999.81323655,0.04803246414502861,2.461727425675171,0.51531461868621,0.46035032252113095,0.006196455089991779,0.1136235136210721,0.12508905749543034,32.73216992592922,0.491383291279212,,,,,0.14826549772055586,0.19871483710957502,0.3758396495614778,1.0,0.9329500000000001,0.0,0.96455,0.09783916666666666,0.0,0.0,0.18418315018315012,1290.9296771712256,2451.3813202605666,85.5712766394897,83.07567638423616,0.0,0.2943664187080039,0.8472534722222221,4.8097018352471945e-08,1.0,0.4658,0.26553333333333334,,,,,,,,,,,,,,,,,,,,,,,,,,,,,,,,,,0.3247849450453243,50.07,1.0,0.07743806946764811,0.36644400337595456,0.05
balanced_agentic,mixed_stress,PPO,PPO,14,1103526060,1905340783,1823775964,0a65909e93fb2c778ea0,stochastic,150,300,150-step training / 300-step held-out evaluation,955564766,1,272.0849051999976,balanced_agentic,200,0.0,0.8325062441551877,0.7940839642180711,0.005,1.0,0.1674937558448123,0.2059160357819288,0.21320482357245552,33.49875116896246,0.1674937558448123,-0.1063705754177499,-0.1357896903222682,0.0005139885985865741,0.004549663299663298,0.005419156872846888,0.3063705754177499,0.3357896903222682,0.3417250204257857,0.8536527646265648,0.9001636764974106,0.40435000000000004,0.5098620453241307,0.48962396607728265,0.0,0.0,83.10903168031068,94.7970588235294,97.7647319688109,97.02593154059267,2.7670136513157306,2.562636253973346,2.553932793525559,0.04798888915786507,25996160.017270193,24967329.726373967,0.038471172403304374,2.6540933898191454,0.6541812337120527,0.6049274640089346,0.0,0.1537229806286517,0.16576484442378375,46.34379906153108,0.29985792077712575,,,,,0.5067725031998093,0.1674937558448123,0.2838047293461098,0.9994166666666666,0.28385,0.00036666666666666667,0.9952833333333334,0.15484666666666666,0.0,0.0,0.13266666666666665,1752.6310940827527,3313.219643671949,78.13375008830567,84.47606401806165,0.0003333333333333334,0.46232478980589775,0.7325027777777777,3.8487152325850135e-08,1.0,0.32900000000000007,0.12573333333333334,0.03428744646265169,0.01596035485134487,3.3333333333333335e-05,0.42547986405761384,0.001372825562859894,0.0003208307552729629,0.0013547641344099162,0.0013547641344099162,0.0,0.0,0.0,0.4254798640459522,1.2746237604698232,0.00023242987637053618,0.06741215862216662,0.2819547485894977,0.6500798321566922,0.0003208307552729629,0.00028730576136083415,0.05321544813777567,0.2698322247458769,0.6763924224817791,0.00027259887320740377,,,,,,0.00017681740231996582,0.08179942897883126,0.2942399908739725,0.6234140526997247,0.0003697100451514827,0.23839960043237096,23.08,1.0,0.12059654249992974,0.2508328469239149,0.05
balanced_agentic,mixed_stress,PPO-Lagrangian,PPO-Lagrangian,14,1103526060,1905340783,1823775964,337f5a10e02765106fee,stochastic,150,300,150-step training / 300-step held-out evaluation,955564766,1,284.58887489995686,balanced_agentic,200,0.0,0.832967092717372,0.7943266739331272,0.0,1.0,0.167032907282628,0.20567332606687289,0.2128039661340902,33.4065814565256,0.167032907282628,0.0015512336509889088,-0.0417365376643931,0.00027709081741580607,0.004331852358168147,0.005108915915415688,0.19832475084791348,0.24173653766439307,0.2563994407373036,0.8552225807770951,0.8968023571087201,0.40618333333333334,0.4716248818211386,0.5280980273614455,0.0,0.0,87.12517794522327,97.95106521739129,104.80585858585856,103.3811954069233,2.6125770226089706,2.388117879121262,2.3709094943229405,0.05103151956580945,33539398.85340662,31930606.21718989,0.02983115246560422,2.0370611564704357,0.6614943832432186,0.6034536014242325,0.0,0.1451431679227206,0.1572743494436338,88.71105910901697,0.12420774981871133,,,,,0.42646074788471744,0.167032907282628,0.29525885346761754,0.9992666666666666,0.030216666666666666,0.0002,0.9951333333333335,0.15711416666666664,0.0,0.0,0.21068864468864473,1984.1114355288687,2950.981569498258,85.6487250141966,89.05411478569167,0.00038095238095238096,0.2831841036502027,0.7449388888888887,2.983887040407252e-08,1.0,0.7116666666666666,0.5710000000000001,0.013340788687192177,0.00917535818696634,0.009633333333333332,0.31902872390212467,0.0007309583310367912,0.00014780408385636578,0.0005846492357497624,0.0005846492357497624,0.0,0.0,0.0,0.31902872389671943,0.9557246443681479,0.00040084905478220855,0.7200852420398397,0.030298344821771142,0.24906775999975062,0.00014780408385636578,0.0004935682245969183,0.5843915590876705,0.030818251207690103,0.3841186169982738,0.00017800448176868142,,,,,,0.00030688533235253646,0.8576003167094878,0.029771459826645218,0.11220413982003909,0.00011719831147542848,0.25017039812212744,29.625,1.0,0.07406251028157795,0.27117081036406576,0.05
balanced_agentic,mixed_stress,PPO_CMDP,PPO_CMDP,14,1103526060,1905340783,1823775964,dadb88684cb84768bf3a,stochastic,150,300,150-step training / 300-step held-out evaluation,955564766,1,264.74071779998485,balanced_agentic,200,0.0,0.8503788845075332,0.8130253693142631,0.015,1.0,0.14962111549246684,0.18697463068573686,0.20101270528978646,29.924223098493368,0.14962111549246684,-0.13746519091809029,-0.16365263614666956,0.0002118820954745125,0.0,0.0002118820954745125,0.3374651909180903,0.36365263614666954,0.37081037909543213,0.8288193709642229,0.888594727456867,0.39348333333333335,0.5708802109247468,0.42890790697977865,0.0,0.0,74.38263982715506,85.63293402403049,92.96503655793025,89.96688184175063,3.0655008925094616,2.8628505287321553,2.842251202505639,0.0440518378092264,27535461.460124224,26559461.686865214,0.03632840136903145,2.4850811556509496,0.6690276858643959,0.6124047394330009,0.0,0.17030560513941453,0.18356966024368876,50.568135654325175,0.2524608949892357,,,,,0.2548029643340382,0.14962111549246684,0.2467617185018802,0.9949833333333333,0.020300000000000002,0.00015,0.9958,0.15771249999999998,0.0,0.0,0.08112820512820512,1949.290119119877,3666.537462796161,65.12479727107599,76.62588632955475,9.523809523809524e-05,0.4999463807351865,0.679713888888889,3.633458063576337e-08,1.0,0.23073333333333335,0.07219999999999999,0.036179762398619614,0.010764151814443823,0.0,0.37212887121415233,0.0005086504788166619,0.00011292010097197715,0.001226012737824464,0.001226012737824464,0.0,0.0,0.0,0.3721288712212207,1.114798469438628,0.004704519290388672,0.08240620400410602,0.020827784444192154,0.8919485721603411,0.00011292010097197715,0.00585207958333684,0.0829172035225043,0.02190692073583108,0.8892161902488431,0.00010760590948466233,,,,,,0.003541555503575429,0.08188834543176954,0.01973416310165875,0.8947176303391076,0.00011830562388865191,0.19463215356261288,20.565,1.0,0.13275167774843288,0.20256652630884883,0.05
balanced_agentic,mixed_stress,Intent-PPO-CMDP-NoRisk,Intent-PPO-CMDP-NoRisk,14,1103526060,1905340783,1823775964,72924e27f6df7ecb428f,stochastic,150,300,150-step training / 300-step held-out evaluation,955564766,1,270.7660398000153,balanced_agentic,200,0.0,0.8479639250074075,0.8068800431005396,0.02,1.0,0.15203607499259247,0.19311995689946035,0.20252263125661268,30.407214998518494,0.15203607499259247,-0.13893169964589766,-0.16160805900260206,0.0002401987017387179,0.00021276595744673595,0.004803974034774358,0.33893169964589775,0.36160805900260207,0.3678144974142203,0.8332737962930353,0.8885497736985121,0.39516666666666667,0.5714352959892532,0.428324505309008,0.0,0.0,75.0611253299209,86.50633043478261,90.48081818181814,89.60106496729132,3.101688147849073,2.889217230774356,2.8753329076775653,0.04199974478304418,27073807.283859015,26132106.47160929,0.0369438110681411,2.5803353429538936,0.6553622260345506,0.6062545604732636,0.0,0.17231600821383744,0.18428257145968438,49.431438940921,0.23515391631435034,,,,,0.23289995824638068,0.15203607499259247,0.2473491571970934,0.9996333333333333,0.05168333333333334,0.00016666666666666666,0.99595,0.15818833333333332,0.0,0.0,0.07782417582417582,1976.8018137651889,3707.3961738942417,65.89840933823248,77.3346853842967,0.00019047619047619048,0.4970196009741563,0.6974569444444444,3.6955308785545795e-08,1.0,0.3495333333333333,0.06273333333333332,0.10172356219511042,0.024721309984799603,0.02915,0.41750718508765916,0.0006712691838656526,0.00015639866915365092,0.0012354343784622183,0.0012354343784622183,0.0,0.0,0.0,0.4175071850943152,1.2507397488277199,0.00018741700595224502,0.04278565203019406,0.05418154094931948,0.9026889913453806,0.00015639866915365092,0.0003255764002309742,0.040592783268275576,0.051285587040159786,0.9076324383408891,0.00016361495044457853,,,,,,4.740312315970744e-05,0.0450079552721383,0.057116366723031636,0.8976791893566438,0.00014908552502660346,0.1938416060769534,21.305,1.0,0.13436265424926952,0.20264734138685647,0.05
balanced_agentic,mixed_stress,Intent-PPO-CMDP,Intent-PPO-CMDP,14,1103526060,1905340783,1823775964,fd2a9bdca11bd34bca64,stochastic,150,300,150-step training / 300-step held-out evaluation,955564766,1,319.06714920001104,balanced_agentic,200,0.0,0.8175662139001325,0.7693309596780508,0.0,1.0,0.18243378609986752,0.23066904032194926,0.24829187895554158,36.486757219973505,0.18243378609986752,-0.052458264091728386,-0.08468506642999658,0.02472501644101709,0.0426744370620649,0.04616117430876121,0.25245826409172845,0.2846850664299966,0.2905067573217247,0.8938650619172531,0.9408402759328371,0.41894999999999993,0.5048335835480838,0.47044140001089907,0.0,0.0,92.13844843588298,105.72450522778193,109.6432,109.24219621424962,2.8828110482542377,2.6819890810301055,2.6568724359274567,0.04603192303465964,30867847.90060396,29662527.394139014,0.032409365528890705,2.5825506999833414,0.6162865460381954,0.5660905314515678,0.0,0.16015616934745766,0.17253701920614936,84.6814067125801,0.1514854069104776,,,,,0.6237390469449703,0.18243378609986752,0.3136631743152705,0.98205,0.08989999999999998,0.017483333333333333,0.9953333333333333,0.15105166666666667,0.6285833333333333,0.042295,0.15354578754578754,2171.04116434783,3266.0717549730725,87.50298675580623,93.31024244718968,0.020095238095238097,0.36755897735654514,0.7455381944444442,3.241876168458151e-08,1.0,0.3429333333333333,0.21100000000000002,0.019423157645871773,0.014045519957602517,0.009283333333333333,0.4341428611955191,0.6790393765113873,0.2129882311666588,0.4759774304036059,0.6639359228638818,0.1964826151889531,0.18795849246027585,0.19591666666666666,0.445277861307443,1.3339332598178049,0.0005432450232904627,0.46910544043585256,0.09015065611975631,0.42328084752280815,0.016919810898292514,0.0006867818876968015,0.44547541945794206,0.13324032047949186,0.40379791980743923,0.01679955836743004,,,,,,0.0003977814895632333,0.4930526429033994,0.04648260700351425,0.4430252910464372,0.017041677557086025,0.26051268545510153,15.895,1.0,0.09099932413671709,0.26827819473409437,0.05
balanced_agentic,mixed_stress,Intent-PPO-CMDP-FullPolicy-NoShield,Intent-PPO-CMDP,14,1103526060,1905340783,1823775964,fd2a9bdca11bd34bca64,stochastic,150,300,150-step training / 300-step held-out evaluation,955564766,1,319.06714920001104,balanced_agentic,200,0.0,0.2765283174010238,0.010188775976712252,0.0,1.0,0.7268670683691547,0.9898112240232877,1.0675175084633715,145.37341367383095,0.7268670683691547,-0.3527521939522142,-0.42656517094017093,0.4127521939522143,0.48656517094017077,0.5087106706366945,0.2777965883813758,0.3243361782835467,0.3318752400511236,0.9059690316649767,0.945670026381887,0.44795,0.3104774547511,0.27677035129668576,0.0,0.0,70.58778965100278,84.48224206349207,87.04360655737703,86.60927547522812,1.8639201973906223,1.6008684095683918,1.58402512690326,0.08165731535246958,28944560.85966011,27314168.799352873,0.03455484553191806,1.3639143786860772,0.55378338392892,0.4815861599788415,0.0023231102726753365,0.10355112207725678,0.11789630898078746,2.15372825903107,5.764068380695314,,,,,0.7948065670391791,0.7268670683691547,1.1586943961035812,0.70735,0.07271666666666667,0.2909,0.9804333333333334,0.1420875,0.0,0.0,0.1981978021978022,1408.1231781295573,2109.3493616081187,61.92119437535933,72.8458095870922,0.26585714285714285,0.40881085612572293,0.6005416666666666,3.4589033885574674e-08,1.0,0.3803333333333333,0.2674666666666667,0.021209759155522274,0.016308843173929687,0.0102,0.43750758446654703,0.6669612194780654,0.29039144802232225,0.3902551730908459,0.3902551730908459,0.0,0.0,0.0,0.4375075843076545,1.310655590235084,0.0017035632829713616,0.3300659841703194,0.07374900054528184,0.3040900039791052,0.29039144802232225,0.0030830894282401844,0.33250942852987064,0.11153103310740846,0.30608793949556135,0.2467885094389194,,,,,,0.000305520008235843,0.32758974189990164,0.0354598266064824,0.3020652505362537,0.3345796609491265,0.5715557119556847,63.8,1.0,1.0040899012001208,0.6427722183032997,0.0646031949136054
balanced_agentic,mixed_stress,MaxWeight,MaxWeight,15,1481178426,1997781942,533834020,,stochastic,150,300,150-step training / 300-step held-out evaluation,615353400,0,1.079996582120657e-05,balanced_agentic,200,0.0,0.849256134950156,0.8120855507572454,0.115,1.0,0.15074386504984408,0.18791444924275463,0.19603686776046148,30.148773009968814,0.15074386504984408,0.0014481480169689076,-0.03547927913410145,0.0,0.0,0.0,0.1985375662687454,0.23547927913410144,0.2509668549892957,0.8422842437289242,0.9132697456946,0.39965000000000006,0.4280343666033933,0.5719656333966067,0.0,0.0,71.55848293632356,82.44102836879432,86.47408791208791,85.21801059047871,2.4704141325998488,2.184671751273679,2.161296986290225,0.09551793311827365,20316229.993392516,18774759.45132921,0.04916109557645133,2.6071960857376744,0.5478162951386291,0.49471950462945335,0.0013527780300884933,0.1372452295888805,0.16570238645128707,54.87831756996707,0.5351310029899551,,,,,0.2323791427321795,0.15074386504984408,0.29768030090963093,0.9999666666666667,0.8639,0.0,0.9700666666666666,0.10598250000000001,0.0,0.0,0.2813186813186813,1582.984658759371,2948.260772360109,67.03524990273812,73.73432561482838,0.0,0.32000919926272736,0.8000763888888889,4.942435485165449e-08,1.0,0.6360000000000001,0.5357333333333334,,,,,,,,,,,,,,,,,,,,,,,,,,,,,,,,,,0.24818311855988434,45.16,1.0,0.057316489444646866,0.2844879097906439,0.05
balanced_agentic,mixed_stress,PPO,PPO,15,1481178426,1997781942,1596015111,461e22a59e6f436fac36,stochastic,150,300,150-step training / 300-step held-out evaluation,615353400,1,258.87767640000675,balanced_agentic,200,0.0,0.858046934984551,0.8244227164697215,0.005,1.0,0.14195306501544913,0.1755772835302785,0.18461439197702217,28.390613003089825,0.14195306501544913,-0.00804251269842244,-0.045766242937853106,0.00016661183440912068,0.0,0.00016661183440912068,0.20804251269842247,0.24576624293785312,0.2548866031069142,0.8520254234076696,0.8995860438846623,0.3990166666666667,0.5661555550929176,0.4336778330726732,0.0,0.0,87.98961335552127,98.5959532630379,101.77092399403874,102.23372038886775,3.1155468926246006,2.839105172998577,2.8324580704164504,0.051608906287565856,32275422.36881537,31060392.251002878,0.030990299790044314,2.548664875851874,0.6344031773462568,0.5859097357970328,0.0,0.17308593847914444,0.1886091254275084,108.44221273776358,0.10297098115350041,,,,,0.4743030515005303,0.14195306501544913,0.26798755150099274,0.9997999999999999,0.047850000000000004,0.00011666666666666667,0.9884666666666666,0.14349249999999997,0.0,0.0,0.11947985347985349,2402.023205878122,3499.7519547188595,82.0839583447434,88.58911463969748,0.00014285714285714287,0.31634761353325586,0.7590590277777777,3.1000305046739616e-08,1.0,0.39640000000000003,0.38266666666666665,0.022636825767142918,0.022074547173796758,0.0005,0.2764442007780729,0.0008327100977084257,0.0001539876950554783,0.0006787988643672085,0.0006787988643672085,0.0,0.0,0.0,0.27644420079051213,0.8281528141449769,0.00015780279017813494,0.6719345503135449,0.04919436840712299,0.2785592907940984,0.0001539876950554783,0.00011276748142337165,0.7644822951725249,0.02981425905128492,0.20544572907948297,0.000144949215283821,,,,,,0.00020344259972155277,0.5781445538457196,0.06883461345901257,0.352654242598843,0.00016314749670326523,0.2132369994930157,10.995,1.0,0.04087432659692504,0.21577127888572473,0.05
balanced_agentic,mixed_stress,PPO-Lagrangian,PPO-Lagrangian,15,1481178426,1997781942,1596015111,c54dc7a9b9a68be549b7,stochastic,150,300,150-step training / 300-step held-out evaluation,615353400,1,254.7300168000511,balanced_agentic,200,0.0,0.8175262939034594,0.7844681938375514,0.0,1.0,0.18247370609654062,0.2155318061624486,0.23038620559313588,36.494741219308125,0.18247370609654062,0.04707605127191414,0.008176100628930816,0.00021518337075270035,0.0,0.00021518337075270035,0.13861401035249318,0.1918238993710692,0.20681605789567795,0.8498516262004217,0.8973834682822044,0.39751666666666663,0.4453750654542185,0.5544097511750288,0.0,0.0,91.85696092013431,104.66158486102897,109.77461224489795,108.0395275960401,2.3722570454751573,2.1061379685187327,2.08803659412925,0.07662850753847404,35435283.446910135,32391843.414951153,0.02821032442994281,1.844179343963971,0.6862181181846231,0.6181733985439772,0.0,0.13179205808195318,0.14953864895804284,84.8611063886874,0.18202677757269176,,,,,0.12286469369770943,0.18247370609654062,0.3333455163720297,0.9997166666666666,0.010266666666666667,0.00015,0.9744833333333334,0.1323508333333333,0.0,0.0,0.04556043956043956,1873.299302354895,2640.9265994629914,91.26168055119165,91.42066711074273,9.523809523809524e-05,0.2140110910066314,0.746538888888889,2.8271151876424095e-08,1.0,0.07453333333333335,0.04866666666666669,0.009505878794498964,0.008102110751204325,0.0,0.09284323535177887,0.00046407035814339186,0.0001493633730663654,0.00031475356664402773,0.00031475356664402773,0.0,0.0,0.0,0.09284323534968879,0.27813347651823145,0.00023609043617228416,0.9575878493720955,0.010834548017698621,0.031192148800967084,0.0001493633730663654,0.00018928948059732865,0.9643175181865524,0.008793901212693944,0.026570534848289747,0.00012875627186645903,,,,,,0.00028351959249321224,0.9507678494326126,0.012902586054985243,0.03587579784025754,0.00017024707965150536,0.27625155880679547,28.345,1.0,0.06298122534303487,0.29529034886751104,0.05
balanced_agentic,mixed_stress,PPO_CMDP,PPO_CMDP,15,1481178426,1997781942,1596015111,fc83225982e20e56ecdd,stochastic,150,300,150-step training / 300-step held-out evaluation,615353400,1,273.55554740002844,balanced_agentic,200,0.0,0.8318876192611807,0.78536873883681,0.0,1.0,0.16811238073881932,0.21463126116318998,0.23067660574910304,33.62247614776386,0.16811238073881932,0.016194768392810085,-0.021761040160024597,0.00018905885555611256,0.0,0.00018905885555611256,0.18349569395489454,0.22176104016002457,0.23289831724170065,0.8533228574114612,0.9004323040910182,0.3984,0.5260708926956503,0.4737400484487936,0.0,0.0,96.30442251532725,107.72216828478965,114.11491100323623,111.81704717784287,2.8686290661940155,2.5616036837499205,2.5334913072131044,0.0647993039365058,33980184.93667956,32755629.2705604,0.02942688659824845,2.4388562117855606,0.6511687362436084,0.6049398718544629,0.0,0.15936828145522305,0.17620396182560677,99.87437475416395,0.1351309257667921,,,,,0.3161676434004048,0.16811238073881932,0.31240509256949334,0.99985,0.009349999999999999,0.00013333333333333334,0.9728666666666667,0.13719416666666664,0.0,0.0,0.09134065934065934,2131.906540475775,3265.32581081153,92.66108438317504,95.2885706993582,0.00023809523809523812,0.2801134545623206,0.7606819444444445,2.944691019191376e-08,1.0,0.49979999999999997,0.4558,0.014360557190274409,0.011189962282316262,0.0004166666666666667,0.22294133695807156,0.0006320326513433673,0.00017086119264810636,0.0004612372725969934,0.0004612372725969934,0.0,0.0,0.0,0.22294133696230717,0.6678725582472589,9.196204515378297e-05,0.815445640956998,0.010014745477632174,0.17427679032756796,0.00017086119264810636,7.683452364759655e-05,0.9271151538324619,0.006393327827697902,0.06623662089767567,0.0001780629185169228,,,,,,0.00010729262063991822,0.7022772084456218,0.01368477276045147,0.28376716337396884,0.0001635627993179635,0.24744975785109943,8.065,1.0,0.059331930010496074,0.24255880062805957,0.05
balanced_agentic,mixed_stress,Intent-PPO-CMDP-NoRisk,Intent-PPO-CMDP-NoRisk,15,1481178426,1997781942,1596015111,8c806f3e428ad93e5ba2,stochastic,150,300,150-step training / 300-step held-out evaluation,615353400,1,275.68097020004643,balanced_agentic,200,0.0,0.8129428030024122,0.7826623922157363,0.0,1.0,0.18705719699758788,0.21733760778426361,0.2288386618212451,37.411439399517576,0.18705719699758788,0.0429096296656517,-0.004494889937106914,9.76161440864258e-05,0.0,9.76161440864258e-05,0.14750861354644307,0.2044948899371069,0.2188028980024856,0.8546124484278005,0.9043305797982668,0.3988333333333333,0.4242297064025344,0.5756726774533791,0.0,0.0,91.53999903775004,103.28868618016574,108.43713815789474,106.03615131438653,2.293462125934175,2.036853235287754,2.0339713223964546,0.07072438041920975,35123558.00120132,32821319.92986502,0.028468110620554744,1.793008612270596,0.6705229066464056,0.5781998975170933,0.0,0.1274145625518986,0.14284853617772214,77.63479682431993,0.18717381219771514,,,,,0.08505653945327303,0.18705719699758788,0.34058232789823906,0.9998833333333333,0.004183333333333333,6.666666666666667e-05,0.9686166666666667,0.12938499999999997,0.0,0.0,0.03722344322344323,1798.2137468808228,2560.1343300398266,92.94377353046832,90.3496194069965,0.0,0.23004966789362716,0.7544291666666666,2.851100216091055e-08,1.0,0.054000000000000006,0.03780000000000001,0.006182175604440141,0.0053338363078167216,0.0,0.06330482125455661,0.00015817188070911092,4.845994891165608e-05,0.0001097152071655743,0.0001097152071655743,0.0,0.0,0.0,0.06330482126257816,0.1896442961278723,6.629852268137269e-05,0.971653860516824,0.003991083609345702,0.024240297402237238,4.845994891165608e-05,7.232417252977104e-05,0.9771051635697132,0.003682760150946146,0.019078098703448645,6.165340336218195e-05,,,,,,6.019199162695557e-05,0.9661293856108759,0.004303545637656659,0.02947178735872769,3.508940111280099e-05,0.2862233670548476,32.17,1.0,0.06671429969745638,0.3089459609018184,0.05
balanced_agentic,mixed_stress,Intent-PPO-CMDP,Intent-PPO-CMDP,15,1481178426,1997781942,1596015111,618554fca77aa7604c32,stochastic,150,300,150-step training / 300-step held-out evaluation,615353400,1,332.33217309997417,balanced_agentic,200,0.0,0.8195323727817575,0.7784906312100508,0.0,1.0,0.18046762721824242,0.22150936878994926,0.23005215356282765,36.09352544364848,0.18046762721824242,0.046707550393575534,0.006617229698800708,0.002876482620659433,0.009062401346943067,0.01167839923565607,0.13735102475577485,0.1933827703011993,0.20876696970906616,0.8534364690151562,0.9029992174880966,0.39953333333333335,0.45349706275204144,0.5436264546272993,0.0,0.0,92.7756570755154,105.03854609929077,108.87905777390925,108.23669529416047,2.4466671279531,2.112662807052884,2.1083166403432925,0.08127894126939683,35478007.54076454,33460032.669182587,0.028164820396970526,1.917949495161009,0.6906540022806859,0.6150684317765294,0.0,0.13592595155294998,0.15249259206997878,89.25918009526995,0.1743984961296862,,,,,0.16893019644729493,0.18046762721824242,0.328206254097742,0.99785,0.014033333333333333,0.0020333333333333336,0.9773333333333334,0.13565916666666666,0.7303166666666666,0.05994583333333333,0.05988278388278388,1908.3077569984935,2736.5529430825036,92.18704545721862,92.15409652360721,0.0018095238095238097,0.2171390850978903,0.7430916666666667,2.8217544664385104e-08,1.0,0.10073333333333334,0.06973333333333334,0.024541634403854796,0.022092350497340405,0.0,0.15582085927718572,0.064581535467143,0.021324545153905597,0.043596975185357385,0.06275270042629258,0.019471269990633276,0.019155725240935183,0.01875,0.12937129204490605,0.3875617548503037,7.427590838988389e-05,0.9361342085340718,0.014345909408128901,0.04758021983469101,0.0018653863147184,7.445981777048657e-05,0.9485596309570081,0.011445641573153477,0.03807551224195394,0.0018447554101138877,,,,,,7.408953042699126e-05,0.9235420019175388,0.01728510701270131,0.057212507395115825,0.0018862941442169324,0.2744709842579452,23.605,1.0,0.06409962515352408,0.2890517754741537,0.05
balanced_agentic,mixed_stress,Intent-PPO-CMDP-FullPolicy-NoShield,Intent-PPO-CMDP,15,1481178426,1997781942,1596015111,618554fca77aa7604c32,stochastic,150,300,150-step training / 300-step held-out evaluation,615353400,1,332.33217309997417,balanced_agentic,200,0.0,0.8093620662683637,0.7641857778881228,0.0,1.0,0.1906379337316364,0.23581422211187714,0.25144188738185413,38.12758674632728,0.1906379337316364,0.024519521097370555,-0.009383752833114644,0.030437735654234764,0.05264423076923076,0.06133883499329869,0.14429672576726438,0.20090427579891562,0.21969227306972677,0.8555872944453502,0.9020239032240964,0.40001666666666663,0.43529684141735214,0.5342654229284131,0.0,0.0,90.7733427746967,103.00262233925827,107.99399999999999,106.81912854662721,2.3694035888411573,2.0632054154598984,2.05174011575028,0.08225105815038548,35152690.59389983,32960171.14331969,0.02843358156044601,1.8346371922350095,0.6884509740138011,0.62665430162193,0.0,0.13163353271339762,0.1498218751613829,81.36119022137413,0.20288361184336223,,,,,0.22191066768091855,0.1906379337316364,0.3418418343232899,0.9786499999999998,0.014166666666666666,0.021316666666666668,0.9768333333333333,0.13471,0.0,0.0,0.07386080586080586,1840.2552065076793,2654.3296408668766,89.32450971441538,90.52150533318553,0.018095238095238095,0.22678129818747106,0.7322027777777778,2.848398093356114e-08,1.0,0.1186,0.08146666666666666,0.02468454197811945,0.022220479976276533,0.0,0.15672038653495407,0.06477594500390045,0.021571134111302178,0.043552348596934555,0.043552348596934555,0.0,0.0,0.0,0.15672038653364534,0.4694923198626977,7.368127584651412e-05,0.9174279990141159,0.01414421861139982,0.04678296698733576,0.021571134111302178,7.485590591375505e-05,0.9319516985685672,0.011428011619870308,0.03783963985772245,0.01870579404792622,,,,,,7.249087893273301e-05,0.9027093504723561,0.016896884757178047,0.05584633877640696,0.024474935115126134,0.28445098105889755,24.565,1.0,0.07182246989257225,0.30077669432926124,0.05
