intent,scenario,scheme,checkpoint_source_scheme,seed,env_seed,evaluation_seed,policy_seed,policy_fingerprint,evaluation_action_mode,training_steps,evaluation_steps,horizon_protocol,evaluation_action_sampling_seed,universal_training_reused,train_time_s,intent_name,episodes,intent_satisfaction_rate,soft_intent_compliance_score,soft_intent_compliance_p05,relaxed_intent_satisfaction_rate,intent_violation_rate,weighted_violation_mean,weighted_violation_p95,weighted_violation_cvar95,intent_regret_auc,positive_violation_mean,reliability_safety_margin_mean,reliability_safety_margin_p05,blocking_mean,blocking_p95,blocking_cvar95,interruption_mean,interruption_p95,interruption_cvar95,deadline_exposure_mean,deadline_exposure_cvar95,deadline_miss_proxy_mean,service_success_rate_mean,unfinished_rate_mean,request_conservation_error_max_abs,shield_override_rate_mean,delay_mean_ms,delay_p95_ms,delay_p99_ms,delay_cvar95_ms,throughput_mean_mbps,throughput_p05_mbps,throughput_cvar_low10_mbps,throughput_stability_cv,energy_eff_mean_bpj,energy_eff_p05_bpj,energy_per_mbit_j,energy_delay_product,fairness_mean,fairness_p05,fairness_deficit_mean,utilization_mean,utilization_p95,reward_mean,reward_stability_cv,qmax_terminal,qmax_oscillation_std,lambda_pressure_mean,lambda_terminal_pressure,action_entropy_norm,dynamic_violation_mean,dynamic_violation_step_cvar95,grant_like_action_rate,preempt_action_rate,deny_action_rate,feasibility_filter_active_rate,feasibility_filtered_action_fraction,shield_filter_active_rate,shield_filtered_action_fraction,shock_action_shift_l1,shock_throughput_bits_mean,pre_shock_throughput_bits_mean,shock_delay_ms_mean,pre_shock_delay_ms_mean,shock_block_rate,shock_interruption_rate,queue_load_mean,energy_per_delivered_bit_step,intent_switch_active,intent_action_shift_l1,intent_mode_shift_l1,counterfactual_intent_policy_l1,counterfactual_mode_policy_l1,counterfactual_argmax_change_rate,frozen_policy_entropy_norm,pre_mask_reject_probability,feasible_reject_probability,physical_infeasible_probability_mass,pre_mask_unsafe_probability_mass,shield_filtered_probability_mass,shield_filtered_raw_probability_mass,actual_shield_prevention_rate,stochastic_action_entropy,stochastic_action_entropy_nats,policy_mode_prob_defer,policy_mode_prob_grant,policy_mode_prob_protect,policy_mode_prob_coexist,policy_mode_prob_reject,intent_mode_prob__balanced_agentic__defer,intent_mode_prob__balanced_agentic__grant,intent_mode_prob__balanced_agentic__protect,intent_mode_prob__balanced_agentic__coexist,intent_mode_prob__balanced_agentic__reject,intent_mode_prob__reliability_first__defer,intent_mode_prob__reliability_first__grant,intent_mode_prob__reliability_first__protect,intent_mode_prob__reliability_first__coexist,intent_mode_prob__reliability_first__reject,intent_mode_prob__latency_critical__defer,intent_mode_prob__latency_critical__grant,intent_mode_prob__latency_critical__protect,intent_mode_prob__latency_critical__coexist,intent_mode_prob__latency_critical__reject,post_switch_violation_mean,switch_adaptation_time_steps,switch_adaptation_success,switch_pre_violation_reference,switch_post_violation_reference,switch_settling_band
balanced_agentic,congestion_burst,MaxWeight,MaxWeight,11,471540437,1073362871,28237267,,stochastic,150,300,150-step training / 300-step held-out evaluation,546558637,0,1.4599994756281376e-05,balanced_agentic,200,0.0,0.9086260069024107,0.8872149806660719,0.8,1.0,0.09137399309758937,0.11278501933392818,0.11867050601925508,18.274798619517874,0.09137399309758937,0.058200947031256396,0.04754819629034615,0.0,0.0,0.0,0.11870547312327105,0.15245180370965386,0.16623870504187588,0.872313151074384,0.9169329770799971,0.3875166666666667,0.3762205544624769,0.6237794455375232,0.0,0.0,80.62717840709513,95.18013698630136,99.07506944444444,97.95989785405449,1.903892721643753,1.7299553213033476,1.7190864133978654,0.05799248673756483,19052548.052486405,17839008.175719056,0.05251324918620793,2.4183217425196903,0.5030525771178108,0.4510825134084055,0.01018210034107541,0.10577181786909738,0.11416938289599432,-14.405066704265097,0.8157760919748895,,,,,0.1275541084011818,0.09137399309758937,0.1726313810970612,1.0,0.9463333333333332,0.0,0.9440333333333334,0.08899499999999999,0.0,0.0,0.1581391941391941,1629.0469709841104,2051.8865873835593,82.69334610478052,79.73778854102795,0.0,0.11719777347463191,0.8576104166666667,5.257937273269333e-08,1.0,0.37446666666666667,0.21373333333333336,,,,,,,,,,,,,,,,,,,,,,,,,,,,,,,,,,0.09912049971912162,4.645,1.0,0.08149029369267691,0.11396114748660997,0.05
balanced_agentic,congestion_burst,PPO,PPO,11,471540437,1073362871,1897045420,b9c1e1a3273f0ff06c77,stochastic,150,300,150-step training / 300-step held-out evaluation,546558637,1,259.96485530002974,balanced_agentic,200,0.0,0.924844804362721,0.8937244585967797,0.92,1.0,0.07515519563727899,0.10627554140322025,0.1285939092296277,15.031039127455799,0.07515519563727899,0.05606830382589317,0.03473177891627091,0.0,0.0,0.0,0.13233875373338755,0.16526822108372907,0.17375411422847814,0.835269588251554,0.8939455907892728,0.37394999999999995,0.5708452094979738,0.4291547905020262,0.0,0.0,92.98176905355638,104.29741974984692,108.85878504672895,107.84038558181828,2.6845000087068285,2.4246913001924937,2.424461213938105,0.05536129879962715,34347646.201061375,33182764.243909504,0.02912673648887954,2.1810935623157146,0.6862911316926824,0.6305533961060492,0.0,0.14913888937260159,0.16386506659314998,53.61263081272673,0.17288342986618102,,,,,0.34471841190859864,0.07515519563727899,0.24858314263058012,0.9999666666666667,0.003766666666666667,0.0,0.9860666666666665,0.1424583333333333,0.0,0.0,0.11077655677655678,2561.155382430113,2750.916345932754,90.7940304254376,92.51359935941032,0.0,0.1366749922769679,0.7867666666666666,2.912727550330362e-08,1.0,0.45593333333333336,0.45159999999999995,0.00976760144153,0.009008876392477428,0.0002666666666666666,0.18406471172831143,6.76271630779712e-05,2.4226073416964113e-05,4.340184110264058e-05,4.340184110264058e-05,0.0,0.0,0.0,0.18406471173855116,0.5514085973775897,3.213799183613698e-05,0.7689344061772436,0.0036672287825024064,0.22734200097500082,2.4226073416964113e-05,4.5013880894625016e-05,0.8779269892424135,0.0055637802006281035,0.11642921277931319,3.500389675061042e-05,1.9089272052031652e-05,0.658478835419924,0.0017452202983616,0.33974355142834867,1.3303581313738668e-05,,,,,,0.04609814929422892,0.43,1.0,0.058128082732923206,0.03959935006703999,0.05
balanced_agentic,congestion_burst,PPO-Lagrangian,PPO-Lagrangian,11,471540437,1073362871,1897045420,97597eec01eed730a745,stochastic,150,300,150-step training / 300-step held-out evaluation,546558637,1,273.0232358999783,balanced_agentic,200,0.0,0.9038536633757956,0.8626237701700219,0.665,1.0,0.09614633662420445,0.13737622982997802,0.15222093762708183,19.22926732484089,0.09614633662420445,0.059187621541558474,0.05197368421052634,0.0,0.0,0.0,0.09635788246068591,0.14802631578947367,0.15459140431366022,0.8414911773608585,0.8926552857657285,0.37833333333333335,0.43856740670278355,0.5614325932972164,0.0,0.0,94.81955470699553,111.44527058279371,121.52190789473683,117.94262578684845,2.052908992358627,1.8153968585146654,1.807869318966913,0.0756090678095087,35094367.01256905,32679271.953207754,0.02848012894619625,1.6631476806985896,0.6948600734598293,0.6172180425131132,0.0,0.11405049957547925,0.12930129809873694,25.958296616463187,0.48968808111602624,,,,,0.08115773719140583,0.09614633662420445,0.2510074975670007,1.0,0.016633333333333333,0.0,0.9876166666666666,0.13374416666666666,0.0,0.0,0.04102564102564104,1859.919182144379,2156.8265824739933,96.4573455034613,93.8535280642698,0.0,0.09800842640201356,0.7925166666666666,2.854573715096837e-08,1.0,0.051666666666666666,0.044199999999999996,0.002873919220028562,0.0025476363072455908,0.0,0.04964374856232679,2.0784014386090385e-05,1.0321802618694453e-05,1.04623947068783e-05,1.04623947068783e-05,0.0,0.0,0.0,0.04964374856004714,0.14871937974153268,6.320871377492728e-06,0.9743198986852007,0.01704309874775781,0.008620359893045342,1.0321802618694453e-05,1.2091846421660654e-05,0.9693156655304057,0.016006409206318448,0.01464618552462051,1.9647892233621418e-05,4.7243358105409186e-07,0.9793913027548251,0.01809370358505542,0.0025136506959456757,8.705305928288729e-07,,,,,,0.07971133040553519,0.285,1.0,0.08102246253241972,0.08495171785247063,0.05
balanced_agentic,congestion_burst,PPO_CMDP,PPO_CMDP,11,471540437,1073362871,1897045420,3e02143445d692cb208a,stochastic,150,300,150-step training / 300-step held-out evaluation,546558637,1,273.6423236000119,balanced_agentic,200,0.0,0.9187199419096947,0.8730676868433583,0.78,1.0,0.08128005809030533,0.12693231315664158,0.15351082405896646,16.256011618061066,0.08128005809030533,0.008314844513156772,-0.02028868649477418,0.00012804097359934923,0.0,0.00012804097359934923,0.19166152534985692,0.22028868649477418,0.22848051260639898,0.8377729379414626,0.893071897174608,0.3775833333333333,0.657634110862775,0.3422378481636257,0.0,0.0,83.18657323194846,94.82327188940091,102.34641022331225,98.66717951624507,3.1066622505907957,2.892549110304506,2.876623721630927,0.04376678673352376,31496176.599002343,30477722.850733414,0.03175912293106801,2.4622776882221262,0.6528067084385465,0.6041226715445022,0.0,0.17259234725504422,0.18494314069221518,57.38038738507783,0.1787415620922466,,,,,0.44629864735602853,0.08128005809030533,0.2338868784797342,0.9994833333333333,0.004633333333333334,8.333333333333333e-05,0.9935666666666667,0.148665,0.0,0.0,0.16143589743589742,3053.8911286442167,3135.0774701004925,80.2103433039895,83.39311095253689,9.523809523809524e-05,0.1989838508405118,0.7859229166666667,3.176301390545112e-08,1.0,0.8932666666666667,0.8033333333333332,0.023243674710168784,0.02172951001868718,0.020733333333333333,0.2443204092255535,0.0004438475707821242,0.00014515152209994644,0.000298730580253828,0.000298730580253828,0.0,0.0,0.0,0.24432040921728476,0.7319185349801378,0.0004330659263576729,0.49994962622255484,0.005285319697672681,0.4941868366313148,0.00014515152209994644,0.0006924552310927997,0.6982143994907705,0.005823323978390544,0.2950633639652579,0.0002064573344882037,0.00017019488598851766,0.29902358082993363,0.00474009388298545,0.6959831075881914,8.302281290110853e-05,,,,,,0.07577018651549622,14.75,1.0,0.031906136929936484,0.09289091384411666,0.05
balanced_agentic,congestion_burst,Intent-PPO-CMDP-NoRisk,Intent-PPO-CMDP-NoRisk,11,471540437,1073362871,1897045420,7d2ee40999bb1a6afe16,stochastic,150,300,150-step training / 300-step held-out evaluation,546558637,1,275.69379829999525,balanced_agentic,200,0.0,0.9061498243970424,0.8642613469400741,0.7,1.0,0.09385017560295765,0.13573865305992594,0.15347036583248053,18.77003512059153,0.09385017560295765,0.058908594735097373,0.05436799956118701,0.00018915108355423252,0.0,0.00018915108355423252,0.08946905889250166,0.14557269263856457,0.15671776153617886,0.8366874237803631,0.9093834030636063,0.3762166666666667,0.4495874335430369,0.5502234153734089,0.0,0.0,93.95961824736237,110.54030585106379,118.02397593582889,115.95136889619837,2.087343146372537,1.8337022267271756,1.8367872950130437,0.07179753099985801,35375514.22002304,32710740.070216548,0.028256835496488313,1.6625697404417754,0.7107901497533888,0.6226708194725139,0.0,0.11596350813180761,0.12972043756071822,29.82653348135343,0.40252206264247137,,,,,0.11694779896383074,0.09385017560295765,0.232646524410552,0.9997666666666666,0.023383333333333332,0.00011666666666666667,0.9870333333333333,0.13632083333333334,0.0,0.0,0.050014652014652015,1894.8307073877513,2191.0036904412696,94.16062997671374,93.68855590589465,4.761904761904762e-05,0.08689629739377741,0.7807506944444443,2.8320852420896275e-08,1.0,0.12246666666666668,0.06673333333333334,0.005129349352037394,0.0027367738452672694,0.0,0.10535798470640052,0.00016866813119725428,7.024576369929791e-05,9.843100073061519e-05,9.843100073061519e-05,0.0,0.0,0.0,0.10535798470849876,0.31562431506785765,6.784500692929916e-05,0.9605377525949936,0.023835049988652005,0.015489106645725934,7.024576369929791e-05,0.00011104107905032006,0.9464764735799349,0.03097945198007049,0.022312011508420024,0.00012102185252414285,2.4069121759673957e-05,0.974787773610254,0.016594749983925895,0.00857461916742521,1.8788116635193298e-05,,,,,,0.07668363949916929,0.045,1.0,0.08031871767414206,0.08023806701108922,0.05
balanced_agentic,congestion_burst,Intent-PPO-CMDP,Intent-PPO-CMDP,11,471540437,1073362871,1897045420,b12c9f3440d9c22ff923,stochastic,150,300,150-step training / 300-step held-out evaluation,546558637,1,319.3185737999738,balanced_agentic,200,0.0,0.9164608974350119,0.8753833389871332,0.845,1.0,0.08353910256498817,0.12461666101286685,0.13724105559609318,16.707820512997635,0.08353910256498817,0.04238519171282088,0.032527472527472526,0.017478260166462308,0.027472527472527472,0.02855614398314663,0.09369215870041493,0.13788705690567105,0.14961719053662756,0.844824444588653,0.9001605672188511,0.3786,0.48713055522818827,0.4953911846053494,0.0,1.6666666666666667e-05,91.84912014600077,104.93666976072606,108.88754542083795,109.18902288048598,2.286425287566075,2.0525860439652903,2.038247106890813,0.060841770225550984,35269892.5167926,33687977.98004899,0.028360883981704103,1.7867880246974368,0.7105699403050997,0.62707373726073,0.0,0.12702362708700415,0.13933991993630698,45.50193370437326,0.22121765195323861,,,,,0.29101566409603213,0.08353910256498817,0.2087205860278715,0.9888166666666666,0.03755,0.01115,0.9929833333333333,0.14740333333333333,0.6949666666666667,0.05001166666666666,0.08768498168498169,2076.5414843759027,2399.4396431300165,89.37369061109814,92.75542527541147,0.011666666666666665,0.09120282570708652,0.7483284722222223,2.8371933996805723e-08,1.0,0.21726666666666666,0.12693333333333334,0.007134635980686942,0.0058330134968792215,0.0006666666666666666,0.2515778438077502,0.3904333621466015,0.12225456080672693,0.2727053489926845,0.37976203959231936,0.11120851488875864,0.10705669059963491,0.11085,0.20549458975676102,0.6156067745750664,8.833035611391401e-05,0.8792262064715036,0.0380754501445047,0.07139398709866097,0.011216025929216729,0.0001459310014475691,0.8551666722712408,0.04031157839896068,0.0894861652450484,0.014889653083302676,2.9956547755646077e-05,0.9036086874395554,0.03580930674569362,0.05305896092346298,0.007493088343532312,,,,,,0.06809461318803064,1.435,1.0,0.06699161418724275,0.06547356769041954,0.05
balanced_agentic,congestion_burst,Intent-PPO-CMDP-FullPolicy-NoShield,Intent-PPO-CMDP,11,471540437,1073362871,1897045420,b12c9f3440d9c22ff923,stochastic,150,300,150-step training / 300-step held-out evaluation,546558637,1,319.3185737999738,balanced_agentic,200,0.0,0.2590291206191862,0.0,0.0,1.0,0.766398807275742,1.2035564628419508,1.3074803388019647,153.2797614551484,0.766398807275742,-0.10955836495243719,-0.18458695652173915,0.1695583649524372,0.24458695652173912,0.2606200018541048,0.10496832461031086,0.14128332907402666,0.15314866657051351,0.8460154040081745,0.8993665171127253,0.39108333333333334,0.4093939794189206,0.42104765562864216,0.0,0.0,80.49546185421235,94.23358819894963,98.5494684385382,97.19290405207562,1.96936656163779,1.6880266769232397,1.6781646521232982,0.07740619608392779,34612057.0021007,33061796.436762184,0.028891752400987538,1.3740201296779644,0.7029871243621071,0.6100154581946101,0.0,0.10940925342432166,0.12212471245845948,26.155399667514704,0.4451126749359032,,,,,0.4387729927318613,0.766398807275742,1.1464675246237273,0.8924166666666666,0.03401666666666667,0.10753333333333334,0.9889833333333334,0.14975666666666665,0.0,0.0,0.14827106227106226,1810.8577140679868,2054.7174795599935,70.49572703804422,85.32671938965261,0.08519047619047619,0.11011271512528067,0.6706104166666667,2.891597840633785e-08,1.0,0.2692,0.1892,0.007430610310217195,0.005991828894983664,0.0008666666666666667,0.2521956140969547,0.3883568766555405,0.10734342403079179,0.2854759154595581,0.2854759154595581,0.0,0.0,0.0,0.25219561409105723,0.7555105403813477,8.357141251922232e-05,0.7942083739187714,0.03436241473266583,0.06400221590525172,0.10734342403079179,0.00013503800749712963,0.7561461694765558,0.035719105452176776,0.07773926486448639,0.13026042219928397,3.141399076308808e-05,0.8327814804340369,0.032987513399470175,0.050080777027101175,0.0841188151486286,,,,,,0.9793630155682702,24.02,1.0,0.5173783900016697,1.0032478252928354,0.10041989450098188
balanced_agentic,congestion_burst,MaxWeight,MaxWeight,12,1729653623,2128646545,1855510644,,stochastic,150,300,150-step training / 300-step held-out evaluation,2003409612,0,1.3599987141788006e-05,balanced_agentic,200,0.0,0.9166760060180593,0.8973739609991548,0.94,1.0,0.08332399398194074,0.10262603900084516,0.10965880531533752,16.664798796388148,0.08332399398194074,0.05819399086789547,0.048211948391922235,0.0,0.0,0.0,0.11410283181681433,0.15178805160807776,0.17225669266314458,0.8708237368290976,0.9153975846940631,0.38416666666666666,0.37845191249249277,0.6215480875075073,0.0,0.0,78.81750486654026,91.68282484635643,95.00513513513512,94.27180931554082,2.040097106722277,1.883519281557487,1.869470792955898,0.05373646488161798,15468716.106339801,14507475.745272897,0.06465816741682444,3.1190200625728695,0.5093312571516009,0.4625796941969935,0.006474459720306386,0.1133387281512376,0.12251626709014735,-7.922146231598604,1.4487203284862098,,,,,0.12796375935885063,0.08332399398194074,0.17414117398220888,1.0,0.946,0.0,0.9471333333333334,0.09095416666666668,0.0,0.0,0.15705494505494502,1721.8071062157355,2211.484030071953,79.55026372935139,78.56422226868925,0.0,0.11450343776626486,0.8566451388888887,6.474034975696328e-08,1.0,0.4059333333333333,0.21413333333333334,,,,,,,,,,,,,,,,,,,,,,,,,,,,,,,,,,0.09132980355155064,4.7,1.0,0.06728313747366052,0.10778081949336674,0.05
balanced_agentic,congestion_burst,PPO,PPO,12,1729653623,2128646545,1621075116,2fb07c1ee95b181950c4,stochastic,150,300,150-step training / 300-step held-out evaluation,2003409612,1,284.739809300052,balanced_agentic,200,0.0,0.9281343205237269,0.8876110650170893,0.895,1.0,0.0718656794762731,0.11238893498291075,0.1272280621797415,14.37313589525462,0.0718656794762731,0.05853173081101854,0.04939167152009321,0.0002098116959991136,0.0,0.0002098116959991136,0.11426354839927838,0.1506083284799068,0.16018060819246926,0.8213893876653134,0.8754926955190018,0.3632333333333333,0.5235183315402152,0.47627185676378564,0.0,0.0,88.974785765043,104.22558602150536,107.57681224489795,106.98670683508867,2.5321084208211433,2.294397989155445,2.2756555656636097,0.06107758596068114,29535535.544911366,28283330.7909999,0.03388793352439284,2.290422438833094,0.7279427842688672,0.6391979688787683,0.0,0.14067269004561905,0.15438253868735058,52.95290117152827,0.20581010758338877,,,,,0.31997348171708784,0.0718656794762731,0.22032554986358743,0.9991333333333333,0.0189,0.00013333333333333334,0.9935499999999999,0.14943166666666666,0.0,0.0,0.11504761904761907,2333.528931407432,2639.035838197755,87.81234914621044,89.09378109077633,0.00014285714285714287,0.10110775057404121,0.7702638888888889,3.3882244086163034e-08,1.0,0.24613333333333337,0.22673333333333331,0.024403596377254547,0.023064519601144404,0.0,0.19458670750030954,0.0006125767531063347,0.00017465567178788776,0.00043796683755788625,0.00043796683755788625,0.0,0.0,0.0,0.19458670747767756,0.5829296795954884,0.0007030805228536387,0.8301035724042752,0.019945877931206432,0.14907281346987689,0.00017465567178788776,0.0010108119327627914,0.7744101368789464,0.028138393778848792,0.19621366538478568,0.00022699202465628854,0.0003912184899926853,0.8865445708225613,0.011643395427891019,0.10129919844201626,0.00012161681753870307,,,,,,0.051141831158627825,1.975,1.0,0.047071848769207926,0.046613114869518836,0.05
balanced_agentic,congestion_burst,PPO-Lagrangian,PPO-Lagrangian,12,1729653623,2128646545,1621075116,5ff4062933b4dfa3978e,stochastic,150,300,150-step training / 300-step held-out evaluation,2003409612,1,266.70855040004244,balanced_agentic,200,0.0,0.9056406215623625,0.8712927118935854,0.7,1.0,0.09435937843763749,0.12870728810641463,0.14560399344811897,18.8718756875275,0.09435937843763749,0.05909567311698022,0.05452397495747838,0.0006673825431673033,0.005209696771378708,0.006871288378801743,0.07564236471269792,0.12191427853192555,0.13861269649969427,0.8457198341763004,0.8931565743775437,0.3696166666666666,0.44657998133565796,0.5527526361211748,0.0,0.0,102.18935729149169,118.40035835023662,127.1955186981693,124.441664158696,2.1990451163103093,1.9169632108456534,1.9111305361522277,0.07041865257773372,29215728.579445437,27572942.737789676,0.03424589661593337,2.3087111653394463,0.7149606682495556,0.641410229250567,0.0,0.1221691731283505,0.13458435649045458,34.60040263207588,0.32613115300542844,,,,,0.1846449886192018,0.09435937843763749,0.20918833250653904,0.9991833333333332,0.07161666666666668,0.00041666666666666664,0.9720166666666669,0.12690583333333333,0.0,0.0,0.060879120879120875,1949.2568017760786,2333.5465164441252,104.2738267615055,100.77177365610449,0.0006666666666666668,0.0864594688775772,0.7995270833333333,3.427413262293108e-08,1.0,0.24826666666666664,0.2353333333333333,0.006047741995761508,0.005605067974970024,0.0,0.11184180117483296,0.0010764195275198153,0.00035536365916089485,0.0007211882233788904,0.0007211882233788904,0.0,0.0,0.0,0.11184180118318268,0.33504809333686936,0.00039847905781931545,0.9217435189898907,0.07042832718142777,0.007074311111701199,0.00035536365916089485,0.00024905117596644424,0.9790329956468038,0.01778158911075691,0.0026706153677976013,0.0002657486986752231,0.0005499126830527622,0.8636850560691266,0.12378173287720834,0.01153711686559008,0.000446181505022213,,,,,,0.07982383532746712,0.0,1.0,0.08717363613296797,0.07928190202119476,0.05
balanced_agentic,congestion_burst,PPO_CMDP,PPO_CMDP,12,1729653623,2128646545,1621075116,c2c338dd9800f45e9834,stochastic,150,300,150-step training / 300-step held-out evaluation,2003409612,1,270.83158040000126,balanced_agentic,200,0.0,0.9116210477213458,0.8535788707450673,0.715,1.0,0.08837895227865417,0.1464211292549327,0.16420249413077553,17.675790455730834,0.08837895227865417,0.00021044715588066837,-0.025172025331871874,0.0,0.0,0.0,0.19978955284411934,0.2251720253318719,0.23164926307268058,0.8319469448056457,0.8812216747374272,0.3638333333333334,0.6612396490224921,0.33876035097750795,0.0,0.0,79.27540937386024,91.87563650607127,95.93023255813951,94.7498284917546,3.247010672327166,2.9643875863374056,2.9415290349867598,0.05094645109932991,25770811.871871766,24870715.77234173,0.038819316943790524,2.9977219887172986,0.6537884908852567,0.5965340398783605,0.0,0.18038948179595365,0.19416870407856704,63.818433122755124,0.1578978771015705,,,,,0.42895919508399444,0.08837895227865417,0.22225845082440607,0.9999833333333333,0.0005333333333333333,0.0,0.9937500000000001,0.14958416666666666,0.0,0.0,0.13956776556776557,3231.6516469146322,3255.2809167800674,74.9603027916202,80.44058393940952,0.0,0.20116697169327927,0.7783402777777778,3.882219871383769e-08,1.0,0.5377333333333333,0.5190666666666667,0.038883072442753915,0.03796330575632206,0.05143333333333334,0.24108190896133433,4.612408609182446e-05,1.2977468263935115e-05,3.3146964373782644e-05,3.3146964373782644e-05,0.0,0.0,0.0,0.24108190896336532,0.7222168552515587,3.680401854997885e-05,0.45676210359964925,0.0005696384893301124,0.5426184764242067,1.2977468263935115e-05,4.779618315879103e-05,0.5868589489578444,0.0005348326913315411,0.41254027753949063,1.8144628174665382e-05,2.5664308107491326e-05,0.32491899186080714,0.0006049114792481276,0.6744426914013352,7.740950502054101e-06,,,,,,0.09554333513216332,10.165,1.0,0.026023019856765413,0.10913010906326384,0.05
balanced_agentic,congestion_burst,Intent-PPO-CMDP-NoRisk,Intent-PPO-CMDP-NoRisk,12,1729653623,2128646545,1621075116,53b75815fc19ab3c700d,stochastic,150,300,150-step training / 300-step held-out evaluation,2003409612,1,267.30905749998055,balanced_agentic,200,0.0,0.9284879108613862,0.8927191371293887,0.93,1.0,0.07151208913861377,0.1072808628706113,0.11704025275990941,14.302417827722754,0.07151208913861377,0.057463003800002764,0.03979227816662904,4.9147466550741436e-05,0.0,4.9147466550741436e-05,0.12107483996764896,0.16020772183337098,0.16749955092305335,0.830650839898492,0.890544703900449,0.36751666666666666,0.5204110440494338,0.47953980848401545,0.0,0.0,92.61176761175837,107.22549019607843,112.67833950046249,112.22897595583545,2.5719885172643666,2.304816137603676,2.2968539693978185,0.056642933895063474,29113677.435412187,27843027.128152754,0.03436481015457671,2.455672249146385,0.7129110398709466,0.638269390085303,0.0,0.14288825095913146,0.15444264636856755,51.7064393750806,0.19192059280007692,,,,,0.33533552713070874,0.07151208913861377,0.20235033480079875,0.9999333333333333,0.019866666666666664,3.3333333333333335e-05,0.9918666666666667,0.150575,0.0,0.0,0.08504029304029306,2389.23077582672,2670.396531884636,90.76585580579038,92.67673461899683,4.761904761904762e-05,0.12336755327675421,0.7831472222222223,3.437321946108085e-08,1.0,0.1508,0.0894666666666667,0.00802495064122252,0.003932605361966655,0.0,0.26807264156999117,0.0001518707901954264,4.184528004964827e-05,0.000110030142841263,0.000110030142841263,0.0,0.0,0.0,0.26807264158235244,0.8030738640451247,2.9205484134717978e-05,0.8139887955374907,0.019733153881267236,0.16620699981705778,4.184528004964827e-05,4.505541916789183e-05,0.8167138537071104,0.023808850264194766,0.1593708008997965,6.143970973053104e-05,1.3142798295729717e-05,0.8112271594058627,0.015602750164340682,0.1731349597936111,2.1987837889827472e-05,,,,,,0.05279636670766141,0.77,1.0,0.052143316332456335,0.04963306086780164,0.05
balanced_agentic,congestion_burst,Intent-PPO-CMDP,Intent-PPO-CMDP,12,1729653623,2128646545,1621075116,fc604e43c5d11a5118bd,stochastic,150,300,150-step training / 300-step held-out evaluation,2003409612,1,320.63457950000884,balanced_agentic,200,0.0,0.8419948621778971,0.7954928980400215,0.01,1.0,0.1580051378221029,0.20450710195997854,0.21883655766188168,31.60102756442058,0.1580051378221029,-0.044864124989056516,-0.06819084869932325,0.011063872789615386,0.02273376623376623,0.02543724598538925,0.24486412498905655,0.26819084869932325,0.2750999915631082,0.8225097364888154,0.8943907632791189,0.3644666666666667,0.6864695860199531,0.30246654119043154,0.0,0.0,65.43183334454532,77.31224358974357,82.69947453371593,80.84213140740368,3.3985681982523177,3.1706087024476752,3.1539915372673253,0.04121063525093253,22550316.1514011,21605561.432193838,0.04435197249803832,2.958824950590637,0.6434738249864352,0.5876706720780548,0.0,0.188809344347351,0.20131237658918474,53.4697398214738,0.19093704469781034,,,,,0.40860100184034953,0.1580051378221029,0.25540261075586923,0.9912833333333333,0.07166666666666666,0.006849999999999999,0.9954,0.14990916666666665,0.6337333333333334,0.04188499999999999,0.10569230769230771,3342.576463073877,3428.7175941176315,58.27754598232144,68.9049404987447,0.007571428571428573,0.24434128497787086,0.7367854166666666,4.437228731513369e-08,1.0,0.2870666666666667,0.1953333333333333,0.029697079108933773,0.021585307692614717,0.0,0.4158414366548639,0.17642321287297794,0.0485437714545752,0.13044946110734076,0.16976494477531553,0.04130524113536433,0.039315483667974764,0.04209999999999999,0.3852886907196161,1.1542217654241158,0.001777760705740148,0.11907408202955,0.0715646172709543,0.8002055451715614,0.007377994822194145,0.0015922813908954313,0.08955262770763209,0.05776073071320158,0.842666850203104,0.008427509985166977,0.0019657296758176794,0.1489917974833058,0.08555379089659632,0.7571742897369108,0.006314392207369329,,,,,,0.21008259270453525,2.715,1.0,0.06458646137067035,0.20833870383385822,0.05
balanced_agentic,congestion_burst,Intent-PPO-CMDP-FullPolicy-NoShield,Intent-PPO-CMDP,12,1729653623,2128646545,1621075116,fc604e43c5d11a5118bd,stochastic,150,300,150-step training / 300-step held-out evaluation,2003409612,1,320.63457950000884,balanced_agentic,200,0.0,0.6451556898594956,0.43208867698758646,0.0,1.0,0.35484431014050455,0.5679113230124134,0.6000084749476043,70.96886202810092,0.35484431014050455,-0.049837873629593334,-0.07831367179271119,0.08510849084556098,0.12678725546605288,0.13967056931251487,0.2448679660474263,0.27176462691303177,0.2793774462527408,0.8229563643118621,0.89192322615628,0.37201666666666666,0.6375667518012804,0.27732475735315865,0.0,0.0,62.52144681735932,75.58803548411552,83.00969608981802,81.72671463860944,3.231750671351765,2.9683819958524236,2.9524895039906465,0.046503568939181686,22409112.696799137,21386908.110179875,0.0446322877150135,2.7054360329258054,0.633230965724868,0.5807803543362694,0.0,0.17954170396398694,0.19303349466290887,44.58103896026549,0.21737157946913618,,,,,0.49237940084189136,0.35484431014050455,0.6192069001077664,0.9448333333333332,0.06903333333333334,0.05331666666666667,0.9943500000000001,0.14906666666666665,0.0,0.0,0.12146520146520146,3213.7708036663594,3241.432138566983,53.35277089435482,67.17738194947552,0.054000000000000006,0.24445856252881343,0.7105777777777779,4.4661624884056816e-08,1.0,0.285,0.19399999999999998,0.029355748689379135,0.021261020316441837,0.0,0.41359463835801025,0.17919450011334193,0.05213322441816293,0.13022390183457458,0.13022390183457458,0.0,0.0,0.0,0.41359463835270815,1.239018806282099,0.0018555680364229854,0.1109042789401566,0.06718268213576986,0.7679242464694878,0.05213322441816293,0.0018318423498171277,0.08390584719191482,0.05440059714521413,0.8049817471124894,0.05487996620056459,0.0018796121886208677,0.13826510574542175,0.08013633873693708,0.7303693297104723,0.04934961361854782,,,,,,0.5352409257139157,29.815,1.0,0.15100020152703514,0.5626843899454176,0.06036634042085131
balanced_agentic,congestion_burst,MaxWeight,MaxWeight,13,1025721121,372372750,1935381396,,stochastic,150,300,150-step training / 300-step held-out evaluation,1279880031,0,1.109996810555458e-05,balanced_agentic,200,0.0,0.923791510948838,0.9016791235192669,0.955,1.0,0.07620848905116195,0.09832087648073311,0.11173094524307978,15.241697810232392,0.07620848905116195,0.057267230991545154,0.04096704893202684,0.0,0.0,0.0,0.12020309463219313,0.15903295106797316,0.17568291247500561,0.8584472723657778,0.9078761027118633,0.3831333333333333,0.40446788688698004,0.5955321131130199,0.0,0.0,74.8360115104578,85.96898061288303,94.19286872586872,91.07159232079661,2.105984568879155,1.9160758232809505,1.9118922434516505,0.057340052057607296,17583976.46627639,16631727.947156962,0.056878653536207316,2.6892822132892547,0.5069562846112531,0.46059970105918463,0.008930290868596934,0.11699914271550864,0.12804987465754444,-5.9441239121480836,2.1688382364165695,,,,,0.13955883500456565,0.07620848905116195,0.16887296926350723,1.0,0.9389833333333333,0.0,0.9467833333333334,0.09088416666666667,0.0,0.0,0.17865934065934064,1765.3521216413587,2289.4020404687385,75.22456995776403,75.07079058366328,0.0,0.12327357929412602,0.8505701388888889,5.694478640958194e-08,1.0,0.38266666666666665,0.24220000000000003,,,,,,,,,,,,,,,,,,,,,,,,,,,,,,,,,,0.08408169907758355,2.505,1.0,0.05999640019283119,0.09636835141788634,0.05
balanced_agentic,congestion_burst,PPO,PPO,13,1025721121,372372750,535536204,3cabdc2e2c3a75659a16,stochastic,150,300,150-step training / 300-step held-out evaluation,1279880031,1,262.1022107999888,balanced_agentic,200,0.0,0.8172332152696744,0.7695534499936252,0.0,1.0,0.18276678473032562,0.23044655000637473,0.2437996209966883,36.55335694606512,0.18276678473032562,-0.06879877681371518,-0.09250505179541968,0.0002719725391711049,0.0002403846153845334,0.005439450783422097,0.26879877681371517,0.2925050517954197,0.3001229541769778,0.8174454508843403,0.8815985227903885,0.3588666666666667,0.7151523675997118,0.28457565986111716,0.0,0.0,65.49405668954456,80.49754098360656,83.38340974789915,82.83584295910616,3.288680942474153,3.030505586311554,3.0125202248740544,0.047232869750158814,24243917.582866367,23330065.216346525,0.041248583758036576,2.665348056086905,0.6698846079568921,0.6196119847974515,0.0,0.18270449680411965,0.19802004827093367,37.75932406589309,0.3107462180739138,,,,,0.2749424461859029,0.18276678473032562,0.2825311503338847,0.9994666666666667,0.03871666666666666,0.00016666666666666666,0.9930666666666668,0.15835833333333332,0.0,0.0,0.11915750915750917,3293.03853263972,3286.3345477696184,55.81237753625665,70.51077852379655,0.00019047619047619048,0.26848285771208924,0.6994541666666667,4.126908885250659e-08,1.0,0.3296,0.21226666666666666,0.019796464327858636,0.01257994817996106,0.012516666666666667,0.4046165154620329,0.0007001326297105839,0.0001450212005462078,0.0007371537427764383,0.0007371537427764383,0.0,0.0,0.0,0.40461651546618826,1.2121227537950177,0.000432094063205222,0.08340824135574511,0.038434954648285266,0.8775796887322181,0.0001450212005462078,0.0004203491083938232,0.12847369688530247,0.044583196314926424,0.8263997885511033,0.00012296914027399363,0.0004439966684167737,0.03773788038283798,0.03220418624786369,0.929446567439254,0.00016736926162744497,,,,,,0.25149905390899047,4.12,1.0,0.081588631979469,0.25733471254137813,0.05
balanced_agentic,congestion_burst,PPO-Lagrangian,PPO-Lagrangian,13,1025721121,372372750,535536204,454f28c68eb87e33907f,stochastic,150,300,150-step training / 300-step held-out evaluation,1279880031,1,254.03850810002768,balanced_agentic,200,0.0,0.9326893632053816,0.8945048287476369,0.915,1.0,0.06731063679461845,0.10549517125236302,0.12970801598691756,13.46212735892369,0.06731063679461845,0.03520990716738905,0.006391204542708728,0.0,0.0,0.0,0.16434410282432155,0.19360879545729126,0.2014622657803063,0.8332275227061524,0.885214591891663,0.36958333333333326,0.6163167990663478,0.38368320093365205,0.0,0.0,83.41405236564312,97.61764332365748,100.86096551724137,100.30896220998258,2.93368761627174,2.6650229357702457,2.64405807416198,0.05510908654834629,28646848.154740654,27457923.721830584,0.034921155303574675,2.5636748667356573,0.6682207603553348,0.6118192098058579,0.0,0.16298264534842996,0.1781829939960386,58.86598958064021,0.16055203964330234,,,,,0.5911287364385757,0.06731063679461845,0.1743902989861379,0.99995,0.12190000000000001,0.0,0.9888166666666666,0.144365,0.0,0.0,0.2511575091575092,2860.519398490258,2973.085887384844,80.42961406101986,84.62693569760741,0.0,0.17033448395705378,0.7794298611111111,3.4934155092151044e-08,1.0,0.40553333333333336,0.3157333333333333,0.017367318832117666,0.013712097445110882,0.00805,0.33759594725537767,0.00010647898719548646,3.491281407433334e-05,7.156803038511917e-05,7.156803038511917e-05,0.0,0.0,0.0,0.3375959472477068,1.0113470745909858,3.3695675718951294e-05,0.542915861640696,0.12061649417089626,0.33639903569861446,3.491281407433334e-05,3.978459871336224e-05,0.48402106095296715,0.19520632822478873,0.32068454276290453,4.828346062626502e-05,2.752502221454825e-05,0.602601196565844,0.045025454290777,0.3523244614254078,2.1362695756603924e-05,,,,,,0.05964962876870165,4.125,1.0,0.03365397239464178,0.05100161657578415,0.05
balanced_agentic,congestion_burst,PPO_CMDP,PPO_CMDP,13,1025721121,372372750,535536204,a070e26e29e031606ad8,stochastic,150,300,150-step training / 300-step held-out evaluation,1279880031,1,277.9400926999515,balanced_agentic,200,0.0,0.9404252406836733,0.8989679910520283,0.94,1.0,0.059574759316326754,0.10103200894797178,0.11554406713555306,11.914951863265351,0.059574759316326754,0.04487499164698626,0.016659946236559163,5.363819384526891e-05,0.0,5.363819384526891e-05,0.15302069191209264,0.18334005376344084,0.192160410913695,0.8126266132835042,0.8660355219899635,0.3615833333333333,0.6063254063692828,0.3936209554368719,0.0,0.0,76.39264751328906,91.954203476774,95.78698759439051,94.79178723394935,2.8464247158373293,2.6150498713511494,2.601795064045762,0.05224362968581147,31115547.937254194,29554176.6178026,0.03216223922164296,2.098064308947309,0.6920152329156539,0.6277295841328534,0.0,0.15813470643540717,0.1723287010994545,64.98080186771918,0.1465683734024637,,,,,0.3992635922931245,0.059574759316326754,0.1879216371214023,0.9999000000000001,0.008499999999999999,3.3333333333333335e-05,0.9903,0.15045999999999998,0.0,0.0,0.11024908424908425,2713.8540095890594,2917.8089422787043,69.86083732246576,80.17191031275553,0.0,0.1508552337016107,0.7379465277777777,3.216128796350636e-08,1.0,0.6292,0.33673333333333333,0.033615342514809445,0.024340760886816623,0.022233333333333338,0.2530524772238567,0.0002598470052925501,6.377928447157387e-05,0.00019875925504240005,0.00019875925504240005,0.0,0.0,0.0,0.2530524772222097,0.7580774729173598,5.716059891573807e-05,0.7031275171664045,0.008385997640183033,0.2883655453100251,6.377928447157387e-05,8.478086867914115e-05,0.6187544427523339,0.011505431396317487,0.36957495923388073,8.038574878862626e-05,2.9169587276316137e-05,0.7886331160692547,0.005224692290006505,0.20606607213886943,4.6949914593218767e-05,,,,,,0.051134577110145026,8.43,1.0,0.02051412601629399,0.03631954680159592,0.05
balanced_agentic,congestion_burst,Intent-PPO-CMDP-NoRisk,Intent-PPO-CMDP-NoRisk,13,1025721121,372372750,535536204,4606dec7f3efe1c94a9c,stochastic,150,300,150-step training / 300-step held-out evaluation,1279880031,1,283.62103929999284,balanced_agentic,200,0.0,0.858849368602337,0.8177175152308123,0.06,1.0,0.14115063139766318,0.18228248476918776,0.19534994639761644,28.230126279532634,0.14115063139766318,-0.047390972439347714,-0.07228364935550159,0.00011770095951814781,0.0,0.00011770095951814781,0.2473909724393477,0.2722836493555016,0.2768132785312065,0.7931628273974448,0.8656410038315956,0.3534333333333333,0.7732396672553042,0.22664263178517757,0.0,0.0,60.11927848468326,72.87286572622779,77.48441489361701,75.26026888515992,3.5823662110964256,3.318028122612824,3.286833868956009,0.04430762424607788,25259335.623904992,24145573.01109728,0.039590842223320474,2.5579952588141737,0.6545444498800265,0.6081087215747892,0.0,0.19902034506091248,0.2129160001751953,59.27469661943867,0.16994135984233513,,,,,0.2929468086706902,0.14115063139766318,0.2297453110570033,0.9993000000000001,0.067,6.666666666666667e-05,0.9930500000000001,0.15018833333333334,0.0,0.0,0.10914285714285715,3585.175803803437,3580.8533534849576,51.22572774425593,64.63167776011112,9.523809523809524e-05,0.2534624837954017,0.7076215277777778,3.9614598030264625e-08,1.0,0.35220000000000007,0.20879999999999999,0.014807313651509007,0.010783313711220972,0.0026166666666666673,0.33120196545586905,0.00041101858051724753,0.00010038747805945392,0.0009076386873471917,0.0009076386873471917,0.0,0.0,0.0,0.33120196546276964,0.9921924170013334,0.0006896023320172019,0.0626532044762578,0.06669074451531401,0.8698660611983516,0.00010038747805945392,0.0011949305455459924,0.08467843255480899,0.09536215748173948,0.8186271134313763,0.0001373659865292321,0.00017749118944775655,0.04033233575235693,0.03763448036813115,0.921792780076293,6.291261377128947e-05,,,,,,0.19924559594003718,4.205,1.0,0.05253545886295874,0.20584004267826658,0.05
balanced_agentic,congestion_burst,Intent-PPO-CMDP,Intent-PPO-CMDP,13,1025721121,372372750,535536204,09d0d30da2ff448dad2f,stochastic,150,300,150-step training / 300-step held-out evaluation,1279880031,1,309.3859143999871,balanced_agentic,200,0.0,0.8557945870274466,0.8057875731079789,0.055,1.0,0.1442054129725535,0.19421242689202114,0.20263975929039849,28.841082594510695,0.1442054129725535,-0.04404192634842681,-0.06468635810980397,0.024881002214941467,0.029858208955223876,0.03128709165049598,0.24404192634842684,0.26468635810980395,0.2706636384373545,0.8263163886693649,0.8934196088824853,0.37156666666666666,0.7384105910517387,0.2367084067333198,0.0,0.00011666666666666667,62.688107179683236,73.87090698869477,78.28912394957982,77.39169921725583,3.5351571954309087,3.270876531738216,3.241867648277851,0.043597955920940484,25518250.018159766,24559576.896565605,0.039192146033270044,2.6056386420906437,0.6424283340161461,0.593863038646681,0.0,0.19639762196838384,0.2103217072387216,62.07294734843743,0.14670227740432132,,,,,0.38746314104183577,0.1442054129725535,0.24918135081042614,0.984383333333333,0.07286666666666666,0.015466666666666663,0.9913333333333334,0.148695,0.7060500000000001,0.04971083333333333,0.14236630036630035,3534.1862234957307,3535.6800264729272,53.896179493631536,67.10850128633642,0.016904761904761905,0.2513433372444617,0.6923555555555555,3.920706979742545e-08,1.0,0.3716,0.3115333333333334,0.015267999189591994,0.011048959838255008,0.0005666666666666666,0.30159462819014576,0.6381097868932294,0.223923665392971,0.42094873405983363,0.6231035583117772,0.20861837561181815,0.20215482425194353,0.20776666666666668,0.29534568168481046,0.8847765904779905,0.00017726510240283257,0.08742174545915188,0.07299617434300029,0.8240197705673136,0.015385044528131385,0.00021571060757222558,0.11597825120943565,0.11246966424617053,0.7483665317502997,0.02296984218652205,0.0001383035501841859,0.058481930906850846,0.03299283893777408,0.9006884890999922,0.007698437505198556,,,,,,0.20629916210461652,7.535,1.0,0.05018071212083209,0.20569157548299802,0.05
balanced_agentic,congestion_burst,Intent-PPO-CMDP-FullPolicy-NoShield,Intent-PPO-CMDP,13,1025721121,372372750,535536204,09d0d30da2ff448dad2f,stochastic,150,300,150-step training / 300-step held-out evaluation,1279880031,1,309.3859143999871,balanced_agentic,200,0.0,0.0,0.0,0.0,1.0,1.9683748965089756,2.4872010989311177,2.644570600563241,393.67497930179513,1.9683748965089756,-0.3418831255387066,-0.4604866562009419,0.40188312553870653,0.5204866562009419,0.5503307252230754,0.2580130638313879,0.2866039236479321,0.29193142600733635,0.8466555985086092,0.9251098997372903,0.4028,0.4871336407442793,0.11098323371701416,0.0,0.0,48.53118791185309,60.97614718614718,70.32333333333334,65.55979920267957,2.388237531949893,1.8901310802174414,1.8687693009143018,0.12075644290622499,24158790.635719158,22853784.059153605,0.04133237868706583,1.437176460873318,0.576582831228396,0.5102019814289857,0.0009405031531384079,0.13267986288610517,0.15765188983475648,9.433612410081945,1.4887056114020434,,,,,0.662659373101179,1.9683748965089756,2.9512084506149314,0.7477833333333334,0.07335000000000001,0.24578333333333333,0.9762333333333334,0.16369,0.0,0.0,0.18420512820512822,2316.4082246337243,2426.9148512739844,36.01013723411349,54.264208732337174,0.2546666666666667,0.2580005101812525,0.4683,4.1438868870906355e-08,1.0,0.4682,0.4022666666666667,0.01626601907640562,0.011847472952306627,0.0006333333333333334,0.33525068335132374,0.6920085119116186,0.24479220966086615,0.4697535049308593,0.4697535049308593,0.0,0.0,0.0,0.3352506832213724,1.0043212914572908,0.00634474009454189,0.08165857640077386,0.07218224458564598,0.5950222292581722,0.24479220966086615,0.01197921684534454,0.09714261360698621,0.09681034744415708,0.4985448736400631,0.29552294846344906,0.0006346327833257824,0.06596669976897475,0.047223563165275664,0.6927945829382693,0.19338052134415462,,,,,,2.691963405360418,12.405,1.0,1.2924513557310133,2.707136391094161,0.27071363910941604
balanced_agentic,congestion_burst,MaxWeight,MaxWeight,14,1103526060,1905340783,5320529,,stochastic,150,300,150-step training / 300-step held-out evaluation,501583040,0,1.1699972674250603e-05,balanced_agentic,200,0.0,0.9275085151993039,0.9083762678608391,0.96,1.0,0.07249148480069607,0.09162373213916092,0.10916809192022785,14.498296960139214,0.07249148480069607,0.056413184988282926,0.034287148594377516,0.0,0.0,0.0,0.12396423939498781,0.16571285140562247,0.17638419275120712,0.8556219871205414,0.9022763454514591,0.3878666666666667,0.40923427845755783,0.5907657215424422,0.0,0.0,74.75232678641602,84.90251282051281,90.13155923344947,88.35246041238008,2.1732502398568267,1.9838472379378898,1.9632349957812554,0.06240045751406016,20781517.044920683,19469791.191742975,0.04811358180879138,2.344894971779819,0.5183578644143852,0.467794995619122,0.005111625667889923,0.12073612443649036,0.1343539290482587,-1.3099997596206483,11.863299929591657,,,,,0.14717452500557202,0.07249148480069607,0.1721558138296692,1.0,0.9336500000000001,0.0,0.94625,0.09191416666666667,0.0,0.0,0.183010989010989,1820.628089784058,2363.123705280624,73.48539391723291,75.47174162433576,0.0,0.12826475851182007,0.8530534722222223,4.819430545808562e-08,1.0,0.4093333333333333,0.2628666666666667,,,,,,,,,,,,,,,,,,,,,,,,,,,,,,,,,,0.07935697803032923,2.33,1.0,0.05291057848833498,0.09154305233936984,0.05
balanced_agentic,congestion_burst,PPO,PPO,14,1103526060,1905340783,1823775964,0a65909e93fb2c778ea0,stochastic,150,300,150-step training / 300-step held-out evaluation,501583040,1,272.0849051999976,balanced_agentic,200,0.0,0.8762323974243958,0.819976602724804,0.18,1.0,0.1237676025756043,0.18002339727519595,0.19233551880118543,24.75352051512086,0.1237676025756043,-0.02716339744783836,-0.050757967452110524,0.0005987053396771187,0.005186830057296377,0.006576511846030769,0.22716339744783837,0.25075796745211054,0.2600766412985364,0.8065039125542987,0.8646639861289778,0.3669166666666666,0.6724246698010198,0.32697662485930307,0.0,0.0,67.83686965323824,80.76276260504201,84.38087680740311,82.9218296858095,3.2026301149331715,2.9845455343326344,2.9758976910582566,0.04289897443287697,27404485.320945177,26318017.123100583,0.03649843392503114,2.3788555261703768,0.6705028869596972,0.6228108492797093,0.0,0.1779238952740651,0.1903784877681378,49.89473708149475,0.2378215547070829,,,,,0.5113242303320817,0.1237676025756043,0.2140500224518285,0.9993666666666666,0.27308333333333334,0.0003833333333333333,0.9944833333333334,0.14908083333333333,0.0,0.0,0.12644688644688645,3043.940138336881,3288.078563869635,60.91383655207464,71.50496172473038,0.00028571428571428574,0.23134613629029288,0.7211930555555557,3.6510994263703e-08,1.0,0.4436666666666666,0.1728666666666667,0.035163105858079226,0.015879451500636948,0.0,0.4367656257008206,0.0016313850092253802,0.0004160635706321465,0.0012372453256177616,0.0012372453256177616,0.0,0.0,0.0,0.43676562569702654,1.3084328808795849,0.0002230770057145827,0.07351484947924325,0.27552559468196014,0.65032041526245,0.0004160635706321465,0.00014725520529976875,0.05109247181562873,0.2636248892498192,0.6848563434148818,0.0002790403143705818,0.0002999165484168438,0.09623819865512108,0.28758604112661307,0.6153209176046163,0.0005549260652327927,,,,,,0.16926490600516292,2.72,1.0,0.043297169010698404,0.16669698536340838,0.05
balanced_agentic,congestion_burst,PPO-Lagrangian,PPO-Lagrangian,14,1103526060,1905340783,1823775964,337f5a10e02765106fee,stochastic,150,300,150-step training / 300-step held-out evaluation,501583040,1,284.58887489995686,balanced_agentic,200,0.0,0.9284729955663121,0.8766959832838744,0.845,1.0,0.07152700443368787,0.12330401671612552,0.14294249836223902,14.305400886737573,0.07152700443368787,0.04478100452909546,0.010382091261451745,0.00018948369215993514,0.0,0.00018948369215993514,0.15254616454236639,0.18961790873854825,0.19440790405961716,0.8124934226188222,0.8676319400828554,0.3671666666666667,0.5902348134279736,0.40957570287986655,0.0,0.0,78.39917421848584,90.65723281143634,94.24407738332665,93.9879493315653,2.832272096802095,2.6212686556163276,2.598280797549914,0.04492887798748748,34679520.28047148,33187121.097960886,0.028856397229562153,1.922249800399614,0.6814240532024997,0.6143175527443162,0.0,0.1573484498223386,0.16790974338663722,64.25809200555527,0.1405527126433505,,,,,0.4342190420960585,0.07152700443368787,0.1990640251058745,0.9994,0.03236666666666667,0.00011666666666666667,0.99445,0.15120666666666666,0.0,0.0,0.20231501831501833,2648.563868411736,2931.1919120892126,74.5937551216444,81.2952254212888,0.00014285714285714287,0.1384961507246349,0.752928472222222,2.8856421360011587e-08,1.0,0.7078666666666666,0.5609333333333333,0.013896225564727693,0.009496076816980442,0.009883333333333333,0.3260691729515578,0.0007915721568088857,0.00018622890722663134,0.000605456082911556,0.000605456082911556,0.0,0.0,0.0,0.32606917295070903,0.9768159448194969,0.0004383200089656295,0.7145062422011592,0.031545286904665806,0.25332392197798265,0.00018622890722663134,0.0005007916486903178,0.580884183304304,0.030960675805590938,0.3874569999209665,0.0001973493204482143,0.00037500982374128107,0.8499218857811939,0.03213774513258731,0.11739040003576413,0.0001749592267134835,,,,,,0.06481472552008805,23.235,1.0,0.029171313700049065,0.04107271709020555,0.05
balanced_agentic,congestion_burst,PPO_CMDP,PPO_CMDP,14,1103526060,1905340783,1823775964,dadb88684cb84768bf3a,stochastic,150,300,150-step training / 300-step held-out evaluation,501583040,1,264.74071779998485,balanced_agentic,200,0.0,0.8483068584612086,0.8030499852985428,0.02,1.0,0.1516931415387915,0.1969500147014572,0.21479691878912494,30.338628307758295,0.1516931415387915,-0.05505557677522546,-0.07674700010083695,0.0002984068623756452,0.00023923444976068394,0.0059681372475129035,0.25505557677522545,0.2767470001008369,0.2865025821096269,0.7657335168374542,0.8356755218397474,0.3510666666666667,0.7535287192616673,0.24617287387595696,0.0,0.0,57.8879156440931,69.94359903381643,73.03512605042015,71.98510442484375,3.5441650487278538,3.317762266424471,3.308254518218894,0.03847608284196386,28825090.092490986,27925275.59339748,0.034697044775623825,2.135578755930097,0.6785639510358865,0.6216459899280176,0.0,0.19689805826265855,0.2092778372692078,60.18802282864237,0.17026377278903274,,,,,0.2626731093148374,0.1516931415387915,0.24481857888938802,0.9955833333333333,0.023033333333333336,0.00018333333333333334,0.9952333333333334,0.15216249999999998,0.0,0.0,0.07762637362637363,3426.524532204697,3607.5099422403223,48.552256189452784,62.4837715912766,0.00023809523809523812,0.2589944217139795,0.6659,3.470701643596616e-08,1.0,0.3233333333333333,0.077,0.036209448368413326,0.010731910575214632,0.0,0.3858429719083702,0.0006157114260265632,0.00015023691525859243,0.0011017497774255252,0.0011017497774255252,0.0,0.0,0.0,0.3858429719065195,1.1558822434643465,0.005147418817597991,0.08425754694310289,0.022492688985084754,0.8879521083389558,0.00015023691525859243,0.005937421038581992,0.08101003481077358,0.021207926633315433,0.8917350848001095,0.00010953271721952729,0.004346812539956485,0.08754864984230909,0.02379469646909259,0.8841183536702698,0.00019148747837200746,,,,,,0.21566735334427747,2.3,1.0,0.06214438765477451,0.21845420649801234,0.05
balanced_agentic,congestion_burst,Intent-PPO-CMDP-NoRisk,Intent-PPO-CMDP-NoRisk,14,1103526060,1905340783,1823775964,72924e27f6df7ecb428f,stochastic,150,300,150-step training / 300-step held-out evaluation,501583040,1,270.7660398000153,balanced_agentic,200,0.0,0.8427992951343706,0.7947433629728238,0.025,1.0,0.1572007048656295,0.2052566370271762,0.22094167781797974,31.4401409731259,0.1572007048656295,-0.05778100009241105,-0.0828711022094951,0.0003329861954873678,0.0045562770562770525,0.005306297511477909,0.25778100009241106,0.282871102209495,0.2924768672013754,0.7718791504546871,0.8527981071229783,0.353,0.7553449177140211,0.2443220960904915,0.0,0.0,57.39555031000325,70.45578865578865,72.96734084507042,71.91043877781244,3.577851076769201,3.3658828706341413,3.34534584517523,0.038586218531773006,28283566.5082265,27258929.584020115,0.03536139408135453,2.1784676590471475,0.666079980659993,0.615687768731678,0.0,0.19876950426495563,0.21041648486299985,59.09009152903096,0.1812442998119751,,,,,0.2436695169154729,0.1572007048656295,0.24999788464227243,0.9995666666666665,0.05538333333333334,0.00021666666666666668,0.9954666666666665,0.15283333333333332,0.0,0.0,0.07245421245421246,3488.6149542859494,3625.901296567875,48.13312424860081,62.23198428880092,0.00019047619047619048,0.26064674168351903,0.6771472222222223,3.537200369197801e-08,1.0,0.5060666666666667,0.08546666666666666,0.09996088232115607,0.02479935479064757,0.07963333333333333,0.42889662377736615,0.0008210464382705882,0.00021288730132894577,0.00116362545981389,0.00116362545981389,0.0,0.0,0.0,0.4288966237844818,1.2848594578895165,0.00015240363073323952,0.04558433382629781,0.05819387366445633,0.8958565015771837,0.00021288730132894577,0.00021308812590326693,0.03914188685045825,0.04930694805702868,0.9111650172282776,0.00017305973833225656,9.090457858106405e-05,0.05211325660047079,0.06720008686392999,0.8803425024945315,0.0002532494624866643,,,,,,0.22235190899055624,2.515,1.0,0.06507063871563669,0.2254961457337857,0.05
balanced_agentic,congestion_burst,Intent-PPO-CMDP,Intent-PPO-CMDP,14,1103526060,1905340783,1823775964,fd2a9bdca11bd34bca64,stochastic,150,300,150-step training / 300-step held-out evaluation,501583040,1,319.06714920001104,balanced_agentic,200,0.0,0.8985028595210391,0.833256865377611,0.535,1.0,0.10149714047896072,0.16674313462238888,0.1750570513173583,20.299428095792145,0.10149714047896072,0.008168914810504767,-0.018818304043023135,0.02326430201068895,0.028251252531713036,0.029538456740428015,0.19166759900368024,0.21881830404302313,0.22937654569622362,0.8498181328132476,0.9111654435295465,0.3803333333333333,0.6335173339155032,0.34321836407380774,0.0,6.666666666666667e-05,77.93946527032007,90.94502581120943,93.46622693531279,93.5943191943036,3.1448511818396185,2.8950897697385516,2.882859377031676,0.04561518753822899,31710305.85241847,30187142.712660268,0.03154529573253733,2.319601488153881,0.642123981640446,0.5926012472217033,0.0,0.17471395454664546,0.18787020196614557,66.46963343341172,0.13922434910486048,,,,,0.6236476935769538,0.10149714047896072,0.23748670498031957,0.9847,0.0944,0.014683333333333333,0.9941333333333333,0.14547916666666666,0.6944500000000001,0.049005,0.14564835164835163,3082.780430861749,3178.2738939046267,72.56116589892969,80.58516860825507,0.01823809523809524,0.1904597027082309,0.7522965277777778,3.155959693480787e-08,1.0,0.33133333333333326,0.20293333333333333,0.020154101898854623,0.01460989310162042,0.014366666666666665,0.4482673163207565,0.667334599122022,0.21933354392799131,0.45900888746871826,0.6547470990589779,0.205405179419026,0.1957382115902596,0.20703333333333332,0.4588264938918492,1.3745213357134356,0.0006466603312097244,0.46134945203660394,0.09540523075340059,0.42827061994066085,0.014328036938124908,0.0006919401006900256,0.4395632106598819,0.1334298988546302,0.40665677632483266,0.019658174059965335,0.0006007727795887482,0.48342812618348335,0.05687016442262429,0.4501745822627419,0.008926354351561796,,,,,,0.11244515532912501,11.365,1.0,0.03651769201291047,0.1003530540086403,0.05
balanced_agentic,congestion_burst,Intent-PPO-CMDP-FullPolicy-NoShield,Intent-PPO-CMDP,14,1103526060,1905340783,1823775964,fd2a9bdca11bd34bca64,stochastic,150,300,150-step training / 300-step held-out evaluation,501583040,1,319.06714920001104,balanced_agentic,200,0.0,0.0,0.0,0.0,1.0,1.7547448505709287,2.298153067981274,2.462469916077077,350.9489701141857,1.7547448505709287,-0.40063083090982415,-0.4873743016759777,0.46063083090982415,0.5473743016759777,0.5694587147701723,0.2072913077914197,0.24499252299531626,0.25338680094451443,0.8764769138883375,0.9277683018206664,0.4120833333333333,0.40557199517403464,0.1337971739161413,0.0,0.0,56.51705098578525,70.01506849315068,78.86317874236673,74.6313651021997,2.0818048773392026,1.7875850700682008,1.782406517467401,0.08389456251081152,29715704.163405713,27693305.260214806,0.03366672368689893,1.1883424838467858,0.5612012319810853,0.4765633756043136,0.0034435637210325078,0.1156558265188446,0.1310908016790589,0.600367807501561,18.142583567404877,,,,,0.8006920978368552,1.7547448505709287,3.02309345740391,0.7101999999999999,0.07888333333333333,0.28773333333333334,0.9783833333333334,0.13637,0.0,0.0,0.1805934065934066,2039.5549442760168,2104.5548412963026,48.22859161816434,60.46919790776477,0.2961904761904762,0.209202341765834,0.5524375,3.370716257870444e-08,1.0,0.3394,0.22579999999999997,0.02225614698171661,0.017014861808917675,0.0146,0.4606910248078273,0.650477036458242,0.2868804248879672,0.37967123295973665,0.37967123295973665,0.0,0.0,0.0,0.4606910247255289,1.3801069709069267,0.0021002004062232594,0.32389581160860215,0.0803502836975477,0.3067732793996597,0.2868804248879672,0.00327893536044869,0.32188303340759766,0.10957759625410377,0.3020928075527112,0.2631676274251387,0.0009056435063035269,0.32593560696666707,0.05073065822076943,0.3115165763720706,0.3109115149341894,,,,,,2.6227966476768665,60.415,1.0,1.0639069407229453,2.966300722334237,0.2966300722334237
balanced_agentic,congestion_burst,MaxWeight,MaxWeight,15,1481178426,1997781942,448460546,,stochastic,150,300,150-step training / 300-step held-out evaluation,1853986158,0,1.0800024028867483e-05,balanced_agentic,200,0.0,0.9458217589185961,0.8994446511186233,0.945,1.0,0.054178241081403976,0.1005553488813767,0.11331098462959899,10.835648216280795,0.054178241081403976,0.04481876079536794,0.001947133283693245,0.0,0.0,0.0,0.14856707814722514,0.19805286671630676,0.2086713303410051,0.7956311345928881,0.8957008112643156,0.3625333333333333,0.5236885299770434,0.47631147002295665,0.0,0.0,59.67908349457015,75.1128735357399,77.06214080803248,77.19905196536085,2.634375761567955,2.3280780172659146,2.3121208221211598,0.11310413759101341,20588693.679348394,18820287.617609568,0.048478610227914894,2.286500404916292,0.5493192496650545,0.48910764603367757,0.0013581356333512713,0.14635420897599746,0.17935029010234183,25.21573345460364,1.4083685251640634,,,,,0.2364932641477568,0.054178241081403976,0.17218003184881261,0.9995833333333334,0.8533333333333333,0.0,0.9592333333333335,0.10077166666666666,0.0,0.0,0.24546520146520145,2321.712873471604,2802.732701312147,54.890141740951655,62.601522483870646,0.0,0.14119919872525163,0.7867638888888888,4.8858180212023204e-08,1.0,0.6431333333333333,0.5437333333333334,,,,,,,,,,,,,,,,,,,,,,,,,,,,,,,,,,0.0631505127296265,9.305,1.0,0.027235103758540945,0.06002172022686026,0.05
balanced_agentic,congestion_burst,PPO,PPO,15,1481178426,1997781942,1596015111,461e22a59e6f436fac36,stochastic,150,300,150-step training / 300-step held-out evaluation,1853986158,1,258.87767640000675,balanced_agentic,200,0.0,0.9564449777686893,0.9272164874255048,0.99,1.0,0.04355502223131081,0.07278351257449517,0.09588948382980762,8.711004446262162,0.04355502223131081,0.04518126698930826,0.022474540825604662,0.0003633251499221475,0.0051377523186033796,0.006268245592418555,0.15242362618617944,0.1775254591743953,0.1857860558694066,0.8009080256680974,0.8758312716721924,0.35989999999999994,0.6985331464992455,0.30110352835083243,0.0,0.0,73.61592893985645,84.07513310667777,92.83198484848482,89.94053225184288,3.33511818891969,3.103647656327994,3.070951699653887,0.04467991403495885,33258635.463695776,32085693.98660607,0.030072261929076482,2.2149828898806434,0.6573897818449882,0.6147153017005705,0.0,0.1852843438288717,0.1995164766982106,87.93984835924272,0.10464104901577453,,,,,0.47960961710703104,0.04355502223131081,0.21767843106011564,0.9995666666666666,0.05006666666666667,0.00021666666666666668,0.9884666666666666,0.13671416666666666,0.0,0.0,0.12361172161172161,3295.37422843619,3356.518783026191,67.7270357238555,75.71896435906561,9.523809523809524e-05,0.15565880167926419,0.7483708333333334,3.0080381607604355e-08,1.0,0.3858,0.37126666666666663,0.022863941781684806,0.02227611051691633,1.6666666666666667e-05,0.2800279181194703,0.001030782271331588,0.00021667199799104794,0.0008142510359203492,0.0008142510359203492,0.0,0.0,0.0,0.28002791813056177,0.8388886718398585,0.00020296433027054814,0.6716516920651274,0.05025146066553456,0.27767721094107645,0.00021667199799104794,0.0001124036379895592,0.764851609151786,0.02960190298325041,0.20526985894224747,0.00016422528472661378,0.00029474060231369804,0.5772007693799902,0.07117819361872187,0.3510564737049904,0.00026982269398386383,,,,,,0.023443047345293608,1.44,1.0,0.014581282015609183,0.024202936969876142,0.05
balanced_agentic,congestion_burst,PPO-Lagrangian,PPO-Lagrangian,15,1481178426,1997781942,1596015111,c54dc7a9b9a68be549b7,stochastic,150,300,150-step training / 300-step held-out evaluation,1853986158,1,254.7300168000511,balanced_agentic,200,0.0,0.9385244139664936,0.9114766899188983,0.97,1.0,0.06147558603350645,0.08852331008110165,0.11114165775728749,12.29511720670129,0.06147558603350645,0.05878387416869181,0.05438450074515649,0.00031018035333279777,0.004906862745098038,0.005227974095020699,0.09346647014033561,0.1448456260720411,0.15867356882759728,0.7980413864164246,0.8654327174465137,0.3556999999999999,0.5502661734150543,0.4494236462316128,0.0,0.0,84.65510163074421,96.3982251082251,99.7539773436803,98.68615033599124,2.550313195033719,2.230056967630162,2.2150342610418723,0.075020119908234,36917040.92362224,34322383.3048082,0.027072730249975935,1.753476557327395,0.7278496380068472,0.6602716925188804,0.0,0.14168406639076217,0.15963774767905478,62.783493617957404,0.22253596904150733,,,,,0.1395045295766862,0.06147558603350645,0.23299787291536436,0.9994666666666666,0.013183333333333333,0.0002,0.9708,0.12468583333333333,0.0,0.0,0.05218315018315017,2289.366650943868,2690.8228726205625,80.77231494964363,85.85272264718107,0.00028571428571428574,0.10229405174144501,0.7378493055555555,2.7122738430636133e-08,1.0,0.08960000000000001,0.05973333333333335,0.009797066153638618,0.00836386018603303,0.0,0.1025237813333006,0.0005494454222773978,0.00019962056524102745,0.0003498939652090119,0.0003498939652090119,0.0,0.0,0.0,0.1025237813231007,0.3071338005164046,0.00028079691825893464,0.9523647539283634,0.012480843728850272,0.03467398485928649,0.00019962056524102745,0.00020063455035321912,0.962912468640268,0.009177306109537976,0.027555475122155806,0.00015411557768497386,0.0003620352911029819,0.9416754591532114,0.015828724134998976,0.041888045062687375,0.0002457363579991758,,,,,,0.0414145220164374,0.005,1.0,0.041906422147268134,0.03559497811061076,0.05
balanced_agentic,congestion_burst,PPO_CMDP,PPO_CMDP,15,1481178426,1997781942,1596015111,fc83225982e20e56ecdd,stochastic,150,300,150-step training / 300-step held-out evaluation,1853986158,1,273.55554740002844,balanced_agentic,200,0.0,0.9445283590123927,0.910483294808061,0.99,1.0,0.05547164098760737,0.08951670519193902,0.10219117260762811,11.094328197521474,0.05547164098760737,0.05566918916881854,0.03961231235367031,0.00044833303137319596,0.005136345136345134,0.005496997937423247,0.13001105882281483,0.16038768764632969,0.1693860316177178,0.8118428430379191,0.8644715866759871,0.3615,0.645344385012841,0.3542072819557859,0.0,0.0,84.3129963927572,95.22401960784313,99.3224970491803,98.85484134893355,3.0735475957390963,2.8102176754253425,2.773373664538859,0.05563562216360892,35186109.60382762,34051352.14053589,0.0284217427242547,2.2095631855604214,0.6704270555841757,0.6152638959816802,0.0,0.17075264420772757,0.18465478805863433,79.39099342357399,0.12632804895465163,,,,,0.31763653135312575,0.05547164098760737,0.2472947829108573,0.9996666666666666,0.0111,0.00028333333333333335,0.9709666666666666,0.12998583333333333,0.0,0.0,0.09745054945054944,2884.3766895353656,3175.408852925722,81.2663345983346,83.80097308423818,0.00023809523809523812,0.1316334289491733,0.7588861111111112,2.8433738568760817e-08,1.0,0.47293333333333337,0.4219333333333333,0.014423249540942174,0.011173057271929162,0.00013333333333333334,0.2289869691980212,0.0007530617568386913,0.00023392948223027282,0.0005192370459793675,0.0005192370459793675,0.0,0.0,0.0,0.22898696919537911,0.6859836538419108,0.00011372873171565652,0.819216120983365,0.011152664554090025,0.16928355624859903,0.00023392948223027282,7.875313773184355e-05,0.9245109076917063,0.006547822077749315,0.0686507748667518,0.00021174222606070873,0.0001491737967596549,0.7125079814333009,0.015819316996556115,0.2712671132194644,0.00025641455391889133,,,,,,0.02886309252213394,0.545,1.0,0.034890720229403406,0.022209403433766185,0.05
balanced_agentic,congestion_burst,Intent-PPO-CMDP-NoRisk,Intent-PPO-CMDP-NoRisk,15,1481178426,1997781942,1596015111,8c806f3e428ad93e5ba2,stochastic,150,300,150-step training / 300-step held-out evaluation,1853986158,1,275.68097020004643,balanced_agentic,200,0.0,0.9315198290150323,0.9023752398672311,0.965,1.0,0.06848017098496768,0.0976247601327689,0.11458753829390307,13.696034196993537,0.06848017098496768,0.05713914012321268,0.035283789301755845,2.617801047120419e-05,0.0,2.617801047120419e-05,0.10950772202574259,0.1647162106982441,0.17816140848398915,0.8096878438778341,0.8697613415586676,0.36111666666666664,0.5185300978897477,0.48144372409978103,0.0,0.0,85.67041726476542,97.4337962962963,103.20101644736842,100.42649568886941,2.422526490947064,2.1818062050125087,2.1601924317316974,0.07010851054896008,36384836.562982954,33594447.600911476,0.02747781719706274,1.7108144182848801,0.713738559633712,0.6296818453190829,0.0,0.13458480505261466,0.15219260833904852,51.98140245397335,0.25998860512375693,,,,,0.09534783232629884,0.06848017098496768,0.2451719250116117,0.99995,0.00515,1.6666666666666667e-05,0.9668666666666667,0.12050916666666668,0.0,0.0,0.04282051282051283,2127.6650875698583,2581.2980158424825,82.2747557338719,86.47336418733437,0.0,0.12339635929053404,0.7482638888888888,2.753885852436515e-08,1.0,0.06200000000000001,0.04606666666666667,0.006286898497350552,0.005412201830313307,0.0,0.06902124920453322,0.00019164945291334347,6.707480679974663e-05,0.00012458000977015133,0.00012458000977015133,0.0,0.0,0.0,0.06902124921016624,0.2067691838199079,8.136660405558998e-05,0.9688115502291936,0.004585883987569767,0.026454124372381392,6.707480679974663e-05,7.285987464560235e-05,0.9768059990887238,0.0037254846365131575,0.019326794560808158,6.886183930919936e-05,8.998751775296e-05,0.96070979333128,0.005457832323204318,0.03367712304048581,6.52637872767442e-05,,,,,,0.051388241137201904,0.625,1.0,0.04716705961369365,0.04881673649738802,0.05
balanced_agentic,congestion_burst,Intent-PPO-CMDP,Intent-PPO-CMDP,15,1481178426,1997781942,1596015111,618554fca77aa7604c32,stochastic,150,300,150-step training / 300-step held-out evaluation,1853986158,1,332.33217309997417,balanced_agentic,200,0.0,0.9404734751055757,0.9175177553037313,0.995,1.0,0.059526524894424254,0.08248224469626875,0.09193069934468824,11.905304978884852,0.059526524894424254,0.05520685374494217,0.04403397391901167,0.004531142549661969,0.014976976818037455,0.01772527470874728,0.09275894616180805,0.13233970653623833,0.14599952507093664,0.8042117944541025,0.8622802110998811,0.3591166666666667,0.5708805568846839,0.4245883005656541,0.0,0.0,85.65723666990827,96.41107731554159,102.33733333333332,99.64849927324629,2.6742456688621687,2.3632324136288645,2.344946118063489,0.06746645696354611,36665202.07262816,34492513.346991494,0.02726803035387097,1.8738739956527712,0.7119255687623667,0.6478420475966411,0.0,0.14856920382567604,0.16405141695315897,69.32140382375873,0.17259741962422806,,,,,0.19376576592388386,0.059526524894424254,0.23547808109770255,0.9970833333333333,0.017133333333333334,0.002816666666666666,0.9745500000000001,0.12887833333333332,0.7856666666666666,0.06608916666666666,0.06646153846153846,2407.942829687781,2817.6395053406864,80.50042522922352,87.11540496205004,0.0034761904761904765,0.10273236903363316,0.737329861111111,2.7299274607109316e-08,1.0,0.125,0.09373333333333331,0.024854434591670405,0.02240379976569841,0.0,0.17313057157380507,0.07087904312091003,0.025887171989418308,0.04544710829356536,0.06844893546614914,0.023423939459877547,0.023001827172583793,0.023216666666666663,0.14254169833453703,0.4270167660279698,9.575601471984647e-05,0.9280690238186525,0.016403937150960324,0.05294803961864036,0.0024832433970268515,7.508229608682282e-05,0.9475597926833907,0.011633354605174014,0.03859395937138817,0.002137811043960259,0.0001167072329318369,0.9083166338953274,0.02123855436179075,0.06749479208397649,0.002833312425973533,,,,,,0.038573830977438855,0.0,1.0,0.03952085296110943,0.03185611721766396,0.05
balanced_agentic,congestion_burst,Intent-PPO-CMDP-FullPolicy-NoShield,Intent-PPO-CMDP,15,1481178426,1997781942,1596015111,618554fca77aa7604c32,stochastic,150,300,150-step training / 300-step held-out evaluation,1853986158,1,332.33217309997417,balanced_agentic,200,0.0,0.907189619633643,0.8435881588679008,0.635,1.0,0.0928103803663571,0.15641184113209908,0.19110674818043788,18.56207607327142,0.0928103803663571,0.017763347458319347,-0.008618792971734153,0.04223665254168065,0.06861879297173414,0.07458830580745592,0.09504954580530436,0.13340647857889235,0.14615215589224087,0.8040102770650512,0.8629397230749216,0.36056666666666665,0.5427586102125628,0.41500473724575654,0.0,0.0,83.20409543399272,96.15188679245283,100.42106483516483,98.28282056583066,2.5696414502255855,2.2806588220225117,2.2533219993631692,0.06695647413112574,36704578.554979794,34850892.44008604,0.02723971922698604,1.7471939375717174,0.7202724088094424,0.6495082787053827,0.0,0.14275785834586588,0.15823926648493203,61.28738812631477,0.20459879052271876,,,,,0.2495965846464931,0.0928103803663571,0.25373360065066,0.9736666666666666,0.01645,0.02628333333333333,0.97515,0.12874666666666668,0.0,0.0,0.08176556776556776,2319.53929595756,2704.311840985293,78.16198063969419,84.69168392983003,0.027904761904761904,0.10170473315786928,0.7272611111111112,2.7264979357952715e-08,1.0,0.14946666666666666,0.10619999999999999,0.024682300346867265,0.022248252539251435,0.0,0.17204384231237682,0.07020332294265351,0.025962007394735986,0.04469633667313767,0.04469633667313767,0.0,0.0,0.0,0.17204384232095585,0.5153972909071214,9.246885353633134e-05,0.9071849589781742,0.015792435910171133,0.05096812886338238,0.025962007394735986,7.267440934434308e-05,0.9314793086497992,0.01121473275037201,0.03726456430508863,0.019968719885395725,0.00011252899496579594,0.8825645106532386,0.020431584749967566,0.06485563388554587,0.03203574171628215,,,,,,0.09867676072531659,27.575,1.0,0.048711867052519224,0.12051645736652937,0.05
balanced_agentic,emergency_surge,MaxWeight,MaxWeight,11,471540437,1073362871,8773678,,stochastic,150,300,150-step training / 300-step held-out evaluation,1909289823,0,1.2699980288743973e-05,balanced_agentic,200,0.0,0.8971749256410213,0.8782651368698937,0.37,1.0,0.10282507435897865,0.12173486313010626,0.1272617892327119,20.565014871795732,0.10282507435897865,0.05743228130664976,0.04293796128672888,0.0,0.0,0.0,0.12498388550268556,0.1570620387132711,0.168272110382512,0.898880655556649,0.939520761428385,0.41765,0.3413979627435411,0.6586020372564587,0.0,0.0,84.02143876095072,97.61028389914631,100.5707481559536,99.99614752790139,1.9092302864192527,1.7276469142913322,1.718406545961459,0.05924972039451883,19204827.59636634,18077333.423187513,0.0520821161790086,2.5064457306991663,0.49769179128743607,0.4433646178870917,0.013421444122862104,0.10606834924551403,0.11597332788337608,-1.3018596961355067,8.949210327710086,,,,,0.12848853380057182,0.10282507435897865,0.18045554871646932,1.0,0.9456,0.0,0.9515166666666667,0.09125416666666668,0.0,0.0,0.15830036630036629,1561.4190262737511,2096.513272651445,86.4562488310573,83.08338047835132,0.0,0.14158330368155167,0.8500034722222222,5.2133286629908174e-08,1.0,0.3899333333333333,0.21693333333333334,,,,,,,,,,,,,,,,,,,,,,,,,,,,,,,,,,0.11868218175280713,6.5,1.0,0.09022847965982521,0.13119750100947744,0.05
balanced_agentic,emergency_surge,PPO,PPO,11,471540437,1073362871,1897045420,b9c1e1a3273f0ff06c77,stochastic,150,300,150-step training / 300-step held-out evaluation,1909289823,1,259.96485530002974,balanced_agentic,200,0.0,0.9082638268757626,0.8633607425376608,0.695,1.0,0.09173617312423747,0.1366392574623391,0.1460195724693136,18.347234624847495,0.09173617312423747,0.04727056726405555,0.02006578947368422,2.347417840375587e-05,0.0,2.347417840375587e-05,0.14879805845152816,0.17993421052631575,0.19300932768168325,0.8660917862324095,0.915305817251234,0.39966666666666667,0.5064414361225267,0.4935350896990696,0.0,0.0,96.9186187382691,108.64566951840814,115.62010912602607,112.10089260093787,2.645511637608507,2.4001074474563078,2.371672814881677,0.05727560140614781,33707428.71816894,32396922.369543217,0.029676387874336473,2.2827018239309944,0.6662926432395315,0.6048131479866712,0.0,0.14697286875602814,0.15945401846776075,58.10338577645979,0.15960806000509561,,,,,0.34706552252245026,0.09173617312423747,0.25732954954619464,0.9999666666666667,0.0037,1.6666666666666667e-05,0.9859166666666667,0.14389749999999998,0.0,0.0,0.10682051282051282,2362.971931750483,2797.6484023012904,93.5513574277068,96.95563346493081,0.0,0.17687274372613632,0.7599444444444444,2.968289724311446e-08,1.0,0.4682,0.4652666666666667,0.00982792410262911,0.009076942633269327,0.00048333333333333334,0.1846652439882596,6.524972436712916e-05,2.3172000065840916e-05,4.207843825850621e-05,4.207843825850621e-05,0.0,0.0,0.0,0.18466524399410575,0.5532076312368648,3.1230079082158733e-05,0.7640635364811181,0.0035874784235662817,0.2322945830161676,2.3172000065840916e-05,4.507723717100566e-05,0.8781096972632731,0.0055579911793886124,0.11625207616635876,3.51581538084139e-05,1.7197053099501777e-05,0.648486554748867,0.0015905158320953278,0.34989470740758455,1.1024958353568963e-05,,,,,,0.0752967681142462,1.54,1.0,0.06841861216512807,0.0697338513494532,0.05
balanced_agentic,emergency_surge,PPO-Lagrangian,PPO-Lagrangian,11,471540437,1073362871,1897045420,97597eec01eed730a745,stochastic,150,300,150-step training / 300-step held-out evaluation,1909289823,1,273.0232358999783,balanced_agentic,200,0.0,0.8882795938521031,0.8510508564770946,0.34,1.0,0.11172040614789695,0.14894914352290553,0.16567852161885574,22.34408122957939,0.11172040614789695,0.057024493682943156,0.037637242941791584,0.0,0.0,0.0,0.10687182120858164,0.1623627570582084,0.17509417734821894,0.8740744004451534,0.9296799845661544,0.40431666666666666,0.38984702619252315,0.6101529738074769,0.0,0.0,97.07986885819402,111.6795358649789,117.67569287141903,116.4382629542904,2.0210424511080127,1.814468382332152,1.803092014800502,0.06832488795690762,34662654.58885306,32329186.186145,0.028848141868840327,1.6980235790218021,0.6705498612646577,0.5838734064501062,0.0,0.11228013617266734,0.12559502715731025,30.398421979502583,0.39941616963183996,,,,,0.08009967677118573,0.11172040614789695,0.25852638759291907,1.0,0.01643333333333333,0.0,0.9855000000000002,0.13421,0.0,0.0,0.037809523809523814,1754.6478789583086,2164.4856822655474,101.081198237781,94.78783063712011,0.0,0.12680569535864056,0.7741208333333333,2.8892113307474308e-08,1.0,0.04786666666666667,0.04146666666666666,0.0028204658516263912,0.002498334482913697,0.0,0.04911485937806402,2.0578163619664355e-05,1.1014343653232183e-05,9.563994757681324e-06,9.563994757681324e-06,0.0,0.0,0.0,0.04911485938178079,0.14713496936106674,6.306802683160625e-06,0.9745741067970526,0.01691303835457192,0.008495533702039067,1.1014343653232183e-05,1.2131949437995222e-05,0.9694574727873231,0.015904000934683787,0.014605294496267183,2.1099832287895343e-05,4.0346603899939017e-07,0.9797594204579194,0.017935619900901503,0.002303762695807887,7.934793321977134e-07,,,,,,0.10438667300480521,0.99,1.0,0.09180148165880421,0.11003666787790348,0.05
balanced_agentic,emergency_surge,PPO_CMDP,PPO_CMDP,11,471540437,1073362871,1897045420,3e02143445d692cb208a,stochastic,150,300,150-step training / 300-step held-out evaluation,1909289823,1,273.6423236000119,balanced_agentic,200,0.0,0.8814165349235759,0.8303432554151111,0.275,1.0,0.11858346507642409,0.16965674458488877,0.18533179242292366,23.716693015284818,0.11858346507642409,-0.012206900697544865,-0.03955317793780753,0.00013039616266015966,0.0,0.00013039616266015966,0.2122069006975449,0.23955317793780753,0.2461614838226421,0.8671708144278741,0.9116345891354539,0.40135,0.5876596870366645,0.41220991680067526,0.0,0.0,88.92426221891485,101.10415833666532,104.76436193081884,103.64053378275005,3.069547217198634,2.8270500156450287,2.8083072250581145,0.046996141751715265,30888941.346155502,29921118.641211204,0.03238113499290639,2.6515993923204517,0.6354798468885872,0.5915051855595392,0.0,0.1705304009554797,0.1836779630701065,60.789784048274704,0.16864826243317468,,,,,0.44849465131197386,0.11858346507642409,0.24785946624409816,0.9994999999999998,0.005433333333333333,8.333333333333333e-05,0.99395,0.14986833333333333,0.0,0.0,0.18873260073260073,2844.4227727845428,3190.7680718831452,84.07058640972677,89.68878064693544,4.761904761904762e-05,0.24905680813085554,0.7633055555555555,3.238728564341497e-08,1.0,0.9499333333333334,0.8596,0.022346870669393323,0.020916016868571034,0.016666666666666666,0.23704914419079934,0.00041607358698356954,0.00013402179935014354,0.000282083937257546,0.000282083937257546,0.0,0.0,0.0,0.2370491441842891,0.7101357716512282,0.0004137755970015237,0.48058307182373833,0.005043647005873586,0.5138254837740365,0.00013402179935014354,0.0006903514869139921,0.6936821508692774,0.005787499000596012,0.29963899776237696,0.0002010008808355524,0.00013348727903653897,0.2646236024554402,0.0042898104206179725,0.7308869561751142,6.614366979110506e-05,,,,,,0.1472217853326824,15.17,1.0,0.04573418161317527,0.15517204152448485,0.05
balanced_agentic,emergency_surge,Intent-PPO-CMDP-NoRisk,Intent-PPO-CMDP-NoRisk,11,471540437,1073362871,1897045420,7d2ee40999bb1a6afe16,stochastic,150,300,150-step training / 300-step held-out evaluation,1909289823,1,275.69379829999525,balanced_agentic,200,0.0,0.8951990954966885,0.855145785942138,0.48,1.0,0.10480090450331157,0.14485421405786206,0.15029584849205016,20.960180900662316,0.10480090450331157,0.05748021358383218,0.03760928613869792,2.6595744680851064e-05,0.0,2.6595744680851064e-05,0.1020562478600048,0.16239071386130208,0.17772394812509332,0.8688344757679666,0.9158367167178951,0.40301666666666663,0.397907302624423,0.6020661016308962,0.0,0.0,94.74676536882122,109.02115384615384,114.34546282691741,112.3191732633895,2.0518909193664054,1.83097275930452,1.807856869824107,0.06814114947652787,34835992.01520636,32925383.367133528,0.02870214448691704,1.6739954096999143,0.6842218151976028,0.5990657458366634,3.549856479085706e-05,0.11399393996480033,0.12646752696606672,35.01151537491118,0.3361961656278749,,,,,0.11510787327856348,0.10480090450331157,0.22596020416256793,0.9999333333333333,0.0225,1.6666666666666667e-05,0.9879833333333334,0.13899666666666666,0.0,0.0,0.04983882783882782,1815.0297540403515,2179.431546849668,97.78513804097715,92.88060653857053,4.761904761904762e-05,0.11603243634221574,0.7554104166666668,2.8741322630291717e-08,1.0,0.12613333333333335,0.06966666666666668,0.0050298269035308615,0.0026825915637485108,0.0,0.10371843641441757,0.00016403574967463968,6.542902599276108e-05,9.861514562458248e-05,9.861514562458248e-05,0.0,0.0,0.0,0.10371843641556819,0.3107126673326751,6.58027124861706e-05,0.961218855244556,0.02346593591734596,0.015183977099619227,6.542902599276108e-05,0.0001091461859437789,0.9468244179620021,0.030818368609967416,0.022133669946651034,0.00011439729543566617,2.1877447438527277e-05,0.9758065064503654,0.016014812853011463,0.008140999784842028,1.5803464342568683e-05,,,,,,0.09964971328837492,1.165,1.0,0.0875547402810789,0.1055194324950219,0.05
balanced_agentic,emergency_surge,Intent-PPO-CMDP,Intent-PPO-CMDP,11,471540437,1073362871,1897045420,b12c9f3440d9c22ff923,stochastic,150,300,150-step training / 300-step held-out evaluation,1909289823,1,319.3185737999738,balanced_agentic,200,0.0,0.9034723875822932,0.8686730448109654,0.665,1.0,0.09652761241770662,0.13132695518903467,0.14591572183104407,19.305522483541324,0.09652761241770662,0.04513017996391986,0.033445427728613565,0.014299124228085635,0.02565431114653912,0.026870835727993887,0.10697414162155257,0.1470713214464256,0.16009326780376626,0.8728081824692461,0.9298235999875809,0.4055500000000001,0.429872254228322,0.5558286215435924,0.0,0.0,93.25542105818141,106.32987951807229,112.39045699614891,109.80959233187646,2.240505696178387,2.0046167656711806,1.9934213541635657,0.06805884952425506,34484276.82783279,32820035.838366494,0.028999320361682512,1.817729327152497,0.6886894907097747,0.6214180611340048,0.0,0.1244725386765771,0.1385889874577601,50.752184460981695,0.19499838031303626,,,,,0.2882602378318826,0.09652761241770662,0.21191175364758252,0.9900666666666667,0.03913333333333333,0.009883333333333333,0.99285,0.14916416666666665,0.6782833333333333,0.048563333333333326,0.09534065934065934,1954.813427361171,2394.339994772275,93.14701955251327,93.04932294222715,0.007857142857142858,0.11821936401868018,0.7182930555555557,2.9020077736941685e-08,1.0,0.2157333333333333,0.12426666666666666,0.007095743391200188,0.005824471247729219,0.00065,0.24668294555014814,0.39027475772163356,0.11669877857771939,0.2779364577684059,0.3809498688670472,0.10700773656574666,0.10301341109864129,0.10613333333333333,0.20241231126446016,0.6063730934195992,8.606615108625157e-05,0.8815652409398013,0.03791371287661758,0.07057548537383358,0.009859494658661337,0.0001442240971364136,0.8572579103536578,0.040335770991384495,0.08897799024227894,0.013284104315542295,2.7127561464946404e-05,0.9061988444197183,0.035459143914672586,0.051925967017221165,0.006388917086922916,,,,,,0.0908725880613904,0.365,1.0,0.07754846233512563,0.09040130455434493,0.05
balanced_agentic,emergency_surge,Intent-PPO-CMDP-FullPolicy-NoShield,Intent-PPO-CMDP,11,471540437,1073362871,1897045420,b12c9f3440d9c22ff923,stochastic,150,300,150-step training / 300-step held-out evaluation,1909289823,1,319.3185737999738,balanced_agentic,200,0.0,0.2972815702167898,0.0,0.0,1.0,0.7099860347334837,1.0392474957484448,1.1376885781683148,141.99720694669674,0.7099860347334837,-0.09087182489809109,-0.15292539719088188,0.1508718248980911,0.21292539719088185,0.2402628394435052,0.12160577462576044,0.17235751129678573,0.17934099746158566,0.8798417577308532,0.9355498139586678,0.4196333333333333,0.3623017076395677,0.4868264674623412,0.0,0.0,82.72254776595247,97.69733445566779,104.5478977569118,103.19332473264653,1.9390763955282033,1.6774337819478002,1.6578993145880159,0.08941049593765354,33466916.82242317,31587279.795523245,0.02987390918225016,1.4375803656200246,0.6714642339481491,0.5798108747379984,0.0,0.10772646641823352,0.12614695286971359,29.862122135916817,0.4059681689350951,,,,,0.4355945862906115,0.7099860347334837,1.039466225571602,0.89605,0.034416666666666665,0.10386666666666666,0.9898,0.15068499999999999,0.0,0.0,0.15585347985347983,1766.79115788357,2031.8453696445463,73.23729093651309,87.12999969478966,0.0757142857142857,0.14167264193748882,0.6415916666666667,2.9912994159596336e-08,1.0,0.28046666666666664,0.19253333333333336,0.00739741999816791,0.005984426211267557,0.0005666666666666667,0.24898248871940049,0.38841761804747293,0.10513263286299324,0.2877272789448993,0.2877272789448993,0.0,0.0,0.0,0.2489824887384547,0.7458848770635816,8.244749808139971e-05,0.7971229775122995,0.03424749370844854,0.06341444841817725,0.10513263286299324,0.00013725126236881465,0.7581791676296317,0.03600645565451855,0.07823069342884817,0.12744643202463288,2.690811279683826e-05,0.8365895230980905,0.03246492153491449,0.04839932763555103,0.082519319618647,,,,,,0.8775608231906576,26.405,1.0,0.4858312703379304,0.9088718891734431,0.09106789212180821
balanced_agentic,emergency_surge,MaxWeight,MaxWeight,12,1729653623,2128646545,766997810,,stochastic,150,300,150-step training / 300-step held-out evaluation,2098632769,0,1.179997343569994e-05,balanced_agentic,200,0.0,0.9053307028523017,0.8851564025094312,0.71,1.0,0.09466929714769835,0.11484359749056886,0.12405127643294771,18.93385942953967,0.09466929714769835,0.057206099231372834,0.03927058111380145,0.0,0.0,0.0,0.12021644732659603,0.16072941888619854,0.17051285714562428,0.8951696241416391,0.9392499443015279,0.4084333333333333,0.3477708694131886,0.6522291305868114,0.0,0.0,82.35600481656651,94.33665309144762,97.34888115942029,96.63613884886533,2.061750819518173,1.8454112442960895,1.8436171404274198,0.06395039342655806,15612087.29027242,14517508.807831565,0.06404742955300495,3.2625291868353883,0.5118677113420138,0.465163253331813,0.006160535735979086,0.11454171219545403,0.12485313560832907,8.154880206655411,1.6150404840303614,,,,,0.12959308579041257,0.09466929714769835,0.17482547058989537,1.0,0.9450666666666666,0.0,0.9585333333333333,0.09533583333333333,0.0,0.0,0.15891575091575091,1615.2188025996882,2302.191136320433,82.71557136864384,82.35605117029041,0.0,0.14658023963061426,0.8553375,6.41652930330557e-08,1.0,0.41326666666666667,0.2182666666666667,,,,,,,,,,,,,,,,,,,,,,,,,,,,,,,,,,0.11227646900525441,5.3,1.0,0.07872712572895024,0.12260910751603159,0.05
balanced_agentic,emergency_surge,PPO,PPO,12,1729653623,2128646545,1621075116,2fb07c1ee95b181950c4,stochastic,150,300,150-step training / 300-step held-out evaluation,2098632769,1,284.739809300052,balanced_agentic,200,0.0,0.9177060769683746,0.8747580038803061,0.8,1.0,0.08229392303162542,0.12524199611969378,0.13396160031968726,16.458784606325082,0.08229392303162542,0.05649036648315034,0.037024563423527154,0.0003692881208644174,0.0046739941204861565,0.005078999999392945,0.12613458656327445,0.16297543657647284,0.17205628285847194,0.8558552380633716,0.9074047913791251,0.38905,0.4650239862704133,0.5346067256087224,0.0,0.0,89.86608396110323,104.1556998880179,116.7723382544507,109.59105723678843,2.5103928813518106,2.254573866129662,2.2359857184939638,0.06492876373050167,28822209.23737093,27298687.604563132,0.03470400861495054,2.3487587393347202,0.6952393111031897,0.6339875339511638,0.0,0.13946627118621166,0.15362388737636726,61.098306154399616,0.17573815818624627,,,,,0.3197803310176478,0.08229392303162542,0.2056179521506202,0.9990333333333333,0.018733333333333334,0.00025,0.9928333333333333,0.1508358333333333,0.0,0.0,0.11427838827838828,2206.7404398588637,2673.8980421557026,89.02023360979652,89.87865137771263,0.00019047619047619048,0.13030569608302453,0.7334291666666667,3.4722890769730686e-08,1.0,0.2662,0.24539999999999998,0.02411528833255783,0.02280367586822929,0.0,0.192911827541251,0.0005997982414379254,0.00016741218768095268,0.0004324310479474713,0.0004324310479474713,0.0,0.0,0.0,0.19291182752304203,0.577912187661058,0.0006933467843685115,0.831167510759472,0.019730022292068973,0.14824170797640965,0.00016741218768095268,0.0010230457719772271,0.7733252828993668,0.028306206331486238,0.19711609160845833,0.00022937338871134407,0.00035922230699323587,0.8897861443626658,0.01103872168836422,0.09871129234929985,0.00010461929267699899,,,,,,0.07628055404189289,1.55,1.0,0.05471745598572988,0.07284165020436408,0.05
balanced_agentic,emergency_surge,PPO-Lagrangian,PPO-Lagrangian,12,1729653623,2128646545,1621075116,5ff4062933b4dfa3978e,stochastic,150,300,150-step training / 300-step held-out evaluation,2098632769,1,266.70855040004244,balanced_agentic,200,0.0,0.8930090469827745,0.8581333439268827,0.395,1.0,0.10699095301722547,0.14186665607311738,0.15136380920126763,21.398190603445094,0.10699095301722547,0.059098831861843414,0.054938862307283357,0.00048760248522399825,0.004857955904156103,0.0056138753350808025,0.0911418735771079,0.14144736842105263,0.14721048663471825,0.8763965275137712,0.9193737277016195,0.3967333333333333,0.3934334369650226,0.6060789605497534,0.0,0.0,104.63968774152136,122.21393843498274,127.71558794137242,125.41828376201461,2.155799214886122,1.8827543449810853,1.8760231759984336,0.07544317020859172,28385986.156806096,26643189.853746388,0.03524398631163691,2.385124332644326,0.6901531671650054,0.6136540843956617,0.00010163403814012596,0.11976662304922898,0.135784800054872,37.93848172876999,0.3194297869079091,,,,,0.18973922303737645,0.10699095301722547,0.2125891788064772,0.9993333333333334,0.07445,0.0003333333333333333,0.9727666666666667,0.127655,0.0,0.0,0.06385347985347985,1822.3959825689578,2335.324032287671,108.5131855251499,102.43836472737716,0.00038095238095238096,0.11976463560868686,0.78360625,3.52746991152146e-08,1.0,0.2617333333333333,0.24986666666666665,0.0063914528046697325,0.0059454397050074746,0.0,0.11574605315348291,0.001068618436287583,0.00034374658266372594,0.0007250002151149244,0.0007250002151149244,0.0,0.0,0.0,0.11574605314997914,0.3467441869578881,0.0003938276634066184,0.917117683325085,0.07486088523038946,0.0072838571984553254,0.00034374658266372594,0.00024877280471946345,0.9783802910409125,0.018399170906575057,0.002713749411206767,0.00025801583658624885,0.0005408295671768224,0.8550327587271657,0.13208047491425506,0.011915308714391783,0.0004306280770106994,,,,,,0.10283534236725686,0.18,1.0,0.09644039301350596,0.10365604382341648,0.05
balanced_agentic,emergency_surge,PPO_CMDP,PPO_CMDP,12,1729653623,2128646545,1621075116,c2c338dd9800f45e9834,stochastic,150,300,150-step training / 300-step held-out evaluation,2098632769,1,270.83158040000126,balanced_agentic,200,0.0,0.8742928975978722,0.8128564214389091,0.235,1.0,0.12570710240212774,0.18714357856109087,0.2107327968659109,25.14142048042555,0.12570710240212774,-0.015866390196466577,-0.0434375,1.9920318725099602e-05,0.0,1.9920318725099602e-05,0.2158663901964666,0.2434375,0.24902913511928845,0.8643665930280525,0.9162413384725756,0.39614999999999995,0.5848735235552194,0.41510655612605546,0.0,0.0,85.91671580865696,97.32091666666666,103.49911363636362,100.97511903470902,3.236169261595123,2.9849635083038417,2.9556299195374995,0.04824253879210767,25318052.462467156,24421867.658185508,0.03951320213088715,3.2958874821124353,0.6348516135888186,0.5911698413001247,0.0,0.17978718119972903,0.19291840405451746,69.35685310000544,0.1545024188859589,,,,,0.42867591139096717,0.12570710240212774,0.23493657424615705,0.9999166666666668,0.0005833333333333334,1.6666666666666667e-05,0.9939333333333334,0.15192916666666664,0.0,0.0,0.13714285714285715,2993.140759842911,3367.0307625386213,79.91011837350831,87.46781664976544,0.0,0.24906759239631765,0.7653680555555556,3.9518316782771646e-08,1.0,0.5728,0.5558666666666666,0.03850464333450311,0.037639525542159574,0.04995,0.2381259017344715,4.171255945264046e-05,1.135420306006153e-05,3.0358644421334542e-05,3.0358644421334542e-05,0.0,0.0,0.0,0.2381259017407406,0.7133614490138831,3.3320692821699695e-05,0.4501736505486943,0.0005233368069998067,0.5492583377484241,1.135420306006153e-05,4.608585932439828e-05,0.5889751857619729,0.0005155369815297878,0.4104462044483796,1.6986948793125558e-05,2.0384181802186363e-05,0.30950900748020366,0.0005312413281137184,0.6899337211598785,5.645850001721473e-06,,,,,,0.16600338402628867,7.92,1.0,0.04596730646672978,0.16444405549860888,0.05
balanced_agentic,emergency_surge,Intent-PPO-CMDP-NoRisk,Intent-PPO-CMDP-NoRisk,12,1729653623,2128646545,1621075116,53b75815fc19ab3c700d,stochastic,150,300,150-step training / 300-step held-out evaluation,2098632769,1,267.30905749998055,balanced_agentic,200,0.0,0.9138058436741602,0.8753629530140677,0.8,1.0,0.08619415632583978,0.12463704698593225,0.13918743675167147,17.238831265167956,0.08619415632583978,0.05354530903377965,0.02894736842105264,7.712434181680957e-05,0.0,7.712434181680957e-05,0.1365583133471691,0.17105263157894737,0.17878773185410363,0.8658429759074892,0.9161430306807195,0.39375,0.4698240533462372,0.530098822311946,0.0,0.0,95.7467318336981,108.80229328844939,113.21790152801356,112.57509337200494,2.5396767476004483,2.2727438119968824,2.266031441576001,0.06188670436195216,28512680.887557197,27278475.620922465,0.03508910704591939,2.559740693671374,0.6886508071132557,0.6158548203909273,0.0,0.1410931526444693,0.15454066813858217,57.37348879026483,0.1780856344216623,,,,,0.3346833350254894,0.08619415632583978,0.20638526399190993,0.99995,0.01975,5e-05,0.9914333333333333,0.1524775,0.0,0.0,0.08373626373626376,2235.915233694902,2703.240639703432,94.64311518380087,95.35454571997984,4.761904761904762e-05,0.15795808611793624,0.7493298611111112,3.509819927042524e-08,1.0,0.14726666666666666,0.08713333333333333,0.00788053397590191,0.003856851875048459,0.0,0.2660798081655226,0.00014660316776934904,3.9368006415080855e-05,0.00010723956239203955,0.00010723956239203955,0.0,0.0,0.0,0.2660798081618474,0.7971038686515008,2.823971544604942e-05,0.8148869814005346,0.01934051791540865,0.1657048929621957,3.9368006415080855e-05,4.4625698308518974e-05,0.8170407640319226,0.023676880259384858,0.1591779416982597,5.978831212434929e-05,1.1633786504889006e-05,0.8127042889351681,0.014945949365473025,0.17231945431021142,1.8673602642600772e-05,,,,,,0.07836495559681364,0.77,1.0,0.06168892896434393,0.07494340820332182,0.05
balanced_agentic,emergency_surge,Intent-PPO-CMDP,Intent-PPO-CMDP,12,1729653623,2128646545,1621075116,fc604e43c5d11a5118bd,stochastic,150,300,150-step training / 300-step held-out evaluation,2098632769,1,320.63457950000884,balanced_agentic,200,0.0,0.803944369242664,0.7456844797373193,0.01,1.0,0.19605563075733595,0.2543155202626805,0.2753206980283386,39.21112615146719,0.19605563075733595,-0.06265025503575612,-0.08858576617511019,0.009167339827347364,0.019704433497536946,0.022376823890864782,0.2626502550357561,0.28858576617511017,0.2956886074776828,0.8606908298537701,0.9092141569982664,0.39368333333333333,0.6076844878773128,0.3831481722953399,0.0,0.0,73.04338830708087,84.06573717948717,91.94328789783629,88.29706983926603,3.3481437423754814,3.1275699756788753,3.1124332024543198,0.04333472347393294,22272707.983675674,21442248.317673374,0.04490526184156464,3.2946060645245367,0.6200110060390774,0.5750411619588224,0.0,0.18600798568752672,0.19997364438436524,55.8440340703942,0.20214893733244865,,,,,0.4150538008129077,0.19605563075733595,0.3094186612027703,0.9919333333333333,0.07351666666666666,0.00625,0.9954333333333334,0.15188583333333333,0.6284833333333334,0.0411625,0.10475457875457876,3056.16912161315,3505.36084586289,64.66545354735159,76.76234819411084,0.006,0.2945012463698002,0.7278451388888889,4.492135645218586e-08,1.0,0.30419999999999997,0.2164666666666667,0.029879434228077068,0.021865436789850312,0.0,0.4158594495528938,0.17028062545021364,0.04569617719746643,0.1268840158136826,0.16489894090232263,0.03989803470498463,0.03801492508864001,0.04011666666666667,0.38586039569152275,1.155934440459408,0.0016783334496592104,0.12402611646581374,0.07284490754667251,0.7955453151186873,0.00590532741916735,0.0015515870863207456,0.09005975449811977,0.05771784650470883,0.8430761348585182,0.007594677052332569,0.001806781106465305,0.15844840275522168,0.08817501638785717,0.7473764977984558,0.004193301951999915,,,,,,0.27882135821691423,5.02,1.0,0.08549931341732467,0.2650103562816757,0.05
balanced_agentic,emergency_surge,Intent-PPO-CMDP-FullPolicy-NoShield,Intent-PPO-CMDP,12,1729653623,2128646545,1621075116,fc604e43c5d11a5118bd,stochastic,150,300,150-step training / 300-step held-out evaluation,2098632769,1,320.63457950000884,balanced_agentic,200,0.0,0.6487893278750027,0.4604376368798073,0.0,1.0,0.3512106721249974,0.5395623631201923,0.6026980708640781,70.24213442499948,0.3512106721249974,-0.06406503554032844,-0.08903836132980888,0.07162763454571212,0.10765714556392397,0.12020064090929021,0.2637024470953989,0.28878076396379854,0.2949506561989611,0.8615537223091032,0.9181936884330686,0.3961,0.5704914248534075,0.35788094060088027,0.0,0.0,69.58718641532094,83.96625511396844,88.28820802005013,87.18203394218844,3.1936928132512348,2.9473296871513894,2.9411076651281136,0.04485133451623563,22130960.28133704,21339751.88508339,0.04519487216091191,3.013233833903099,0.6103059810826656,0.5646920322093647,0.0,0.17742737851395746,0.19021028341440374,47.452672402716395,0.2233273046494229,,,,,0.4904740355810672,0.3512106721249974,0.6043894313448871,0.9497666666666666,0.06918333333333333,0.048483333333333344,0.9943666666666666,0.151025,0.0,0.0,0.12628571428571428,2921.1324496447833,3340.4560859624,58.96716711513317,74.22570685395436,0.047619047619047616,0.29974552857462206,0.6960340277777778,4.520959549393724e-08,1.0,0.29993333333333333,0.20406666666666667,0.029590877125881435,0.021595933251443374,0.0,0.41452242464105027,0.17314627567588523,0.04958050089554629,0.1265318670629957,0.1265318670629957,0.0,0.0,0.0,0.414522424638168,1.241798205600412,0.001794050880810872,0.11594289686543843,0.06862714798481614,0.7640554033733884,0.04958050089554629,0.0018547939289879516,0.08449485784551676,0.054541119494039315,0.8055092747672802,0.053599953964175766,0.0017324924897052416,0.14781305721448657,0.08290225068352287,0.7220451041755516,0.045507095436733855,,,,,,0.531656494993442,28.43,1.0,0.1576986462853497,0.5396993238000882,0.0576938428203759
balanced_agentic,emergency_surge,MaxWeight,MaxWeight,13,1025721121,372372750,244753097,,stochastic,150,300,150-step training / 300-step held-out evaluation,1743803152,0,2.440001117065549e-05,balanced_agentic,200,0.0,0.9115696979610526,0.88702435333639,0.85,1.0,0.08843030203894743,0.11297564666361004,0.12604987587458844,17.686060407789487,0.08843030203894743,0.056675811304753694,0.03634873323397915,0.0,0.0,0.0,0.12558908827428336,0.16365126676602085,0.17363066384191983,0.8849456245426133,0.9328510141534648,0.40754999999999997,0.3711099060185565,0.6288900939814434,0.0,0.0,79.25085515197526,89.33272727272727,91.44806390977443,91.44477018032487,2.1119665278340194,1.923580584195319,1.9048092548584599,0.05421857087185729,17657653.10280544,16665964.724847011,0.056638381604203376,2.843957342513824,0.5049852997115368,0.46242486709749947,0.008736880428385609,0.11733147376855665,0.12789193244622993,8.446668039196881,1.3628140370345214,,,,,0.13334926255472196,0.08843030203894743,0.17489982627980638,1.0,0.9434166666666667,0.0,0.9550333333333333,0.093945,0.0,0.0,0.17058608058608057,1647.9532551604818,2361.8198285043864,78.2777460318056,79.99102840767063,0.0,0.1516991292685368,0.8393124999999999,5.6705258037202845e-08,1.0,0.38406666666666667,0.2256666666666667,,,,,,,,,,,,,,,,,,,,,,,,,,,,,,,,,,0.10494917568780095,2.26,1.0,0.07129973294945026,0.11280953189649268,0.05
balanced_agentic,emergency_surge,PPO,PPO,13,1025721121,372372750,535536204,3cabdc2e2c3a75659a16,stochastic,150,300,150-step training / 300-step held-out evaluation,1743803152,1,262.1022107999888,balanced_agentic,200,0.0,0.7725836749937048,0.7154634224423233,0.0,1.0,0.22741632500629516,0.28453657755767664,0.2946593472925565,45.483265001259035,0.22741632500629516,-0.09229049972374845,-0.1146951219512195,0.00022197780618643442,0.0,0.00022197780618643442,0.29229049972374843,0.3146951219512195,0.3239244129039125,0.8589986846770327,0.9187189180244595,0.3933499999999999,0.6109837725989271,0.3887942495948863,0.0,0.0,74.8172251389309,87.27916666666665,93.25084511023177,91.0865000774601,3.1528071815613172,2.943958532930737,2.934774166690447,0.04048054094256067,23630633.42784011,22813284.962518506,0.04232474849422494,2.99512290738613,0.6534911020668843,0.593936410945047,0.0,0.1751559545311843,0.18564072329418438,32.882351959333725,0.3402307165844257,,,,,0.27832979521942597,0.22741632500629516,0.36503165964038276,0.9993333333333334,0.03908333333333334,0.00015000000000000001,0.9936500000000001,0.15838583333333334,0.0,0.0,0.12464468864468867,2840.4976397970877,3320.9738578959023,65.28734708806641,78.90257460879755,0.00014285714285714287,0.3333530162781109,0.70606875,4.233803166396485e-08,1.0,0.3403999999999999,0.21766666666666665,0.019701514567645736,0.012389461763500458,0.011933333333333334,0.40278081218500256,0.0006921942481878212,0.00013732957797180795,0.0005549310924398919,0.0005549310924398919,0.0,0.0,0.0,0.40278081218690504,1.2066234782365999,0.0004220983122640811,0.08166351567730488,0.03808992553005842,0.8796871309024007,0.00013732957797180795,0.00041067617420540337,0.12701750791542868,0.044300499399792644,0.828155952461643,0.00011536404893025445,0.00043367376761213703,0.035700745019877425,0.031795988252676745,0.9319100030135045,0.00015958994632935545,,,,,,0.3356016107565293,4.56,1.0,0.10591859013357521,0.32836727378465597,0.05
balanced_agentic,emergency_surge,PPO-Lagrangian,PPO-Lagrangian,13,1025721121,372372750,535536204,454f28c68eb87e33907f,stochastic,150,300,150-step training / 300-step held-out evaluation,1743803152,1,254.03850810002768,balanced_agentic,200,0.0,0.9064017798081346,0.859288810223249,0.62,1.0,0.09359822019186546,0.140711189776751,0.15346413277754317,18.719644038373094,0.09359822019186546,0.020685162565693124,-0.005489684428981252,5.266805266805266e-05,0.0,5.266805266805266e-05,0.17917095909146868,0.20548968442898125,0.21416047719566672,0.8676241716883248,0.9107715335820596,0.3946666666666666,0.5506446241841009,0.449302707763231,0.0,0.0,87.40371591672458,99.66538667380252,102.20961132561132,101.86212927164318,2.9043397906112625,2.6503307389098056,2.6293664017525478,0.055647586191439315,28127081.00335336,26969915.19584319,0.0355656130604559,2.708500222722269,0.6444060454240205,0.6000298436046887,0.0,0.16135221058951454,0.17641915224048896,64.76093222354335,0.17680836497052171,,,,,0.5906172334868833,0.09359822019186546,0.18287923198088812,0.9999333333333333,0.1206,3.3333333333333335e-05,0.9895500000000002,0.14653333333333332,0.0,0.0,0.2458608058608059,2661.6934446350815,3034.995515367667,82.9989024146279,89.06311540206443,9.523809523809524e-05,0.2086180002434535,0.75605625,3.557511448608756e-08,1.0,0.4154,0.3230666666666667,0.01726628322687192,0.013730034283411508,0.007399999999999999,0.33597912467443153,0.00010270125081044476,3.241472487193228e-05,7.028825998370736e-05,7.028825998370736e-05,0.0,0.0,0.0,0.3359791246829289,1.0065035070530703,3.2502750961544856e-05,0.544342565901637,0.12004899165184804,0.3355435249706815,3.241472487193228e-05,4.0071283077466656e-05,0.48461392279174315,0.19466661283553424,0.3206326375304168,4.6755559228321334e-05,2.4832627810510026e-05,0.6048729357646836,0.04442979166032712,0.350654558551084,1.7881396094652093e-05,,,,,,0.11226651520848673,4.015,1.0,0.043102037040979285,0.09851387491722835,0.05
balanced_agentic,emergency_surge,PPO_CMDP,PPO_CMDP,13,1025721121,372372750,535536204,a070e26e29e031606ad8,stochastic,150,300,150-step training / 300-step held-out evaluation,1743803152,1,277.9400926999515,balanced_agentic,200,0.0,0.9137500408079142,0.8567554264577674,0.745,1.0,0.08624995919208577,0.14324457354223255,0.1527912895914967,17.249991838417152,0.08624995919208577,0.03319317988447677,0.005398456453711196,7.418471496141399e-05,0.0,7.418471496141399e-05,0.16650733269394885,0.1946015435462888,0.20671080581615148,0.853390770532039,0.9007449702738729,0.3916666666666667,0.5416451318231423,0.45828068346189627,0.0,0.0,80.9285691576366,93.87975077881619,103.53048245614032,99.67021093887482,2.8509471257735868,2.6009040873099436,2.563213915187907,0.05567782378022661,30582336.52726073,29204084.551703703,0.03271970536935395,2.2647572777225746,0.6597890285177874,0.6021799067817721,0.0,0.15838595143186593,0.1722482774683069,72.16949728981908,0.13636896172816,,,,,0.3965753892266153,0.08624995919208577,0.19274113867593268,0.9998666666666667,0.007949999999999999,5e-05,0.9901166666666665,0.15081416666666667,0.0,0.0,0.10906227106227107,2587.792351375361,2992.6458504495536,74.93603327355824,84.51519441680102,0.0,0.18636307414031406,0.7185944444444445,3.2722257638318695e-08,1.0,0.6513333333333332,0.3628,0.03316164177712473,0.02406035011969779,0.020283333333333334,0.24983891623263801,0.0002488370815196874,6.070658924022047e-05,0.000188137240087138,0.000188137240087138,0.0,0.0,0.0,0.24983891622483043,0.7484505045244763,5.451480523406655e-05,0.7085288691868586,0.008131706909752979,0.28322420250891406,6.070658924022047e-05,8.293776003614254e-05,0.6212479206455608,0.01137741529668375,0.3672148530282558,7.687326946358818e-05,2.571033426015062e-05,0.7969813740844157,0.0048424319672929345,0.1981061607074335,4.4322906597747145e-05,,,,,,0.10047523890223298,13.535,1.0,0.03432370170382409,0.0769462448986979,0.05
balanced_agentic,emergency_surge,Intent-PPO-CMDP-NoRisk,Intent-PPO-CMDP-NoRisk,13,1025721121,372372750,535536204,4606dec7f3efe1c94a9c,stochastic,150,300,150-step training / 300-step held-out evaluation,1743803152,1,283.62103929999284,balanced_agentic,200,0.0,0.8238186190380776,0.7766916311356973,0.0,1.0,0.1761813809619224,0.22330836886430272,0.23439045281765777,35.23627619238448,0.1761813809619224,-0.06476450449406963,-0.08812536562536559,9.997621714134564e-05,0.0,9.997621714134564e-05,0.26476450449406963,0.2881253656253656,0.29301320612604215,0.8437362535783355,0.8925179191079545,0.38906666666666667,0.6834348922907497,0.3164651314921088,0.0,0.0,68.80809999303223,80.01978417266187,82.82798316970548,82.34186555327054,3.5985457996311188,3.349955053207224,3.3343206351292585,0.04213063928600173,25014606.35612886,24250695.796085116,0.039981882350599726,2.9699633620719452,0.6255325559579547,0.5811831683086975,0.0,0.19991921109061772,0.21324309831903226,63.56730434951791,0.15896282052469424,,,,,0.28306260297272645,0.1761813809619224,0.2918060110379067,0.9996833333333334,0.06313333333333335,6.666666666666667e-05,0.9932166666666667,0.15177083333333333,0.0,0.0,0.11814652014652013,3326.9336137724413,3744.798515093485,58.80917612633264,73.13334703807197,4.761904761904762e-05,0.30433387863733236,0.7153965277777777,3.99938343626312e-08,1.0,0.3789333333333333,0.21259999999999998,0.014172070945987927,0.010276983206325578,0.00295,0.31808669798994677,0.0003580198327084408,8.84563181046735e-05,0.0005340299071053211,0.0005340299071053211,0.0,0.0,0.0,0.31808669799716743,0.952902586978336,0.00031374304502792535,0.05938797870112139,0.0635462468898854,0.8766635750458606,8.84563181046735e-05,0.00048572385236193025,0.08305220448505221,0.09339218515057153,0.8229427354826672,0.00012715102934727194,0.00013945377048138347,0.03540611230264115,0.033299692008250475,0.9311054997038621,4.924221476485893e-05,,,,,,0.2641151274194411,4.145,1.0,0.0698483473713483,0.25928135746772546,0.05
balanced_agentic,emergency_surge,Intent-PPO-CMDP,Intent-PPO-CMDP,13,1025721121,372372750,535536204,09d0d30da2ff448dad2f,stochastic,150,300,150-step training / 300-step held-out evaluation,1743803152,1,309.3859143999871,balanced_agentic,200,0.0,0.8215781382924391,0.7717003684673223,0.005,1.0,0.17842186170756086,0.22829963153267774,0.2419936324979332,35.68437234151217,0.17842186170756086,-0.062309113642201285,-0.08959104397594041,0.02176543787891668,0.02844962470804326,0.02921549754721165,0.26230911364220133,0.28959104397594043,0.29735964597850345,0.8661206994907212,0.9211022213634388,0.39625000000000005,0.6641501986619326,0.3140843634591507,0.0,3.3333333333333335e-05,70.09949959114496,80.96185185185185,86.42292647058824,85.27379175025757,3.5329898105424284,3.2797828113274687,3.2591126867722346,0.04385876057553138,25131495.942462627,24164700.15182218,0.0397966295722264,2.956819747419278,0.6130251497388172,0.5663446089363445,0.0,0.19627721169680157,0.2101865849680549,66.87206736744935,0.15550260206157535,,,,,0.37345746150165865,0.17842186170756086,0.299840793906325,0.9851333333333332,0.06970000000000001,0.0146,0.9921666666666666,0.15095916666666664,0.6830499999999999,0.047455833333333336,0.1672014652014652,3289.3536006854033,3664.1785389269808,59.452152290237166,74.65701329725022,0.01204761904761905,0.30367794667026005,0.6872173611111111,3.980934063709771e-08,1.0,0.3796666666666667,0.3144,0.014909116594219658,0.01068750638923646,0.0008833333333333333,0.2926358225704889,0.621563012037727,0.20778222351869624,0.41999333772146,0.6074920774726063,0.19342395640885118,0.18749873975114625,0.19266666666666665,0.285733958436755,0.8559824409393215,0.00016358022117089584,0.08378788188009541,0.06968235209463833,0.8319284818209195,0.01443770398317577,0.00020850013817466518,0.11473947461513276,0.11093289872290303,0.7551964098283281,0.01892271669546146,0.00011805735226103566,0.05242083152445352,0.027878106853913707,0.9096905145113982,0.009892489757973499,,,,,,0.26923577201506504,5.995,1.0,0.0711382678504652,0.2610260585284373,0.05
balanced_agentic,emergency_surge,Intent-PPO-CMDP-FullPolicy-NoShield,Intent-PPO-CMDP,13,1025721121,372372750,535536204,09d0d30da2ff448dad2f,stochastic,150,300,150-step training / 300-step held-out evaluation,1743803152,1,309.3859143999871,balanced_agentic,200,0.0,0.001320652043467694,0.0,0.0,1.0,1.8164217649318135,2.393334620033662,2.517279679314002,363.2843529863627,1.8164217649318135,-0.2838712663691578,-0.41815359477124187,0.3438712663691578,0.4781535947712417,0.5022384081824252,0.27497101055427664,0.30450415845552625,0.30938832230806146,0.8921037522053464,0.9510370020459135,0.43578333333333336,0.4664750597978687,0.1896536738329734,0.0,0.0,58.767854220877936,69.14718217562253,75.12674657196403,73.98734533684262,2.5666072726582008,2.109961812322518,2.118223153336351,0.0969131982791883,24162011.753772963,22738898.292937562,0.04137525603936793,1.8722386361768821,0.5446702426227974,0.48443614098866244,0.00197294254622758,0.14258929292545558,0.1653880975188494,17.644660361069732,0.7589396038761778,,,,,0.6246744282269299,1.8164217649318135,2.717536595408801,0.7655500000000001,0.06215,0.22845,0.9736666666666666,0.16331166666666663,0.0,0.0,0.2001904761904762,2385.350900672413,2664.206857573625,42.8832052315606,65.26692524657022,0.2182857142857143,0.31349139517699104,0.49390416666666664,4.142652836406958e-08,1.0,0.5388666666666667,0.4744666666666667,0.015706163960120204,0.011408153988408033,0.0006166666666666666,0.31847564706465475,0.6676991528974078,0.22887243032161045,0.4584843105245312,0.4584843105245312,0.0,0.0,0.0,0.3184756469937488,0.9540677740401614,0.0061381791350746924,0.0743562566554035,0.0635518414758455,0.6270812924120659,0.22887243032161045,0.012082939021590529,0.09509772997536135,0.09360613292465846,0.5100105042379125,0.28920269384047714,0.00011362381384052169,0.053336374297593865,0.03309413671899479,0.7457235005617112,0.16773236460785967,,,,,,2.4028262013257637,21.165,1.0,1.245923304342204,2.3798818389716705,0.23798818389716708
balanced_agentic,emergency_surge,MaxWeight,MaxWeight,14,1103526060,1905340783,873315712,,stochastic,150,300,150-step training / 300-step held-out evaluation,526521599,0,1.1299969628453255e-05,balanced_agentic,200,0.0,0.9127787263952561,0.8889872673623462,0.86,1.0,0.08722127360474395,0.11101273263765375,0.12423983620963966,17.44425472094879,0.08722127360474395,0.05573638299971597,0.036207450224791285,0.0,0.0,0.0,0.12995221835471812,0.1637925497752087,0.17426300018660076,0.888305434274759,0.9328971580588179,0.4146333333333334,0.36799392711194756,0.6320060728880524,0.0,0.0,79.7437453534375,90.16776315789474,93.54752136752136,92.33898522203934,2.1509221416620803,1.9492916253925225,1.9403152554601657,0.05703799280338819,20890299.083884194,19767190.713976722,0.04786391044883294,2.462922530986717,0.5117127392884864,0.4601351853878141,0.00718305293455962,0.11949567453678223,0.13251191998670875,10.623886482253168,1.148173908586335,,,,,0.14223199475479936,0.08722127360474395,0.1786747959716883,1.0,0.93845,0.0,0.95465,0.09470833333333335,0.0,0.0,0.18235164835164835,1657.5642342928338,2416.5763994762883,77.68389554783295,80.64289185767953,0.0,0.15516366739002194,0.8491881944444444,4.79213521508435e-08,1.0,0.3992,0.24526666666666666,,,,,,,,,,,,,,,,,,,,,,,,,,,,,,,,,,0.10394692362663553,4.335,1.0,0.06511992756050346,0.11279806061851622,0.05
balanced_agentic,emergency_surge,PPO,PPO,14,1103526060,1905340783,1823775964,0a65909e93fb2c778ea0,stochastic,150,300,150-step training / 300-step held-out evaluation,526521599,1,272.0849051999976,balanced_agentic,200,0.0,0.8361313837735144,0.7868116314995337,0.005,1.0,0.16386861622648566,0.21318836850046619,0.2262570830699772,32.773723245297134,0.16386861622648566,-0.04633168011732138,-0.07208525093140476,0.0006986405842120393,0.004787000439174351,0.006124743318161111,0.24633168011732137,0.2720852509314048,0.2771284981367996,0.8462889958347204,0.8947913385439092,0.3938666666666667,0.5865941015599125,0.4127072578558754,0.0,0.0,73.77363012408979,84.84193548387096,88.37282843137254,87.87321687326217,3.11136262286969,2.8890653404548434,2.8886738578895397,0.040445183813718776,27010951.909748584,25933477.45568287,0.03702935481875124,2.5498767209099364,0.6477834180817752,0.6004848919268235,0.0,0.1728534790483161,0.1844510467832129,52.59779833251448,0.20580318099552217,,,,,0.5153080903611498,0.16386861622648566,0.2744948589204601,0.9992833333333333,0.2786,0.00048333333333333334,0.9947833333333334,0.15044333333333332,0.0,0.0,0.12474725274725275,2697.95264852803,3333.967993669044,66.6206823753897,77.23503254741367,0.0006190476190476191,0.2859621559074127,0.6984611111111111,3.70402792843045e-08,1.0,0.42926666666666663,0.16579999999999998,0.03511820855574361,0.01574861310596585,5e-05,0.4375496891355864,0.0015621704857671748,0.0004002683069182233,0.0014329218294218127,0.0014329218294218127,0.0,0.0,0.0,0.4375496891421392,1.3107817250466227,0.00026205783145933243,0.07379160640506935,0.27838639925699427,0.6471596681995588,0.0004002683069182233,0.00025862112033082696,0.05226350986543205,0.2661381849142428,0.681057260991251,0.00028242310874334177,0.000265540672938556,0.09560867068349371,0.2907990191613935,0.6128070741623406,0.0005196953198337074,,,,,,0.24483780539974986,5.055,1.0,0.0670228447158706,0.22980227422515026,0.05
balanced_agentic,emergency_surge,PPO-Lagrangian,PPO-Lagrangian,14,1103526060,1905340783,1823775964,337f5a10e02765106fee,stochastic,150,300,150-step training / 300-step held-out evaluation,526521599,1,284.58887489995686,balanced_agentic,200,0.0,0.9092219120814445,0.8629908086745814,0.66,1.0,0.09077808791855549,0.13700919132541853,0.15537639775528983,18.1556175837111,0.09077808791855549,0.03775844518238434,0.008817135549872146,0.0002865675456237369,0.004609361665813278,0.0048467926058278574,0.16109884437584668,0.19118286445012786,0.2035108068958614,0.8492619268296465,0.89687753863181,0.39616666666666667,0.5244511516590132,0.47526228079536303,0.0,0.0,82.23097878791206,95.23720238095238,98.84180311890832,98.72155508890424,2.8290671455094003,2.605355930902793,2.5759374646458078,0.04995439895498958,34211972.05393535,32780137.029321257,0.029242658040953075,2.040876924479582,0.6534528798596999,0.5868882332632771,0.0,0.15717039697274446,0.16898150582075064,72.97736895945428,0.13906028317734334,,,,,0.4267258912943738,0.09077808791855549,0.19994464820664806,0.9993500000000001,0.03103333333333333,0.0002,0.99485,0.1528133333333333,0.0,0.0,0.22343589743589745,2496.3795947650588,3008.2065959102015,77.29828158920276,85.61269887754077,0.00023809523809523812,0.16478234298136704,0.7240076388888889,2.9252477674238447e-08,1.0,0.73,0.5794,0.013222687393340626,0.009042243841817742,0.009149999999999998,0.3159774038087395,0.0007476455987358769,0.00016784428615965934,0.0005799019303450003,0.0005799019303450003,0.0,0.0,0.0,0.31597740380967504,0.9465837063064453,0.00041285517497751127,0.7235896599630658,0.030605501934737274,0.24522413864105994,0.00016784428615965934,0.0004982228737747747,0.585039844520318,0.03098840603353713,0.38328287388484866,0.00019065268752140103,0.0003263416010286066,0.8639992044721589,0.03021745818360453,0.10531226601144844,0.00014472973175950495,,,,,,0.10378214833997966,25.475,1.0,0.04137326151395968,0.07567368998432698,0.05
balanced_agentic,emergency_surge,PPO_CMDP,PPO_CMDP,14,1103526060,1905340783,1823775964,dadb88684cb84768bf3a,stochastic,150,300,150-step training / 300-step held-out evaluation,526521599,1,264.74071779998485,balanced_agentic,200,0.0,0.8146338918752817,0.756632404982125,0.0,1.0,0.18536610812471835,0.24336759501787492,0.2550302880998224,37.07322162494367,0.18536610812471835,-0.07252527927410131,-0.09774419834459627,0.0002451482645377495,0.00022026431718054164,0.004902965290754989,0.27252527927410136,0.29774419834459626,0.302253632377158,0.8128995102020311,0.8728814014533209,0.3829,0.659714690170858,0.34004016156460426,0.0,0.0,65.07117329206534,78.19081508515815,81.19052659239011,81.55201315137774,3.448953262629128,3.202637341508189,3.193649744970158,0.042560564943732344,28290356.5774806,27224970.30658474,0.03535613469800309,2.380465991084139,0.6556856468800796,0.6042846948518851,0.0,0.19160851459050712,0.20476873167306348,61.28557526747638,0.19176440550242346,,,,,0.2576862760480679,0.18536610812471835,0.3048614799998748,0.9950833333333332,0.021866666666666666,0.00016666666666666666,0.9954833333333333,0.15345499999999998,0.0,0.0,0.07973626373626373,3050.4966123010527,3663.506843575015,54.48686837782099,69.46125470444531,4.761904761904762e-05,0.31386772535810387,0.6547256944444445,3.536531472370478e-08,1.0,0.31639999999999996,0.07339999999999999,0.036190424017140184,0.010624675890328651,0.0,0.38292334987593896,0.0005735677735080532,0.0001424064055792857,0.0012672478180973956,0.0012672478180973956,0.0,0.0,0.0,0.3829233498634085,1.147135837483219,0.004896545932964429,0.08360710503531221,0.02194364244719595,0.8894103001789482,0.0001424064055792857,0.005794752082069559,0.08119036728488234,0.021253057301636794,0.8916522691183935,0.00010955421301791792,0.00398628332548205,0.08605628221863376,0.022643497192024357,0.8871382376966914,0.00017569956716832286,,,,,,0.27910965318196634,2.875,1.0,0.07760230567710807,0.2701079354926323,0.05
balanced_agentic,emergency_surge,Intent-PPO-CMDP-NoRisk,Intent-PPO-CMDP-NoRisk,14,1103526060,1905340783,1823775964,72924e27f6df7ecb428f,stochastic,150,300,150-step training / 300-step held-out evaluation,526521599,1,270.7660398000153,balanced_agentic,200,0.0,0.8069696129533878,0.7599280175402792,0.0,1.0,0.19303038704661232,0.24007198245972086,0.24866255347735344,38.60607740932247,0.19303038704661232,-0.07777192401369262,-0.10289930882076356,0.0002776974760468311,0.004160249325046654,0.005139011761600523,0.2777719240136926,0.30289930882076355,0.3085751707327983,0.8165086705073835,0.8857691726441768,0.3853333333333333,0.6515429641784364,0.3481793383455168,0.0,0.0,65.33981049229902,77.3314539007092,79.44839303482586,79.54213278520814,3.479974518077278,3.2443507893383154,3.220118170813106,0.042485426574103195,27948605.414454363,27037836.44827162,0.03578618850233183,2.4411284620539493,0.6454255380060268,0.5953133815710646,0.0,0.19333191767095986,0.20771787268042208,59.293184804191156,0.19927087374720737,,,,,0.248047772754545,0.19303038704661232,0.31677628353660997,0.9996166666666666,0.056100000000000004,0.0002,0.9955833333333334,0.15429583333333333,0.0,0.0,0.0748937728937729,3097.9873711776095,3685.659904869407,55.06175974336968,69.8194841255094,0.00023809523809523812,0.31780315242995116,0.6645340277777778,3.5793502659237083e-08,1.0,0.5359999999999999,0.08433333333333332,0.10069009265662392,0.024443209450396998,0.062400000000000004,0.43001342857647956,0.0007719480163639538,0.0001995229832104354,0.0013993784645579593,0.0013993784645579593,0.0,0.0,0.0,0.43001342859033653,1.2882051060896758,0.00015189648535847736,0.04558704725913655,0.058204033067013085,0.8958575002052815,0.0001995229832104354,0.00022529364340842525,0.03928425526391384,0.04950978195827662,0.9108112605778996,0.00016940855650142037,7.751413055618117e-05,0.05197444048919446,0.0670149855329138,0.8807030182169234,0.00023004163041218884,,,,,,0.29133327751521515,3.2,1.0,0.08438688558711754,0.28169743942541925,0.05
balanced_agentic,emergency_surge,Intent-PPO-CMDP,Intent-PPO-CMDP,14,1103526060,1905340783,1823775964,fd2a9bdca11bd34bca64,stochastic,150,300,150-step training / 300-step held-out evaluation,526521599,1,319.06714920001104,balanced_agentic,200,0.0,0.8622236990515201,0.8046833444746222,0.135,1.0,0.13777630094847995,0.19531665552537775,0.21777460921197847,27.55526018969599,0.13777630094847995,-0.009329218362541334,-0.038316227755269494,0.01927045054516009,0.027291579388353575,0.028594152015358854,0.20932921836254137,0.23831622775526945,0.24359547743982643,0.8840663695857228,0.9312182801159945,0.40745,0.5642635677780924,0.41646598167674753,0.0,6.666666666666667e-05,84.73959371581066,96.36862965838509,102.9185247378768,99.93991905068327,3.115120295930778,2.8600206067839284,2.8684171651266492,0.04224765626493362,31609622.971449375,30353187.86634202,0.03165034758959201,2.506460924650144,0.6207545968260909,0.5763441679919789,0.0,0.17306223866282103,0.18503099072047208,70.81202616160532,0.14063730537032088,,,,,0.6157644782214039,0.13777630094847995,0.2551474982287771,0.9860833333333333,0.08946666666666665,0.013250000000000001,0.9943666666666666,0.14822749999999998,0.6702666666666667,0.04631833333333333,0.1459340659340659,2830.2679614833455,3268.502322171705,78.7661024361301,87.23629956277375,0.014857142857142857,0.23750595020572782,0.735825,3.1655243173681686e-08,1.0,0.3451333333333333,0.20853333333333332,0.019492061373593498,0.014187571516614055,0.011733333333333332,0.4387926572269231,0.6723507301958161,0.21781580437220685,0.464713242125987,0.6605906365316108,0.20480648650645947,0.19587739440562374,0.20435000000000003,0.44925622704338947,1.345851378448981,0.0006016663882273846,0.4672606257421066,0.09073581425416727,0.4280182808778388,0.013383612737659952,0.0006791808773735947,0.4432506390388369,0.13110481918793082,0.4078012387026575,0.01716412219320129,0.0005231114361396146,0.4915928941460914,0.049824943482366636,0.4485066927466467,0.009552358188755647,,,,,,0.17820406580782985,5.99,1.0,0.05500850412418315,0.16251916519464918,0.05
balanced_agentic,emergency_surge,Intent-PPO-CMDP-FullPolicy-NoShield,Intent-PPO-CMDP,14,1103526060,1905340783,1823775964,fd2a9bdca11bd34bca64,stochastic,150,300,150-step training / 300-step held-out evaluation,526521599,1,319.06714920001104,balanced_agentic,200,0.0,0.0,0.0,0.0,1.0,1.684979901820049,2.1453102362041636,2.2321740822291773,336.9959803640098,1.684979901820049,-0.3711834211574701,-0.44947772806846914,0.4311834211574701,0.5094777280684691,0.5287709198522965,0.2233263864198404,0.2527077551649707,0.26309823828805456,0.89878650643432,0.9414882227836563,0.4385,0.3544510151664894,0.21436556367604054,0.0,0.0,61.574584007453694,73.61075799086758,77.6314007331661,76.93610211528335,2.0558372282797124,1.780286045925272,1.7495905117974833,0.0793533453963396,29590692.281696945,27858671.272441033,0.03380759983389616,1.2838840590666074,0.5478518285161136,0.47615827320633003,0.003651221570171429,0.11421317934887291,0.1283950984181517,-2.1726268945910356,5.091408246606827,,,,,0.7974710683084004,1.684979901820049,2.878601088238921,0.7032833333333334,0.07476666666666668,0.29473333333333335,0.9789,0.13778083333333332,0.0,0.0,0.19973626373626374,1913.7135739530434,2132.365349840227,51.400276956467714,65.80110446001005,0.2909047619047619,0.25578276203100414,0.5586298611111111,3.383383559855172e-08,1.0,0.3714666666666666,0.2538666666666667,0.02156749638739291,0.016659909172954346,0.0113,0.44870955683056496,0.6569031619453457,0.29545563117861,0.37630955371279506,0.37630955371279506,0.0,0.0,0.0,0.4487095567119219,1.3442137004940093,0.0018691399008024451,0.32396966896739793,0.07615798515222552,0.3025475748009641,0.29545563117861,0.003307569982907181,0.32447797547193175,0.11138031932506298,0.3026719405525425,0.2581621946675555,0.0004114020323607324,0.3234545395567629,0.04046286797035669,0.3024215397104384,0.3332496507300813,,,,,,2.464140833810856,66.645,1.0,1.0140768067833914,2.8167458803907652,0.2816745880390766
balanced_agentic,emergency_surge,MaxWeight,MaxWeight,15,1481178426,1997781942,1522624858,,stochastic,150,300,150-step training / 300-step held-out evaluation,397486879,0,1.1199968867003918e-05,balanced_agentic,200,0.0,0.931523098437087,0.8981310482766975,0.935,1.0,0.06847690156291301,0.10186895172330238,0.12638008674852455,13.695380312582602,0.06847690156291301,0.04418061761143676,0.009773173927284653,0.0,0.0,0.0,0.15146761292300195,0.19022682607271532,0.20340875280262458,0.8397605690135643,0.9093566618306814,0.3915666666666667,0.47195908640559603,0.5280409135944041,0.0,0.0,66.45215564361516,78.60122571692877,81.29919469229009,80.89153194435634,2.6320942379255996,2.2690438171561444,2.260462835724079,0.11460931190742088,20647145.801252246,18828490.35923786,0.04833060154528487,2.536027527775239,0.5441658039248662,0.49517259575903294,0.0009496052320469944,0.14622745766253328,0.18134822332645506,39.58045648163335,0.8379071114913218,,,,,0.225499610091653,0.06847690156291301,0.17405950033650203,1.0,0.8676333333333334,0.0,0.9615,0.10092499999999999,0.0,0.0,0.2546666666666667,2126.5150063098013,2904.329208795649,59.77458821714281,69.862890557522,0.0,0.1702310108074699,0.789345138888889,4.868901713618217e-08,1.0,0.6079333333333333,0.5209333333333334,,,,,,,,,,,,,,,,,,,,,,,,,,,,,,,,,,0.08887219948361622,14.115,1.0,0.03585257238871676,0.07948039579968132,0.05
balanced_agentic,emergency_surge,PPO,PPO,15,1481178426,1997781942,1596015111,461e22a59e6f436fac36,stochastic,150,300,150-step training / 300-step held-out evaluation,397486879,1,258.87767640000675,balanced_agentic,200,0.0,0.9317092351387589,0.8851618337678894,0.87,1.0,0.06829076486124117,0.11483816623211061,0.1249004122681342,13.658152972248233,0.06829076486124117,0.02880011628868474,0.002778157755245134,0.0004391506879363271,0.004879244380679101,0.005067141953739278,0.17092630791065616,0.19722184224475486,0.2060813216719696,0.8437970200922442,0.8952263027941152,0.38864999999999994,0.6350681294502124,0.3644927198618512,0.0,0.0,78.96807934941043,90.9222783143108,92.8661217948718,92.32716994786726,3.3911184754430668,3.135701399186647,3.1136677150449783,0.044436479518988645,32782102.721700743,31624511.164999984,0.03051511472769115,2.451493804986406,0.6286761676785321,0.5827985537803981,0.0,0.18839547085794814,0.20190868762559078,98.58737334334444,0.10399368646542835,,,,,0.48633171985570894,0.06829076486124117,0.23883253826287165,0.9994833333333333,0.05106666666666666,0.0003,0.9888000000000001,0.138415,0.0,0.0,0.1251941391941392,3160.6783821560593,3515.2016025976104,71.42891367850719,81.43240674988714,0.00028571428571428574,0.19994228421182134,0.7333729166666666,3.051822517900041e-08,1.0,0.4233333333333333,0.4109333333333333,0.022779141681369502,0.022206052033281683,0.0006166666666666667,0.2835840805050578,0.0009879331536932837,0.0002047428705009433,0.0007833178378502212,0.0007833178378502212,0.0,0.0,0.0,0.28358408050048894,0.8495419822214475,0.00020067744771937513,0.6609819909885342,0.05248862122616121,0.2861239674670843,0.0002047428705009433,0.00011064644074560861,0.7648149411455646,0.02965645132048066,0.205261417636302,0.00015654345690720273,0.0002919169245854069,0.5557553099569128,0.07562726321111264,0.36807192065129984,0.00025358925608923063,,,,,,0.06583592454401961,3.58,1.0,0.02338532499043615,0.061298207907316035,0.05
balanced_agentic,emergency_surge,PPO-Lagrangian,PPO-Lagrangian,15,1481178426,1997781942,1596015111,c54dc7a9b9a68be549b7,stochastic,150,300,150-step training / 300-step held-out evaluation,397486879,1,254.7300168000511,balanced_agentic,200,0.0,0.9224150027727316,0.8851021144799605,0.895,1.0,0.07758499722726847,0.11489788552003949,0.1359042933012692,15.516999445453695,0.07758499722726847,0.05550612412006294,0.03434182590233548,0.00017379229570001876,0.0,0.00017379229570001876,0.11405011168986291,0.1656581740976645,0.18550256037050245,0.8410408344649933,0.8936342798404583,0.38325,0.4840050388504967,0.5158211688538032,0.0,0.0,87.14578252828946,98.46584033613445,103.85668711118899,101.60026726903644,2.5052511838949116,2.165558912221417,2.1458310076130793,0.08828431995684381,35801278.2926096,33456743.270990815,0.027907940341606926,1.8278758320546236,0.6866932358232841,0.6137984101429753,0.0,0.1391806213274951,0.15850063025642902,67.88864012734915,0.24747054584223088,,,,,0.13435718755185694,0.07758499722726847,0.24257663017421927,0.9996166666666666,0.012666666666666666,0.00011666666666666667,0.9731833333333333,0.12802499999999997,0.0,0.0,0.05165567765567766,2156.7091245684205,2692.9276773784077,83.3787946042314,87.99961923923847,0.00014285714285714287,0.14677925071900927,0.7086222222222222,2.797362074734318e-08,1.0,0.08913333333333336,0.061000000000000006,0.009811447466796033,0.008353159785785986,0.0,0.10267472791915982,0.0005403259005369755,0.0001868630257434725,0.00035352822029365146,0.00035352822029365146,0.0,0.0,0.0,0.10267472792330197,0.3075859961182108,0.0002763890717323147,0.9522907526358888,0.012607353269251836,0.034638641997383576,0.0001868630257434725,0.0001988448025594814,0.9631366125316467,0.009120234584874813,0.02740296456129122,0.00014134351962793816,0.000354974203578609,0.9412993107281074,0.01614127891583526,0.04197144262053757,0.00023299353194109447,,,,,,0.0712216958213851,1.015,1.0,0.053955782108925855,0.0670712364678131,0.05
balanced_agentic,emergency_surge,PPO_CMDP,PPO_CMDP,15,1481178426,1997781942,1596015111,fc83225982e20e56ecdd,stochastic,150,300,150-step training / 300-step held-out evaluation,397486879,1,273.55554740002844,balanced_agentic,200,0.0,0.9301314725400366,0.8947917610808567,0.935,1.0,0.06986852745996336,0.10520823891914328,0.12504792920271637,13.973705491992671,0.06986852745996336,0.04550572069113276,0.011891499719153719,0.0003874558696965436,0.004568314289922774,0.005522428921171307,0.15000509894392133,0.18810850028084627,0.19692271159406585,0.8476024966368462,0.8976170407818678,0.38875,0.5863716887592575,0.41324085537104593,0.0,0.0,88.46950013372948,100.37485632183905,104.09894819819819,103.41494225583952,3.0997830246609874,2.7881227231498706,2.751475165796298,0.06331346829785402,34263002.63575528,32623079.670124218,0.029186248473585166,2.401178241171267,0.6417909482956725,0.5929759263241648,0.0,0.17221016803672154,0.18892720116700717,87.73009460380875,0.1434587770099349,,,,,0.33461142330244187,0.06986852745996336,0.23963848805025015,0.99965,0.01165,0.0002666666666666666,0.9714333333333333,0.13141083333333334,0.0,0.0,0.09365567765567764,2779.7962598009435,3272.083590354859,83.4520862058016,88.36710295247512,0.00023809523809523812,0.1760035360933138,0.724225,2.920492234758625e-08,1.0,0.5392666666666667,0.48979999999999996,0.014526180558990798,0.011288322470333867,0.00043333333333333337,0.235063161503924,0.0007455338544083573,0.000225858879504496,0.0005197765498162738,0.0005197765498162738,0.0,0.0,0.0,0.2350631615054815,0.704186299245605,0.00011393730096369525,0.8027967005389552,0.011425183234217642,0.18543832004635888,0.000225858879504496,7.925050765137303e-05,0.9246278171572817,0.00653777565751555,0.06854529272191344,0.00020986395563793607,0.00014908968881712244,0.6793302669190407,0.016378193597184194,0.3039003812946223,0.00024206850033570767,,,,,,0.058600087902297544,1.77,1.0,0.046912961943881705,0.04980371606805784,0.05
balanced_agentic,emergency_surge,Intent-PPO-CMDP-NoRisk,Intent-PPO-CMDP-NoRisk,15,1481178426,1997781942,1596015111,8c806f3e428ad93e5ba2,stochastic,150,300,150-step training / 300-step held-out evaluation,397486879,1,275.68097020004643,balanced_agentic,200,0.0,0.916316060680679,0.8783907165185092,0.845,1.0,0.08368393931932117,0.12160928348149076,0.14095155705743911,16.736787863864233,0.08368393931932117,0.05230866537232772,0.02472775837271422,0.0,0.0,0.0,0.12695349686168172,0.17527224162728575,0.186070228356669,0.8481543096206701,0.9010509487440304,0.39166666666666666,0.4546191167322946,0.5453808832677054,0.0,0.0,88.37413737595027,100.46268939393939,104.3047236842105,103.49988545121998,2.382800868063575,2.1245990180410206,2.1030685407142986,0.0756552544223708,35397523.13081236,32853759.462705664,0.028239804158102785,1.784004200465237,0.6823240916267724,0.5959946170196896,0.0,0.13237782600353196,0.15181337904894204,56.42737137075457,0.25536566564365526,,,,,0.09278376420715308,0.08368393931932117,0.24149465805826126,0.9999333333333333,0.004699999999999999,0.0,0.9685333333333332,0.12315666666666665,0.0,0.0,0.0418095238095238,2028.3539078754452,2573.6569235494917,86.47745965601693,88.3959644602038,0.0,0.16547237856157282,0.7307777777777779,2.830484366690589e-08,1.0,0.062200000000000005,0.04620000000000001,0.006290004249541265,0.005428068122538838,0.0,0.06904348926594851,0.00018835767138042491,6.208488348042368e-05,0.00012627781563168708,0.00012627781563168708,0.0,0.0,0.0,0.06904348926186513,0.20683580906054774,7.987372618730618e-05,0.9686628283794485,0.004564342461204627,0.026630870549679143,6.208488348042368e-05,7.338103720427022e-05,0.9768148009929248,0.0037341561553597626,0.01930988190936484,6.77799051463056e-05,8.645356535803387e-05,0.9604014333147844,0.005405672207396402,0.034050127493890275,5.631341857070443e-05,,,,,,0.08022893283833021,1.97,1.0,0.06000661821036236,0.07973694008858392,0.05
balanced_agentic,emergency_surge,Intent-PPO-CMDP,Intent-PPO-CMDP,15,1481178426,1997781942,1596015111,618554fca77aa7604c32,stochastic,150,300,150-step training / 300-step held-out evaluation,397486879,1,332.33217309997417,balanced_agentic,200,0.0,0.9240471734139907,0.8858789282388219,0.88,1.0,0.07595282658600938,0.11412107176117817,0.12320934346516506,15.190565317201877,0.07595282658600938,0.05536347353659034,0.045359465737514516,0.0033297569315455166,0.01020408163265306,0.012800615269803205,0.10858400565281076,0.1497005988023952,0.16573590509486796,0.8468547015714666,0.8981031870229159,0.39065,0.5067442795023241,0.48992596356613033,0.0,0.0,89.76063134520817,102.4796690203001,109.2055680644495,105.62836038858799,2.6711936197944444,2.3143207107249912,2.306376850155053,0.07736905944139885,36087591.28985381,34257674.70024075,0.027696434833980245,1.992215850203906,0.6883651784698296,0.6328497292166906,0.0,0.1483996455441358,0.1652684229794001,75.50835191269628,0.18658861285419065,,,,,0.19422717568920972,0.07595282658600938,0.2466644030757101,0.9976333333333334,0.017266666666666666,0.0022666666666666664,0.9758166666666667,0.13081833333333337,0.7753500000000001,0.06489916666666667,0.065985347985348,2300.8394499267374,2870.6150958770572,86.07787259055071,90.4435392737847,0.0023333333333333335,0.1370692788908035,0.7203875000000001,2.7735426524392827e-08,1.0,0.13613333333333333,0.10393333333333332,0.02509462055668835,0.02263870964150267,0.0,0.17463691808211196,0.0721135783593517,0.025802815554110695,0.04676348390642993,0.07020980970368083,0.02387254377243266,0.023446325797250905,0.02283333333333333,0.1439947011123862,0.43136957334313597,9.558857882082636e-05,0.9269822262925059,0.016766635164487034,0.054209637985240915,0.0019459119789451674,7.363161045904861e-05,0.9480565801862181,0.011563161907870698,0.03848278066985874,0.0018238456255933843,0.00011784027159014478,0.9056249951653215,0.022039953699715672,0.07014759405653426,0.0020696168068385845,,,,,,0.06421410668865211,0.2,1.0,0.049919587528709536,0.059400722041545374,0.05
balanced_agentic,emergency_surge,Intent-PPO-CMDP-FullPolicy-NoShield,Intent-PPO-CMDP,15,1481178426,1997781942,1596015111,618554fca77aa7604c32,stochastic,150,300,150-step training / 300-step held-out evaluation,397486879,1,332.33217309997417,balanced_agentic,200,0.0,0.8985862595639901,0.8242093677756529,0.64,1.0,0.10141374043600998,0.17579063222434702,0.21323195479219592,20.282748087201995,0.10141374043600998,0.020422617382217623,-0.005814917127071821,0.03904498072980439,0.06543900639449089,0.07291042423779703,0.1130788756620443,0.1606052304770253,0.1837796720968709,0.847454413196648,0.8950725713154156,0.39223333333333327,0.4788414421377598,0.48211357713243586,0.0,0.0,87.25602178177478,98.48005279034689,105.86022270114943,102.7763250841455,2.5638307684334602,2.233504261931686,2.207909690040054,0.07587735446622006,35951246.32772192,33797429.81993312,0.02780631223444206,1.8661623083208776,0.6855983551799478,0.6187834390213925,0.0,0.14243504269074778,0.15988730066423829,67.03834309408992,0.2075999115268652,,,,,0.2526059481591357,0.10141374043600998,0.25329054475011403,0.9730833333333332,0.01605,0.02683333333333333,0.9753999999999999,0.13063916666666664,0.0,0.0,0.08052747252747253,2211.0730165816935,2753.7772501997965,83.05036838683613,88.19400549714963,0.026666666666666665,0.14496434162710123,0.7101326388888887,2.7843658214771138e-08,1.0,0.16706666666666664,0.12486666666666664,0.025146500240819113,0.022682063837896206,0.0,0.17496626377589547,0.07212863238656536,0.025958894308388335,0.04662478513346549,0.04662478513346549,0.0,0.0,0.0,0.17496626378326433,0.5241520831986857,9.368905255036753e-05,0.9048056835175714,0.016358337589761695,0.052783395531728214,0.025958894308388335,7.316339394279258e-05,0.9311818359535897,0.011387611725511438,0.0378162447543866,0.01954114417256947,0.00011449022335401733,0.8780754887669758,0.021395784606552223,0.06795144766178582,0.03246278874133229,,,,,,0.11147741119893358,25.11,1.0,0.059460713939686105,0.13140416799261864,0.05
balanced_agentic,mixed_stress,MaxWeight,MaxWeight,11,471540437,1073362871,1422107241,,stochastic,150,300,150-step training / 300-step held-out evaluation,982698968,0,1.4199991710484028e-05,balanced_agentic,200,0.0,0.8588546660926162,0.8141270954911752,0.05,1.0,0.14114533390738393,0.18587290450882468,0.20303037127488613,28.22906678147679,0.14114533390738393,0.028132256691585714,-0.008834330342306409,0.0,0.0,0.0,0.17118712739784597,0.20883433034230642,0.21909909991483295,0.9020395316323777,0.9340417228903171,0.42394999999999994,0.3068235971262879,0.6931764028737122,0.0,0.0,88.63071118198182,102.17298773690078,103.46750856164381,104.56325055054234,1.7778245039150717,1.6094972681642816,1.6050164525673793,0.05768391581570113,18773743.495176326,17656271.91153169,0.05328010228594087,2.5186013197718418,0.4950753372978604,0.4453532762349711,0.014999331671234494,0.09876802799528177,0.1090986856563403,14.869955200780884,0.7999320872162734,,,,,0.12544193283005656,0.14114533390738393,0.23611836526272126,1.0,0.9483,0.0,0.9616,0.09462416666666666,0.0,0.0,0.15263003663003663,1152.235593372482,2114.6800711303117,94.40124056449656,87.13340860830104,0.0,0.29016694576562463,0.8559020833333334,5.333418244295264e-08,1.0,0.40373333333333333,0.20560000000000003,,,,,,,,,,,,,,,,,,,,,,,,,,,,,,,,,,0.19147445700861,8.36,1.0,0.10782604064632889,0.1851560502775255,0.05
balanced_agentic,mixed_stress,PPO,PPO,11,471540437,1073362871,1897045420,b9c1e1a3273f0ff06c77,stochastic,150,300,150-step training / 300-step held-out evaluation,982698968,1,259.96485530002974,balanced_agentic,200,0.0,0.8693905465606635,0.8104905826172474,0.195,1.0,0.13060945343933647,0.1895094173827525,0.20742536311310045,26.121890687867296,0.13060945343933647,0.015215078006107068,-0.018628683144812173,7.549910289636317e-05,0.0,7.549910289636317e-05,0.18427854013764422,0.21862868314481218,0.2268442698889342,0.8746950775806489,0.9268026096273969,0.41359999999999997,0.4590724347218454,0.5408520661752582,0.0,0.0,103.96535159910984,117.3806838768116,122.77402061855668,120.42296844850075,2.474202139353492,2.240591264207884,2.213381402828074,0.06126416902092448,33138842.012747087,31685355.27221305,0.030191775476398057,2.3298808543691916,0.6705475859892815,0.6036435950983439,0.0,0.13745567440852732,0.14904495783148414,76.43795405645831,0.14434244850536312,,,,,0.3398168078076385,0.13060945343933647,0.27683666784385946,0.9999333333333333,0.0033166666666666665,5e-05,0.9847499999999999,0.14712916666666664,0.0,0.0,0.08595604395604395,1905.87632257157,2780.2237330052967,104.321593238069,102.13565341216909,0.0,0.28019698285544803,0.7886687499999999,3.019299331037141e-08,1.0,0.45,0.4466666666666667,0.009695824021271858,0.008949993010187179,0.0002333333333333333,0.18184949930755123,6.441811612371934e-05,2.154203215516337e-05,4.2876736861323797e-05,4.2876736861323797e-05,0.0,0.0,0.0,0.18184949929752092,0.5447724139752173,3.095698465010667e-05,0.7731480335913687,0.0035802854401248974,0.22321918195170098,2.154203215516337e-05,4.4634287407690434e-05,0.882496692822867,0.005517718677222,0.1119076067284139,3.3347484089357546e-05,1.709609393604527e-05,0.6623316071218639,0.0016168463877647464,0.33602487227865635,9.57811777889946e-06,,,,,,0.14924135696312038,9.17,1.0,0.08244886261319564,0.13851085525095658,0.05
balanced_agentic,mixed_stress,PPO-Lagrangian,PPO-Lagrangian,11,471540437,1073362871,1897045420,97597eec01eed730a745,stochastic,150,300,150-step training / 300-step held-out evaluation,982698968,1,273.0232358999783,balanced_agentic,200,0.0,0.8815551053749477,0.8306531345605712,0.21,1.0,0.11844489462505223,0.16934686543942884,0.1934075004332547,23.688978925010446,0.11844489462505223,0.05362455353962472,0.02579902376910018,2.304147465437788e-05,0.0,2.304147465437788e-05,0.12336218299778698,0.17420097623089983,0.19008854458690433,0.878831227990254,0.9324540286051055,0.4126666666666667,0.3661080755086276,0.6338688830167181,0.0,0.0,100.06873196313902,114.93432601880876,125.07138513513512,121.9764148770773,1.9634942234608106,1.7757258781903493,1.7553533354381918,0.06248921879641581,34228524.76845121,32175446.88473083,0.029215526232397263,1.7221183425406226,0.6625597661811312,0.5875642131651505,0.0,0.10908301241448948,0.12038011855482011,57.7270393370873,0.21777199315804022,,,,,0.07740415057759287,0.11844489462505223,0.2551387008030667,0.9999666666666667,0.015666666666666666,1.6666666666666667e-05,0.9883666666666667,0.14093666666666665,0.0,0.0,0.035992673992674,1603.354782851197,2157.415460712143,105.26382234369493,97.58221807675665,0.0,0.17936696133180743,0.7902520833333333,2.9251251499934796e-08,1.0,0.047400000000000005,0.04059999999999999,0.002800931641423024,0.0024800437245320207,0.0,0.04853612388986949,2.0385267823790345e-05,1.035542169835626e-05,1.0030036378142202e-05,1.0030036378142202e-05,0.0,0.0,0.0,0.04853612389350456,0.14540123278098657,6.258293371630899e-06,0.974971970516118,0.016576055596845517,0.008435360171966621,1.035542169835626e-05,1.2044636590301393e-05,0.9696455730782384,0.015783587210921133,0.014538878568818572,1.9916505431571982e-05,3.9428111646818447e-07,0.9803698632216199,0.017379161142312513,0.0022499153536804147,6.660012707349561e-07,,,,,,0.11798702466412045,2.285,1.0,0.10109166412535026,0.12270569940672962,0.05
balanced_agentic,mixed_stress,PPO_CMDP,PPO_CMDP,11,471540437,1073362871,1897045420,3e02143445d692cb208a,stochastic,150,300,150-step training / 300-step held-out evaluation,982698968,1,273.6423236000119,balanced_agentic,200,0.0,0.7946241829856778,0.7293146567217224,0.0,1.0,0.20537581701432217,0.2706853432782776,0.29418229542800917,41.07516340286443,0.20537581701432217,-0.06526980766156773,-0.09432739554480137,0.0001634170367950154,0.0,0.0001634170367950154,0.26526980766156777,0.29432739554480136,0.3014531920340027,0.8748008930088633,0.915415196066107,0.4130666666666667,0.5212999188467978,0.4785366641164071,0.0,0.0,98.60953065910353,110.5361607142857,115.81767857142854,114.8208901086181,2.8275234602373063,2.5838656443020462,2.58128066654767,0.051114976948581047,30260030.028344106,28922926.05922312,0.033058516514087054,2.7652202229845337,0.6364444219388921,0.588704564193667,0.0,0.15708463667985037,0.17150442311798705,70.53057277840702,0.16611162178181502,,,,,0.44828104187079904,0.20537581701432217,0.3754076994091444,0.9994999999999998,0.005433333333333334,0.00011666666666666667,0.9936166666666666,0.15453749999999997,0.0,0.0,0.20041758241758237,2101.9734334722343,3218.2042438800377,96.39967483355687,97.25576602726608,4.761904761904762e-05,0.39522728969561755,0.7949916666666667,3.3067102673871825e-08,1.0,0.9509333333333333,0.8578666666666667,0.0223195128507512,0.020930371933641476,0.016316666666666667,0.23677565539322082,0.00039843599567456687,0.00011943246302997794,0.00027903199898986414,0.00027903199898986414,0.0,0.0,0.0,0.23677565539332207,0.709316472453673,0.000399660380736265,0.4806876986498247,0.004969286153777706,0.5138239223526314,0.00011943246302997794,0.0006697587424905073,0.6909502685147728,0.005716890125952978,0.30247613995098666,0.00018694266579711888,0.00012593653761619377,0.2676028124108504,0.0042116472289557855,0.728008587739533,5.1016083044486144e-05,,,,,,0.31429099059283344,11.265,1.0,0.0753582185699518,0.29596067902592094,0.05
balanced_agentic,mixed_stress,Intent-PPO-CMDP-NoRisk,Intent-PPO-CMDP-NoRisk,11,471540437,1073362871,1897045420,7d2ee40999bb1a6afe16,stochastic,150,300,150-step training / 300-step held-out evaluation,982698968,1,275.69379829999525,balanced_agentic,200,0.0,0.8858496994372964,0.8516858731200483,0.235,1.0,0.11415030056270357,0.1483141268799516,0.17078727535810828,22.830060112540714,0.11415030056270357,0.05523058755462358,0.031141334235796788,2.5906735751295337e-05,0.0,2.5906735751295337e-05,0.11733266808058358,0.16885866576420322,0.17891252495254112,0.8775377331400885,0.9239939553734627,0.4112833333333333,0.37477393239826,0.6252001608659886,0.0,0.0,99.40090848443,113.36697274031563,119.60232909653038,117.15765789695561,1.9980504059666089,1.7909827802164622,1.7721108386317206,0.0680533409777597,34389228.088650554,32541559.367166564,0.0290730090028421,1.7322398744622263,0.6797129364362839,0.6034264870768634,0.0,0.11100280033147827,0.12305654467117477,61.973438351915505,0.20398639003306446,,,,,0.11506046994792465,0.11415030056270357,0.23884557780845328,0.9999166666666668,0.023433333333333334,1.6666666666666667e-05,0.9890333333333333,0.144095,0.0,0.0,0.04728205128205128,1637.3339382621998,2192.282350115139,104.91097448027324,96.73189693388565,4.761904761904762e-05,0.1677681854933301,0.7812666666666667,2.910915744614237e-08,1.0,0.12626666666666667,0.06686666666666667,0.005055574862757031,0.0026894373988923057,0.0,0.10401021928215635,0.00016576024557683929,6.528303274000621e-05,0.0001004857301370226,0.0001004857301370226,0.0,0.0,0.0,0.104010219287231,0.31158677069818563,6.654201800703633e-05,0.9611091598970485,0.0235348831409801,0.015224131911224405,6.528303274000621e-05,0.00011113091322801865,0.9463513225230207,0.031083218838238745,0.022336890146557264,0.00011743757895536784,2.135461412536969e-05,0.9760650890479089,0.015885227501476366,0.008015900410987748,1.242842550161959e-05,,,,,,0.11297194224791181,2.285,1.0,0.09709017831980493,0.117174900794763,0.05
balanced_agentic,mixed_stress,Intent-PPO-CMDP,Intent-PPO-CMDP,11,471540437,1073362871,1897045420,b12c9f3440d9c22ff923,stochastic,150,300,150-step training / 300-step held-out evaluation,982698968,1,319.3185737999738,balanced_agentic,200,0.0,0.8899513970895668,0.8483430308966764,0.38,1.0,0.11004860291043307,0.15165696910332357,0.17432669312702886,22.009720582086615,0.11004860291043307,0.04087673438565242,0.02790628655225992,0.0166323521487217,0.027529277470088362,0.02878127543345137,0.13222874238601118,0.17209371344774008,0.1826051332863483,0.8811607942851054,0.9262271383765042,0.41236666666666666,0.3991230673367319,0.5842445805145463,0.0,1.6666666666666667e-05,97.8672830340182,109.71096385542167,119.49635917721518,115.3542932843005,2.1314698414370437,1.900274086537185,1.8921173074156532,0.06591692850245186,33942111.68224138,32372985.66993362,0.029464555282014807,1.8439021431057736,0.6849675301277947,0.6087754325909859,0.0,0.11841499119094685,0.1301183410868102,72.85904834114018,0.14873375092782976,,,,,0.2944836006634096,0.11004860291043307,0.20812749227613334,0.9880833333333334,0.03808333333333334,0.011783333333333333,0.9932166666666667,0.15305,0.6348666666666667,0.04444333333333333,0.0939120879120879,1680.7033655261598,2374.190251542905,99.80863521999183,96.78305731654228,0.009285714285714286,0.20106495771394128,0.7467083333333333,2.9481824303955526e-08,1.0,0.2238,0.12946666666666665,0.007240525981552592,0.005923347881379187,0.0005833333333333334,0.24661358246392048,0.38895206580213193,0.10976655818683413,0.2835167195561184,0.37778584076272315,0.09817135044383857,0.09426912120660474,0.09871666666666666,0.20635904207228617,0.6181964422756334,9.097944765914624e-05,0.8782863154451697,0.03817712304888714,0.07169194985345781,0.011753632204826208,0.00015213959881821884,0.8527157493115226,0.04076188798620886,0.09062615214894404,0.015744070954506285,2.899835487377735e-05,0.9042001106544362,0.03555766328019198,0.05250359719158923,0.007709630518908808,,,,,,0.11645609228768777,2.49,1.0,0.08959282784774886,0.10930115979964596,0.05
balanced_agentic,mixed_stress,Intent-PPO-CMDP-FullPolicy-NoShield,Intent-PPO-CMDP,11,471540437,1073362871,1897045420,b12c9f3440d9c22ff923,stochastic,150,300,150-step training / 300-step held-out evaluation,982698968,1,319.3185737999738,balanced_agentic,200,0.0,0.30293205359453634,0.0,0.0,1.0,0.7032569393032824,1.0344040887720953,1.1166343003780548,140.65138786065648,0.7032569393032824,-0.0766388760331933,-0.13687146674889505,0.1366388760331933,0.19687146674889505,0.2095498927877511,0.15715150919385257,0.20875988832014883,0.22411573912511415,0.8910945213946865,0.934892190530111,0.43181666666666674,0.33054964197853026,0.5328114819882764,0.0,0.0,89.828980288772,103.07565004262575,109.79551948051946,107.70929547969797,1.8367843749032124,1.5934838286987667,1.5867037856335942,0.08193468650723368,32968002.002704002,30965779.62494353,0.03033429389084594,1.5015153999908328,0.670236851251363,0.5810267317877047,0.0,0.1020435763835118,0.11603143501487131,48.65295109227782,0.24492807108416897,,,,,0.4295192411994214,0.7032569393032824,1.0116713228667202,0.9025166666666666,0.03431666666666667,0.09733333333333334,0.9896333333333334,0.15525833333333336,0.0,0.0,0.17015384615384616,1482.9790543342774,2027.294932132641,84.76885708146976,91.37725106765305,0.05985714285714286,0.2454669544371031,0.6689361111111112,3.036562244638616e-08,1.0,0.2932,0.20886666666666667,0.007500351771993468,0.00607005570510277,0.0009666666666666668,0.2469263912165178,0.38749608566418947,0.09717808830962887,0.2946900812271987,0.2946900812271987,0.0,0.0,0.0,0.24692639121069482,0.739725359342097,0.00010496125420775038,0.8031276748374566,0.03490048088251461,0.06468879471619209,0.09717808830962887,0.000179585220421765,0.7602726360282653,0.036575311009615585,0.07943049765783945,0.12354197008385782,2.933562401770874e-05,0.8465579490669054,0.03320316981411027,0.04974921656727428,0.07046032892769218,,,,,,0.849019492392137,32.785,1.0,0.49280498271106343,0.8504370090901078,0.08533267938545581
balanced_agentic,mixed_stress,MaxWeight,MaxWeight,12,1729653623,2128646545,1775211512,,stochastic,150,300,150-step training / 300-step held-out evaluation,270404651,0,1.179997343569994e-05,balanced_agentic,200,0.0,0.8767489684134816,0.8247569774729763,0.16,1.0,0.12325103158651839,0.17524302252702373,0.18707144334384201,24.650206317303677,0.12325103158651839,0.0347937221840985,-0.004773785761809689,0.0,0.0,0.0,0.16340536392698327,0.20477378576180966,0.21746099394004306,0.8943160559416813,0.9411228458097538,0.4147666666666667,0.3184518630240049,0.681548136975995,0.0,0.0,86.65144269927745,97.55168173218415,102.90933930093772,101.49366526014495,1.9415062892105777,1.7598324641822034,1.7478331720489213,0.05853408651605439,15376956.409632495,14419045.53538927,0.06504828521261871,3.2830062278987726,0.5106282252485796,0.4570789718317762,0.006920475167669039,0.10786146051169876,0.11808835372804989,27.812130073145426,0.46673182552851095,,,,,0.13211760594978808,0.12325103158651839,0.21588973767159175,1.0,0.9441166666666666,0.0,0.96875,0.09977333333333334,0.0,0.0,0.15835164835164833,1236.7185831285133,2321.0073617163052,90.96702951243373,85.6528318068958,0.0,0.28278684851836766,0.8491361111111111,6.51253485517499e-08,1.0,0.4372666666666667,0.22219999999999998,,,,,,,,,,,,,,,,,,,,,,,,,,,,,,,,,,0.1676999905308402,7.355,1.0,0.08983790991791929,0.1625909900372479,0.05
balanced_agentic,mixed_stress,PPO,PPO,12,1729653623,2128646545,1621075116,2fb07c1ee95b181950c4,stochastic,150,300,150-step training / 300-step held-out evaluation,270404651,1,284.739809300052,balanced_agentic,200,0.0,0.8843530670409976,0.8126553061241337,0.43,1.0,0.11564693295900229,0.18734469387586622,0.224194591447757,23.129386591800458,0.11564693295900229,0.03861039035206053,0.0009693877551020535,0.0002954945841072977,0.004175553573506022,0.005494953922809855,0.15763337938595445,0.19903061224489793,0.2147670320103492,0.8690855479345428,0.9115296493281064,0.40175,0.42211127360134915,0.5775932318145435,0.0,0.0,96.18269435906663,112.08211859979102,115.86760869565211,116.37643529752566,2.3507287317469796,2.106575168500385,2.099082094578749,0.06097174792464829,28200600.67393441,26788638.811589163,0.03547178379977467,2.4060449563211805,0.6976561746887975,0.6260179728039446,0.0,0.13059604065261,0.14479431795447426,78.87845907984514,0.1539430328846876,,,,,0.32458689807579866,0.11564693295900229,0.2301996226513736,0.9991499999999999,0.020499999999999997,0.0002,0.9938666666666667,0.15452166666666667,0.0,0.0,0.12013186813186813,1851.1511314112272,2619.7320550046916,99.28060826134259,94.69761564853681,0.00019047619047619048,0.22390408885887644,0.7704840277777777,3.549362667942654e-08,1.0,0.2561333333333333,0.235,0.02421418463568976,0.02290708960300771,0.0,0.19350039686818807,0.0005974293008401602,0.00015611244769557904,0.0004413601691311182,0.0004413601691311182,0.0,0.0,0.0,0.19350039685282236,0.5796753837975049,0.0006945319709403084,0.830235869642953,0.019847906440758515,0.14906557949765262,0.00015611244769557904,0.001020944812018124,0.77333317547576,0.02837086013410988,0.19705799071674654,0.0002170288613654682,0.00036373774944534074,0.8879023583627259,0.011210550684409152,0.10042897483937618,9.437836404354373e-05,,,,,,0.13370627501090515,9.69,1.0,0.07237418655387642,0.11121984450742364,0.05
balanced_agentic,mixed_stress,PPO-Lagrangian,PPO-Lagrangian,12,1729653623,2128646545,1621075116,5ff4062933b4dfa3978e,stochastic,150,300,150-step training / 300-step held-out evaluation,270404651,1,266.70855040004244,balanced_agentic,200,0.0,0.8869971999828559,0.8487252983761562,0.285,1.0,0.11300280001714408,0.15127470162384385,0.16007652200885403,22.600560003428814,0.11300280001714408,0.05797284690222005,0.049623753009975936,0.0005192999231213535,0.004830917874396135,0.005766660290916866,0.10665678210417427,0.15037624699002405,0.16249277867272968,0.8764103718895351,0.9213122415576536,0.40364999999999995,0.36936726042038825,0.6301134396564904,0.0,0.0,107.80057473147113,125.35624797143784,131.70518518518517,128.8830889426659,2.0882712625517117,1.8407256962621075,1.8423116706222598,0.07246778566120689,28156515.87742473,26573468.510538734,0.035548711848323464,2.4007841277199087,0.6879493338076932,0.6085518414917346,0.0,0.11601507014176175,0.131210010058731,65.03999585864152,0.20971519047959195,,,,,0.1885329459466199,0.11300280001714408,0.21296184773808363,0.9993333333333334,0.07341666666666667,0.00036666666666666667,0.9733833333333334,0.1334675,0.0,0.0,0.06158241758241759,1621.3765971237915,2339.676082397514,113.19800126931779,105.30932474608665,0.0003333333333333334,0.1764344150203879,0.8077493055555556,3.556199958876229e-08,1.0,0.2518666666666666,0.2382,0.006325928586175612,0.005889421185149316,0.0,0.11319561358885637,0.0010442141404320476,0.0002992098611601203,0.0007451179924495996,0.0007451179924495996,0.0,0.0,0.0,0.11319561358592566,0.33910375284410404,0.0003814456846621522,0.9194733348085378,0.07276044881621362,0.007085560829426329,0.0002992098611601203,0.00024222192852163947,0.9790348279539154,0.017855988953319885,0.002647949367293997,0.000219011796949197,0.0005225382160528733,0.8591123585336922,0.12840188129471666,0.011582737546083927,0.0003804844094544117,,,,,,0.11483263797182942,0.585,1.0,0.10255495711208615,0.11362781807304204,0.05
balanced_agentic,mixed_stress,PPO_CMDP,PPO_CMDP,12,1729653623,2128646545,1621075116,c2c338dd9800f45e9834,stochastic,150,300,150-step training / 300-step held-out evaluation,270404651,1,270.83158040000126,balanced_agentic,200,0.0,0.7958894585830995,0.7250348899595874,0.0,1.0,0.20411054141690055,0.2749651100404125,0.2980262110329474,40.82210828338011,0.20411054141690055,-0.061929758091835846,-0.09142798438463116,0.0,0.0,0.0,0.2619297580918359,0.2914279843846312,0.3007972097734751,0.8749604534672183,0.9162156158070957,0.4028666666666666,0.5185217060677408,0.4814782939322592,0.0,0.0,95.68219896101331,109.24532032032032,114.5659659090909,113.97838309547606,2.9480047893122503,2.7406480004279254,2.704126591262703,0.044781905553379346,24810251.3248796,23785812.02516356,0.04032147958371745,3.412063045779109,0.6391696429531079,0.5890445814754055,0.0,0.1637780438506806,0.17499833747023372,78.30006419529245,0.14999325535688193,,,,,0.4305179899908188,0.20411054141690055,0.3629202779205717,0.9999666666666667,0.0005666666666666667,0.0,0.9939333333333334,0.15539833333333333,0.0,0.0,0.11042490842490843,2194.384402006782,3353.800382476733,94.04960704876318,94.49550219356735,0.0,0.3835406342766756,0.7957319444444445,4.033024072643633e-08,1.0,0.5246666666666667,0.5075999999999999,0.039406463254856486,0.038575122989956856,0.058016666666666675,0.24107934241319115,4.173107796491214e-05,1.0863292386979182e-05,3.08680639224298e-05,3.08680639224298e-05,0.0,0.0,0.0,0.24107934241796186,0.722209166568662,3.316792040548322e-05,0.4667847292076209,0.0005049030056211882,0.5326663365739654,1.0863292386979182e-05,4.596109224406477e-05,0.5935525627503148,0.0005144871465075997,0.40587008864097995,1.6900369953592935e-05,2.0203028139538164e-05,0.33831531400663595,0.0004951902185483821,0.6611645475664539,4.745180222155847e-06,,,,,,0.31134094855325145,7.3,1.0,0.0804455404565395,0.289137576845679,0.05
balanced_agentic,mixed_stress,Intent-PPO-CMDP-NoRisk,Intent-PPO-CMDP-NoRisk,12,1729653623,2128646545,1621075116,53b75815fc19ab3c700d,stochastic,150,300,150-step training / 300-step held-out evaluation,270404651,1,267.30905749998055,balanced_agentic,200,0.0,0.8756027202584908,0.8006302323149573,0.285,1.0,0.12439727974150916,0.1993697676850426,0.23717092382097965,24.879455948301832,0.12439727974150916,0.028238634846826288,-0.007002906976744164,7.073556192828585e-05,0.0,7.073556192828585e-05,0.17070822338457783,0.20700290697674417,0.21720292802419183,0.8716061714905934,0.9221401747793733,0.40365,0.4226226986152246,0.5773065658228471,0.0,0.0,100.84152495616746,117.50035173160173,123.16913821138209,121.48222462715401,2.37011122900237,2.130239011020716,2.1128712549501634,0.06273772975762525,27905305.118608836,26555725.732304294,0.03584654468488838,2.5702578056926435,0.693146978238039,0.6176776652756438,0.0,0.13167284605568721,0.14555004904993274,75.88461807052536,0.1521128176714961,,,,,0.3349865037340319,0.12439727974150916,0.22785564313839074,0.9999166666666668,0.019233333333333335,5e-05,0.99225,0.15583166666666665,0.0,0.0,0.08575091575091577,1834.7822519250813,2658.365293582448,102.93593336447508,98.73243542193529,0.0,0.25637987180433014,0.7790326388888889,3.5863844051828324e-08,1.0,0.13773333333333335,0.07640000000000001,0.007869896612674987,0.003858666555107556,0.0,0.26496383400481605,0.00014914408420236105,3.726232844390068e-05,0.00011188607978203268,0.00011188607978203268,0.0,0.0,0.0,0.2649638340003331,0.7937607088394,2.8677339719540256e-05,0.8163711101168846,0.019465152695886407,0.16409779751906545,3.726232844390068e-05,4.487653999926501e-05,0.8182268858370623,0.023741282061662847,0.1579299985800001,5.69569812755151e-05,1.2260700509886305e-05,0.8144904246554967,0.015131625620502232,0.17034838570563504,1.7303317856157214e-05,,,,,,0.14862938475494153,8.035,1.0,0.07935652635554474,0.12688483805850417,0.05
balanced_agentic,mixed_stress,Intent-PPO-CMDP,Intent-PPO-CMDP,12,1729653623,2128646545,1621075116,fc604e43c5d11a5118bd,stochastic,150,300,150-step training / 300-step held-out evaluation,270404651,1,320.63457950000884,balanced_agentic,200,0.0,0.7160490391294891,0.6534972627676886,0.0,1.0,0.2839509608705108,0.34650273723231134,0.36176614655553363,56.79019217410216,0.2839509608705108,-0.11972422772700257,-0.1461144201355338,0.008434145078067065,0.020100502512562814,0.023791583009309603,0.31972422772700265,0.3461144201355338,0.35353697909223686,0.8709400414427865,0.9226528975959957,0.40285,0.5331990724609593,0.4583667824609735,0.0,0.0,82.31668789345926,95.30560464310463,99.31846841673503,98.60727748295102,3.0445531482936987,2.811103841605037,2.8033795961586914,0.047189998416906236,21514561.224996567,20659808.06671139,0.046488143795524295,3.495223149590992,0.6194551506876125,0.5722572686086449,0.0,0.16914184157187212,0.18130007652610675,56.31020614086243,0.2286676899509626,,,,,0.413650756298081,0.2839509608705108,0.49056537720762877,0.9922166666666666,0.07335000000000001,0.005866666666666667,0.9958499999999999,0.15639499999999998,0.5769,0.03693333333333333,0.11465934065934066,2145.274679740146,3528.78001597638,77.52927574522046,83.44456648407963,0.0061428571428571435,0.4622718992823682,0.7538270833333334,4.6509375752293503e-08,1.0,0.2840666666666667,0.1968,0.02994063866150882,0.021968018765874273,0.0,0.4125591383948653,0.16851595443242334,0.04336245484356557,0.127376719088394,0.1634322148641743,0.0378166549062518,0.03605549577578026,0.037649999999999996,0.38429807109715514,1.1512541342502935,0.0016622509805873098,0.1245724738723723,0.07247595895237566,0.7956501848857332,0.005639131308931428,0.0016000250272789535,0.09220254192395451,0.05874648596410583,0.84044121448336,0.007009732601300644,0.0017253121815910804,0.1573769015516413,0.08638972016867594,0.7502579334143129,0.004250132683778733,,,,,,0.4445003694323589,3.42,1.0,0.1362425216117992,0.4133800766945446,0.05003102622372222
balanced_agentic,mixed_stress,Intent-PPO-CMDP-FullPolicy-NoShield,Intent-PPO-CMDP,12,1729653623,2128646545,1621075116,fc604e43c5d11a5118bd,stochastic,150,300,150-step training / 300-step held-out evaluation,270404651,1,320.63457950000884,balanced_agentic,200,0.0,0.5788315378063873,0.41301218628082403,0.0,1.0,0.42116846219361265,0.586987813719176,0.6131524145911361,84.23369243872253,0.42116846219361265,-0.11975570854129323,-0.14729999427671525,0.06636383023428633,0.10059366600444078,0.11062768270431537,0.3197557085412932,0.34729999427671526,0.35579411238700664,0.869000275007039,0.917134827254182,0.40641666666666665,0.5026802328671109,0.4309559368986028,0.0,0.0,78.3525725721141,90.71119361936194,94.48714142594757,93.00278893469957,2.921085833707368,2.6805725221941046,2.666813854265325,0.0502965532231484,21465238.908896502,20402883.710121196,0.046601372308913154,3.199760991045398,0.6088771408895473,0.5526936997070924,0.0,0.162282546317076,0.17488382129613023,49.48807070897924,0.2509502872734451,,,,,0.48652634147258483,0.42116846219361265,0.7209589116760082,0.9519166666666666,0.06893333333333333,0.04625,0.9945333333333334,0.15528333333333333,0.0,0.0,0.12660805860805863,2074.2040853999533,3377.0990827959763,70.25048829292133,80.64277994654461,0.04123809523809523,0.4618481965883758,0.7296666666666667,4.662489449751505e-08,1.0,0.2863333333333333,0.1932,0.02962853787512503,0.0216582085042955,0.0,0.4111326114174543,0.17123583096756825,0.04703566878471861,0.1269314816820444,0.1269314816820444,0.0,0.0,0.0,0.4111326114191559,1.2316432327388975,0.0018619185567735825,0.11672728845725075,0.06844451507821413,0.7659306091230428,0.04703566878471861,0.002047886239962859,0.08599768345709351,0.0551576147845248,0.8052773730115598,0.051519442506859116,0.001673454663071699,0.1478693713768732,0.08190976302685232,0.726055700752801,0.04249171018040172,,,,,,0.6599355835261208,18.015,1.0,0.20031337918785053,0.6522345742999943,0.065945817606115
balanced_agentic,mixed_stress,MaxWeight,MaxWeight,13,1025721121,372372750,51736825,,stochastic,150,300,150-step training / 300-step held-out evaluation,630784621,0,1.0200019460171461e-05,balanced_agentic,200,0.0,0.8737071489366225,0.8268447931892067,0.195,1.0,0.1262928510633775,0.1731552068107933,0.1927702108751963,25.2585702126755,0.1262928510633775,0.026516661684509567,-0.009124869383490048,0.0,0.0,0.0,0.17213783336045174,0.20912486938349004,0.2227599100687439,0.8841923296391784,0.9252352002728976,0.41159999999999997,0.33676145836939514,0.6632385416306047,0.0,0.0,83.29600108043134,93.28630514705883,95.58363458528952,94.95203193392462,1.9781280462873472,1.7864577231326562,1.7780973391812132,0.062304274570293895,17308371.445456795,16233808.248257574,0.057777109062928246,2.855982979991895,0.5007002418467511,0.4442250329592879,0.011272403574442964,0.10989600257151927,0.12113947330377062,25.988062806134558,0.578508397894984,,,,,0.1370371432509916,0.1262928510633775,0.22398278328544385,1.0,0.9406333333333333,0.0,0.9638833333333332,0.09738,0.0,0.0,0.17153113553113553,1243.722688470788,2373.577085111648,87.00901186631211,82.73986654660392,0.0,0.29779296813951134,0.8493513888888888,5.7863043042323137e-08,1.0,0.40519999999999995,0.2353333333333333,,,,,,,,,,,,,,,,,,,,,,,,,,,,,,,,,,0.17797847544735568,7.055,1.0,0.08585851226485325,0.16916974250319605,0.05
balanced_agentic,mixed_stress,PPO,PPO,13,1025721121,372372750,535536204,3cabdc2e2c3a75659a16,stochastic,150,300,150-step training / 300-step held-out evaluation,630784621,1,262.1022107999888,balanced_agentic,200,0.0,0.6681696187304875,0.6045460557960451,0.0,1.0,0.3318303812695125,0.3954539442039548,0.41107418052356737,66.36607625390249,0.3318303812695125,-0.15915440416897736,-0.1850894433792376,0.0002693287821084885,0.004449494949494948,0.0049421311977253255,0.35915440416897737,0.38508944337923756,0.3939680828078907,0.8636364100474604,0.9184323059214075,0.3967,0.5307434633487251,0.4689872078691664,0.0,0.0,83.13368097531554,97.86688311688312,102.65092857142851,102.28536443339196,2.7702277694858997,2.5585965513868882,2.5470618275771377,0.04732087646832323,22601462.13571967,21650522.77374552,0.044252037622767554,3.0573630786083035,0.6497398934512826,0.590681841897224,0.0,0.15390154274921666,0.165298577668834,20.374085715056896,0.667864679936678,,,,,0.2807969067387879,0.3318303812695125,0.5945117043737254,0.9993166666666667,0.03981666666666667,0.00018333333333333334,0.9934166666666668,0.161515,0.0,0.0,0.11786813186813187,1714.0761871287004,3338.9247753705467,73.38266989525309,85.06048119049457,0.00014285714285714287,0.5275016460824324,0.7196965277777778,4.427564947692088e-08,1.0,0.3206,0.2107333333333333,0.019883426555412843,0.012795504350900124,0.012016666666666667,0.408097170203432,0.0007304373574126402,0.00012673144455392857,0.0008579789250171727,0.0008579789250171727,0.0,0.0,0.0,0.4080971702199625,1.2225498635739982,0.00045406643719294557,0.0843769273595096,0.039152931520641386,0.8758893432381022,0.00012673144455392857,0.00045208473926677914,0.12862907382118732,0.04539736144646154,0.8254092536673215,0.00011222632576287618,0.0004560747350912753,0.0395307923547221,0.032824683743467926,0.9270470179037926,0.00014143126292606896,,,,,,0.5353257924552901,4.88,1.0,0.16271285689550946,0.5002195401110453,0.051733324838734135
balanced_agentic,mixed_stress,PPO-Lagrangian,PPO-Lagrangian,13,1025721121,372372750,535536204,454f28c68eb87e33907f,stochastic,150,300,150-step training / 300-step held-out evaluation,630784621,1,254.03850810002768,balanced_agentic,200,0.0,0.8387197108750806,0.787001301501028,0.01,1.0,0.16128028912491943,0.212998698498972,0.23172473710824892,32.256057824983884,0.16128028912491943,-0.02319384728323219,-0.060226158902213986,0.00012399566518204276,0.0,0.00012399566518204276,0.22319384728323222,0.26022615890221396,0.2651524354131479,0.8757012066619524,0.924448460488402,0.40620000000000006,0.4969357680476748,0.5029402362871431,0.0,0.0,95.61657364612236,107.09575757575757,114.14828571428572,111.33159550373273,2.714167793259085,2.470889498252399,2.436474992815605,0.05504625073823047,27519599.436135225,26249038.394795716,0.0363506737883687,2.830111784618192,0.6450875706668068,0.5942060767395715,0.0,0.15078709962550468,0.163972145540153,79.06431792890167,0.1410097482617832,,,,,0.5894976612481961,0.16128028912491943,0.28567956696760277,0.9999166666666668,0.12045,8.333333333333333e-05,0.9898166666666667,0.15037083333333331,0.0,0.0,0.25340659340659344,2080.5598107540554,3055.3413223002535,95.80729095215405,94.82638639118159,4.761904761904762e-05,0.330647430018196,0.7864743055555556,3.6364181979853896e-08,1.0,0.4028,0.3175333333333333,0.017200629031814928,0.01360757611801753,0.006966666666666666,0.3358803040291257,0.00010461588805521195,3.1042246860351075e-05,7.357531770580772e-05,7.357531770580772e-05,0.0,0.0,0.0,0.33588030402317615,1.0062074668133552,3.3060890026249876e-05,0.5460814005681525,0.11932407592885624,0.3345304203661047,3.1042246860351075e-05,4.023548889310471e-05,0.4876197064067345,0.19348649876826193,0.31880776441716036,4.579491894996837e-05,2.5789987818900347e-05,0.6053278154565693,0.04416618432650549,0.35046411867677973,1.6091552326577838e-05,,,,,,0.23964209941286246,6.48,1.0,0.07284802822667458,0.2112872472933002,0.05
balanced_agentic,mixed_stress,PPO_CMDP,PPO_CMDP,13,1025721121,372372750,535536204,a070e26e29e031606ad8,stochastic,150,300,150-step training / 300-step held-out evaluation,630784621,1,277.9400926999515,balanced_agentic,200,0.0,0.8564307880123192,0.7977125493401714,0.06,1.0,0.14356921198768066,0.20228745065982864,0.21364174454928006,28.713842397536133,0.14356921198768066,-0.006455350127703523,-0.04045959128752836,0.00014769508239971353,0.0,0.00014769508239971353,0.20645535012770352,0.24045959128752836,0.24895059597722402,0.8615006784437196,0.9086980992912952,0.40208333333333335,0.49138679366659027,0.50846551125101,0.0,0.0,87.52401408792237,100.6678094660194,103.88514805922368,102.45620000202373,2.67114857860853,2.436199202439494,2.4085490582386346,0.05709869193012127,29995124.43094413,28692482.317049596,0.033361904751507646,2.3399003687713766,0.6610447126490433,0.5971460383975111,0.0,0.14839714325602946,0.1624109758118461,88.99941244692258,0.12438736561780461,,,,,0.3973157111626795,0.14356921198768066,0.25681939014835314,0.9998333333333334,0.007833333333333333,0.0001,0.9894833333333333,0.1546975,0.0,0.0,0.10726007326007325,2075.4878165792684,2991.888988931978,84.361743632886,89.4566363128322,9.523809523809524e-05,0.30288371386872887,0.7521027777777778,3.3361884750014734e-08,1.0,0.6132,0.3256666666666666,0.03357789290733502,0.02443321761404448,0.02085,0.25289371492416496,0.000256168507368051,5.735019707920628e-05,0.00019941938405591017,0.00019941938405591017,0.0,0.0,0.0,0.25289371492750445,0.7576018635872878,5.619932397459081e-05,0.7048344410773205,0.008320818625584155,0.2867311907760415,5.735019707920628e-05,8.342902758891739e-05,0.6240411687020114,0.011385901612097826,0.36441529150363444,7.420915466737195e-05,2.860412098289071e-05,0.7867121869073318,0.005214593585560234,0.2080043504413667,4.026494475831355e-05,,,,,,0.21038467084949947,15.445,1.0,0.06217297762851635,0.17473686295455582,0.05
balanced_agentic,mixed_stress,Intent-PPO-CMDP-NoRisk,Intent-PPO-CMDP-NoRisk,13,1025721121,372372750,535536204,4606dec7f3efe1c94a9c,stochastic,150,300,150-step training / 300-step held-out evaluation,630784621,1,283.62103929999284,balanced_agentic,200,0.0,0.7285010595429745,0.6890131294635886,0.0,1.0,0.2714989404570254,0.3109868705364113,0.3269048315067238,54.29978809140508,0.2714989404570254,-0.12522383104740256,-0.14589592760180994,0.0001419981705769292,0.0,0.0001419981705769292,0.32522383104740255,0.3458959276018099,0.35635475115344495,0.8557893922446789,0.9062713774355071,0.39765,0.6016542668392059,0.3982037349902171,0.0,0.0,78.15489857040366,89.58112454133389,94.02848148148148,93.19157737340433,3.2566512366733678,2.970774606767079,2.9567299756848606,0.05145097987793753,24264269.87734944,23344916.82418092,0.041219268867547475,3.1473786463466684,0.6217084875172064,0.5660418498317767,0.0001387244252212036,0.18092506870407596,0.1956534030356479,61.11026386529543,0.2070186910248257,,,,,0.2810272169490407,0.2714989404570254,0.4941904338215448,0.9995,0.06361666666666667,0.0001,0.9932666666666669,0.15687416666666665,0.0,0.0,0.12213919413919413,2325.9482758148333,3757.798984827963,69.1175300454246,80.35796309609559,0.0,0.4712729335304198,0.7333173611111111,4.1238267019239577e-08,1.0,0.36773333333333336,0.21366666666666667,0.014064232926424811,0.010170724748771499,0.0026,0.31538938974912434,0.0003601519268513096,8.063904684947357e-05,0.0006209456750032781,0.0006209456750032781,0.0,0.0,0.0,0.3153893897448018,0.9448221735950006,0.00034925617603744785,0.05886873031290531,0.0627862255964963,0.8779151488677115,8.063904684947357e-05,0.0005573631806244517,0.08238983335331343,0.09230360856952817,0.8246296667240205,0.00011952817251338194,0.00013835578883853784,0.03503190776859909,0.032872636140604955,0.9319158723824585,4.1227919498801356e-05,,,,,,0.44256540632265556,4.03,1.0,0.12561221855925173,0.4074118043873851,0.050006648473233
balanced_agentic,mixed_stress,Intent-PPO-CMDP,Intent-PPO-CMDP,13,1025721121,372372750,535536204,09d0d30da2ff448dad2f,stochastic,150,300,150-step training / 300-step held-out evaluation,630784621,1,309.3859143999871,balanced_agentic,200,0.0,0.7271829675823384,0.6766424671175387,0.0,1.0,0.27281703241766164,0.32335753288246133,0.336143858738566,54.56340648353233,0.27281703241766164,-0.12220241571147458,-0.14576177944781524,0.02287235105491611,0.028985507246376812,0.029871109049253775,0.32220241571147457,0.3457617794478152,0.353948031949636,0.8783147881819703,0.9216230798371844,0.41019999999999995,0.5790148436802324,0.3981128052648515,0.0,3.3333333333333335e-05,80.46549449893992,92.1579629207507,96.95095176010429,95.19194727045725,3.1898366718154225,2.936514471941248,2.928998631209411,0.0457084509830624,24404173.02680112,23375473.908068582,0.04098373514970356,3.155810539123988,0.6148277137216241,0.5685958886192961,0.0,0.17721314843419017,0.18945398617954842,64.73655140591,0.17965980807508833,,,,,0.37850158935262823,0.27281703241766164,0.4992915086869171,0.9840499999999999,0.06911666666666667,0.015799999999999998,0.9920333333333334,0.15533416666666663,0.6296333333333333,0.042805,0.16138461538461538,2250.622985706242,3695.5671181819052,71.78615568678903,82.51397620762008,0.014285714285714285,0.4721210735209324,0.7126916666666666,4.100256969213994e-08,1.0,0.38073333333333337,0.32006666666666667,0.014782485850578897,0.010490324383296827,0.0009,0.28966476501992555,0.6179907586361905,0.1949839381301935,0.42867729719002484,0.6022376958877541,0.17894364380764935,0.1735603986977293,0.17926666666666669,0.28433420118946107,0.8517891429784621,0.00016205245373304833,0.08318578365261167,0.06880007013413689,0.8317403070612366,0.01611178669828193,0.00020610615651401188,0.11396673533894879,0.10968692909585415,0.7552059505717481,0.020934278836934897,0.00011740742608254168,0.051991664829545245,0.027364394273604667,0.9093019703492413,0.011224563121526233,,,,,,0.44697368042375524,8.555,1.0,0.12384899556851764,0.4106126193175152,0.0500145476634008
balanced_agentic,mixed_stress,Intent-PPO-CMDP-FullPolicy-NoShield,Intent-PPO-CMDP,13,1025721121,372372750,535536204,09d0d30da2ff448dad2f,stochastic,150,300,150-step training / 300-step held-out evaluation,630784621,1,309.3859143999871,balanced_agentic,200,0.0,0.00045888852546103364,0.0,0.0,1.0,1.7473420558217476,2.240662302957592,2.371994800024907,349.4684111643495,1.7473420558217476,-0.23648702312744338,-0.3391349927700888,0.29594291526969346,0.39913499277008874,0.43088561088739274,0.33675853521115406,0.36899314261834204,0.3737064588443668,0.9064306239994545,0.9510297814074763,0.4439833333333333,0.4264534036491838,0.27760368108112277,0.0,0.0,70.93252349202969,81.78021097046413,86.70858418367345,85.46239713968721,2.4462798923099385,2.1248112966687542,2.0968971418077276,0.09037123451263206,23519373.090053573,22254039.912278995,0.04249854849519009,2.212314715713943,0.5441115415079834,0.47995063573547503,0.0026086120084634744,0.13590443846166325,0.15458879651414517,24.56617930364813,0.5813028180066572,,,,,0.6074936563631297,1.7473420558217476,2.5836808048279907,0.7900666666666666,0.061799999999999994,0.20351666666666668,0.9761333333333333,0.1681983333333333,0.0,0.0,0.22486446886446887,1860.962708479314,2761.450683603352,53.0220384680069,75.76416143258685,0.16271428571428573,0.47865898901968423,0.5344513888888889,4.255632898353461e-08,1.0,0.5566,0.4948666666666666,0.015490063149122251,0.011138146243606283,0.0008833333333333333,0.3116196285409375,0.652472304986469,0.20639294339610714,0.4648552783973039,0.4648552783973039,0.0,0.0,0.0,0.31161962838068263,0.933528977812912,0.006130615188265901,0.07295834859741161,0.06098186716136054,0.6535362256568549,0.20639294339610714,0.01207459457083236,0.0954996211029118,0.09244657292025485,0.5326879511260514,0.2672912602799497,0.0001068508475441874,0.05011450867573023,0.02909481635872267,0.7760066246780047,0.1446771994399982,,,,,,2.2915475773409644,23.11,1.0,1.2035330126481043,2.2275683064126297,0.22275683064126298
balanced_agentic,mixed_stress,MaxWeight,MaxWeight,14,1103526060,1905340783,408848433,,stochastic,150,300,150-step training / 300-step held-out evaluation,955564766,0,2.640002639964223e-05,balanced_agentic,200,0.0,0.8748952760847925,0.8339933913034321,0.2,1.0,0.12510472391520747,0.1660066086965679,0.18275149662512738,25.020944783041493,0.12510472391520747,0.026182319150510926,-0.009115405552531276,0.0,0.0,0.0,0.17293475283253087,0.20911540555253127,0.21685447500411673,0.8832838580240218,0.9300459348696991,0.4190833333333333,0.3384654096328943,0.6615345903671057,0.0,0.0,83.53012321342993,94.50920955201777,99.12025147679324,97.38475949018648,2.045223245179298,1.8355578406128652,1.8218664484922642,0.06937413717664268,20819311.35405103,19577999.81323655,0.04803246414502861,2.461727425675171,0.51531461868621,0.46035032252113095,0.006196455089991779,0.1136235136210721,0.12508905749543034,32.73216992592922,0.491383291279212,,,,,0.14826549772055586,0.12510472391520747,0.2273556701791447,1.0,0.9329500000000001,0.0,0.96455,0.09783916666666666,0.0,0.0,0.18418315018315012,1290.9296771712256,2451.3813202605666,85.5712766394897,83.07567638423616,0.0,0.2943664187080039,0.8472534722222221,4.8097018352471945e-08,1.0,0.4658,0.26553333333333334,,,,,,,,,,,,,,,,,,,,,,,,,,,,,,,,,,0.17756471865658913,6.195,1.0,0.07743806946764811,0.16646535581547706,0.05
balanced_agentic,mixed_stress,PPO,PPO,14,1103526060,1905340783,1823775964,0a65909e93fb2c778ea0,stochastic,150,300,150-step training / 300-step held-out evaluation,955564766,1,272.0849051999976,balanced_agentic,200,0.0,0.7449695241177139,0.6828336958966884,0.0,1.0,0.25503047588228606,0.3171663041033116,0.33422380013212677,51.006095176457215,0.25503047588228606,-0.10526958273953252,-0.13821363456868951,0.0005131535500695452,0.004653346435200349,0.004929652963288964,0.3052695827395325,0.3382136345686895,0.3462151548478357,0.855925202247229,0.9044739939260132,0.40718333333333334,0.5061046309014504,0.49338221554848005,0.0,0.0,82.9474615976758,96.64359970403255,99.98438781119923,98.87336411004384,2.7732390313225803,2.5600848635683517,2.5274898990199497,0.05038193902763816,26031546.577195793,24961932.014829956,0.03842143696594657,2.651461114120897,0.6548618556364051,0.607414837947366,0.0,0.15406883507347666,0.16641623697573227,46.13570491169749,0.29278279037440896,,,,,0.5156022397707402,0.25503047588228606,0.46557475908111257,0.9994166666666666,0.2842,0.00036666666666666667,0.9949666666666667,0.15449333333333332,0.0,0.0,0.13123809523809524,1740.8577925219004,3329.1366214460227,78.56641332874877,84.21932508543004,0.0005714285714285715,0.4600051895503232,0.7276784722222223,3.8442071491547983e-08,1.0,0.39,0.14633333333333332,0.03434428266143298,0.0159380591219931,0.0,0.4352618537118677,0.0015326073809059332,0.00036510857194416613,0.0011780732602886602,0.0011780732602886602,0.0,0.0,0.0,0.4352618536976069,1.3039279825688563,0.00020099191728587906,0.07183671010300141,0.28293422352076525,0.6446629658870033,0.00036510857194416613,0.00015713021419770282,0.05320076227485217,0.2697754591704852,0.6765893649011795,0.00027728343928530027,0.0002454423680665142,0.09072280488186407,0.296269615580445,0.6123080246041803,0.0004541125654440907,,,,,,0.4158503973465288,3.885,1.0,0.11649906002246307,0.38486224834920946,0.05001876976950044
balanced_agentic,mixed_stress,PPO-Lagrangian,PPO-Lagrangian,14,1103526060,1905340783,1823775964,337f5a10e02765106fee,stochastic,150,300,150-step training / 300-step held-out evaluation,955564766,1,284.58887489995686,balanced_agentic,200,0.0,0.8502814111379294,0.7792842032027267,0.055,1.0,0.14971858886207065,0.22071579679727324,0.23258470791974656,29.943717772414132,0.14971858886207065,-0.0004988752073209602,-0.04139017676035932,0.0002192837984220527,0.0,0.0002192837984220527,0.200498875207321,0.24139017676035932,0.25416001909478253,0.8564619160639522,0.9068859820489775,0.40388333333333337,0.47273453877748056,0.5270461774240974,0.0,0.0,87.36033942365437,99.72692492550226,103.86323585104144,102.37298749775212,2.6115109848693994,2.404432102459324,2.378812525131159,0.04745668907430118,33451172.032265797,31920727.17923556,0.02990736050477251,2.0469418729969373,0.657034067093883,0.5999636330798669,0.0,0.1450839436038555,0.15567096930573907,87.90526456803077,0.12185271434004913,,,,,0.425867553906261,0.14971858886207065,0.26272560530414396,0.9995166666666667,0.03005,0.00015000000000000001,0.99515,0.15724416666666666,0.0,0.0,0.20903296703296703,1987.058231994116,2947.754774879168,86.2015743128877,89.02649028301927,0.0,0.2797258661053293,0.7479881944444444,2.991792709768491e-08,1.0,0.7376,0.58,0.013475403873286091,0.009250852472167184,0.009583333333333333,0.31883318008121647,0.0007526318476720449,0.00015018799728725888,0.0006025385446998842,0.0006025385446998842,0.0,0.0,0.0,0.31883318008573447,0.9551388474626862,0.0004156913748669933,0.7191493914884848,0.030558660872801572,0.2497260682665593,0.00015018799728725888,0.0005019596934102504,0.5789503150438029,0.030871777266929915,0.3895007638874901,0.00017518410836680736,0.0003282650923164441,0.8612303347310821,0.030241341574054066,0.10807520223460923,0.00012485636793818625,,,,,,0.21223719967998528,42.965,1.0,0.0785997679863799,0.1665645749878089,0.05
balanced_agentic,mixed_stress,PPO_CMDP,PPO_CMDP,14,1103526060,1905340783,1823775964,dadb88684cb84768bf3a,stochastic,150,300,150-step training / 300-step held-out evaluation,955564766,1,264.74071779998485,balanced_agentic,200,0.0,0.7147793399425126,0.6587313583814312,0.0,1.0,0.2852206600574875,0.34126864161856874,0.35837914832036377,57.044132011497496,0.2852206600574875,-0.13739856994772923,-0.16331598727526095,0.000141521508914221,0.0,0.000141521508914221,0.3373985699477292,0.36331598727526093,0.36818692368369105,0.8307930858934263,0.8814894367295397,0.39575000000000005,0.570930332469796,0.4289281460212898,0.0,0.0,73.84492724012671,83.91637219128097,87.48485816394906,87.11291310771713,3.059290723710861,2.8277591686697265,2.8169721474134097,0.04495187262238661,27526163.270468455,26614922.484352894,0.036339255418292436,2.462854162770241,0.6621616981483394,0.6123976092180592,0.0,0.16996059576171446,0.18369901270660804,50.685543305757655,0.2480661408622228,,,,,0.26370086202404325,0.2852206600574875,0.5186880329632817,0.9947666666666666,0.022433333333333336,0.0001,0.9959,0.15721166666666664,0.0,0.0,0.08320879120879121,1959.5598301649907,3651.4535125432526,64.25014517763586,76.49856608845015,9.523809523809524e-05,0.4967482282924321,0.6793138888888888,3.634746303446298e-08,1.0,0.28426666666666667,0.06893333333333333,0.03621847205239308,0.010756053263059333,0.0,0.38336457161339965,0.0005529338755896236,0.00012794637335575407,0.0006981004040017158,0.0006981004040017158,0.0,0.0,0.0,0.383364571611656,1.148457619714238,0.004805104287029794,0.08452805329808445,0.022044786557062972,0.888494109484467,0.00012794637335575407,0.005625990761313407,0.08261736842066608,0.02172770197478776,0.8899268947879753,0.00010204405525746373,0.003973199202353114,0.08646438495238094,0.02236612730822778,0.8870420921634619,0.0001541963735761691,,,,,,0.4670619388440841,2.935,1.0,0.12941204136517767,0.43483550753930617,0.05010296510761228
balanced_agentic,mixed_stress,Intent-PPO-CMDP-NoRisk,Intent-PPO-CMDP-NoRisk,14,1103526060,1905340783,1823775964,72924e27f6df7ecb428f,stochastic,150,300,150-step training / 300-step held-out evaluation,955564766,1,270.7660398000153,balanced_agentic,200,0.0,0.7094075314066011,0.6544714132335979,0.0,1.0,0.290592468593399,0.345528586766402,0.36053513579773294,58.1184937186798,0.290592468593399,-0.13939695509504482,-0.16757294025873096,0.0003361016526164929,0.004655571475807339,0.004921373758400187,0.33939695509504486,0.36757294025873094,0.37137590522264274,0.8315502242700075,0.8856804694544316,0.39631666666666665,0.5686155923593607,0.4310483059880228,0.0,0.0,74.98935812027375,86.41199717214562,92.79568088836936,90.81880418368459,3.098622732461075,2.870735001773377,2.866479579834962,0.041697773721696724,27118499.895695943,26169413.491753448,0.036882048464197424,2.571015102744858,0.6507873617016903,0.5959102051004824,0.0,0.17214570735894863,0.18277419664412153,49.56994851398751,0.24258263502446142,,,,,0.2496703282962148,0.290592468593399,0.5237689778137367,0.9993166666666667,0.057699999999999994,0.00023333333333333333,0.9957833333333332,0.15890666666666664,0.0,0.0,0.08000732600732602,1978.0188558825605,3702.024819849506,66.35010485750853,77.14817985912553,0.00028571428571428574,0.4976907794425033,0.6983784722222223,3.689259124070773e-08,1.0,0.5091333333333333,0.07906666666666666,0.10150655935690443,0.024749196695076622,0.0272,0.4344096338887366,0.0008102447812375005,0.00019041527834497862,0.0019192418857540655,0.0019192418857540655,0.0,0.0,0.0,0.43440963389137566,1.3013749601911677,0.0004555956558809618,0.04658998168719879,0.05946276123306426,0.893301246145511,0.00019041527834497862,0.000829211652807991,0.04078491159112427,0.05146388780959575,0.9067511968309386,0.00017079211553336053,7.696467912940869e-05,0.052472972187247474,0.0675690020850357,0.8796707592092723,0.0002103018393151419,,,,,,0.47341117558958323,1.95,1.0,0.1358258033465421,0.43915078664028984,0.050111109985197654
balanced_agentic,mixed_stress,Intent-PPO-CMDP,Intent-PPO-CMDP,14,1103526060,1905340783,1823775964,fd2a9bdca11bd34bca64,stochastic,150,300,150-step training / 300-step held-out evaluation,955564766,1,319.06714920001104,balanced_agentic,200,0.0,0.7926210249488321,0.7277670023293981,0.0,1.0,0.20737897505116792,0.27223299767060194,0.2970874098740737,41.47579501023358,0.20737897505116792,-0.051860584998096065,-0.08416717987819777,0.020193387215875935,0.028037383177570093,0.02905209117868718,0.2518605849980961,0.2841671798781978,0.2938663834539431,0.8923751588535171,0.9345382119671506,0.4168,0.504721877830105,0.4750847349540191,0.0,8.333333333333333e-05,92.95409618640686,106.71321625737674,110.88150180438605,109.30883927591917,2.8706096338685594,2.6493036175621856,2.645772406401078,0.04662166545829369,30930906.15053252,29583126.56861822,0.03234515131925157,2.5892447984087386,0.6204347599448222,0.5745763106226596,0.0,0.15947831299269774,0.1726070874057209,83.38130583918309,0.15163719768353934,,,,,0.6206375123403016,0.20737897505116792,0.356672526348824,0.9852166666666666,0.09286666666666667,0.014183333333333334,0.9948333333333333,0.15136666666666665,0.6283333333333334,0.04240916666666667,0.14574358974358975,2148.841594992362,3259.2539624942046,89.92803632386142,93.59560492734894,0.014428571428571428,0.3682620758347835,0.7576027777777777,3.2352484059834705e-08,1.0,0.3378,0.2074666666666667,0.01938875400205987,0.014012713301400304,0.009616666666666664,0.44015789602818095,0.6701868457111189,0.20921989847924027,0.4709700595260095,0.6579328095398873,0.19554096246343955,0.1869627500138776,0.1955833333333333,0.4506014271458491,1.3498812378103076,0.0005993953319844163,0.4709073298815549,0.09191085818263754,0.4224820293421263,0.014100387261696757,0.0006796476525512463,0.4459893404310158,0.13226995395607424,0.40384273050304514,0.0172183274573136,0.0005180657990609844,0.4961597889891483,0.051010029580027184,0.4413715201119335,0.010940595519830024,,,,,,0.30886354929717025,9.06,1.0,0.0927395357137738,0.27677864633121013,0.05
balanced_agentic,mixed_stress,Intent-PPO-CMDP-FullPolicy-NoShield,Intent-PPO-CMDP,14,1103526060,1905340783,1823775964,fd2a9bdca11bd34bca64,stochastic,150,300,150-step training / 300-step held-out evaluation,955564766,1,319.06714920001104,balanced_agentic,200,0.0,0.0005518688428813234,0.0,0.0,1.0,1.6340024231521568,2.1610909311678386,2.274612391329711,326.80048463043136,1.6340024231521568,-0.34020782284717127,-0.42531512605042016,0.4002078228471712,0.48531512605042015,0.5166108232776754,0.274803389512163,0.31440680793146697,0.3217136167402766,0.902069613099783,0.9497914169288324,0.44339999999999996,0.3187947567181199,0.2809974204347089,0.0,0.0,69.6465799226797,82.08803353658536,86.8110633584404,84.9590259672403,1.9006428739452486,1.6457943098503143,1.6236968656110982,0.08748369506465091,28787501.395538565,27127905.43492124,0.03474749326849278,1.3798918531941238,0.5569897825236823,0.4839785426649908,0.002315093768761188,0.10559127077473603,0.12117094962592113,6.7160502881604325,1.8578693229995047,,,,,0.7975964028816597,1.6340024231521568,2.8010156149060093,0.7181333333333333,0.07635,0.27975,0.9800666666666668,0.1426,0.0,0.0,0.2039120879120879,1430.712288891901,2153.6824197432047,61.662442800328606,71.97344282328827,0.2531904761904762,0.4015398950072985,0.5941527777777778,3.4780498526889894e-08,1.0,0.37453333333333333,0.2546,0.021079758703083193,0.01612671983929288,0.009899999999999999,0.4469134469531067,0.6573209665544522,0.2792948123918776,0.39236251821455725,0.39236251821455725,0.0,0.0,0.0,0.4469134467985236,1.3388330360595913,0.001964591234762719,0.334791586626379,0.07683129291379595,0.30711771683318484,0.2792948123918776,0.0035018836562210635,0.3329625105173632,0.11318019384053617,0.30711790635424,0.24323750563163962,0.00040666401570090715,0.3366452140925628,0.03999448727662968,0.30711752476822274,0.3158361098468838,,,,,,2.4030388295670377,70.21,1.0,0.9910737429577583,2.744353591793326,0.2744353591793326
balanced_agentic,mixed_stress,MaxWeight,MaxWeight,15,1481178426,1997781942,533834020,,stochastic,150,300,150-step training / 300-step held-out evaluation,615353400,0,1.0500021744519472e-05,balanced_agentic,200,0.0,0.873840935818254,0.814301042904684,0.215,1.0,0.12615906418174594,0.185698957095316,0.20517071995273248,25.23181283634919,0.12615906418174594,0.0014481480169689076,-0.03547927913410145,0.0,0.0,0.0,0.1985375662687454,0.23547927913410144,0.2509668549892957,0.8422842437289242,0.9132697456946,0.39965000000000006,0.4280343666033933,0.5719656333966067,0.0,0.0,71.55848293632356,82.44102836879432,86.47408791208791,85.21801059047871,2.4704141325998488,2.184671751273679,2.161296986290225,0.09551793311827365,20316229.993392516,18774759.45132921,0.04916109557645133,2.6071960857376744,0.5478162951386291,0.49471950462945335,0.0013527780300884933,0.1372452295888805,0.16570238645128707,54.87831756996707,0.5351310029899551,,,,,0.2323791427321795,0.12615906418174594,0.24449626999998217,0.9999666666666667,0.8639,0.0,0.9700666666666666,0.10598250000000001,0.0,0.0,0.2813186813186813,1582.984658759371,2948.260772360109,67.03524990273812,73.73432561482838,0.0,0.32000919926272736,0.8000763888888889,4.942435485165449e-08,1.0,0.6360000000000001,0.5357333333333334,,,,,,,,,,,,,,,,,,,,,,,,,,,,,,,,,,0.19901351682368806,18.055,1.0,0.057316489444646866,0.17101628234917748,0.05
balanced_agentic,mixed_stress,PPO,PPO,15,1481178426,1997781942,1596015111,461e22a59e6f436fac36,stochastic,150,300,150-step training / 300-step held-out evaluation,615353400,1,258.87767640000675,balanced_agentic,200,0.0,0.8736106379158117,0.8077597617886874,0.21,1.0,0.12638936208418822,0.19224023821131267,0.20653197137180684,25.277872416837646,0.12638936208418822,-0.011499367393362391,-0.04670563182042516,0.0002832682869441847,0.004256228405164575,0.004836608017538465,0.2114993673933624,0.24670563182042518,0.2529060013514375,0.850790086111044,0.8959335561501511,0.3999333333333334,0.5675940146824847,0.43212271703057104,0.0,0.0,87.29706460120528,99.10514481094125,102.71242353823088,101.63559911011941,3.14237613957633,2.876589726381862,2.8555711397028025,0.04905316412705074,32119259.604610156,30884963.230581813,0.031143348980588452,2.5629750364386887,0.629930370258892,0.5821975133323327,0.0,0.17457645219868503,0.18758307838750107,109.50983035791867,0.1141273869069871,,,,,0.4843168497853831,0.12638936208418822,0.2615133618234911,0.9995499999999999,0.05135,0.0002,0.9883500000000001,0.14262166666666665,0.0,0.0,0.12575091575091574,2422.1171806844773,3530.207886671945,81.7126616259912,87.86159146843035,4.761904761904762e-05,0.31866729167408847,0.7604777777777778,3.115431500922206e-08,1.0,0.4297333333333333,0.41653333333333337,0.02260303725859447,0.022039714127534617,0.0005166666666666667,0.28206632429368317,0.0009631331616704676,0.00018469370071784333,0.0007797949020146252,0.0007797949020146252,0.0,0.0,0.0,0.28206632428513795,0.8449951909437335,0.00019412518986204865,0.6632908950205498,0.05166642704469743,0.28466385904417285,0.00018469370071784333,0.00011288782296778769,0.7654176385741459,0.029679016326063595,0.20464262823992307,0.00014782903689962635,0.000276452991211266,0.5597933226944223,0.07394897079311158,0.36575920032901654,0.0002220531922383183,,,,,,0.181280645072311,7.155,1.0,0.04061208449094039,0.16195630786074644,0.05
balanced_agentic,mixed_stress,PPO-Lagrangian,PPO-Lagrangian,15,1481178426,1997781942,1596015111,c54dc7a9b9a68be549b7,stochastic,150,300,150-step training / 300-step held-out evaluation,615353400,1,254.7300168000511,balanced_agentic,200,0.0,0.9097323994660604,0.8647591338309755,0.775,1.0,0.09026760053393962,0.1352408661690245,0.1741178843247897,18.053520106787925,0.09026760053393962,0.04977676501857067,0.0069620253164557055,0.0002362191999031918,0.00021186440677958875,0.004724383998063837,0.13260516854401708,0.1930379746835443,0.21215531795046935,0.8549248204154987,0.9108077876558184,0.39725,0.4483526475573767,0.5514111332427202,0.0,0.0,92.62915469693635,104.25056818181818,110.29577100319035,107.2015496496997,2.40631951265662,2.130985097007472,2.1059331596972113,0.07910647798033442,35520536.45197926,32870193.881319713,0.02813649701774718,1.8814482409119777,0.6860677904806153,0.61654722351563,0.0,0.1336844173698122,0.15284208570856453,86.70637165360117,0.18179756824368984,,,,,0.13215258869937546,0.09026760053393962,0.24386061174674223,0.99945,0.012166666666666666,0.00016666666666666666,0.97345,0.13241666666666665,0.0,0.0,0.04780952380952381,1864.014299791379,2698.3300118917505,92.04636073245078,92.03125834138267,0.00014285714285714287,0.2124841703829084,0.7449430555555555,2.8194086627876323e-08,1.0,0.08686666666666668,0.05746666666666668,0.009537880358536938,0.008128920359633815,0.0,0.09996872972685036,0.0005148925522798702,0.00016542736960390027,0.0003495219716927245,0.0003495219716927245,0.0,0.0,0.0,0.09996872972462914,0.2994795499822677,0.00026402662401389887,0.953703439511997,0.01219716609803052,0.033669940396354694,0.00016542736960390027,0.00018812603478006207,0.9643662616466574,0.008774075384964464,0.02654196498163024,0.00012957195196785379,0.0003409460131032234,0.9428974922480122,0.015666204337446456,0.04089359333342443,0.00020176406801358495,,,,,,0.09339624597817632,2.435,1.0,0.06243254054027305,0.0881676987237455,0.05
balanced_agentic,mixed_stress,PPO_CMDP,PPO_CMDP,15,1481178426,1997781942,1596015111,fc83225982e20e56ecdd,stochastic,150,300,150-step training / 300-step held-out evaluation,615353400,1,273.55554740002844,balanced_agentic,200,0.0,0.8885877364445729,0.8137837152134824,0.41,1.0,0.11141226355542713,0.18621628478651756,0.20160415356950093,22.282452711085426,0.11141226355542713,0.01352327959273481,-0.0246622260015117,0.0002822108048182829,0.004426754108723134,0.004801738220259463,0.18646512620436667,0.22466222600151167,0.23586416973032148,0.8526843498454183,0.9025403673578056,0.39781666666666665,0.5243749935981417,0.47534279559704,0.0,0.0,96.76317464231299,109.72465448989513,115.28445544554455,113.2517508610947,2.8644608924978594,2.5561180738801887,2.507676808740696,0.06927474558323936,33698235.48511328,32246233.04551115,0.029678228238869956,2.4678129047192896,0.6502809969664676,0.5915271375611006,0.0,0.15913671624988107,0.17614915696058195,98.15998280379375,0.13598968750624757,,,,,0.3268738840824398,0.11141226355542713,0.2636065345557453,0.9996833333333334,0.011516666666666666,0.0002,0.9724833333333334,0.13659583333333333,0.0,0.0,0.09626373626373627,2138.6605928847102,3255.2764384434017,93.83405944476344,95.23845338221153,0.00014285714285714287,0.28044989769360873,0.7601826388888889,2.969611567400365e-08,1.0,0.5294,0.47846666666666665,0.014334195468455024,0.011153177131774383,0.0004166666666666667,0.23052522892419858,0.0007258063035180703,0.00019704774786153415,0.0005288481838342324,0.0005288481838342324,0.0,0.0,0.0,0.23052522891471725,0.6905918681282401,0.00011004343397892386,0.809009444252512,0.01114286572404597,0.17954059884160153,0.00019704774786153415,7.764051768759883e-05,0.9268531446033126,0.0064227854285594495,0.06646437731278064,0.000182052137659661,0.00014288128874395797,0.6895839492661301,0.015926302802022247,0.2941346220016818,0.00021224464142182163,,,,,,0.13447448885331123,8.53,1.0,0.06234162478193019,0.11836507113964498,0.05
balanced_agentic,mixed_stress,Intent-PPO-CMDP-NoRisk,Intent-PPO-CMDP-NoRisk,15,1481178426,1997781942,1596015111,8c806f3e428ad93e5ba2,stochastic,150,300,150-step training / 300-step held-out evaluation,615353400,1,275.68097020004643,balanced_agentic,200,0.0,0.8990941853006028,0.8500131330129707,0.56,1.0,0.10090581469939722,0.14998686698702932,0.1869988020725628,20.181162939879442,0.10090581469939722,0.04172758494728379,-0.002715999746069349,6.992889434107999e-05,0.0,6.992889434107999e-05,0.1478120011368728,0.20271599974606935,0.21758873790696773,0.8565086566696891,0.9097396440544927,0.4001166666666666,0.42906485057608584,0.5708652205295731,0.0,0.0,92.38700138358938,105.90131395348837,109.93328571428572,108.349295648749,2.3015891599359164,2.052975474237932,2.0313097874542816,0.08123266568055995,35169975.90728779,32902081.40945526,0.028411532047093045,1.8124022077931001,0.6729325867839132,0.5968569441874583,0.0,0.12786606444088425,0.14753434809819083,77.26463135970553,0.21622821951054,,,,,0.09075871958013568,0.10090581469939722,0.2533146647195217,0.9999166666666668,0.004699999999999999,5e-05,0.97055,0.12944,0.0,0.0,0.04191208791208791,1806.5175785969018,2568.16616527231,93.30315990626836,91.2008140392152,0.0,0.22920768701415753,0.7533784722222222,2.847898120119349e-08,1.0,0.05806666666666668,0.04173333333333334,0.0061967826498772575,0.005348971295907461,0.0,0.06816664931779577,0.0001843973854317597,5.449262602738921e-05,0.0001299091595049427,0.0001299091595049427,0.0,0.0,0.0,0.06816664931557075,0.20420903133469231,7.826554576216839e-05,0.9691229688605949,0.0044864895534351456,0.026257783414180308,5.449262602738921e-05,7.215340075586473e-05,0.9770434980531186,0.0036855353206311984,0.0191372836535753,6.15295719190898e-05,8.445973298332176e-05,0.9610961238399838,0.005298194849766662,0.033473860352780015,4.736122448613558e-05,,,,,,0.11048338374239147,6.365,1.0,0.07012322997920034,0.10676233231188181,0.05
balanced_agentic,mixed_stress,Intent-PPO-CMDP,Intent-PPO-CMDP,15,1481178426,1997781942,1596015111,618554fca77aa7604c32,stochastic,150,300,150-step training / 300-step held-out evaluation,615353400,1,332.33217309997417,balanced_agentic,200,0.0,0.9072681451812861,0.8506964251146956,0.7,1.0,0.09273185481871396,0.1493035748853043,0.18622808429167395,18.546370963742792,0.09273185481871396,0.045140389174194474,0.002256658240832352,0.002853592730313047,0.009908453156873474,0.011696328945729702,0.14072590750224012,0.19774334175916758,0.21713225112577367,0.8544245168441171,0.9106658130104556,0.39898333333333336,0.45819209795874877,0.5389543093109382,0.0,0.0,92.57552031301967,105.81625471698113,112.22873706634205,109.32986460625008,2.4880525118167918,2.132367810095269,2.115152392968452,0.08508870953441504,35302331.81204317,33220507.530543506,0.028305763880048785,1.9559233802585445,0.6891122994774012,0.6232801475654363,0.0,0.13822513954537732,0.15610961151821362,91.29989216972554,0.17734176178610447,,,,,0.1868513448743736,0.09273185481871396,0.24248986439540832,0.9979333333333333,0.016083333333333335,0.002,0.9781,0.13628,0.7257333333333332,0.05930583333333333,0.0651062271062271,1929.9326087848253,2788.5786134493896,91.41036480574894,92.26300612634397,0.0023333333333333335,0.22498001794289635,0.7377979166666667,2.8355864153306004e-08,1.0,0.12479999999999998,0.09313333333333333,0.024681756876973972,0.022217188200746637,0.0,0.17147585538287488,0.07153175990934106,0.02375971494585862,0.048197033958791546,0.06958587777661865,0.021785395321137626,0.021388843817827095,0.02088333333333333,0.14337087046889893,0.42950074375120934,9.614694564962261e-05,0.9274144853680795,0.01667416838427888,0.053825917126522835,0.0019892821754691147,7.561466446865021e-05,0.9483512834147192,0.011524294482964563,0.03824334685051748,0.001805460587330194,0.0001169548279202725,0.9061966564751763,0.021893168109771915,0.0696176494196558,0.002175571167475672,,,,,,0.10040578398864163,5.08,1.0,0.06281369587303248,0.08909584946600434,0.05
balanced_agentic,mixed_stress,Intent-PPO-CMDP-FullPolicy-NoShield,Intent-PPO-CMDP,15,1481178426,1997781942,1596015111,618554fca77aa7604c32,stochastic,150,300,150-step training / 300-step held-out evaluation,615353400,1,332.33217309997417,balanced_agentic,200,0.0,0.8876064099913876,0.8156316127006851,0.485,1.0,0.11239359000861249,0.18436838729931487,0.22406249456819669,22.4787180017225,0.11239359000861249,0.022647140345757433,-0.008286192068800753,0.033527886877593616,0.05293445317717161,0.05970469799076816,0.14253646351604132,0.20780632411067196,0.21866600889497398,0.8537274019405173,0.9043497194331807,0.3974333333333333,0.4457139908872277,0.5207581222351788,0.0,0.0,91.6192922705714,103.83621134020618,106.04563157894735,105.65236479548385,2.422457487853378,2.0992864830516678,2.0772296510133925,0.08682528044286628,35172866.594439626,33342839.918775916,0.02841289627534643,1.8918201965134906,0.6844996252281905,0.6131154482376671,0.0,0.1345809715474099,0.15357795721715678,84.01938982694887,0.1945559227818574,,,,,0.24268241381230118,0.11239359000861249,0.2650401348413402,0.9765999999999999,0.0161,0.023333333333333334,0.9759166666666667,0.13519916666666665,0.0,0.0,0.07575824175824175,1865.9332646061603,2722.1243772941884,90.06723760108089,91.17321078859463,0.020809523809523812,0.2293474424374679,0.737395138888889,2.8463091678062475e-08,1.0,0.15599999999999997,0.11533333333333332,0.024703944438560877,0.022241215569204574,0.0,0.1716577067445575,0.07136983943970138,0.02408727542045243,0.04771157326464203,0.04771157326464203,0.0,0.0,0.0,0.17165770673448016,0.5142405320687484,9.378865843058301e-05,0.9072034474106713,0.01623523173933303,0.052380256771112715,0.02408727542045243,7.434407147014493e-05,0.9325252257732258,0.011336772099111101,0.03757672858806624,0.018486929468126714,0.00011349424655827528,0.8815417794056662,0.021199442515665322,0.0673824900304417,0.02976279380166843,,,,,,0.130630961626044,15.665,1.0,0.07124552121542602,0.13114031431477868,0.05
