intent,scenario,scheme,checkpoint_source_scheme,seed,env_seed,evaluation_seed,policy_seed,policy_fingerprint,evaluation_action_mode,training_steps,evaluation_steps,terminal_drain_steps,terminal_drain_auto_extend,terminal_drain_max_steps,terminal_drain_rng_replay_preserved,effective_environment_steps,terminal_drain_enabled,horizon_protocol,evaluation_action_sampling_seed,universal_training_reused,train_time_s,intent_name,episodes,intent_satisfaction_rate,soft_intent_compliance_score,soft_intent_compliance_p05,relaxed_intent_satisfaction_rate,intent_violation_rate,weighted_violation_mean,weighted_violation_p95,weighted_violation_cvar95,intent_regret_auc,positive_violation_mean,reliability_safety_margin_mean,reliability_safety_margin_p05,blocking_mean,blocking_p95,blocking_cvar95,interruption_mean,interruption_p95,interruption_cvar95,deadline_exposure_mean,deadline_exposure_cvar95,deadline_miss_proxy_mean,service_success_rate_mean,unfinished_rate_mean,right_censored_rate_mean,pending_after_deadline_rate_mean,measurement_service_success_rate_mean,measurement_deadline_exposure_mean,measurement_unfinished_rate_mean,measurement_right_censored_rate_mean,measurement_blocking_mean,measurement_throughput_mean_mbps,drain_added_completions_mean,drain_added_deadline_exposures_mean,drain_removed_unfinished_requests_mean,terminal_drain_requested_steps_mean,terminal_drain_actual_steps_mean,terminal_drain_actual_steps_max,terminal_drain_extension_steps_mean,terminal_drain_extension_steps_max,terminal_total_steps_mean,max_realized_device_deadline_steps_mean,max_realized_device_deadline_steps_max,measurement_rng_stream_preserved,request_conservation_error_max_abs,shield_override_rate_mean,delay_mean_ms,delay_p95_ms,delay_p99_ms,delay_cvar95_ms,throughput_mean_mbps,throughput_p05_mbps,throughput_cvar_low10_mbps,throughput_stability_cv,energy_eff_mean_bpj,energy_eff_p05_bpj,energy_per_mbit_j,energy_delay_product,fairness_mean,fairness_p05,fairness_deficit_mean,utilization_mean,utilization_p95,reward_mean,reward_stability_cv,qmax_terminal,qmax_oscillation_std,lambda_pressure_mean,lambda_terminal_pressure,action_entropy_norm,dynamic_violation_mean,dynamic_violation_step_cvar95,grant_like_action_rate,preempt_action_rate,deny_action_rate,feasibility_filter_active_rate,feasibility_filtered_action_fraction,shield_filter_active_rate,shield_filtered_action_fraction,shock_action_shift_l1,shock_throughput_bits_mean,pre_shock_throughput_bits_mean,shock_delay_ms_mean,pre_shock_delay_ms_mean,shock_block_rate,shock_interruption_rate,queue_load_mean,energy_per_delivered_bit_step,intent_switch_active,intent_action_shift_l1,intent_mode_shift_l1,counterfactual_intent_policy_l1,counterfactual_mode_policy_l1,counterfactual_argmax_change_rate,frozen_policy_entropy_norm,pre_mask_reject_probability,feasible_reject_probability,physical_infeasible_probability_mass,pre_mask_unsafe_probability_mass,shield_filtered_probability_mass,shield_filtered_raw_probability_mass,actual_shield_prevention_rate,stochastic_action_entropy,stochastic_action_entropy_nats,policy_mode_prob_defer,policy_mode_prob_grant,policy_mode_prob_protect,policy_mode_prob_coexist,policy_mode_prob_reject,intent_mode_prob__balanced_agentic__defer,intent_mode_prob__balanced_agentic__grant,intent_mode_prob__balanced_agentic__protect,intent_mode_prob__balanced_agentic__coexist,intent_mode_prob__balanced_agentic__reject,intent_mode_prob__reliability_first__defer,intent_mode_prob__reliability_first__grant,intent_mode_prob__reliability_first__protect,intent_mode_prob__reliability_first__coexist,intent_mode_prob__reliability_first__reject,intent_mode_prob__latency_critical__defer,intent_mode_prob__latency_critical__grant,intent_mode_prob__latency_critical__protect,intent_mode_prob__latency_critical__coexist,intent_mode_prob__latency_critical__reject,post_switch_violation_mean,switch_adaptation_time_steps,switch_adaptation_success,switch_pre_violation_reference,switch_post_violation_reference,switch_settling_band
balanced_agentic,admission_pressure,MaxWeight,MaxWeight,11,471540437,1073362871,324872104,,stochastic,150,300,250,1,500,1,800,1,150-step training / 300-step arrival window + >= 250-step no-arrival drain adaptively extended to cohort maturity (cap 500),2089389071,0,1.5700003132224083e-05,balanced_agentic,200,0.0,0.8873710677232816,0.8753440450350455,0.035,1.0,0.11262893227671833,0.12465595496495452,0.12895046383372927,22.525786455343667,0.11262893227671833,0.0589495244241027,0.052376595345345354,0.0,0.0,0.0,0.12436840091049978,0.14762340465465465,0.15698689394201715,0.9732041392149846,0.9913280790375947,,0.7140697021515443,0.2859302978484557,0.0,0.2859302978484557,0.4027868627440397,0.7824026503979278,0.5972131372559604,0.19080148881705689,0.0,1.8457308357108824,53.42,32.87,53.42,250.0,250.03,252.0,0.03,2.0,550.03,252.0,252.0,1.0,0.0,,143.80554592442132,158.67059999999998,162.75399769585252,162.1488664363106,1.8457308357108824,1.6895475285615038,1.6754932033168246,0.054563332544773475,17979706.93270645,16980173.2076783,0.05563251014637139,7.533325369488359,0.5427815418528533,0.4942627899018442,0.001121922763453197,0.1025406019839379,0.11133865164972596,-179.40376681748054,0.1498629848893208,,,,,,,,,,,,,,,,,,,,,,,,,,,,,,,,,,,,,,,,,,,,,,,,,,,,,,,,,,,,,,,,,
balanced_agentic,admission_pressure,PPO,PPO,11,471540437,1073362871,1897045420,b9c1e1a3273f0ff06c77,stochastic,150,300,250,1,500,1,800,1,150-step training / 300-step arrival window + >= 250-step no-arrival drain adaptively extended to cohort maturity (cap 500),2089389071,1,259.96485530002974,balanced_agentic,200,0.0,0.9653697562410015,0.9503148590083578,1.0,1.0,0.03463024375899851,0.04968514099164222,0.052203340438446565,6.926048751799701,0.03463024375899851,0.05021065871429732,0.03168440031488867,0.00037125821199320333,0.005494505494505495,0.00626139075569265,0.1465130293163605,0.1683155996851113,0.17576254444637768,0.8174536073508701,0.8884181510790933,,0.9996287417880068,0.0,0.0,0.0,0.6147052269767134,0.7568931850148385,0.38523982796834155,0.10558464726800804,5.494505494505495e-05,2.5233513367283327,66.66,10.545,66.715,250.0,250.0,250.0,0.0,0.0,550.0,252.0,252.0,1.0,0.0,,120.26092267793652,142.35006793678923,152.02731135531135,148.3630276596619,2.5233513367283327,2.2361506849484747,2.2481656982501734,0.06323966964153263,33618475.40882535,32506355.110229846,0.029743804348894266,4.13631857956535,0.722273180067429,0.6698248773385975,0.0,0.14018618537379626,0.15535863495956614,40.63766784477425,0.40447278311140467,,,,,,,,,,,,,,,,,,,,,,,,,,,,,,,,,,,,,,,,,,,,,,,,,,,,,,,,,,,,,,,,,
balanced_agentic,admission_pressure,PPO-Lagrangian,PPO-Lagrangian,11,471540437,1073362871,1897045420,97597eec01eed730a745,stochastic,150,300,250,1,500,1,800,1,150-step training / 300-step arrival window + >= 250-step no-arrival drain adaptively extended to cohort maturity (cap 500),2089389071,1,273.0232358999783,balanced_agentic,200,0.0,0.9364899684137551,0.9125559822927288,1.0,1.0,0.06351003158624487,0.08744401770727113,0.09220699999722026,12.702006317248975,0.06351003158624487,0.05607699993936812,0.03150961225154774,0.0001515044666454659,0.0,0.0001515044666454659,0.11627786940846077,0.16849038774845226,0.1762893634231521,0.8334941803131543,0.9038260640487483,,0.8993337024468243,0.10051479308653008,0.0,0.10051479308653008,0.49890337496593645,0.7564851702017862,0.5010708518381872,0.1103352431905097,2.5773195876288658e-05,2.033140295377513,68.615,13.325,68.635,250.0,250.0,250.0,0.0,0.0,550.0,252.0,252.0,1.0,0.0,,155.46571430857765,174.8663800306364,179.61012694667295,178.6746602807609,2.033140295377513,1.808129643090632,1.7981945150165775,0.06931598134901619,34044458.57494815,31976214.83146187,0.029362130329224006,4.806733305532852,0.7120123526926903,0.649515732031565,0.0,0.11295223863208408,0.1267455595328198,-47.675647992456405,0.5185077163763686,,,,,,,,,,,,,,,,,,,,,,,,,,,,,,,,,,,,,,,,,,,,,,,,,,,,,,,,,,,,,,,,,
balanced_agentic,admission_pressure,PPO_CMDP,PPO_CMDP,11,471540437,1073362871,1897045420,3e02143445d692cb208a,stochastic,150,300,250,1,500,1,800,1,150-step training / 300-step arrival window + >= 250-step no-arrival drain adaptively extended to cohort maturity (cap 500),2089389071,1,273.6423236000119,balanced_agentic,200,0.0,0.9631332640625107,0.9382306508237352,1.0,1.0,0.0368667359374893,0.06176934917626475,0.0686135602892316,7.37334718749786,0.0368667359374893,-0.005207549639438758,-0.03063659267084625,0.0007168863315976125,0.005813953488372093,0.0075152706745208854,0.20520754963943877,0.23063659267084624,0.23572510820832737,0.8084033371665794,0.8750285242031299,,0.9992831136684024,0.0,0.0,0.0,0.6857809293135421,0.7499654626126617,0.3137083769232904,0.1206330383994326,0.0005106937631676124,2.8416903322436853,54.56,10.17,54.595,250.0,250.0,250.0,0.0,0.0,550.0,252.0,252.0,1.0,0.0,,98.5711373793059,117.54404145077719,123.48096774193547,121.68394707405105,2.8416903322436853,2.5796545357883374,2.55931676078266,0.05609228536421573,31101929.548422184,30014392.167660963,0.03215413773601176,3.670795923133286,0.7277589366752721,0.6678644506661782,0.0,0.1578716851246492,0.1724876194420341,47.941130666588485,0.31020559482515886,,,,,,,,,,,,,,,,,,,,,,,,,,,,,,,,,,,,,,,,,,,,,,,,,,,,,,,,,,,,,,,,,
balanced_agentic,admission_pressure,Intent-PPO-CMDP-NoRisk,Intent-PPO-CMDP-NoRisk,11,471540437,1073362871,1897045420,7d2ee40999bb1a6afe16,stochastic,150,300,250,1,500,1,800,1,150-step training / 300-step arrival window + >= 250-step no-arrival drain adaptively extended to cohort maturity (cap 500),2089389071,1,275.69379829999525,balanced_agentic,200,0.0,0.9417855563280614,0.9194977228126683,1.0,1.0,0.058214443671938516,0.08050227718733155,0.08568023895407674,11.642888734387704,0.058214443671938516,0.056988462480380433,0.043029862121527075,0.00021570186276571597,0.0,0.00021570186276571597,0.11202884631484283,0.15697013787847292,0.17314318989778596,0.8205493950880473,0.8872818953523766,,0.9224754294240288,0.07730886871320543,0.0,0.07730886871320543,0.5183237449300698,0.7549310635657785,0.48161616845859856,0.09812972488803773,6.008661133164922e-05,2.0638287744542634,68.47,11.245,68.495,250.0,250.0,250.0,0.0,0.0,550.0,252.0,252.0,1.0,0.0,,150.9606222619785,172.0069858351729,183.72331377551018,178.51860965023874,2.0638287744542634,1.8254352055845535,1.8154884426949298,0.06898910956901957,34126091.978412434,32015970.282314755,0.029290655801254492,4.690005761362618,0.715205329857153,0.6590492375222555,0.0,0.11465715413634797,0.1280503781998517,-39.83417959918847,0.65537305852634,,,,,,,,,,,,,,,,,,,,,,,,,,,,,,,,,,,,,,,,,,,,,,,,,,,,,,,,,,,,,,,,,
balanced_agentic,admission_pressure,Intent-PPO-CMDP,Intent-PPO-CMDP,11,471540437,1073362871,1897045420,b12c9f3440d9c22ff923,stochastic,150,300,250,1,500,1,800,1,150-step training / 300-step arrival window + >= 250-step no-arrival drain adaptively extended to cohort maturity (cap 500),2089389071,1,319.3185737999738,balanced_agentic,200,0.0,0.942058276981404,0.9279944609579841,1.0,1.0,0.057941723018595966,0.07200553904201591,0.07592360944715285,11.588344603719193,0.057941723018595966,0.01941396629305069,0.0025227176987422505,0.04050956768372746,0.057477282301257746,0.05853735323945537,0.10883051614937851,0.14571441367977558,0.15805233559939855,0.8415468569892482,0.9119705959990505,,0.9430597141201408,0.016430718196131785,0.0,0.016430718196131785,0.5319244987907166,0.7856923684148666,0.42962995014937483,0.07719339757312924,0.038445551059908586,2.1626966513676233,70.465,9.61,70.825,250.0,250.0,250.0,0.0,0.0,550.0,252.0,252.0,1.0,0.0,,139.9178856733622,162.3081610608261,170.50275280898873,167.98229312086386,2.1626966513676233,1.9451041963046192,1.9389814322601537,0.05794917114840314,33888956.54641866,32324807.182611864,0.029498926864031234,4.5566323206783865,0.709433715662305,0.6474996037692126,0.0,0.12014981396486796,0.13044157230010336,-4.2411534174292065,6.127423309856887,,,,,,,,,,,,,,,,,,,,,,,,,,,,,,,,,,,,,,,,,,,,,,,,,,,,,,,,,,,,,,,,,
balanced_agentic,admission_pressure,Intent-PPO-CMDP-FullPolicy-NoShield,Intent-PPO-CMDP,11,471540437,1073362871,1897045420,b12c9f3440d9c22ff923,stochastic,150,300,250,1,500,1,800,1,150-step training / 300-step arrival window + >= 250-step no-arrival drain adaptively extended to cohort maturity (cap 500),2089389071,1,319.3185737999738,balanced_agentic,200,0.0,0.7726787217505562,0.753634742762047,0.0,1.0,0.6269096908190771,0.8371629965347341,0.9045217001518733,125.38193816381542,0.6269096908190771,-0.2134419504267392,-0.292022212558124,0.2734419504267392,0.352022212558124,0.3738752934810022,0.12344976003200107,0.1597425837979214,0.1706112667335817,0.828646122487003,0.9027575134526958,,0.7262107085386915,0.0003473410345692954,0.0,0.0003473410345692954,0.45686897638582197,0.7843952608225127,0.36285159620776297,0.06772354960061328,0.180279427406415,1.8898241155157107,46.8,7.695,62.965,250.0,250.0,250.0,0.0,0.0,550.0,252.0,252.0,1.0,0.0,,116.54513060212498,144.71100154878678,148.66533594624858,149.43498284536716,1.8898241155157107,1.6819522316893727,1.650738082044218,0.07460746129491351,33080343.067263193,31541666.938851237,0.030215258215028167,3.0702308514913357,0.6909643237694125,0.614938992592797,0.0,0.10499022863976169,0.11826212381328398,-20.47130952366929,1.590630162664168,,,,,,,,,,,,,,,,,,,,,,,,,,,,,,,,,,,,,,,,,,,,,,,,,,,,,,,,,,,,,,,,,
balanced_agentic,admission_pressure,MaxWeight,MaxWeight,12,1729653623,2128646545,1595595704,,stochastic,150,300,250,1,500,1,800,1,150-step training / 300-step arrival window + >= 250-step no-arrival drain adaptively extended to cohort maturity (cap 500),1135844060,0,1.309998333454132e-05,balanced_agentic,200,0.0,0.8948119844233421,0.8833222444334289,0.23,1.0,0.10518801557665788,0.11667775556657106,0.12164168824783635,21.037603115331578,0.10518801557665788,0.058778345703331604,0.05290580149585608,0.0,0.0,0.0,0.12400086559756902,0.14709419850414393,0.15693980442142372,0.970871145762175,0.9881109532959191,,0.698358081343553,0.3016419186564469,0.0,0.3016419186564469,0.39915461384102413,0.7773792014367615,0.6008453861589759,0.19349194432541364,0.0,1.9557075189724105,51.385,33.38,51.385,250.0,251.02,278.0,1.02,28.0,551.02,278.0,278.0,1.0,0.0,,140.64468603646569,154.61997161394973,158.89198742911793,158.2436567246056,1.9557075189724105,1.773129741277974,1.76302175600612,0.06191370352792414,14452911.915243285,13686285.209552225,0.06919183492642263,9.632712164962633,0.5375636760964589,0.49814539309280975,0.0009037058600948967,0.1086504177206895,0.12048957495013266,-175.44902289081583,0.14270166617022176,,,,,,,,,,,,,,,,,,,,,,,,,,,,,,,,,,,,,,,,,,,,,,,,,,,,,,,,,,,,,,,,,
balanced_agentic,admission_pressure,PPO,PPO,12,1729653623,2128646545,1621075116,2fb07c1ee95b181950c4,stochastic,150,300,250,1,500,1,800,1,150-step training / 300-step arrival window + >= 250-step no-arrival drain adaptively extended to cohort maturity (cap 500),1135844060,1,284.739809300052,balanced_agentic,200,0.005,0.9697989318407741,0.9530504036669206,1.0,0.995,0.030201068159225998,0.04694959633307926,0.05205098433566517,6.0402136318452,0.03035283232083015,0.05728614957346236,0.045057018538758195,0.0005379580731857516,0.0059189208227669755,0.006799448898476818,0.12118373110467953,0.1549429814612418,0.16573790700786611,0.7944320531465615,0.870031152552707,,0.9863553773269013,0.013106664599912957,0.0,0.013106664599912957,0.5734558545162524,0.7380210911647856,0.42628483630388153,0.10637085473851095,0.0002593091798660189,2.454326879854371,70.66,9.685,70.705,250.0,250.0,250.0,0.0,0.0,550.0,278.0,278.0,1.0,0.0,,133.1374977930439,160.05853937728935,169.91987875253238,166.6638272565438,2.454326879854371,2.25458882463933,2.2388674787258243,0.05578190399791932,28781242.769291673,27118238.994667355,0.03473979901218942,5.558148159241372,0.7214113020448565,0.6533919951264701,0.0,0.13635149332524285,0.14910764892906056,10.383836467881487,2.7256020343352616,,,,,,,,,,,,,,,,,,,,,,,,,,,,,,,,,,,,,,,,,,,,,,,,,,,,,,,,,,,,,,,,,
balanced_agentic,admission_pressure,PPO-Lagrangian,PPO-Lagrangian,12,1729653623,2128646545,1621075116,5ff4062933b4dfa3978e,stochastic,150,300,250,1,500,1,800,1,150-step training / 300-step arrival window + >= 250-step no-arrival drain adaptively extended to cohort maturity (cap 500),1135844060,1,266.70855040004244,balanced_agentic,200,0.0,0.9407585163373817,0.9223328722129327,1.0,1.0,0.059241483662618215,0.07766712778706729,0.08102920980028219,11.848296732523643,0.059241483662618215,0.058494456124463586,0.05350222146274777,0.0014939756072540455,0.00649777853725222,0.0087843960935276,0.0702552499368255,0.1067229649949697,0.12002350919074833,0.8405485028870455,0.9101704195310593,,0.9559168550769976,0.042589169315748236,0.0,0.042589169315748236,0.48858035005201395,0.7617098534460617,0.5108620338401261,0.11599606752778341,0.0005576161078599726,2.136562682354994,79.47,13.595,79.625,250.0,250.18,273.0,0.18,23.0,550.18,278.0,278.0,1.0,0.0,,164.51238759557884,181.78934370038965,184.64229643881364,184.97606256953267,2.136562682354994,1.9104057886420824,1.8922397738184056,0.07099933076269693,28946037.19818075,27369286.808257118,0.03454643189740774,6.728855467618906,0.7221419921826845,0.6506779390208838,0.0,0.11869792679749964,0.13274209248320823,-16.129583310837486,1.270083641273652,,,,,,,,,,,,,,,,,,,,,,,,,,,,,,,,,,,,,,,,,,,,,,,,,,,,,,,,,,,,,,,,,
balanced_agentic,admission_pressure,PPO_CMDP,PPO_CMDP,12,1729653623,2128646545,1621075116,c2c338dd9800f45e9834,stochastic,150,300,250,1,500,1,800,1,150-step training / 300-step arrival window + >= 250-step no-arrival drain adaptively extended to cohort maturity (cap 500),1135844060,1,270.83158040000126,balanced_agentic,200,0.005,0.9592371209481957,0.9317928867736933,1.0,0.995,0.04076287905180436,0.06820711322630656,0.07215046814461673,8.152575810360872,0.04096771764000439,-0.014255556027617357,-0.039981674441547814,8.793500948613801e-05,0.0,8.793500948613801e-05,0.21425555602761737,0.23998167444154778,0.24696752060833593,0.7996394131800335,0.8664499914841798,,0.9999120649905138,0.0,0.0,0.0,0.6985595018411176,0.7435444856874437,0.30144049815888235,0.12495289080991269,0.0,3.0268659400992908,51.43,9.575,51.445,250.0,250.0,250.0,0.0,0.0,550.0,278.0,278.0,1.0,0.0,,94.23877049775302,115.45304227304227,119.19722513089003,118.37222422417808,3.0268659400992908,2.7831042958326573,2.7665124998522743,0.04861640815165529,25342407.644150507,24348459.43375733,0.0394619944807048,4.504935267442442,0.7197468182945508,0.6538210394337854,0.0,0.16815921889440502,0.1804925167827401,55.536947099776874,0.26969268693063764,,,,,,,,,,,,,,,,,,,,,,,,,,,,,,,,,,,,,,,,,,,,,,,,,,,,,,,,,,,,,,,,,
balanced_agentic,admission_pressure,Intent-PPO-CMDP-NoRisk,Intent-PPO-CMDP-NoRisk,12,1729653623,2128646545,1621075116,53b75815fc19ab3c700d,stochastic,150,300,250,1,500,1,800,1,150-step training / 300-step arrival window + >= 250-step no-arrival drain adaptively extended to cohort maturity (cap 500),1135844060,1,267.30905749998055,balanced_agentic,200,0.0,0.9657347606630663,0.9513031581316918,1.0,1.0,0.0342652393369337,0.04869684186830815,0.05247932761700571,6.85304786738674,0.0342652393369337,0.05494004383257248,0.03556842032512341,0.00026567731352906065,0.0,0.00026567731352906065,0.1344329229897289,0.1644315796748766,0.17145305638684533,0.813930643778534,0.8790193815806038,,0.9971197470466078,0.002614575639863267,0.0,0.002614575639863267,0.5698310197953873,0.7495821469325228,0.4301078913751415,0.1168882412799751,6.108882947118241e-05,2.485216346127445,73.205,11.075,73.24,250.0,250.035,257.0,0.035,7.0,550.035,278.0,278.0,1.0,0.0,,134.1411586121262,159.80144385026736,169.90199862637357,168.01756086744527,2.485216346127445,2.2486116516205477,2.2361712887818945,0.05614642722627203,28493193.959047243,27172754.95130381,0.035093415287828354,5.7407176373590785,0.7201380634632304,0.6547910601058763,0.0,0.138067574784858,0.15122166329365477,19.01236244865421,1.327360107267963,,,,,,,,,,,,,,,,,,,,,,,,,,,,,,,,,,,,,,,,,,,,,,,,,,,,,,,,,,,,,,,,,
balanced_agentic,admission_pressure,Intent-PPO-CMDP,Intent-PPO-CMDP,12,1729653623,2128646545,1621075116,fc604e43c5d11a5118bd,stochastic,150,300,250,1,500,1,800,1,150-step training / 300-step arrival window + >= 250-step no-arrival drain adaptively extended to cohort maturity (cap 500),1135844060,1,320.63457950000884,balanced_agentic,200,0.0,0.9193881799603156,0.8938029472709315,0.855,1.0,0.0806118200396843,0.10619705272906864,0.11433937988802349,16.12236400793686,0.0806118200396843,-0.058219021666703,-0.07789327763572572,0.02497390117108353,0.04600374231488906,0.05202353517919388,0.258219021666703,0.27789327763572574,0.2820288695125811,0.8032498766813353,0.8905047125292903,,0.9750260988289164,0.0,0.0,0.0,0.7194000176754041,0.7393964080396518,0.25972653192147965,0.1204903340619139,0.020873450403116233,3.1728927759291436,44.525,11.095,45.23,250.0,250.0,250.0,0.0,0.0,550.0,278.0,278.0,1.0,0.0,,79.8733965359698,107.57445201694603,118.31960294117644,115.59811806970144,3.1728927759291436,2.9214759760573683,2.9056195875831783,0.044843361769918,22226683.515369546,21223317.392528612,0.04495901474387166,4.35490914959745,0.7100999570251397,0.6518055726639068,0.0,0.17627182088495238,0.18942204115590486,36.956031473572374,0.4971722189759038,,,,,,,,,,,,,,,,,,,,,,,,,,,,,,,,,,,,,,,,,,,,,,,,,,,,,,,,,,,,,,,,,
balanced_agentic,admission_pressure,Intent-PPO-CMDP-FullPolicy-NoShield,Intent-PPO-CMDP,12,1729653623,2128646545,1621075116,fc604e43c5d11a5118bd,stochastic,150,300,250,1,500,1,800,1,150-step training / 300-step arrival window + >= 250-step no-arrival drain adaptively extended to cohort maturity (cap 500),1135844060,1,320.63457950000884,balanced_agentic,200,0.0,0.8029931857333898,0.7425820396011211,0.045,1.0,0.21176201814356432,0.32162630485846283,0.3429525858563357,42.352403628712864,0.21176201814356432,-0.06678211429732951,-0.09063042869151024,0.109865107234573,0.14840533030188202,0.15734697782400728,0.260389259044894,0.2861958781219149,0.2894987612664908,0.8001942434706055,0.8847863822316733,,0.890134892765427,0.0,0.0,0.0,0.6833398418563936,0.7437717659322917,0.22513390424255675,0.1094526178785922,0.09152625390104965,3.0007309916792657,35.57,9.68,38.745,250.0,250.0,250.0,0.0,0.0,550.0,278.0,278.0,1.0,0.0,,71.75967252550372,91.86010147779449,95.86967296996659,96.12138453246547,3.0007309916792657,2.752813759309044,2.737255190116665,0.04745696932854969,21916953.36985586,20924388.624643564,0.045602148752846516,3.6326561475231016,0.6978333186554474,0.6369598346274298,0.0,0.16670727731551474,0.17897253937692736,33.18318607687032,0.42460784294268633,,,,,,,,,,,,,,,,,,,,,,,,,,,,,,,,,,,,,,,,,,,,,,,,,,,,,,,,,,,,,,,,,
balanced_agentic,admission_pressure,MaxWeight,MaxWeight,13,1025721121,372372750,1114110388,,stochastic,150,300,250,1,500,1,800,1,150-step training / 300-step arrival window + >= 250-step no-arrival drain adaptively extended to cohort maturity (cap 500),1358629507,0,1.0899966582655907e-05,balanced_agentic,200,0.0,0.8977342146751672,0.8847678977551643,0.335,1.0,0.1022657853248327,0.11523210224483571,0.11892410089057341,20.45315706496654,0.1022657853248327,0.05751148149946132,0.04511009083728278,0.0,0.0,0.0,0.12990190190753587,0.1548899091627172,0.16455225819211852,0.9633369595714946,0.9874351356009587,,0.7576399894425063,0.24236001055749365,0.0,0.24236001055749365,0.4250957087889348,0.7686552855965135,0.5749042912110651,0.19475272461746035,0.0,1.9690462987048665,54.985,32.4,54.985,250.0,261.425,326.0,11.425,76.0,561.425,326.0,326.0,1.0,0.0,,143.4575062563144,176.27366576209857,185.78031015037595,182.87647958468736,1.9690462987048665,1.7851738266761321,1.7742842958641039,0.05924308801161491,16448165.559844658,15546059.495884731,0.06080663291044439,8.677834450508502,0.5647803980297783,0.5022161143198959,0.0007482762124518261,0.10939146103915925,0.12013906004242961,-198.1722171903146,0.20034392992544112,,,,,,,,,,,,,,,,,,,,,,,,,,,,,,,,,,,,,,,,,,,,,,,,,,,,,,,,,,,,,,,,,
balanced_agentic,admission_pressure,PPO,PPO,13,1025721121,372372750,535536204,3cabdc2e2c3a75659a16,stochastic,150,300,250,1,500,1,800,1,150-step training / 300-step arrival window + >= 250-step no-arrival drain adaptively extended to cohort maturity (cap 500),1358629507,1,262.1022107999888,balanced_agentic,200,0.0,0.8981598567539097,0.8747957129838981,0.45,1.0,0.10184014324609013,0.12520428701610184,0.1311812543129681,20.368028649218026,0.10184014324609013,-0.08666382340940208,-0.10764365871240762,0.0011981012094691885,0.00625,0.0074429101802981614,0.2866638234094021,0.3076436587124076,0.31167288478947397,0.7890843216795457,0.8563454695434827,,0.9988018987905309,0.0,0.0,0.0,0.7535623984029662,0.738711132743382,0.24622268802877245,0.09699827025278798,0.00021491356826134603,3.07994194864842,41.775,8.55,41.94,250.0,250.0,250.0,0.0,0.0,550.0,326.0,326.0,1.0,0.0,,78.17778067377998,99.86672288455947,117.77082783882781,110.45062206648922,3.07994194864842,2.877818047168594,2.86151854084717,0.03954690002321108,23833424.63377745,22943919.563102506,0.04195498851797732,3.8209175217080547,0.7169481019857858,0.6604158181653067,0.0,0.17110788603602334,0.18223943355654917,16.49133667422792,1.223198574211499,,,,,,,,,,,,,,,,,,,,,,,,,,,,,,,,,,,,,,,,,,,,,,,,,,,,,,,,,,,,,,,,,
balanced_agentic,admission_pressure,PPO-Lagrangian,PPO-Lagrangian,13,1025721121,372372750,535536204,454f28c68eb87e33907f,stochastic,150,300,250,1,500,1,800,1,150-step training / 300-step arrival window + >= 250-step no-arrival drain adaptively extended to cohort maturity (cap 500),1358629507,1,254.03850810002768,balanced_agentic,200,0.0,0.9699408654850359,0.9561688311688311,1.0,1.0,0.03005913451496399,0.043831168831168846,0.047536058553839376,6.011826902992798,0.03005913451496399,0.023573200062307464,-4.0431266846359916e-05,0.0005442092622163702,0.005790730677373573,0.007069011925482549,0.17642679993769256,0.20004043126684637,0.2083290397583625,0.8101249479549515,0.8742459087851348,,0.9994557907377836,0.0,0.0,0.0,0.6635031276679993,0.7516104472600514,0.33634230477274357,0.11783395357009933,0.00015456755925703883,2.760588433443897,56.935,9.93,57.0,250.0,250.0,250.0,0.0,0.0,550.0,326.0,326.0,1.0,0.0,,104.35099022487961,125.51383333333332,143.74301968552678,136.61210427061386,2.760588433443897,2.508841707250172,2.488505617746143,0.051396638200578514,28440220.342125036,27053034.0556929,0.035143499231397056,4.269161712790521,0.7153470183829884,0.6501298991759721,0.0,0.15336602408021652,0.16574460682183548,45.628569942600706,0.3948660812127298,,,,,,,,,,,,,,,,,,,,,,,,,,,,,,,,,,,,,,,,,,,,,,,,,,,,,,,,,,,,,,,,,
balanced_agentic,admission_pressure,PPO_CMDP,PPO_CMDP,13,1025721121,372372750,535536204,a070e26e29e031606ad8,stochastic,150,300,250,1,500,1,800,1,150-step training / 300-step arrival window + >= 250-step no-arrival drain adaptively extended to cohort maturity (cap 500),1358629507,1,277.9400926999515,balanced_agentic,200,0.025,0.977516395100156,0.9614766345046083,1.0,0.975,0.02248360489984391,0.03852336549539171,0.04438154319115767,4.4967209799687815,0.023060107589583496,0.0398061336609927,0.011396379715229114,0.0004212336194952616,0.00529967907017087,0.007414802630035471,0.15847747664980544,0.18860362028477087,0.19868608669695256,0.781852729894542,0.8656910945803219,,0.999000942462641,0.0005778239178636413,0.0,0.0005778239178636413,0.6624670234669514,0.732181869643342,0.33740857152880127,0.09504714944421946,0.00012440500424727697,2.6932976630069785,56.795,8.395,56.845,250.0,250.0,250.0,0.0,0.0,550.0,326.0,326.0,1.0,0.0,,102.58870924679506,125.50900323027226,141.75393861892582,132.47099101613375,2.6932976630069785,2.464829820268402,2.448300202060123,0.05180836181859949,30693432.076483008,28975929.653448816,0.0325685965267543,3.882280515082989,0.7135518079945284,0.6582596417891499,0.0,0.1496276479448321,0.16384291680892296,42.34690262769768,0.6102977707310904,,,,,,,,,,,,,,,,,,,,,,,,,,,,,,,,,,,,,,,,,,,,,,,,,,,,,,,,,,,,,,,,,
balanced_agentic,admission_pressure,Intent-PPO-CMDP-NoRisk,Intent-PPO-CMDP-NoRisk,13,1025721121,372372750,535536204,4606dec7f3efe1c94a9c,stochastic,150,300,250,1,500,1,800,1,150-step training / 300-step arrival window + >= 250-step no-arrival drain adaptively extended to cohort maturity (cap 500),1358629507,1,283.62103929999284,balanced_agentic,200,0.0,0.9277886151977893,0.898651820946683,0.935,1.0,0.07221138480221061,0.10134817905331685,0.10543491502255123,14.442276960442122,0.07221138480221061,-0.06446746820482357,-0.0890664076026317,0.0002988020119340092,0.00025641025641016897,0.005976040238680184,0.2644674682048236,0.2890664076026317,0.29313717909534,0.7451080519545008,0.8368017015096907,,0.9997011979880661,0.0,0.0,0.0,0.8063264842417439,0.6993905732664888,0.19340412551102787,0.1018674738266546,0.00026939024722812685,3.2803845847533393,33.07,7.795,33.075,250.0,250.0,250.0,0.0,0.0,550.0,326.0,326.0,1.0,0.0,,65.09837292742004,83.72512649025877,92.15432260596545,88.99408027722865,3.2803845847533393,3.037966723143486,3.022255422828686,0.04831268511986625,24645368.53185393,23627166.75268793,0.040551454783837336,3.084318377375042,0.7124681562906353,0.6434743177324718,0.0,0.18224358804185214,0.19768842629885164,49.37841669969384,0.25695215210808975,,,,,,,,,,,,,,,,,,,,,,,,,,,,,,,,,,,,,,,,,,,,,,,,,,,,,,,,,,,,,,,,,
balanced_agentic,admission_pressure,Intent-PPO-CMDP,Intent-PPO-CMDP,13,1025721121,372372750,535536204,09d0d30da2ff448dad2f,stochastic,150,300,250,1,500,1,800,1,150-step training / 300-step arrival window + >= 250-step no-arrival drain adaptively extended to cohort maturity (cap 500),1358629507,1,309.3859143999871,balanced_agentic,200,0.0,0.9158915154657392,0.8878758605262032,0.845,1.0,0.08410848453426073,0.11212413947379678,0.12139416729821836,16.821696906852146,0.08410848453426073,-0.05901799243344895,-0.08391508343288759,0.05420357632877106,0.05952380952380952,0.05968418677295841,0.259017992433449,0.28391508343288757,0.29180368122503364,0.8150295552867044,0.9051999505951074,,0.9457964236712288,0.0,0.0,0.0,0.7686012180434366,0.7712491403472527,0.17826396639313685,0.07981561827801557,0.05313481556342652,3.195285394789589,30.18,7.415,30.365,250.0,250.0,250.0,0.0,0.0,550.0,326.0,326.0,1.0,0.0,,65.85751154855362,84.93144350121271,91.74648759203704,90.29141361247466,3.195285394789589,2.9713367256665206,2.946261809403331,0.047434484002101505,24814559.177139673,23721349.96442916,0.0402709142055651,3.0132084484661528,0.684434126537964,0.6138801014706547,0.0,0.1775158552660883,0.19086826564978868,58.199487812848346,0.2090377379866983,,,,,,,,,,,,,,,,,,,,,,,,,,,,,,,,,,,,,,,,,,,,,,,,,,,,,,,,,,,,,,,,,
balanced_agentic,admission_pressure,Intent-PPO-CMDP-FullPolicy-NoShield,Intent-PPO-CMDP,13,1025721121,372372750,535536204,09d0d30da2ff448dad2f,stochastic,150,300,250,1,500,1,800,1,150-step training / 300-step arrival window + >= 250-step no-arrival drain adaptively extended to cohort maturity (cap 500),1358629507,1,309.3859143999871,balanced_agentic,200,0.0,0.6987806653847063,0.6299335404826202,0.0,1.0,1.1715921678394168,1.5100091161002043,1.5950375564200183,234.31843356788335,1.1715921678394168,-0.39422316795806334,-0.5040577007459413,0.45422316795806333,0.5640577007459412,0.5881304142906656,0.277963749759863,0.3059099437148218,0.31339067507000823,0.8109625424145015,0.9077452635040931,,0.5457768320419367,0.0,0.0,0.0,0.4948778362062047,0.7898928812798789,0.06493695902634389,0.036517578292422186,0.4401852047674514,2.0637449282281426,8.735,3.615,11.15,250.0,250.0,250.0,0.0,0.0,550.0,326.0,326.0,1.0,0.0,,42.576531716514666,59.58077956989247,68.9533333333333,64.79182272482117,2.0637449282281426,1.5910972629247337,1.5556173553047006,0.1527747026294282,22988865.67446041,21622981.726205207,0.043375696684611116,1.2352877805502305,0.6082481596461411,0.5351909099044849,4.611392766530664e-05,0.11465249601267459,0.14462900998094325,6.045780739860244,2.506705354298388,,,,,,,,,,,,,,,,,,,,,,,,,,,,,,,,,,,,,,,,,,,,,,,,,,,,,,,,,,,,,,,,,
balanced_agentic,admission_pressure,MaxWeight,MaxWeight,14,1103526060,1905340783,586073287,,stochastic,150,300,250,1,500,1,800,1,150-step training / 300-step arrival window + >= 250-step no-arrival drain adaptively extended to cohort maturity (cap 500),1242755345,0,1.0899966582655907e-05,balanced_agentic,200,0.0,0.9050439996642975,0.8910314151014135,0.68,1.0,0.09495600033570252,0.10896858489858643,0.11192918821961557,18.991200067140504,0.09495600033570252,0.057433614495406626,0.04301218262257224,0.0,0.0,0.0,0.13045889163354774,0.15698781737742776,0.16395408554375435,0.9576756657639041,0.9858189318222715,,0.7674293941383182,0.23257060586168188,0.0,0.23257060586168188,0.43259462501923507,0.7625886679626429,0.5674053749807649,0.19515269687374506,0.0,2.0646324776278346,57.14,33.465,57.14,250.0,254.225,276.0,4.225,26.0,554.225,277.0,277.0,1.0,0.0,,140.00349102388543,157.70169552669552,162.6288132201006,161.7008862950875,2.0646324776278346,1.8666957555454624,1.850759474911576,0.06341912141886151,19382571.149946496,18421145.34524384,0.05161046097457769,7.488442033673478,0.5727528236593034,0.5108834210127337,0.0003029436592744267,0.11470180431265746,0.1271692355565244,-178.48180850642032,0.1808114285683595,,,,,,,,,,,,,,,,,,,,,,,,,,,,,,,,,,,,,,,,,,,,,,,,,,,,,,,,,,,,,,,,,
balanced_agentic,admission_pressure,PPO,PPO,14,1103526060,1905340783,1823775964,0a65909e93fb2c778ea0,stochastic,150,300,250,1,500,1,800,1,150-step training / 300-step arrival window + >= 250-step no-arrival drain adaptively extended to cohort maturity (cap 500),1242755345,1,272.0849051999976,balanced_agentic,200,0.0,0.9391037756307226,0.9170525473691163,0.995,1.0,0.06089622436927738,0.08294745263088359,0.09134174007317214,12.179244873855476,0.06089622436927738,-0.04254633088413222,-0.06679504363961805,0.0014575902915399752,0.0063735360591740285,0.00912143164653663,0.24254633088413224,0.26679504363961803,0.2734616459306977,0.7833490892243308,0.8483267108363415,,0.9985424097084601,0.0,0.0,0.0,0.7190542018264278,0.728828001109721,0.28038566225581213,0.10853178663568251,0.0005601359177601346,3.002982931086284,48.235,9.38,48.39,250.0,250.0,250.0,0.0,0.0,550.0,277.0,277.0,1.0,0.0,,84.25812205181525,106.9412660720491,119.30852851941746,113.69730355779038,3.002982931086284,2.7416242398848203,2.7343757766593177,0.04722716346044981,26587194.247120693,25483009.285873305,0.03759391179092698,3.755963476742205,0.7109758764656593,0.653089481892258,0.0,0.16683238506034914,0.17837053361774485,31.39493816518454,0.554989890530847,,,,,,,,,,,,,,,,,,,,,,,,,,,,,,,,,,,,,,,,,,,,,,,,,,,,,,,,,,,,,,,,,
balanced_agentic,admission_pressure,PPO-Lagrangian,PPO-Lagrangian,14,1103526060,1905340783,1823775964,337f5a10e02765106fee,stochastic,150,300,250,1,500,1,800,1,150-step training / 300-step arrival window + >= 250-step no-arrival drain adaptively extended to cohort maturity (cap 500),1242755345,1,284.58887489995686,balanced_agentic,200,0.04,0.9775520024403209,0.9626644200912373,1.0,0.96,0.02244799755967889,0.03733557990876257,0.03956233064901232,4.489599511935778,0.023383330791332178,0.044119440189293445,0.01170193011821321,0.0006820678321291557,0.005920702972752718,0.007407722709241447,0.15322215604569855,0.1882980698817868,0.1979851783355203,0.7817853068737937,0.8476993677563126,,0.998789026446783,0.0005289057210877709,0.0,0.0005289057210877709,0.6374579846009677,0.7254711019058371,0.3622485645849711,0.11147358150335912,0.00029345081406120495,2.688511752581827,62.465,9.735,62.53,250.0,250.0,250.0,0.0,0.0,550.0,277.0,277.0,1.0,0.0,,109.29924302710664,132.63181818181818,143.91614898989894,140.12698925434623,2.688511752581827,2.4872575306460534,2.4757772139893763,0.04658572019493778,34180331.42747341,32344791.51252657,0.02924385099938894,3.8001905714238533,0.7137899161099394,0.6502616409861229,0.0,0.14936176403232373,0.16124611104535413,47.030521446305045,0.41748723831498047,,,,,,,,,,,,,,,,,,,,,,,,,,,,,,,,,,,,,,,,,,,,,,,,,,,,,,,,,,,,,,,,,
balanced_agentic,admission_pressure,PPO_CMDP,PPO_CMDP,14,1103526060,1905340783,1823775964,dadb88684cb84768bf3a,stochastic,150,300,250,1,500,1,800,1,150-step training / 300-step arrival window + >= 250-step no-arrival drain adaptively extended to cohort maturity (cap 500),1242755345,1,264.74071779998485,balanced_agentic,200,0.0,0.9230029643708074,0.8999612506377811,0.945,1.0,0.07699703562919244,0.10003874936221896,0.10659333371811001,15.399407125838488,0.07699703562919244,-0.0718730729796887,-0.09452524068030113,0.0006836944432875783,0.0060624538063562446,0.006932652639853909,0.2718730729796887,0.2945252406803011,0.3003687111997425,0.7326627371062545,0.8122411488197644,,0.9993163055567124,0.0,0.0,0.0,0.8015541240047942,0.6868960782484763,0.19822979758289655,0.08427276248130428,0.0002160784123093091,3.31558263815005,34.73,7.965,34.81,250.0,250.0,250.0,0.0,0.0,550.0,277.0,277.0,1.0,0.0,,64.24400566395678,85.6675574087503,91.29709523809522,89.1681028029689,3.31558263815005,3.078740820348987,3.058781592829349,0.04619229229543985,27981949.64234455,26808718.63014568,0.035722157724727636,2.7607828274562363,0.7088992697221337,0.6546421144488122,0.0,0.1841990354527806,0.19869567219932896,52.23027960934708,0.25411629828565463,,,,,,,,,,,,,,,,,,,,,,,,,,,,,,,,,,,,,,,,,,,,,,,,,,,,,,,,,,,,,,,,,
balanced_agentic,admission_pressure,Intent-PPO-CMDP-NoRisk,Intent-PPO-CMDP-NoRisk,14,1103526060,1905340783,1823775964,72924e27f6df7ecb428f,stochastic,150,300,250,1,500,1,800,1,150-step training / 300-step arrival window + >= 250-step no-arrival drain adaptively extended to cohort maturity (cap 500),1242755345,1,270.7660398000153,balanced_agentic,200,0.0,0.9218044539151614,0.8943258119321092,0.89,1.0,0.07819554608483842,0.10567418806789072,0.11144738090296129,15.639109216967684,0.07819554608483842,-0.07337608247207798,-0.0989293059881295,0.0003473047239885786,0.0052110745614035075,0.005909797228912465,0.27337608247207795,0.2989293059881295,0.30546867248476917,0.7265565289737134,0.8202480474585023,,0.9996526952760114,0.0,0.0,0.0,0.8038761795800309,0.6822785167978878,0.19585464634799699,0.0941222979396669,0.0002691740719719391,3.3117333551113304,34.235,7.7,34.25,250.0,250.0,250.0,0.0,0.0,550.0,277.0,277.0,1.0,0.0,,63.32455349927283,85.84758108108107,93.33792079207917,92.42818008610928,3.3117333551113304,3.073926676436868,3.057204849115912,0.04843847877975687,27507642.616830792,26436550.87678157,0.036326943238586595,2.73260894627286,0.7131077240177547,0.644043708013133,0.0,0.18398518639507386,0.19911018248508475,48.50333859591776,0.2989752096610969,,,,,,,,,,,,,,,,,,,,,,,,,,,,,,,,,,,,,,,,,,,,,,,,,,,,,,,,,,,,,,,,,
balanced_agentic,admission_pressure,Intent-PPO-CMDP,Intent-PPO-CMDP,14,1103526060,1905340783,1823775964,fd2a9bdca11bd34bca64,stochastic,150,300,250,1,500,1,800,1,150-step training / 300-step arrival window + >= 250-step no-arrival drain adaptively extended to cohort maturity (cap 500),1242755345,1,319.06714920001104,balanced_agentic,200,0.0,0.9495705522538589,0.9275715244345809,1.0,1.0,0.05042944774614099,0.07242847556541893,0.08106035598228438,10.085889549228199,0.05042944774614099,-0.008337868332036246,-0.027171978179730112,0.05601443647626082,0.05952380952380952,0.05967587332293855,0.20598817579124248,0.22717197817973012,0.23410942595324738,0.8569823969700552,0.9251689467749957,,0.9439855635237392,0.0,0.0,0.0,0.6599922056783352,0.7932484657880374,0.2882215546254789,0.10525272357449716,0.05178623969618594,2.888205550676015,48.945,10.97,49.68,250.0,250.0,250.0,0.0,0.0,550.0,277.0,277.0,1.0,0.0,,92.03114228880605,113.53723824028243,125.3435210963301,119.54408569632938,2.888205550676015,2.6684088950320484,2.634368447869263,0.048076815911874106,31061958.558788627,29664210.839726757,0.0321811070568839,3.4332109032794933,0.683753490907768,0.6203767517967421,0.0,0.1604558639264453,0.17259365951484495,63.982973505895316,0.20217351841695588,,,,,,,,,,,,,,,,,,,,,,,,,,,,,,,,,,,,,,,,,,,,,,,,,,,,,,,,,,,,,,,,,
balanced_agentic,admission_pressure,Intent-PPO-CMDP-FullPolicy-NoShield,Intent-PPO-CMDP,14,1103526060,1905340783,1823775964,fd2a9bdca11bd34bca64,stochastic,150,300,250,1,500,1,800,1,150-step training / 300-step arrival window + >= 250-step no-arrival drain adaptively extended to cohort maturity (cap 500),1242755345,1,319.06714920001104,balanced_agentic,200,0.0,0.7113537693637437,0.6574145226997962,0.0,1.0,1.278637601329399,1.497642664262202,1.5538153196228828,255.7275202658798,1.278637601329399,-0.4401566863461669,-0.5052303312629399,0.5001566863461668,0.5652303312629399,0.5863677655083238,0.22718484584518672,0.2622465682742178,0.27098788575251626,0.871299477773311,0.9323323791679003,,0.4998433136538331,0.0,0.0,0.0,0.43713850123106385,0.8399934052173452,0.09688584377547288,0.04135002459519701,0.46597565499346333,1.9471329638282144,10.95,5.465,16.995,250.0,250.0,250.0,0.0,0.0,550.0,277.0,277.0,1.0,0.0,,53.4935723341296,72.50782967032966,78.45656021505374,76.73890542008867,1.9471329638282144,1.7003822053811748,1.6924321018925088,0.07778685927785549,28222186.936104964,26271534.65333729,0.03542507428994478,1.2364247496900542,0.5812164438103333,0.4850262137973786,0.002647309799135475,0.10817405354601192,0.1219249531754323,9.398543222501642,1.2235781146987672,,,,,,,,,,,,,,,,,,,,,,,,,,,,,,,,,,,,,,,,,,,,,,,,,,,,,,,,,,,,,,,,,
balanced_agentic,admission_pressure,MaxWeight,MaxWeight,15,1481178426,1997781942,2047363928,,stochastic,150,300,250,1,500,1,800,1,150-step training / 300-step arrival window + >= 250-step no-arrival drain adaptively extended to cohort maturity (cap 500),995133691,0,1.2600095942616463e-05,balanced_agentic,200,0.035,0.9370256849216847,0.9133812567151061,1.0,0.965,0.06297431507831522,0.08661874328489384,0.09003782890220068,12.594863015663044,0.06525835759410904,0.046332321479923486,-0.008288668418707406,0.0,0.0,0.0,0.14830633778801436,0.20828866841870736,0.23372644631786738,0.8835835384760783,0.9713404364259249,,0.8914085326272204,0.10859146737277946,0.0,0.10859146737277946,0.5425180570600475,0.7077852103850683,0.4574819429399524,0.18218650905435943,0.0,2.434520886234006,59.085,29.915,59.085,250.0,255.225,297.0,5.225,47.0,555.225,298.0,298.0,1.0,0.0,,123.6413574583696,151.38590345138732,159.95853815892994,158.69136359291366,2.434520886234006,2.163585774480616,2.157666722314791,0.09828115732838223,19608917.055656098,18168748.38533972,0.0512157374957098,6.9840395933546775,0.6608338250530622,0.5677264485866598,0.0,0.1352511603463337,0.1673391584611008,-147.17184721365794,0.516156424328821,,,,,,,,,,,,,,,,,,,,,,,,,,,,,,,,,,,,,,,,,,,,,,,,,,,,,,,,,,,,,,,,,
balanced_agentic,admission_pressure,PPO,PPO,15,1481178426,1997781942,1596015111,461e22a59e6f436fac36,stochastic,150,300,250,1,500,1,800,1,150-step training / 300-step arrival window + >= 250-step no-arrival drain adaptively extended to cohort maturity (cap 500),995133691,1,258.87767640000675,balanced_agentic,200,0.04,0.9793088454857102,0.9618522314314981,1.0,0.96,0.020691154514289867,0.038147768568501834,0.04057611977415344,4.138230902857973,0.021553285952385277,0.03467900130788967,0.0067522900474845686,0.0004285677699588045,0.005729776247848531,0.00632960753081904,0.16467494123017468,0.19324770995251545,0.19635095380500892,0.7763736869924851,0.8514841804901728,,0.9995714322300412,0.0,0.0,0.0,0.7410947633282177,0.7214069514222904,0.25853754552520003,0.10818669399128993,0.0003676911465821811,3.0392920746169034,43.87,9.29,43.88,250.0,250.0,250.0,0.0,0.0,550.0,298.0,298.0,1.0,0.0,,82.75759779373975,103.19517991364144,107.9834786670819,106.59485823879534,3.0392920746169034,2.7602583390381805,2.736346598139044,0.05438894148318427,32573524.279733278,31448502.24531238,0.030699905959075364,2.9497430668189715,0.7155887231016672,0.6541584648714764,0.0,0.16884955970093907,0.18248895682481356,87.85849827989824,0.15659682729917052,,,,,,,,,,,,,,,,,,,,,,,,,,,,,,,,,,,,,,,,,,,,,,,,,,,,,,,,,,,,,,,,,
balanced_agentic,admission_pressure,PPO-Lagrangian,PPO-Lagrangian,15,1481178426,1997781942,1596015111,c54dc7a9b9a68be549b7,stochastic,150,300,250,1,500,1,800,1,150-step training / 300-step arrival window + >= 250-step no-arrival drain adaptively extended to cohort maturity (cap 500),995133691,1,254.7300168000511,balanced_agentic,200,0.0,0.9717595201795762,0.9528076364660133,1.0,1.0,0.028240479820423773,0.04719236353398652,0.052281535794446846,5.648095964084755,0.028240479820423773,0.056509183528677565,0.04059515537935452,0.0011311198077150813,0.006211180124223602,0.008019368503704343,0.10613914914335659,0.15940484462064533,0.17480184387085623,0.7783328837224807,0.8401057827548092,,0.9970050863305414,0.0018637938617434594,0.0,0.0018637938617434594,0.6053119478931179,0.7266438935375293,0.3944516223699566,0.0803346194151645,0.00023642973692540465,2.416561312688964,66.44,8.785,66.59,250.0,250.0,250.0,0.0,0.0,550.0,298.0,298.0,1.0,0.0,,121.56139625001546,147.40555051366755,155.4992712444093,152.09101568453343,2.416561312688964,2.162267861667223,2.1134710394135743,0.07309371063968191,35243193.759919554,32760137.204125103,0.028404609529687333,4.009144999238674,0.7185195944488314,0.66214212766376,0.0,0.13425340626049798,0.15098530895795143,45.59861191258977,0.7306265613982772,,,,,,,,,,,,,,,,,,,,,,,,,,,,,,,,,,,,,,,,,,,,,,,,,,,,,,,,,,,,,,,,,
balanced_agentic,admission_pressure,PPO_CMDP,PPO_CMDP,15,1481178426,1997781942,1596015111,fc83225982e20e56ecdd,stochastic,150,300,250,1,500,1,800,1,150-step training / 300-step arrival window + >= 250-step no-arrival drain adaptively extended to cohort maturity (cap 500),995133691,1,273.55554740002844,balanced_agentic,200,0.0,0.977341208067196,0.9625366358981268,1.0,1.0,0.022658791932804005,0.03746336410187306,0.04054396941164949,4.531758386560801,0.022658791932804005,0.0527177107590225,0.031115430143647833,0.0006791884784818111,0.005884093282283327,0.006781410475940495,0.13803291656166725,0.16888456985635217,0.17705566393566474,0.7836469019589387,0.8513641524701582,,0.9993208115215182,0.0,0.0,0.0,0.6869209542691795,0.7292151564622568,0.3126968515695884,0.09847646299651747,0.0003821941612320224,2.785866825078611,52.645,9.19,52.695,250.0,250.0,250.0,0.0,0.0,550.0,298.0,298.0,1.0,0.0,,98.62962848477076,118.47586580086579,123.94739954998391,123.37226837298388,2.785866825078611,2.488023765903277,2.4666902171604512,0.06272957513213762,34591215.521076635,33162607.149136122,0.02891338273632422,3.281281485985864,0.7200619448195514,0.6519550514245531,0.0,0.15477037917103392,0.1702170926965547,80.00567083155224,0.1850581917761148,,,,,,,,,,,,,,,,,,,,,,,,,,,,,,,,,,,,,,,,,,,,,,,,,,,,,,,,,,,,,,,,,
balanced_agentic,admission_pressure,Intent-PPO-CMDP-NoRisk,Intent-PPO-CMDP-NoRisk,15,1481178426,1997781942,1596015111,8c806f3e428ad93e5ba2,stochastic,150,300,250,1,500,1,800,1,150-step training / 300-step arrival window + >= 250-step no-arrival drain adaptively extended to cohort maturity (cap 500),995133691,1,275.68097020004643,balanced_agentic,200,0.0,0.9640477843821544,0.941682291968718,1.0,1.0,0.03595221561784547,0.058317708031282056,0.0626387087016835,7.190443123569094,0.03595221561784547,0.0497947122867541,0.018485448167985977,0.0013582587033664072,0.006578947368421052,0.009638988256435381,0.1319166562567121,0.18151455183201404,0.192748747118567,0.7861332586056794,0.8576647419492207,,0.9879417687451422,0.010699972551491297,0.0,0.010699972551491297,0.5725961547731508,0.7322100827323067,0.4272831688445649,0.08287939095538119,0.00012067638228427565,2.296392073925533,70.555,9.19,70.76,250.0,250.015,253.0,0.015,3.0,550.015,298.0,298.0,1.0,0.0,,132.5100739869058,157.17722201733358,161.72440158820189,161.37857776396575,2.296392073925533,2.06874323836346,2.0449146674677117,0.07005129044784597,34395960.097933784,32028235.997373346,0.02909222283028434,4.451237957672019,0.7241187327572862,0.6650187542972819,0.0,0.12757733744030736,0.14459492808098628,13.267843031242224,2.8607666958011233,,,,,,,,,,,,,,,,,,,,,,,,,,,,,,,,,,,,,,,,,,,,,,,,,,,,,,,,,,,,,,,,,
balanced_agentic,admission_pressure,Intent-PPO-CMDP,Intent-PPO-CMDP,15,1481178426,1997781942,1596015111,618554fca77aa7604c32,stochastic,150,300,250,1,500,1,800,1,150-step training / 300-step arrival window + >= 250-step no-arrival drain adaptively extended to cohort maturity (cap 500),995133691,1,332.33217309997417,balanced_agentic,200,0.0,0.9727198722329016,0.9563649727297948,1.0,1.0,0.027280127767098383,0.04363502727020511,0.04828901783908894,5.456025553419677,0.027280127767098383,0.05050874418302281,0.03538503323108385,0.008414448626353776,0.023412698412698406,0.027190153701478724,0.10773967168670387,0.14853773904787737,0.16479911179684842,0.7846344853040067,0.8542314918517826,,0.9912498567776739,0.0003356945959724051,0.0,0.0003356945959724051,0.6194163859132961,0.7348224344115412,0.3727720793494422,0.07543936212773833,0.0078115347372618394,2.488174783133715,63.085,8.465,63.19,250.0,250.0,250.0,0.0,0.0,550.0,298.0,298.0,1.0,0.0,,114.80596916561203,137.77270099842352,147.7733637921187,145.61901121045366,2.488174783133715,2.211123849870567,2.186069279988812,0.0708381700970405,35222588.940430745,33110179.206831105,0.028403700449458162,3.781854786133218,0.7113298389547906,0.6555749290079473,0.0,0.1382319323963175,0.15410817867539348,59.24137012871788,0.44670980267119015,,,,,,,,,,,,,,,,,,,,,,,,,,,,,,,,,,,,,,,,,,,,,,,,,,,,,,,,,,,,,,,,,
balanced_agentic,admission_pressure,Intent-PPO-CMDP-FullPolicy-NoShield,Intent-PPO-CMDP,15,1481178426,1997781942,1596015111,618554fca77aa7604c32,stochastic,150,300,250,1,500,1,800,1,150-step training / 300-step arrival window + >= 250-step no-arrival drain adaptively extended to cohort maturity (cap 500),995133691,1,332.33217309997417,balanced_agentic,200,0.0,0.9355069388118057,0.8599666104443986,0.82,1.0,0.06449306118819445,0.14003338955560132,0.16410189225703586,12.89861223763889,0.06449306118819445,-0.009082223270689936,-0.04071796620444041,0.06897634584503029,0.10071796620444037,0.10839147455821405,0.10782491840493137,0.1529313613572152,0.1738574417733054,0.7909777131688124,0.8597053746588161,,0.9301930179016722,0.0008306362532974804,0.0,0.0008306362532974804,0.5938629090768849,0.7387350447979582,0.36407488212050254,0.07890535584391102,0.04206220880261264,2.4399833248003766,57.69,8.95,62.295,250.0,250.0,250.0,0.0,0.0,550.0,298.0,298.0,1.0,0.0,,110.98807944756638,139.36390532544377,146.67736090860254,146.12676103629468,2.4399833248003766,2.136800463703959,2.126681819444502,0.07409120322918777,35266759.633885816,33204724.72078578,0.02836568877641886,3.4989241030149993,0.7110535581688333,0.6541435341402132,0.0,0.13555462915557648,0.14955647682790185,52.235234655296324,0.5385039367250173,,,,,,,,,,,,,,,,,,,,,,,,,,,,,,,,,,,,,,,,,,,,,,,,,,,,,,,,,,,,,,,,,
reliability_first,admission_pressure,MaxWeight,MaxWeight,11,471540437,1073362871,1762237276,,stochastic,150,300,250,1,500,1,800,1,150-step training / 300-step arrival window + >= 250-step no-arrival drain adaptively extended to cohort maturity (cap 500),1595644183,0,1.1299969628453255e-05,reliability_first,200,0.0,0.9215149496373012,0.9126498716524488,1.0,1.0,0.07848505036269883,0.08735012834755117,0.09112387425168188,15.697010072539767,0.07848505036269883,0.026651091043406763,0.012376595345345347,0.0,0.0,0.0,0.12436840091049978,0.14762340465465465,0.15698689394201715,0.9732041392149846,0.9913280790375947,,0.7140697021515443,0.2859302978484557,0.0,0.2859302978484557,0.4027868627440397,0.7824026503979278,0.5972131372559604,0.19080148881705689,0.0,1.8457308357108824,53.42,32.87,53.42,250.0,250.03,252.0,0.03,2.0,550.03,252.0,252.0,1.0,0.0,,143.80554592442132,158.67059999999998,162.75399769585252,162.1488664363106,1.8457308357108824,1.6895475285615038,1.6754932033168246,0.054563332544773475,17979706.93270645,16980173.2076783,0.05563251014637139,7.533325369488359,0.5427815418528533,0.4942627899018442,0.001121922763453197,0.1025406019839379,0.11133865164972596,-179.40376681748054,0.1498629848893208,,,,,,,,,,,,,,,,,,,,,,,,,,,,,,,,,,,,,,,,,,,,,,,,,,,,,,,,,,,,,,,,,
reliability_first,admission_pressure,PPO,PPO,11,471540437,1073362871,1897045420,b9c1e1a3273f0ff06c77,stochastic,150,300,250,1,500,1,800,1,150-step training / 300-step arrival window + >= 250-step no-arrival drain adaptively extended to cohort maturity (cap 500),1595644183,1,259.96485530002974,reliability_first,200,0.0,0.974960917946649,0.9497360773628345,0.995,1.0,0.025039082053351105,0.05026392263716561,0.06836716873439577,5.007816410670221,0.025039082053351105,0.011850749447553776,-0.012066814413527055,0.0003519787630526154,0.005379266012155212,0.005967181494161388,0.1474419636000034,0.17206681441352706,0.18027999808757347,0.8166650821337964,0.899295982158126,,0.9996480212369474,0.0,0.0,0.0,0.6158306268814419,0.7539128244839298,0.3840571464894136,0.1112118022677529,0.00011222662914458146,2.5288010552173943,66.52,10.94,66.56,250.0,250.0,250.0,0.0,0.0,550.0,252.0,252.0,1.0,0.0,,119.35900617285722,145.13150962915802,149.88608487319317,150.49049777392608,2.5288010552173943,2.2994764394975657,2.2832226368485786,0.05665223545627524,33602363.62946002,32359803.497992124,0.02975691713668232,4.094258925200984,0.7240650603813888,0.6567711611500925,0.0,0.14048894751207747,0.15371019889305745,40.43523477805188,0.4311624681726393,,,,,,,,,,,,,,,,,,,,,,,,,,,,,,,,,,,,,,,,,,,,,,,,,,,,,,,,,,,,,,,,,
reliability_first,admission_pressure,PPO-Lagrangian,PPO-Lagrangian,11,471540437,1073362871,1897045420,97597eec01eed730a745,stochastic,150,300,250,1,500,1,800,1,150-step training / 300-step arrival window + >= 250-step no-arrival drain adaptively extended to cohort maturity (cap 500),1595644183,1,273.0232358999783,reliability_first,200,0.0,0.9595408827323277,0.9368801750361372,0.995,1.0,0.04045911726767224,0.06311982496386292,0.07546737698905495,8.091823453534449,0.04045911726767224,0.023657437980038273,0.0016077967950549482,0.00018986692542958763,0.0,0.00018986692542958763,0.11335276929113522,0.15839220320494501,0.16919599103326036,0.8315525819922469,0.9094153442169315,,0.9046976674178339,0.09511246565673663,0.0,0.09511246565673663,0.5000536672808024,0.7573020106827417,0.49991508271919755,0.10776532365801436,3.125e-05,2.02436844328341,69.05,12.795,69.075,250.0,250.01,252.0,0.01,2.0,550.01,252.0,252.0,1.0,0.0,,156.00247434602846,178.39571003437,184.0521735352532,183.9791410702333,2.02436844328341,1.7940279650310467,1.7828895551792328,0.0729460336264116,34164271.41124309,32030851.00865316,0.029265649194612317,4.795158708653358,0.7158682629467941,0.6538281279182567,0.0,0.11246491351574499,0.1271440294896384,-46.80070324755401,0.5724950957300966,,,,,,,,,,,,,,,,,,,,,,,,,,,,,,,,,,,,,,,,,,,,,,,,,,,,,,,,,,,,,,,,,
reliability_first,admission_pressure,PPO_CMDP,PPO_CMDP,11,471540437,1073362871,1897045420,3e02143445d692cb208a,stochastic,150,300,250,1,500,1,800,1,150-step training / 300-step arrival window + >= 250-step no-arrival drain adaptively extended to cohort maturity (cap 500),1595644183,1,273.6423236000119,reliability_first,200,0.0,0.8920910529512261,0.8345314148493302,0.41,1.0,0.10790894704877381,0.16546858515066967,0.17606448688304888,21.581789409754762,0.10790894704877381,-0.04439000603317609,-0.0711148076486965,0.00033976192650354744,0.0002762430939225577,0.006795238530070949,0.20439000603317609,0.2311148076486965,0.2353305414090443,0.8070513492648865,0.867117810439691,,0.9996602380734965,0.0,0.0,0.0,0.6931588444260623,0.7495996295255805,0.30668424950152146,0.1217438669991812,0.00015690607241623152,2.8589407987552296,52.915,9.94,52.945,250.0,250.0,250.0,0.0,0.0,550.0,252.0,252.0,1.0,0.0,,97.17184763527439,113.46444444444444,122.48814923907706,119.84172985003325,2.8589407987552296,2.597279465968995,2.5904007322038036,0.05068412660920767,30962296.058565807,30037484.65472889,0.032304833560607135,3.6101305817769536,0.7218894106204451,0.6568811760707943,0.0,0.15883004437529055,0.1718737379646582,48.92504564463759,0.2894073535158796,,,,,,,,,,,,,,,,,,,,,,,,,,,,,,,,,,,,,,,,,,,,,,,,,,,,,,,,,,,,,,,,,
reliability_first,admission_pressure,Intent-PPO-CMDP-NoRisk,Intent-PPO-CMDP-NoRisk,11,471540437,1073362871,1897045420,7d2ee40999bb1a6afe16,stochastic,150,300,250,1,500,1,800,1,150-step training / 300-step arrival window + >= 250-step no-arrival drain adaptively extended to cohort maturity (cap 500),1595644183,1,275.69379829999525,reliability_first,200,0.0,0.9641723579895176,0.9413033002808544,1.0,1.0,0.0358276420104823,0.05869669971914569,0.06692866111042074,7.16552840209646,0.0358276420104823,0.025391127182331687,-0.0019797446395999965,0.0002112515234824934,0.0,0.0002112515234824934,0.11173386211551171,0.1619797446396,0.1687154913609475,0.819359818365389,0.8937811741676448,,0.9189889860047218,0.08079976247179566,0.0,0.08079976247179566,0.5151795063996256,0.7549687331925533,0.4847326949787445,0.10028399065774923,8.779862162992978e-05,2.0715395411109343,69.075,11.1,69.095,250.0,250.0,250.0,0.0,0.0,550.0,252.0,252.0,1.0,0.0,,151.84644356619472,171.28590194610777,175.93907782864616,175.125023674351,2.0715395411109343,1.8529300269317588,1.843588848299812,0.06432561198887375,34245126.52998649,32431751.83019269,0.02919120865406681,4.723080710434028,0.722660532871434,0.6604176286319691,0.0,0.11508553006171857,0.12723860986136096,-41.00462720947523,0.5360329781583753,,,,,,,,,,,,,,,,,,,,,,,,,,,,,,,,,,,,,,,,,,,,,,,,,,,,,,,,,,,,,,,,,
reliability_first,admission_pressure,Intent-PPO-CMDP,Intent-PPO-CMDP,11,471540437,1073362871,1897045420,b12c9f3440d9c22ff923,stochastic,150,300,250,1,500,1,800,1,150-step training / 300-step arrival window + >= 250-step no-arrival drain adaptively extended to cohort maturity (cap 500),1595644183,1,319.3185737999738,reliability_first,200,0.0,0.968473758905854,0.956339360673538,1.0,1.0,0.031526241094146104,0.04366063932646206,0.04905233341051048,6.30524821882922,0.031526241094146104,0.005657909019960993,0.0007516339869281052,0.023947812051890956,0.029239766081871343,0.02948521128327105,0.1062210539322606,0.14340792405308533,0.15167584623319832,0.8254151451174316,0.899143355229836,,0.961029284764476,0.015022903183633115,0.0,0.015022903183633115,0.5407675573153974,0.7690460288739698,0.43657588757149923,0.08453911182178026,0.02265655511310352,2.198727845837967,72.54,9.78,72.765,250.0,250.0,250.0,0.0,0.0,550.0,252.0,252.0,1.0,0.0,,140.6921439413411,161.31868748053026,170.20256090225564,166.55347419666714,2.198727845837967,1.9773580241887032,1.969734400758727,0.060005378475869287,34076974.26467752,32283647.785402406,0.0293359371911024,4.637799588707407,0.7173292378372068,0.6581398485276904,0.0,0.12215154699099816,0.13414506944654386,-5.4518107213094265,4.188837891490922,,,,,,,,,,,,,,,,,,,,,,,,,,,,,,,,,,,,,,,,,,,,,,,,,,,,,,,,,,,,,,,,,
reliability_first,admission_pressure,Intent-PPO-CMDP-FullPolicy-NoShield,Intent-PPO-CMDP,11,471540437,1073362871,1897045420,b12c9f3440d9c22ff923,stochastic,150,300,250,1,500,1,800,1,150-step training / 300-step arrival window + >= 250-step no-arrival drain adaptively extended to cohort maturity (cap 500),1595644183,1,319.3185737999738,reliability_first,200,0.0,0.7642392153529624,0.7462457296235366,0.0,1.0,1.5654980667437275,2.102513545394513,2.209529428780688,313.0996133487455,1.5654980667437275,-0.2417350903030883,-0.32641502808988765,0.2717350903030883,0.3564150280898876,0.3727139392863077,0.12475829361511956,0.16264083605402982,0.17172366096704353,0.8373731127407131,0.9167596704501577,,0.7273712651967543,0.0008936445001573764,0.0,0.0008936445001573764,0.45882282480555825,0.7904514166987542,0.3627736204134622,0.06797496943300509,0.17840355478097958,1.8951234645701913,46.25,8.105,62.335,250.0,250.0,250.0,0.0,0.0,550.0,252.0,252.0,1.0,0.0,,117.04573940165294,139.3546968139774,150.34894636623295,145.96696989508015,1.8951234645701913,1.672294420256252,1.661294037543911,0.0728996584804955,32973663.346964713,31471226.405425396,0.03031426447141221,3.0928801466782243,0.6839662926958416,0.6110256678733156,0.0,0.10528463692056618,0.11693836221392269,-20.59333750298953,1.5409238255707562,,,,,,,,,,,,,,,,,,,,,,,,,,,,,,,,,,,,,,,,,,,,,,,,,,,,,,,,,,,,,,,,,
reliability_first,admission_pressure,MaxWeight,MaxWeight,12,1729653623,2128646545,59947711,,stochastic,150,300,250,1,500,1,800,1,150-step training / 300-step arrival window + >= 250-step no-arrival drain adaptively extended to cohort maturity (cap 500),1283157503,0,1.100008375942707e-05,reliability_first,200,0.0,0.9265744049937327,0.9178642000998295,0.995,1.0,0.07342559500626733,0.08213579990017053,0.08761425781735915,14.685119001253465,0.07342559500626733,0.02644207125163521,0.012905801495856073,0.0,0.0,0.0,0.12400086559756902,0.14709419850414393,0.15693980442142372,0.970871145762175,0.9881109532959191,,0.698358081343553,0.3016419186564469,0.0,0.3016419186564469,0.39915461384102413,0.7773792014367615,0.6008453861589759,0.19349194432541364,0.0,1.9557075189724105,51.385,33.38,51.385,250.0,251.02,278.0,1.02,28.0,551.02,278.0,278.0,1.0,0.0,,140.64468603646569,154.61997161394973,158.89198742911793,158.2436567246056,1.9557075189724105,1.773129741277974,1.76302175600612,0.06191370352792414,14452911.915243285,13686285.209552225,0.06919183492642263,9.632712164962633,0.5375636760964589,0.49814539309280975,0.0009037058600948967,0.1086504177206895,0.12048957495013266,-175.44902289081583,0.14270166617022176,,,,,,,,,,,,,,,,,,,,,,,,,,,,,,,,,,,,,,,,,,,,,,,,,,,,,,,,,,,,,,,,,
reliability_first,admission_pressure,PPO,PPO,12,1729653623,2128646545,1621075116,2fb07c1ee95b181950c4,stochastic,150,300,250,1,500,1,800,1,150-step training / 300-step arrival window + >= 250-step no-arrival drain adaptively extended to cohort maturity (cap 500),1283157503,1,284.739809300052,reliability_first,200,0.005,0.9814164482479646,0.9665229093218148,1.0,0.995,0.01858355175203542,0.033477090678185176,0.039497529575631615,3.7167103504070838,0.01867693643420645,0.024540742501974203,0.0013902439024390271,0.0007529446547983072,0.006099431393086937,0.006515656405309743,0.12301047336296135,0.15860975609756095,0.16581735526576796,0.7947357324084828,0.8721480761779355,,0.9882249330199795,0.011022122325222096,0.0,0.011022122325222096,0.5719191551921295,0.7411072503782183,0.427747984601902,0.10140332640135803,0.000332860205968467,2.4374565813252627,70.93,9.175,71.0,250.0,250.0,250.0,0.0,0.0,550.0,278.0,278.0,1.0,0.0,,133.64230525840208,157.36887449321347,160.40291399352094,160.09658382353754,2.4374565813252627,2.2303272519838697,2.2110782283309414,0.05315228561650455,28689825.371158373,27418649.39494248,0.034855804037355234,5.599337413572396,0.7228004153906948,0.642757058175149,0.0,0.13541425451807013,0.14782270173139703,10.14021810875367,2.5454593015517206,,,,,,,,,,,,,,,,,,,,,,,,,,,,,,,,,,,,,,,,,,,,,,,,,,,,,,,,,,,,,,,,,
reliability_first,admission_pressure,PPO-Lagrangian,PPO-Lagrangian,12,1729653623,2128646545,1621075116,5ff4062933b4dfa3978e,stochastic,150,300,250,1,500,1,800,1,150-step training / 300-step arrival window + >= 250-step no-arrival drain adaptively extended to cohort maturity (cap 500),1283157503,1,266.70855040004244,reliability_first,200,0.0,0.962494135471492,0.9501971080204199,1.0,1.0,0.03750586452850792,0.04980289197958006,0.0538234452285624,7.5011729057015835,0.03750586452850792,0.028150848175613974,0.02333333333333333,0.0018491518243860263,0.006666666666666667,0.011493653973574164,0.06863997285927065,0.1007801140458459,0.10661432887371439,0.8408338171945539,0.9176045956049491,,0.9615123332142076,0.036638514961406375,0.0,0.036638514961406375,0.4899953751191964,0.7600239670063477,0.5092475695189874,0.11717031290293761,0.0007570553618160822,2.1280691843368134,79.86,13.875,80.045,250.0,250.21,271.0,0.21,21.0,550.21,278.0,278.0,1.0,0.0,,164.85731292188754,186.10566307365667,191.01404501820582,189.98871382643415,2.1280691843368134,1.8748156765121182,1.8561044821377386,0.07019087441338899,28839300.971850004,27387576.185000934,0.034682764313034256,6.75871439815275,0.7228850188816647,0.664575609814651,0.0,0.11822606579648962,0.1317478209395415,-15.21705419610417,1.299254689635659,,,,,,,,,,,,,,,,,,,,,,,,,,,,,,,,,,,,,,,,,,,,,,,,,,,,,,,,,,,,,,,,,
reliability_first,admission_pressure,PPO_CMDP,PPO_CMDP,12,1729653623,2128646545,1621075116,c2c338dd9800f45e9834,stochastic,150,300,250,1,500,1,800,1,150-step training / 300-step arrival window + >= 250-step no-arrival drain adaptively extended to cohort maturity (cap 500),1283157503,1,270.83158040000126,reliability_first,200,0.0,0.8753076823333233,0.8174671160206355,0.205,1.0,0.12469231766667672,0.1825328839793644,0.20050251000100955,24.938463533335344,0.12469231766667672,-0.05362197683405527,-0.08224795746756933,0.00011660286100996473,0.0,0.00011660286100996473,0.21362197683405526,0.2422479574675693,0.24806030958563255,0.8003210516604458,0.8714231519426683,,0.99988339713899,0.0,0.0,0.0,0.6876434415460477,0.740986048379159,0.3123022760091883,0.12856384931769527,5.4282444763944715e-05,2.9929717106351954,53.51,10.165,53.52,250.0,250.0,250.0,0.0,0.0,550.0,278.0,278.0,1.0,0.0,,97.00253577375658,121.251047008547,125.96714111517568,124.83083293953646,2.9929717106351954,2.710824140856214,2.703043515259932,0.05166990799480269,25409075.21222551,24436233.463452395,0.03935028440454942,4.6384138089929525,0.7201227023150047,0.6627122502516297,0.0,0.16627620614639974,0.1829283926417406,52.43901020606365,0.3084976758445296,,,,,,,,,,,,,,,,,,,,,,,,,,,,,,,,,,,,,,,,,,,,,,,,,,,,,,,,,,,,,,,,,
reliability_first,admission_pressure,Intent-PPO-CMDP-NoRisk,Intent-PPO-CMDP-NoRisk,12,1729653623,2128646545,1621075116,53b75815fc19ab3c700d,stochastic,150,300,250,1,500,1,800,1,150-step training / 300-step arrival window + >= 250-step no-arrival drain adaptively extended to cohort maturity (cap 500),1283157503,1,267.30905749998055,reliability_first,200,0.005,0.9777155723182263,0.9644488370343556,1.0,0.995,0.022284427681773758,0.035551162965644326,0.04861881978710875,4.4568855363547515,0.022396409730425882,0.020396891143709794,-0.002995389594528583,0.0003008982628232793,0.0002688172043009836,0.006017965256465587,0.13510662681891517,0.16299538959452856,0.17133876345203675,0.8089471205926317,0.8825755689496976,,0.9975866618767212,0.00211243986045552,0.0,0.00211243986045552,0.5724324400032269,0.7432347872949119,0.42741183472336775,0.11323863853023448,0.00015572527340540463,2.4656463160320166,72.445,11.24,72.47,250.0,250.0,250.0,0.0,0.0,550.0,278.0,278.0,1.0,0.0,,133.02065095129367,157.4946113941924,165.0367564067236,162.9367734188533,2.4656463160320166,2.2140122429621267,2.201826371004147,0.059179166307376255,28508416.26518099,27269501.991538413,0.035067964700034565,5.647869152222534,0.7249764508202713,0.668285149014837,0.0,0.1369803508906676,0.14935613377748932,20.449478609175635,1.2228221754630029,,,,,,,,,,,,,,,,,,,,,,,,,,,,,,,,,,,,,,,,,,,,,,,,,,,,,,,,,,,,,,,,,
reliability_first,admission_pressure,Intent-PPO-CMDP,Intent-PPO-CMDP,12,1729653623,2128646545,1621075116,fc604e43c5d11a5118bd,stochastic,150,300,250,1,500,1,800,1,150-step training / 300-step arrival window + >= 250-step no-arrival drain adaptively extended to cohort maturity (cap 500),1283157503,1,320.63457950000884,reliability_first,200,0.0,0.7868595672751586,0.7376532528444455,0.0,1.0,0.21314043272484134,0.26234674715555445,0.27479486298103073,42.62808654496827,0.21314043272484134,-0.09773817719279411,-0.12006989874578107,0.02011307051604783,0.028901734104046242,0.029355377671724272,0.25773817719279407,0.2800698987457811,0.2872247941919531,0.8012234666123176,0.8845016767434017,,0.9798869294839523,0.0,0.0,0.0,0.722737630953731,0.743319141041193,0.2599268738286458,0.11864878728008468,0.017335495217623134,3.1557028620824417,44.13,9.9,44.605,250.0,250.0,250.0,0.0,0.0,550.0,278.0,278.0,1.0,0.0,,79.475889459334,103.39975946617007,108.88229381706694,107.14200334212603,3.1557028620824417,2.9207315016173228,2.913122397402632,0.044797553190739345,22152524.73456354,21327129.970272895,0.045116910867742464,4.313381430907802,0.7094441531081952,0.6461063294793501,0.0,0.17531682567124676,0.18762665616378657,37.76977426170233,0.40859791771572757,,,,,,,,,,,,,,,,,,,,,,,,,,,,,,,,,,,,,,,,,,,,,,,,,,,,,,,,,,,,,,,,,
reliability_first,admission_pressure,Intent-PPO-CMDP-FullPolicy-NoShield,Intent-PPO-CMDP,12,1729653623,2128646545,1621075116,fc604e43c5d11a5118bd,stochastic,150,300,250,1,500,1,800,1,150-step training / 300-step arrival window + >= 250-step no-arrival drain adaptively extended to cohort maturity (cap 500),1283157503,1,320.63457950000884,reliability_first,200,0.0,0.5869912828014123,0.5360044007678009,0.0,1.0,0.720515192061367,0.9768041160301684,1.0327388181901997,144.1030384122734,0.720515192061367,-0.10631469766484526,-0.13071676983222025,0.10895689019666129,0.15037624699002405,0.15834016613479635,0.2637023683630927,0.28762708445400753,0.2950517210064637,0.797646325435623,0.8822936907450535,,0.8910431098033388,0.0,0.0,0.0,0.6833098265397246,0.7373254946700294,0.2262673130597345,0.11338874244288234,0.09042286040054098,2.9828883339824923,35.58,10.295,38.75,250.0,250.0,250.0,0.0,0.0,550.0,278.0,278.0,1.0,0.0,,71.07460108678552,91.31907407407407,100.00888728323697,96.912248440442,2.9828883339824923,2.7411434068458873,2.7090430116072612,0.051493478277882795,21855281.92640145,20840419.227080848,0.04573295257650993,3.58878547251758,0.694758662336258,0.6229076136116031,0.0,0.16571601855458287,0.1803614172735544,31.634612838011307,0.46204769194345763,,,,,,,,,,,,,,,,,,,,,,,,,,,,,,,,,,,,,,,,,,,,,,,,,,,,,,,,,,,,,,,,,
reliability_first,admission_pressure,MaxWeight,MaxWeight,13,1025721121,372372750,1064410728,,stochastic,150,300,250,1,500,1,800,1,150-step training / 300-step arrival window + >= 250-step no-arrival drain adaptively extended to cohort maturity (cap 500),511991876,0,1.1400086805224419e-05,reliability_first,200,0.0,0.9285293841341777,0.9190087231917008,0.99,1.0,0.07147061586582222,0.08099127680829911,0.08648306490719279,14.294123173164445,0.07147061586582222,0.023839810340265388,0.005110090837282778,0.0,0.0,0.0,0.12990190190753587,0.1548899091627172,0.16455225819211852,0.9633369595714946,0.9874351356009587,,0.7576399894425063,0.24236001055749365,0.0,0.24236001055749365,0.4250957087889348,0.7686552855965135,0.5749042912110651,0.19475272461746035,0.0,1.9690462987048665,54.985,32.4,54.985,250.0,261.425,326.0,11.425,76.0,561.425,326.0,326.0,1.0,0.0,,143.4575062563144,176.27366576209857,185.78031015037595,182.87647958468736,1.9690462987048665,1.7851738266761321,1.7742842958641039,0.05924308801161491,16448165.559844658,15546059.495884731,0.06080663291044439,8.677834450508502,0.5647803980297783,0.5022161143198959,0.0007482762124518261,0.10939146103915925,0.12013906004242961,-198.1722171903146,0.20034392992544112,,,,,,,,,,,,,,,,,,,,,,,,,,,,,,,,,,,,,,,,,,,,,,,,,,,,,,,,,,,,,,,,,
reliability_first,admission_pressure,PPO,PPO,13,1025721121,372372750,535536204,3cabdc2e2c3a75659a16,stochastic,150,300,250,1,500,1,800,1,150-step training / 300-step arrival window + >= 250-step no-arrival drain adaptively extended to cohort maturity (cap 500),511991876,1,262.1022107999888,reliability_first,200,0.0,0.7261783541758359,0.6766399318490344,0.0,1.0,0.2738650113466485,0.32336006815096574,0.33307929136670145,54.773002269329695,0.2738650113466485,-0.12842168689886532,-0.15134574574574572,0.001126167542456949,0.006217076814214952,0.008650188200423676,0.2884216868988653,0.3113457457457457,0.31614238167232495,0.7990030318847781,0.8690214434825944,,0.998873832457543,0.0,0.0,0.0,0.7452636527640156,0.7472363489910262,0.2544015666122281,0.094606837295431,0.000334780623756225,3.0565394038065437,43.26,8.8,43.395,250.0,250.0,250.0,0.0,0.0,550.0,326.0,326.0,1.0,0.0,,80.69941216994498,102.06723683384594,108.52306822395252,107.62921165177583,3.0565394038065437,2.834247115490502,2.811459862322509,0.0442311218067186,23697725.87245292,22820217.878247395,0.0421950850423163,3.9957770226000924,0.7093766694915375,0.6453028387483676,0.0,0.16980774465591914,0.1819984644557876,12.28197520067387,1.5295911155085913,,,,,,,,,,,,,,,,,,,,,,,,,,,,,,,,,,,,,,,,,,,,,,,,,,,,,,,,,,,,,,,,,
reliability_first,admission_pressure,PPO-Lagrangian,PPO-Lagrangian,13,1025721121,372372750,535536204,454f28c68eb87e33907f,stochastic,150,300,250,1,500,1,800,1,150-step training / 300-step arrival window + >= 250-step no-arrival drain adaptively extended to cohort maturity (cap 500),511991876,1,254.03850810002768,reliability_first,200,0.005,0.9467244901173573,0.9043545461645895,0.965,0.995,0.05327550988264283,0.09564545383541041,0.1098069566827243,10.655101976528567,0.05354322601270636,-0.015906527664370403,-0.039222114372428125,0.0004198669536543488,0.005445529353967081,0.00731622640361526,0.1759065276643704,0.19922211437242812,0.2041084197604004,0.8055509262489994,0.874237392791786,,0.9995532513259155,2.688172043010753e-05,0.0,2.688172043010753e-05,0.6604970755355437,0.7445119414093412,0.3394115806387903,0.11695773382284301,9.134382566585957e-05,2.7495802087199945,57.53,10.345,57.585,250.0,250.0,250.0,0.0,0.0,550.0,326.0,326.0,1.0,0.0,,104.43898842274213,128.51182581234937,133.3817920847268,132.5016927714763,2.7495802087199945,2.487532421473516,2.4860656530945886,0.05302467943785346,28555800.81247064,27343062.15666446,0.03500462495333042,4.2691079861196854,0.7146039300637314,0.6511783139857158,0.0,0.1527544560399997,0.16719701023476863,45.78488759932631,0.392636272772309,,,,,,,,,,,,,,,,,,,,,,,,,,,,,,,,,,,,,,,,,,,,,,,,,,,,,,,,,,,,,,,,,
reliability_first,admission_pressure,PPO_CMDP,PPO_CMDP,13,1025721121,372372750,535536204,a070e26e29e031606ad8,stochastic,150,300,250,1,500,1,800,1,150-step training / 300-step arrival window + >= 250-step no-arrival drain adaptively extended to cohort maturity (cap 500),511991876,1,277.9400926999515,reliability_first,200,0.005,0.9736674998381863,0.9387529715254488,0.995,0.995,0.026332500161813738,0.06124702847455117,0.0775445685136736,5.266500032362748,0.026464824283229892,0.0026022171236712247,-0.025537132808371672,0.00026217997921214645,0.0,0.00026217997921214645,0.15725862600123955,0.18553713280837167,0.1936636791553205,0.784626470243806,0.8467372807060386,,0.9992115061892218,0.0005263138315660338,0.0,0.0005263138315660338,0.6662524665914705,0.7335011382789154,0.3336628971809095,0.09661626900830125,8.463622761992712e-05,2.697572672980348,55.83,8.55,55.86,250.0,250.0,250.0,0.0,0.0,550.0,326.0,326.0,1.0,0.0,,101.8184111176302,124.16864979283011,130.38458549222798,128.49245775718222,2.697572672980348,2.4743321212084255,2.4652214345545573,0.04878864577963357,30735464.114741515,29242054.223554064,0.03253403959334993,3.81944409497978,0.715587475646564,0.6504186172913278,0.0,0.1498651484989082,0.16215368643831793,44.41337494288135,0.5841967702142888,,,,,,,,,,,,,,,,,,,,,,,,,,,,,,,,,,,,,,,,,,,,,,,,,,,,,,,,,,,,,,,,,
reliability_first,admission_pressure,Intent-PPO-CMDP-NoRisk,Intent-PPO-CMDP-NoRisk,13,1025721121,372372750,535536204,4606dec7f3efe1c94a9c,stochastic,150,300,250,1,500,1,800,1,150-step training / 300-step arrival window + >= 250-step no-arrival drain adaptively extended to cohort maturity (cap 500),511991876,1,283.62103929999284,reliability_first,200,0.0,0.7823052722066831,0.7355549950609118,0.0,1.0,0.21769472779331686,0.2644450049390881,0.27547233207958083,43.53894555866337,0.21769472779331686,-0.10465711278533946,-0.12755149513736364,0.00035598481377052097,0.005364304812834219,0.006584936917121651,0.26465711278533943,0.28755149513736367,0.29161663146422884,0.750649540309659,0.8315630445759912,,0.9996440151862294,0.0,0.0,0.0,0.8080813521711283,0.7040621493619347,0.19170662642073627,0.10169705817307083,0.00021202140813530716,3.2718360809176272,32.55,7.88,32.575,250.0,250.0,250.0,0.0,0.0,550.0,326.0,326.0,1.0,0.0,,65.43592290143295,82.80375,91.07191418764299,88.23546347329787,3.2718360809176272,3.0241064660111183,3.015340918694871,0.04696499773103751,24645445.753695603,23682403.65875298,0.04055876916168453,3.0818109136932206,0.7108146746292145,0.6412510764264618,0.0,0.1817686711620904,0.19513284147882826,48.53751706451596,0.26082586703318544,,,,,,,,,,,,,,,,,,,,,,,,,,,,,,,,,,,,,,,,,,,,,,,,,,,,,,,,,,,,,,,,,
reliability_first,admission_pressure,Intent-PPO-CMDP,Intent-PPO-CMDP,13,1025721121,372372750,535536204,09d0d30da2ff448dad2f,stochastic,150,300,250,1,500,1,800,1,150-step training / 300-step arrival window + >= 250-step no-arrival drain adaptively extended to cohort maturity (cap 500),511991876,1,309.3859143999871,reliability_first,200,0.0,0.7889451939044118,0.7430109313724463,0.0,1.0,0.21105480609558833,0.2569890686275536,0.2675174503241035,42.210961219117664,0.21105480609558833,-0.09850039673161262,-0.12288046926289423,0.02610914522862844,0.029585798816568046,0.02969449617573488,0.2585003967316126,0.28288046926289423,0.2881157190639976,0.7845586513443894,0.8596936215310087,,0.9738908547713716,0.0,0.0,0.0,0.7881249315932359,0.7388327846646504,0.18626232725398673,0.0924060318192128,0.025612741152777306,3.220665749282175,31.67,7.775,31.755,250.0,250.0,250.0,0.0,0.0,550.0,326.0,326.0,1.0,0.0,,66.70224685537791,87.64383357041251,93.4438327914258,92.46805554322964,3.220665749282175,2.9851191699734976,2.9525320517206537,0.04977343956569191,24853805.17269535,23838587.072757006,0.04020753984435601,3.071266321624468,0.7007879692691145,0.6368895750957552,0.0,0.17892587496012088,0.19177539530264345,53.35089973892708,0.2429220338052547,,,,,,,,,,,,,,,,,,,,,,,,,,,,,,,,,,,,,,,,,,,,,,,,,,,,,,,,,,,,,,,,,
reliability_first,admission_pressure,Intent-PPO-CMDP-FullPolicy-NoShield,Intent-PPO-CMDP,13,1025721121,372372750,535536204,09d0d30da2ff448dad2f,stochastic,150,300,250,1,500,1,800,1,150-step training / 300-step arrival window + >= 250-step no-arrival drain adaptively extended to cohort maturity (cap 500),511991876,1,309.3859143999871,reliability_first,200,0.0,0.5217767948892233,0.450489201394514,0.0,1.0,2.953820979296953,3.7562277488227456,3.8888434920774984,590.7641958593906,2.953820979296953,-0.42416627518061484,-0.5415088282504013,0.45416627518061486,0.5715088282504013,0.5915742600980242,0.2795214682580058,0.3064031935799505,0.3136411041147212,0.8209339099446313,0.9167545955670425,,0.5458337248193851,0.0,0.0,0.0,0.49253914913739133,0.7978285950671229,0.06838928180318668,0.03811070009557647,0.439071569059422,2.0786808125696536,9.195,3.995,11.83,250.0,250.0,250.0,0.0,0.0,550.0,326.0,326.0,1.0,0.0,,44.147580467399884,61.500168690958134,69.24544124201454,66.13489578521805,2.0786808125696536,1.5849596539353792,1.5573281692529044,0.1487288029511798,23162434.405707866,21566570.180981934,0.043078835106688376,1.2868431176180575,0.602213405360417,0.5255265741777871,9.329232693507827e-05,0.11548226736498074,0.1443665143178263,4.644486740857146,3.1462202100577197,,,,,,,,,,,,,,,,,,,,,,,,,,,,,,,,,,,,,,,,,,,,,,,,,,,,,,,,,,,,,,,,,
reliability_first,admission_pressure,MaxWeight,MaxWeight,14,1103526060,1905340783,724543531,,stochastic,150,300,250,1,500,1,800,1,150-step training / 300-step arrival window + >= 250-step no-arrival drain adaptively extended to cohort maturity (cap 500),1730176827,0,1.2899981811642647e-05,reliability_first,200,0.0,0.9336773490708561,0.9233010234425972,1.0,1.0,0.06632265092914398,0.07669897655740279,0.07846965009764986,13.264530185828797,0.06632265092914398,0.02393308783509565,0.0030121826225722346,0.0,0.0,0.0,0.13045889163354774,0.15698781737742776,0.16395408554375435,0.9576756657639041,0.9858189318222715,,0.7674293941383182,0.23257060586168188,0.0,0.23257060586168188,0.43259462501923507,0.7625886679626429,0.5674053749807649,0.19515269687374506,0.0,2.0646324776278346,57.14,33.465,57.14,250.0,254.225,276.0,4.225,26.0,554.225,277.0,277.0,1.0,0.0,,140.00349102388543,157.70169552669552,162.6288132201006,161.7008862950875,2.0646324776278346,1.8666957555454624,1.850759474911576,0.06341912141886151,19382571.149946496,18421145.34524384,0.05161046097457769,7.488442033673478,0.5727528236593034,0.5108834210127337,0.0003029436592744267,0.11470180431265746,0.1271692355565244,-178.48180850642032,0.1808114285683595,,,,,,,,,,,,,,,,,,,,,,,,,,,,,,,,,,,,,,,,,,,,,,,,,,,,,,,,,,,,,,,,,
reliability_first,admission_pressure,PPO,PPO,14,1103526060,1905340783,1823775964,0a65909e93fb2c778ea0,stochastic,150,300,250,1,500,1,800,1,150-step training / 300-step arrival window + >= 250-step no-arrival drain adaptively extended to cohort maturity (cap 500),1730176827,1,272.0849051999976,reliability_first,200,0.0,0.8221325695648973,0.7742300430836554,0.005,1.0,0.17786743043510264,0.22576995691634458,0.23656163663890473,35.57348608702053,0.17786743043510264,-0.08164098579867062,-0.10459346507238441,0.001461866212105683,0.006134969325153374,0.007289530060186761,0.24164098579867063,0.2645934650723844,0.27067800860953267,0.7866080945369878,0.8543209099740633,,0.9985381337878942,0.0,0.0,0.0,0.7123414827444229,0.7293911631007575,0.28686669565850614,0.1102447227051963,0.0007918215970710453,2.9853283715005454,49.555,9.885,49.67,250.0,250.0,250.0,0.0,0.0,550.0,277.0,277.0,1.0,0.0,,86.46225959395866,109.45021628216503,123.52721819380355,117.60568143310006,2.9853283715005454,2.7774876006013867,2.751498360657917,0.043306518102116075,26640682.438204437,25421283.102218945,0.03751730429932349,3.8594318078484684,0.7135708767489152,0.6527407739390603,0.0,0.16585157619447474,0.1785498658662813,29.340665113776563,0.5974602965433041,,,,,,,,,,,,,,,,,,,,,,,,,,,,,,,,,,,,,,,,,,,,,,,,,,,,,,,,,,,,,,,,,
reliability_first,admission_pressure,PPO-Lagrangian,PPO-Lagrangian,14,1103526060,1905340783,1823775964,337f5a10e02765106fee,stochastic,150,300,250,1,500,1,800,1,150-step training / 300-step arrival window + >= 250-step no-arrival drain adaptively extended to cohort maturity (cap 500),1730176827,1,284.58887489995686,reliability_first,200,0.015,0.9770563534070124,0.9411519256986816,1.0,0.985,0.022943646592987567,0.058848074301318325,0.07166032674621384,4.5887293185975135,0.023293042226383318,0.006710772694428741,-0.023637643104105047,0.0008922454225529738,0.006064324223833425,0.007098910781434406,0.15179511109605923,0.18363764310410505,0.18996042603840163,0.7844052728527919,0.8507627732304481,,0.9989477217855497,0.00016003279189738152,0.0,0.00016003279189738152,0.6402782722371696,0.7298810593836571,0.3592486622129873,0.10900873675383323,0.0004730655498431621,2.701030259238765,61.87,9.395,61.94,250.0,250.0,250.0,0.0,0.0,550.0,277.0,277.0,1.0,0.0,,108.67425566713744,132.348773308546,140.0562176165803,136.98854312066118,2.701030259238765,2.520287983847732,2.4978919763910272,0.04689161319130874,34191853.98990536,32560110.805175465,0.029231991252211334,3.7787505804225576,0.7130785072043474,0.6559389581579432,0.0,0.1500572366243758,0.16166922549124754,50.47181087015955,0.34514433175433096,,,,,,,,,,,,,,,,,,,,,,,,,,,,,,,,,,,,,,,,,,,,,,,,,,,,,,,,,,,,,,,,,
reliability_first,admission_pressure,PPO_CMDP,PPO_CMDP,14,1103526060,1905340783,1823775964,dadb88684cb84768bf3a,stochastic,150,300,250,1,500,1,800,1,150-step training / 300-step arrival window + >= 250-step no-arrival drain adaptively extended to cohort maturity (cap 500),1730176827,1,264.74071779998485,reliability_first,200,0.0,0.7724443984425116,0.7181694645315696,0.0,1.0,0.22755560155748847,0.28183053546843034,0.2973356790650422,45.51112031149769,0.22755560155748847,-0.11059731312115587,-0.13606359360301032,0.00040640144341795126,0.005322008693662776,0.006551720431984587,0.27059731312115587,0.2960635936030103,0.30395601088663243,0.7374289003452096,0.8168146336666254,,0.999593598556582,0.0,0.0,0.0,0.8042304652218377,0.693612669217035,0.19553518812998283,0.08364811582735325,0.00023434664817943184,3.2943111735351107,33.895,7.565,33.925,250.0,250.0,250.0,0.0,0.0,550.0,277.0,277.0,1.0,0.0,,63.82677698159601,81.26339168669433,87.19715949423247,86.40547221807235,3.2943111735351107,3.069335906222682,3.0528736755391574,0.043552209653863604,27891118.946199372,26831635.621818673,0.03583811305465563,2.722172510287545,0.7113793030787618,0.6597482064217076,0.0,0.18301728741861725,0.19780907033938142,52.656334760964526,0.23862547571046872,,,,,,,,,,,,,,,,,,,,,,,,,,,,,,,,,,,,,,,,,,,,,,,,,,,,,,,,,,,,,,,,,
reliability_first,admission_pressure,Intent-PPO-CMDP-NoRisk,Intent-PPO-CMDP-NoRisk,14,1103526060,1905340783,1823775964,72924e27f6df7ecb428f,stochastic,150,300,250,1,500,1,800,1,150-step training / 300-step arrival window + >= 250-step no-arrival drain adaptively extended to cohort maturity (cap 500),1730176827,1,270.7660398000153,reliability_first,200,0.0,0.7682462369230163,0.7153555924310968,0.0,1.0,0.23175376307698373,0.28464440756890313,0.29415046370347203,46.35075261539674,0.23175376307698373,-0.11228005322906981,-0.13976496769421173,0.0006281096588081655,0.005887636491722435,0.007491360948370307,0.27228005322906984,0.29976496769421174,0.30451443320286037,0.735386170063132,0.8350173074855662,,0.9993718903411919,0.0,0.0,0.0,0.8007928639751958,0.6877436125199711,0.19881421347298187,0.09694803547081328,0.00039292255182236854,3.3276364011868313,34.68,8.26,34.72,250.0,250.0,250.0,0.0,0.0,550.0,277.0,277.0,1.0,0.0,,63.55840011212533,83.49074585635357,89.46584328987831,87.59219975969299,3.3276364011868313,3.0789151473288014,3.074357482226922,0.044282934617458546,27467079.546029396,26411556.11025719,0.03639038729564742,2.766440367011402,0.7068753741721264,0.6516574779977657,0.0,0.18486868895482395,0.19819052959138417,50.49128455638411,0.2644656323209607,,,,,,,,,,,,,,,,,,,,,,,,,,,,,,,,,,,,,,,,,,,,,,,,,,,,,,,,,,,,,,,,,
reliability_first,admission_pressure,Intent-PPO-CMDP,Intent-PPO-CMDP,14,1103526060,1905340783,1823775964,fd2a9bdca11bd34bca64,stochastic,150,300,250,1,500,1,800,1,150-step training / 300-step arrival window + >= 250-step no-arrival drain adaptively extended to cohort maturity (cap 500),1730176827,1,319.06714920001104,reliability_first,200,0.0,0.8910354487269376,0.8463100663149284,0.4,1.0,0.10896455127306251,0.15368993368507153,0.16471690854235987,21.7929102546125,0.10896455127306251,-0.0423882098632587,-0.061854305825862085,0.027018540477303378,0.02976190476190476,0.029856253878797024,0.2023882098632587,0.22185430582586207,0.2310958004689748,0.8304402442795022,0.9006121260416197,,0.9729814595226967,0.0,0.0,0.0,0.6697823364498855,0.7671254232286532,0.304593199478973,0.12035555886066807,0.025624464071141453,2.907376871739848,52.51,10.93,52.75,250.0,250.0,250.0,0.0,0.0,550.0,277.0,277.0,1.0,0.0,,94.47205261297921,113.65971283042064,124.40052136209813,120.20679968917734,2.907376871739848,2.6892447063482408,2.6745909707168063,0.046748086640957816,31162605.525983434,29917324.875929322,0.03207394803662231,3.5716457551500214,0.7018599251108065,0.6456881425548335,0.0,0.16152093731888045,0.1743822916676268,59.04214714484328,0.21892808654264534,,,,,,,,,,,,,,,,,,,,,,,,,,,,,,,,,,,,,,,,,,,,,,,,,,,,,,,,,,,,,,,,,
reliability_first,admission_pressure,Intent-PPO-CMDP-FullPolicy-NoShield,Intent-PPO-CMDP,14,1103526060,1905340783,1823775964,fd2a9bdca11bd34bca64,stochastic,150,300,250,1,500,1,800,1,150-step training / 300-step arrival window + >= 250-step no-arrival drain adaptively extended to cohort maturity (cap 500),1730176827,1,319.06714920001104,reliability_first,200,0.0,0.6025791943765809,0.5281867331579893,0.0,1.0,3.173971939464143,3.6428632755539176,3.761993666818615,634.7943878928286,3.173971939464143,-0.47211237285002283,-0.5398431975818422,0.5021123728500229,0.5698431975818422,0.5864091240902465,0.22570670879417076,0.2632,0.2715391480612094,0.8799543034520454,0.9337655862728479,,0.49788762714997714,0.0,0.0,0.0,0.43347856028235315,0.8467353711293027,0.10254889257875523,0.041882640853218314,0.4639725471388917,1.952352048180806,11.31,5.825,18.1,250.0,250.0,250.0,0.0,0.0,550.0,277.0,277.0,1.0,0.0,,55.07026628152728,74.00555555555556,78.95452637658836,76.91831937046305,1.952352048180806,1.6969012870233284,1.6693230931843055,0.07904738249824012,28400667.028810035,25895402.561301503,0.03518908093897118,1.2742367520204372,0.5774147888028811,0.482009415903925,0.001893021052381999,0.10846400267671143,0.12193677648272322,8.360672687673029,1.3291490791033715,,,,,,,,,,,,,,,,,,,,,,,,,,,,,,,,,,,,,,,,,,,,,,,,,,,,,,,,,,,,,,,,,
reliability_first,admission_pressure,MaxWeight,MaxWeight,15,1481178426,1997781942,309207947,,stochastic,150,300,250,1,500,1,800,1,150-step training / 300-step arrival window + >= 250-step no-arrival drain adaptively extended to cohort maturity (cap 500),734062304,0,0.00021009985357522964,reliability_first,200,0.0,0.9438421892054731,0.8947965294194842,0.94,1.0,0.056157810794526725,0.10520347058051578,0.14860549199158876,11.231562158905344,0.056157810794526725,0.009823050933872212,-0.048288668418707416,0.0,0.0,0.0,0.14830633778801436,0.20828866841870736,0.23372644631786738,0.8835835384760783,0.9713404364259249,,0.8914085326272204,0.10859146737277946,0.0,0.10859146737277946,0.5425180570600475,0.7077852103850683,0.4574819429399524,0.18218650905435943,0.0,2.434520886234006,59.085,29.915,59.085,250.0,255.225,297.0,5.225,47.0,555.225,298.0,298.0,1.0,0.0,,123.6413574583696,151.38590345138732,159.95853815892994,158.69136359291366,2.434520886234006,2.163585774480616,2.157666722314791,0.09828115732838223,19608917.055656098,18168748.38533972,0.0512157374957098,6.9840395933546775,0.6608338250530622,0.5677264485866598,0.0,0.1352511603463337,0.1673391584611008,-147.17184721365794,0.516156424328821,,,,,,,,,,,,,,,,,,,,,,,,,,,,,,,,,,,,,,,,,,,,,,,,,,,,,,,,,,,,,,,,,
reliability_first,admission_pressure,PPO,PPO,15,1481178426,1997781942,1596015111,461e22a59e6f436fac36,stochastic,150,300,250,1,500,1,800,1,150-step training / 300-step arrival window + >= 250-step no-arrival drain adaptively extended to cohort maturity (cap 500),734062304,1,258.87767640000675,reliability_first,200,0.07,0.9713362377636037,0.9186083119413234,0.99,0.9299999999999999,0.02866376223639634,0.08139168805867655,0.09358344884781485,5.7327524472792675,0.030821249716555203,-0.00459761383968069,-0.03136277302943968,0.0006059852889065496,0.005780346820809248,0.006031878857262896,0.16454152728366,0.1913627730294397,0.19985838510514456,0.7684629239171663,0.8412909191947543,,0.9993940147110933,0.0,0.0,0.0,0.7352643376434006,0.7117386918201674,0.2642697742158915,0.11411710247239498,0.00046588814070803466,3.0550219305391635,45.475,9.755,45.5,250.0,250.0,250.0,0.0,0.0,550.0,298.0,298.0,1.0,0.0,,83.07017824004218,104.91771140207311,111.84363445378148,110.57055295024637,3.0550219305391635,2.7752638515299246,2.74794791163729,0.0521397211859839,32593265.77518635,31423665.93234579,0.030684189725725307,2.98814283166593,0.7216346669502278,0.6617638423204117,0.0,0.16972344058550906,0.18245044499378404,87.86200322119653,0.1500254552667917,,,,,,,,,,,,,,,,,,,,,,,,,,,,,,,,,,,,,,,,,,,,,,,,,,,,,,,,,,,,,,,,,
reliability_first,admission_pressure,PPO-Lagrangian,PPO-Lagrangian,15,1481178426,1997781942,1596015111,c54dc7a9b9a68be549b7,stochastic,150,300,250,1,500,1,800,1,150-step training / 300-step arrival window + >= 250-step no-arrival drain adaptively extended to cohort maturity (cap 500),734062304,1,254.7300168000511,reliability_first,200,0.01,0.9832911462213625,0.9650040718995361,1.0,0.99,0.016708853778637445,0.03499592810046385,0.05660440665261507,3.3417707557274894,0.016877630079431768,0.02466391468814461,-0.003999622231666423,0.0018831650463416447,0.006756756756756757,0.01095408441463063,0.10577757537932797,0.1639996222316664,0.17589817517018672,0.7769375970196195,0.836314126567166,,0.9967988536391482,0.0013179813145101776,0.0,0.0013179813145101776,0.6064856239326478,0.7267851372519039,0.393191163378609,0.07977827260949803,0.000323212688743285,2.438647848773144,66.57,8.555,66.83,250.0,250.0,250.0,0.0,0.0,550.0,298.0,298.0,1.0,0.0,,120.82723932784248,144.74898646551188,158.65019969752146,155.53530331417232,2.438647848773144,2.122256219245322,2.1158090553243123,0.07855881996324199,35264925.53600883,32638377.81004643,0.02836520884372493,3.9979999491547433,0.7198075348920386,0.6660776867367543,0.0,0.1354804360429524,0.15303714495529805,48.34036482276602,0.6413817572278913,,,,,,,,,,,,,,,,,,,,,,,,,,,,,,,,,,,,,,,,,,,,,,,,,,,,,,,,,,,,,,,,,
reliability_first,admission_pressure,PPO_CMDP,PPO_CMDP,15,1481178426,1997781942,1596015111,fc83225982e20e56ecdd,stochastic,150,300,250,1,500,1,800,1,150-step training / 300-step arrival window + >= 250-step no-arrival drain adaptively extended to cohort maturity (cap 500),734062304,1,273.55554740002844,reliability_first,200,0.025,0.9818278598349215,0.9554089400902357,1.0,0.975,0.018172140165078537,0.04459105990976431,0.06096420191468127,3.6344280330157073,0.018638092477003626,0.01624343827583462,-0.010774094396624778,0.0006964935263834371,0.005954163102366694,0.006820912893972736,0.13920322285510184,0.17077409439662478,0.1793621477865946,0.7885197200871369,0.8599604834252574,,0.9993035064736165,0.0,0.0,0.0,0.6826943943842403,0.7330090099904893,0.31689763718397496,0.10348898135629238,0.0004079684317849143,2.8186258065925824,54.09,9.47,54.14,250.0,250.0,250.0,0.0,0.0,550.0,298.0,298.0,1.0,0.0,,99.57908850714288,119.26199968754881,133.31649935155386,127.74649737122881,2.8186258065925824,2.5247236017423775,2.4830234188260207,0.0670677642335002,34561149.61900873,33144721.854569312,0.028930713687335026,3.359778260167353,0.7228616479041833,0.6705757418943717,0.0,0.1565903225884768,0.17285495990525285,79.94633527720356,0.18865463858554543,,,,,,,,,,,,,,,,,,,,,,,,,,,,,,,,,,,,,,,,,,,,,,,,,,,,,,,,,,,,,,,,,
reliability_first,admission_pressure,Intent-PPO-CMDP-NoRisk,Intent-PPO-CMDP-NoRisk,15,1481178426,1997781942,1596015111,8c806f3e428ad93e5ba2,stochastic,150,300,250,1,500,1,800,1,150-step training / 300-step arrival window + >= 250-step no-arrival drain adaptively extended to cohort maturity (cap 500),734062304,1,275.68097020004643,reliability_first,200,0.01,0.9740304279569943,0.9301735102464996,0.97,0.99,0.025969572043005647,0.06982648975350034,0.09988674179499417,5.193914408601129,0.026231890952530958,0.01638618680917584,-0.01996934377466157,0.0014113685198674224,0.0067159749805962635,0.008846114897642298,0.1304809095056891,0.17996934377466156,0.19419841564282542,0.7899109340896601,0.8619919870963104,,0.9902766951971599,0.00831193628297263,0.0,0.00831193628297263,0.576861890782789,0.7344476638193911,0.4229528424833153,0.08379016676895706,0.00018526673389559738,2.322577687887715,70.37,9.45,70.575,250.0,250.005,251.0,0.005,1.0,550.005,298.0,298.0,1.0,0.0,,131.37508810136032,156.63456492297274,161.62594727242575,161.45721418935756,2.322577687887715,2.0748463795155425,2.0438564797591714,0.07067636597449163,34564462.4625916,32048021.450594686,0.028940664358027182,4.416847063985609,0.7174167892180219,0.652499745212178,0.0,0.12903209377153974,0.14269319107611725,18.558709716338708,1.9149632206070757,,,,,,,,,,,,,,,,,,,,,,,,,,,,,,,,,,,,,,,,,,,,,,,,,,,,,,,,,,,,,,,,,
reliability_first,admission_pressure,Intent-PPO-CMDP,Intent-PPO-CMDP,15,1481178426,1997781942,1596015111,618554fca77aa7604c32,stochastic,150,300,250,1,500,1,800,1,150-step training / 300-step arrival window + >= 250-step no-arrival drain adaptively extended to cohort maturity (cap 500),734062304,1,332.33217309997417,reliability_first,200,0.005,0.9836265218891123,0.9700739710192655,1.0,0.995,0.01637347811088765,0.029926028980734633,0.03392420619162735,3.2746956221775303,0.016455756895364475,0.0204038286534116,0.007368282748653265,0.008783391735267465,0.019581762323697773,0.023451310335108073,0.10451604400583621,0.13735363930904235,0.1511015581434898,0.7889951187027774,0.8626022141404761,,0.9911422645403684,7.434372436423297e-05,0.0,7.434372436423297e-05,0.6205615759883814,0.7362313638924107,0.37147684663483516,0.07870009157609582,0.007961577376783501,2.532593463239191,63.63,9.065,63.775,250.0,250.0,250.0,0.0,0.0,550.0,298.0,298.0,1.0,0.0,,115.02722031926389,139.58047553275452,149.16396475414257,146.33106111393255,2.532593463239191,2.2196145010696653,2.210168658052482,0.07088540726814073,35469982.942783915,33755321.04416097,0.02819594150014191,3.8092078834230754,0.7159486956951753,0.660537444421293,0.0,0.1406996368466217,0.1578350243627245,62.8197787093612,0.3562330301385408,,,,,,,,,,,,,,,,,,,,,,,,,,,,,,,,,,,,,,,,,,,,,,,,,,,,,,,,,,,,,,,,,
reliability_first,admission_pressure,Intent-PPO-CMDP-FullPolicy-NoShield,Intent-PPO-CMDP,15,1481178426,1997781942,1596015111,618554fca77aa7604c32,stochastic,150,300,250,1,500,1,800,1,150-step training / 300-step arrival window + >= 250-step no-arrival drain adaptively extended to cohort maturity (cap 500),734062304,1,332.33217309997417,reliability_first,200,0.0,0.8066872477084849,0.7750369371494054,0.045,1.0,0.3018007041222064,0.5245753727946085,0.5917113853394105,60.360140824441274,0.3018007041222064,-0.04495156209514429,-0.07870958751393534,0.07495156209514428,0.10870958751393534,0.120352860261933,0.10946486843691694,0.16189770514014734,0.17310148330558534,0.7908128212062766,0.858003278002269,,0.9250484379048558,0.0,0.0,0.0,0.5938618157762514,0.7399832964188104,0.35831073945840614,0.07770666314022173,0.04782744476534246,2.424954609811057,56.505,8.675,61.15,250.0,250.0,250.0,0.0,0.0,550.0,298.0,298.0,1.0,0.0,,110.02169339865466,133.2990100027405,146.0741438703141,142.2262303063498,2.424954609811057,2.1016863081438415,2.0935644541184195,0.0757514448405007,35238789.27072634,33006190.817119934,0.028384064091740064,3.433573861932208,0.715126331585536,0.6539692953480947,0.0,0.13471970054505872,0.15127908441643795,52.085918680861084,0.4654146714619388,,,,,,,,,,,,,,,,,,,,,,,,,,,,,,,,,,,,,,,,,,,,,,,,,,,,,,,,,,,,,,,,,
latency_critical,admission_pressure,MaxWeight,MaxWeight,11,471540437,1073362871,6853812,,stochastic,150,300,250,1,500,1,800,1,150-step training / 300-step arrival window + >= 250-step no-arrival drain adaptively extended to cohort maturity (cap 500),632148561,0,1.200009137392044e-05,latency_critical,200,0.0,0.7021900983672711,0.6716625908265829,0.0,1.0,0.2978099016327289,0.3283374091734173,0.334343045807745,59.56198032654578,0.2978099016327289,0.1,0.1,0.0,0.0,0.0,0.12436840091049978,0.14762340465465465,0.15698689394201715,0.9732041392149846,0.9913280790375947,,0.7140697021515443,0.2859302978484557,0.0,0.2859302978484557,0.4027868627440397,0.7824026503979278,0.5972131372559604,0.19080148881705689,0.0,1.8457308357108824,53.42,32.87,53.42,250.0,250.03,252.0,0.03,2.0,550.03,252.0,252.0,1.0,0.0,,143.80554592442132,158.67059999999998,162.75399769585252,162.1488664363106,1.8457308357108824,1.6895475285615038,1.6754932033168246,0.054563332544773475,17979706.93270645,16980173.2076783,0.05563251014637139,7.533325369488359,0.5427815418528533,0.4942627899018442,0.001121922763453197,0.1025406019839379,0.11133865164972596,-179.40376681748054,0.1498629848893208,,,,,,,,,,,,,,,,,,,,,,,,,,,,,,,,,,,,,,,,,,,,,,,,,,,,,,,,,,,,,,,,,
latency_critical,admission_pressure,PPO,PPO,11,471540437,1073362871,1897045420,b9c1e1a3273f0ff06c77,stochastic,150,300,250,1,500,1,800,1,150-step training / 300-step arrival window + >= 250-step no-arrival drain adaptively extended to cohort maturity (cap 500),632148561,1,259.96485530002974,latency_critical,200,0.0,0.848697675876129,0.8172996253943299,0.005,1.0,0.1513023241238712,0.1827003746056703,0.19233336896984415,30.26046482477424,0.1513023241238712,0.09964235572714294,0.09974093264248705,0.0003576442728570641,0.000259067357512865,0.007152885457141283,0.14864609201786522,0.1756114936828241,0.1802749559608287,0.8175394340067171,0.8908670125754081,,0.9996423557271429,0.0,0.0,0.0,0.6134240408559328,0.7545649840820994,0.3865209875359966,0.10969136300089787,5.4971608070556966e-05,2.546469410549741,67.64,11.085,67.69,250.0,250.0,250.0,0.0,0.0,550.0,252.0,252.0,1.0,0.0,,120.42146812159855,141.9943752638244,152.60934653465344,149.9435375596008,2.546469410549741,2.2883777776187597,2.2785059246112653,0.05845873733832394,33691869.47440204,32443174.0790098,0.029682623229329786,4.179531974315965,0.7213146660537906,0.6549084151263191,0.0,0.14147052280831893,0.15485442492051163,39.840011960005285,0.4344389107120593,,,,,,,,,,,,,,,,,,,,,,,,,,,,,,,,,,,,,,,,,,,,,,,,,,,,,,,,,,,,,,,,,
latency_critical,admission_pressure,PPO-Lagrangian,PPO-Lagrangian,11,471540437,1073362871,1897045420,97597eec01eed730a745,stochastic,150,300,250,1,500,1,800,1,150-step training / 300-step arrival window + >= 250-step no-arrival drain adaptively extended to cohort maturity (cap 500),632148561,1,273.0232358999783,latency_critical,200,0.0,0.8108400440661353,0.7687507341247867,0.0,1.0,0.18915995593386473,0.23124926587521336,0.23555142953751895,37.831991186772946,0.18915995593386473,0.09959908128931313,0.09972527472527473,0.0004009187106868678,0.00027472527472518105,0.008018374213737356,0.11261469131032137,0.1559754224270353,0.16231991007219385,0.8263214373924893,0.8982342116793944,,0.9035370346694674,0.09606204661984571,0.0,0.09606204661984571,0.5005766969970441,0.7533792304085051,0.4994233030029559,0.10623876248461926,0.0,2.0282443212948067,69.15,12.645,69.215,250.0,250.005,251.0,0.005,1.0,550.005,252.0,252.0,1.0,0.0,,155.32642821430628,175.28898319854991,183.87100883782585,181.63561007678433,2.0282443212948067,1.8406997872329809,1.8151974257836099,0.05900814197357266,34158375.44588025,32192781.474683143,0.029273022575812303,4.8023795514375,0.7157701192268306,0.6566123667883557,0.0,0.11268024007193372,0.12343010994460787,-45.56116754663483,0.5430082359716716,,,,,,,,,,,,,,,,,,,,,,,,,,,,,,,,,,,,,,,,,,,,,,,,,,,,,,,,,,,,,,,,,
latency_critical,admission_pressure,PPO_CMDP,PPO_CMDP,11,471540437,1073362871,1897045420,3e02143445d692cb208a,stochastic,150,300,250,1,500,1,800,1,150-step training / 300-step arrival window + >= 250-step no-arrival drain adaptively extended to cohort maturity (cap 500),632148561,1,273.6423236000119,latency_critical,200,0.0,0.8700227105707902,0.8432673715273659,0.06,1.0,0.12997728942920994,0.15673262847263408,0.16369060519936626,25.995457885841986,0.12997728942920994,0.09955502782267582,0.09444444444444446,0.0004449721773241922,0.005555555555555556,0.006073650017614851,0.20350787957617478,0.22509223128272213,0.23059812831172546,0.8128859100616391,0.8771618882770508,,0.9995550278226759,0.0,0.0,0.0,0.6906537152860664,0.7534497992267872,0.30895816008182897,0.12040774123915575,0.0003881246321045539,2.8534401397186273,53.465,10.295,53.475,250.0,250.0,250.0,0.0,0.0,550.0,252.0,252.0,1.0,0.0,,97.45693927624139,115.66171428571428,121.77784479663536,119.60765889932884,2.8534401397186273,2.6119545216193694,2.5792347218639176,0.051743137797684115,31083817.19165385,30125892.319341995,0.03217498131942897,3.618722973000304,0.7189915055587,0.6622397393941277,0.0,0.1585244522065904,0.17265483096296935,49.93804739307636,0.2825028980304086,,,,,,,,,,,,,,,,,,,,,,,,,,,,,,,,,,,,,,,,,,,,,,,,,,,,,,,,,,,,,,,,,
latency_critical,admission_pressure,Intent-PPO-CMDP-NoRisk,Intent-PPO-CMDP-NoRisk,11,471540437,1073362871,1897045420,7d2ee40999bb1a6afe16,stochastic,150,300,250,1,500,1,800,1,150-step training / 300-step arrival window + >= 250-step no-arrival drain adaptively extended to cohort maturity (cap 500),632148561,1,275.69379829999525,latency_critical,200,0.0,0.8135635535746012,0.7733067253562931,0.0,1.0,0.18643644642539894,0.226693274643707,0.23822543636514482,37.28728928507979,0.18643644642539894,0.09982693874139947,0.1,0.00017306125860052098,0.0,0.00017306125860052098,0.11408661654029323,0.16134855013392335,0.17720638467595945,0.8254204682027972,0.8951306227718616,,0.9163286482314729,0.08349829050992653,0.0,0.08349829050992653,0.5124978049539364,0.7572517255726696,0.48741854960286757,0.09932833511348943,8.3645443196005e-05,2.063230910748349,69.285,11.755,69.3,250.0,250.01,252.0,0.01,2.0,550.01,252.0,252.0,1.0,0.0,,153.05983356342972,172.34225490196079,178.01376589945482,177.22069040689942,2.063230910748349,1.8341465601297722,1.7863762050294079,0.07421214733491613,34205201.93813703,32297907.55993195,0.029218416175406284,4.768363356227116,0.717433025324279,0.6537138463855048,0.0,0.11462393948601939,0.12773738648023739,-43.184043618320175,0.5687024354890126,,,,,,,,,,,,,,,,,,,,,,,,,,,,,,,,,,,,,,,,,,,,,,,,,,,,,,,,,,,,,,,,,
latency_critical,admission_pressure,Intent-PPO-CMDP,Intent-PPO-CMDP,11,471540437,1073362871,1897045420,b12c9f3440d9c22ff923,stochastic,150,300,250,1,500,1,800,1,150-step training / 300-step arrival window + >= 250-step no-arrival drain adaptively extended to cohort maturity (cap 500),632148561,1,319.3185737999738,latency_critical,200,0.0,0.808038292961339,0.7744990388627438,0.0,1.0,0.19196170703866103,0.2255009611372562,0.23002798731387553,38.392341407732204,0.19196170703866103,0.05111188915058178,0.01428571428571429,0.048888110849418215,0.08571428571428572,0.09107873020981505,0.11038063512715127,0.14118956823328357,0.15404411437839322,0.8472606342992506,0.9190164472772734,,0.9311781608138098,0.019933728336772018,0.0,0.019933728336772018,0.5260252439820036,0.7947493387119969,0.42798567531537657,0.07253821520142643,0.04598908070261979,2.1691431493833533,70.16,9.13,70.675,250.0,250.0,250.0,0.0,0.0,550.0,252.0,252.0,1.0,0.0,,140.09452993895331,162.106304464766,171.598911205074,168.45910790087427,2.1691431493833533,1.9798264418457965,1.9734653701612288,0.05274248430872057,33854139.62877815,32424928.82401639,0.029530625349737334,4.588920782020838,0.6989425972709933,0.6430940792779405,0.0,0.12050795274351962,0.13221632994330443,-4.949334761258809,4.690327487018486,,,,,,,,,,,,,,,,,,,,,,,,,,,,,,,,,,,,,,,,,,,,,,,,,,,,,,,,,,,,,,,,,
latency_critical,admission_pressure,Intent-PPO-CMDP-FullPolicy-NoShield,Intent-PPO-CMDP,11,471540437,1073362871,1897045420,b12c9f3440d9c22ff923,stochastic,150,300,250,1,500,1,800,1,150-step training / 300-step arrival window + >= 250-step no-arrival drain adaptively extended to cohort maturity (cap 500),632148561,1,319.3185737999738,latency_critical,200,0.0,0.7101766450653365,0.6643286238291958,0.0,1.0,0.3503052829439599,0.4517127387211512,0.4748591246384105,70.06105658879198,0.3503052829439599,-0.1777627294031195,-0.2578898612425102,0.27776272940311947,0.35788986124251015,0.37680478014837554,0.12429100442893803,0.16279931093884584,0.17291885126136392,0.8296142610561268,0.9075846189939515,,0.7209437025916664,0.0012935680052141468,0.0,0.0012935680052141468,0.4567428057375305,0.7836755403848005,0.359183514414961,0.06768680293110022,0.18407367984750853,1.8669460049189908,45.34,7.9,61.35,250.0,250.0,250.0,0.0,0.0,550.0,252.0,252.0,1.0,0.0,,114.49450961816561,141.30403525046384,154.11577488976562,147.621988457393,1.8669460049189908,1.6396822897891317,1.6248061890276868,0.07683739994130055,33012300.339404326,31196824.9758543,0.030272425194053154,2.9600649076574648,0.6956160528903887,0.6081273583185421,0.0,0.10371922249549949,0.11729108543866705,-18.99694202992539,1.5917044399801725,,,,,,,,,,,,,,,,,,,,,,,,,,,,,,,,,,,,,,,,,,,,,,,,,,,,,,,,,,,,,,,,,
latency_critical,admission_pressure,MaxWeight,MaxWeight,12,1729653623,2128646545,1078995830,,stochastic,150,300,250,1,500,1,800,1,150-step training / 300-step arrival window + >= 250-step no-arrival drain adaptively extended to cohort maturity (cap 500),1789253029,0,1.1200085282325745e-05,latency_critical,200,0.0,0.7072838177101778,0.6761463974597128,0.0,1.0,0.29271618228982216,0.32385360254028733,0.3337987067456728,58.54323645796443,0.29271618228982216,0.1,0.1,0.0,0.0,0.0,0.12400086559756902,0.14709419850414393,0.15693980442142372,0.970871145762175,0.9881109532959191,,0.698358081343553,0.3016419186564469,0.0,0.3016419186564469,0.39915461384102413,0.7773792014367615,0.6008453861589759,0.19349194432541364,0.0,1.9557075189724105,51.385,33.38,51.385,250.0,251.02,278.0,1.02,28.0,551.02,278.0,278.0,1.0,0.0,,140.64468603646569,154.61997161394973,158.89198742911793,158.2436567246056,1.9557075189724105,1.773129741277974,1.76302175600612,0.06191370352792414,14452911.915243285,13686285.209552225,0.06919183492642263,9.632712164962633,0.5375636760964589,0.49814539309280975,0.0009037058600948967,0.1086504177206895,0.12048957495013266,-175.44902289081583,0.14270166617022176,,,,,,,,,,,,,,,,,,,,,,,,,,,,,,,,,,,,,,,,,,,,,,,,,,,,,,,,,,,,,,,,,
latency_critical,admission_pressure,PPO,PPO,12,1729653623,2128646545,1621075116,2fb07c1ee95b181950c4,stochastic,150,300,250,1,500,1,800,1,150-step training / 300-step arrival window + >= 250-step no-arrival drain adaptively extended to cohort maturity (cap 500),1789253029,1,284.739809300052,latency_critical,200,0.0,0.8525380863210341,0.8253397249225829,0.025,1.0,0.14746191367896597,0.17466027507741708,0.18645303875217317,29.492382735793193,0.14746191367896597,0.09956380165695093,0.09417371388301622,0.0004361983430490807,0.005826286116983787,0.00702141078103455,0.11945561796673763,0.15362030210393812,0.1585055548394138,0.7975902548408087,0.8717095617749777,,0.9830642776053057,0.016499524051645297,0.0,0.016499524051645297,0.5633440234982338,0.7436198208459419,0.43647106349252296,0.09991872520649643,0.0001849130092433454,2.4297365160946147,72.18,9.34,72.22,250.0,250.0,250.0,0.0,0.0,550.0,278.0,278.0,1.0,0.0,,135.86151021298963,157.65120967741933,165.6599351981855,164.00308491031632,2.4297365160946147,2.2090625899719747,2.2001391016274354,0.058170921712838816,28895127.732401043,27273648.92219552,0.034600097169382976,5.6840062710390225,0.7246683278704623,0.6591853882042212,0.0,0.13498536200525638,0.14866854390733517,5.913393477749725,4.221057830071841,,,,,,,,,,,,,,,,,,,,,,,,,,,,,,,,,,,,,,,,,,,,,,,,,,,,,,,,,,,,,,,,,
latency_critical,admission_pressure,PPO-Lagrangian,PPO-Lagrangian,12,1729653623,2128646545,1621075116,5ff4062933b4dfa3978e,stochastic,150,300,250,1,500,1,800,1,150-step training / 300-step arrival window + >= 250-step no-arrival drain adaptively extended to cohort maturity (cap 500),1789253029,1,266.70855040004244,latency_critical,200,0.0,0.8113917919335395,0.7832171030602716,0.0,1.0,0.18860820806646061,0.21678289693972844,0.22365334477787152,37.72164161329212,0.18860820806646061,0.09848737154575811,0.0935483870967742,0.001512628454241891,0.0064516129032258064,0.008989018758914098,0.0690544514437989,0.1061856966040071,0.11877799630682265,0.8371252744363343,0.9027536504601186,,0.9608420542308366,0.03764531731492157,0.0,0.03764531731492157,0.49185259170194057,0.7586202355471551,0.5074499767037051,0.11480276295296032,0.0006974315943543273,2.132239774434425,79.46,13.51,79.595,250.0,250.29,272.0,0.29,22.0,550.29,278.0,278.0,1.0,0.0,,163.20885817583465,181.19247899159663,189.38282333051563,186.8167507748458,2.132239774434425,1.9285043731984997,1.8956476120049266,0.06722675908122332,28935497.511180304,27521629.973896664,0.034564415594248554,6.662722442942321,0.7226178344710213,0.6657661132104409,0.0,0.1184577652463569,0.130884984167794,-13.184841714096116,1.5185185290724785,,,,,,,,,,,,,,,,,,,,,,,,,,,,,,,,,,,,,,,,,,,,,,,,,,,,,,,,,,,,,,,,,
latency_critical,admission_pressure,PPO_CMDP,PPO_CMDP,12,1729653623,2128646545,1621075116,c2c338dd9800f45e9834,stochastic,150,300,250,1,500,1,800,1,150-step training / 300-step arrival window + >= 250-step no-arrival drain adaptively extended to cohort maturity (cap 500),1789253029,1,270.83158040000126,latency_critical,200,0.0,0.8833500215614137,0.8525572146881525,0.185,1.0,0.11664997843858636,0.1474427853118476,0.15268379381606972,23.329995687717272,0.11664997843858636,0.09982115648284619,0.1,8.982253202374116e-05,0.0,8.982253202374116e-05,0.21611209882340265,0.24004709501775098,0.24906515964455656,0.8032668940496821,0.8699741486480962,,0.9999101774679764,0.0,0.0,0.0,0.7026548153340748,0.7459456814313543,0.2972553621339014,0.12512820699548488,8.982253202374116e-05,3.0621555962463924,50.895,9.8,50.895,250.0,250.0,250.0,0.0,0.0,550.0,278.0,278.0,1.0,0.0,,92.97801923819264,111.00751005092467,119.44583525172655,117.19562468880838,3.0621555962463924,2.8114914477890127,2.8170765372067668,0.04827516175499577,25205339.161156014,24130095.210315827,0.039675270936457264,4.489089974751234,0.720998689348628,0.6558337103298179,0.0,0.1701197553470218,0.18348652931074125,57.0754330630911,0.23997892897219905,,,,,,,,,,,,,,,,,,,,,,,,,,,,,,,,,,,,,,,,,,,,,,,,,,,,,,,,,,,,,,,,,
latency_critical,admission_pressure,Intent-PPO-CMDP-NoRisk,Intent-PPO-CMDP-NoRisk,12,1729653623,2128646545,1621075116,53b75815fc19ab3c700d,stochastic,150,300,250,1,500,1,800,1,150-step training / 300-step arrival window + >= 250-step no-arrival drain adaptively extended to cohort maturity (cap 500),1789253029,1,267.30905749998055,latency_critical,200,0.0,0.8456339825986195,0.8091091365736703,0.005,1.0,0.15436601740138053,0.19089086342632963,0.19716182309574307,30.873203480276107,0.15436601740138053,0.09985157385098614,0.1,0.00014842614901386576,0.0,0.00014842614901386576,0.13515890293047658,0.16328385899814468,0.16979163790355892,0.8116427890467492,0.8892574518584929,,0.9963198618267597,0.003531712024226272,0.0,0.003531712024226272,0.5645895253636488,0.7466003883434479,0.43535295980444616,0.11288743638995481,5.751483190507581e-05,2.4457165169715456,74.095,11.25,74.11,250.0,250.04,258.0,0.04,8.0,550.04,278.0,278.0,1.0,0.0,,136.17623815413808,167.8233258928571,180.16037180583768,174.89366141704775,2.4457165169715456,2.2070475616705942,2.1824211565977,0.05638247113717927,28544474.899054956,27303552.52871295,0.03502799307484169,5.808402585581475,0.724181029998989,0.6592059751336034,0.0,0.13587313983175253,0.14754544894657384,15.477687899215534,1.5132707025559569,,,,,,,,,,,,,,,,,,,,,,,,,,,,,,,,,,,,,,,,,,,,,,,,,,,,,,,,,,,,,,,,,
latency_critical,admission_pressure,Intent-PPO-CMDP,Intent-PPO-CMDP,12,1729653623,2128646545,1621075116,fc604e43c5d11a5118bd,stochastic,150,300,250,1,500,1,800,1,150-step training / 300-step arrival window + >= 250-step no-arrival drain adaptively extended to cohort maturity (cap 500),1789253029,1,320.63457950000884,latency_critical,200,0.005,0.8890377188825792,0.8510384339937932,0.335,0.995,0.11096228111742079,0.14896156600620677,0.15476294475479418,22.192456223484157,0.1115198805200209,0.07199350392585953,0.052097034171502264,0.026155407556725897,0.047902965828497734,0.05128619497835459,0.26030472506051416,0.281613096932219,0.28816484959477895,0.7963511160431068,0.8742438228139214,,0.9738445924432741,0.0,0.0,0.0,0.7251760074979836,0.7351930621724471,0.25347882520501824,0.11954356428068735,0.02134516729699806,3.17884865623448,43.045,10.545,43.875,250.0,250.0,250.0,0.0,0.0,550.0,278.0,278.0,1.0,0.0,,77.08955181399816,101.2803824691932,110.27184718331776,107.69986567946773,3.17884865623448,2.9664176914621527,2.953798014875935,0.0424933406732954,22179286.066265203,21159956.52436081,0.04507244231441922,4.1878838292817875,0.7079389407018192,0.6455704934218941,0.0,0.17660270312413778,0.1892039186341518,39.27272209365111,0.4237707378005226,,,,,,,,,,,,,,,,,,,,,,,,,,,,,,,,,,,,,,,,,,,,,,,,,,,,,,,,,,,,,,,,,
latency_critical,admission_pressure,Intent-PPO-CMDP-FullPolicy-NoShield,Intent-PPO-CMDP,12,1729653623,2128646545,1621075116,fc604e43c5d11a5118bd,stochastic,150,300,250,1,500,1,800,1,150-step training / 300-step arrival window + >= 250-step no-arrival drain adaptively extended to cohort maturity (cap 500),1789253029,1,320.63457950000884,latency_critical,200,0.0,0.8714426911860363,0.8277925244405478,0.14,1.0,0.1285573088139637,0.17220747555945223,0.18497551031464332,25.71146176279274,0.1285573088139637,-0.008277258929500571,-0.044582101992877154,0.10827725892950057,0.14458210199287716,0.15606830361106727,0.26116526288302,0.2840370869770121,0.29168042906803116,0.80300846226556,0.8766341193006681,,0.8917227410704994,0.0,0.0,0.0,0.6802616305289199,0.7448734592247105,0.2300114507639664,0.11116651070073756,0.08972691870711376,3.0041089125120313,36.77,10.08,40.01,250.0,250.0,250.0,0.0,0.0,550.0,278.0,278.0,1.0,0.0,,72.63850099187434,94.36388888888888,103.73621806540706,100.10340087049535,3.0041089125120313,2.803154754293257,2.786757803355562,0.044233719375816764,21935442.442451105,20875113.105319448,0.04556076569919471,3.7056752449123627,0.6930818870166803,0.6356247839840108,0.0,0.1668949395840017,0.1794268356251986,31.880764239950285,0.43189423009636563,,,,,,,,,,,,,,,,,,,,,,,,,,,,,,,,,,,,,,,,,,,,,,,,,,,,,,,,,,,,,,,,,
latency_critical,admission_pressure,MaxWeight,MaxWeight,13,1025721121,372372750,1244677390,,stochastic,150,300,250,1,500,1,800,1,150-step training / 300-step arrival window + >= 250-step no-arrival drain adaptively extended to cohort maturity (cap 500),590527600,0,1.109996810555458e-05,latency_critical,200,0.0,0.7232443965534991,0.6920369053215291,0.0,1.0,0.27675560344650074,0.3079630946784709,0.3128860753449389,55.35112068930015,0.27675560344650074,0.1,0.1,0.0,0.0,0.0,0.12990190190753587,0.1548899091627172,0.16455225819211852,0.9633369595714946,0.9874351356009587,,0.7576399894425063,0.24236001055749365,0.0,0.24236001055749365,0.4250957087889348,0.7686552855965135,0.5749042912110651,0.19475272461746035,0.0,1.9690462987048665,54.985,32.4,54.985,250.0,261.425,326.0,11.425,76.0,561.425,326.0,326.0,1.0,0.0,,143.4575062563144,176.27366576209857,185.78031015037595,182.87647958468736,1.9690462987048665,1.7851738266761321,1.7742842958641039,0.05924308801161491,16448165.559844658,15546059.495884731,0.06080663291044439,8.677834450508502,0.5647803980297783,0.5022161143198959,0.0007482762124518261,0.10939146103915925,0.12013906004242961,-198.1722171903146,0.20034392992544112,,,,,,,,,,,,,,,,,,,,,,,,,,,,,,,,,,,,,,,,,,,,,,,,,,,,,,,,,,,,,,,,,
latency_critical,admission_pressure,PPO,PPO,13,1025721121,372372750,535536204,3cabdc2e2c3a75659a16,stochastic,150,300,250,1,500,1,800,1,150-step training / 300-step arrival window + >= 250-step no-arrival drain adaptively extended to cohort maturity (cap 500),590527600,1,262.1022107999888,latency_critical,200,0.0,0.889986483017506,0.8593000573330524,0.245,1.0,0.11001351698249402,0.14069994266694763,0.1456583413113067,22.002703396498806,0.11001351698249402,0.06305928559931799,0.037954585726731715,0.0010665316992828145,0.006174756537075376,0.00817157906490658,0.2869010041109717,0.31204541427326826,0.31744672406824875,0.7923355686101047,0.8550622931011393,,0.9989334683007172,0.0,0.0,0.0,0.757591017444044,0.7400465026139057,0.24216823069780838,0.09663688776219612,0.00024075185814757358,3.0848625593123393,41.14,8.865,41.28,250.0,250.0,250.0,0.0,0.0,550.0,326.0,326.0,1.0,0.0,,77.78793164101143,99.25468749999999,109.36354291654288,105.22318673119173,3.0848625593123393,2.8537033617094507,2.831027939670258,0.04759994834861713,23809627.924431965,22858238.319504272,0.04200195286338312,3.8039014974268883,0.7151914568158094,0.6584699108929816,0.0,0.17138125329512996,0.1845377697526733,16.370454712258297,1.251507743192505,,,,,,,,,,,,,,,,,,,,,,,,,,,,,,,,,,,,,,,,,,,,,,,,,,,,,,,,,,,,,,,,,
latency_critical,admission_pressure,PPO-Lagrangian,PPO-Lagrangian,13,1025721121,372372750,535536204,454f28c68eb87e33907f,stochastic,150,300,250,1,500,1,800,1,150-step training / 300-step arrival window + >= 250-step no-arrival drain adaptively extended to cohort maturity (cap 500),590527600,1,254.03850810002768,latency_critical,200,0.0,0.8645327430279844,0.8341656436286911,0.06,1.0,0.1354672569720156,0.1658343563713088,0.17416897938431336,27.093451394403118,0.1354672569720156,0.0996811130299158,0.1,0.0003188869700842097,0.0,0.0003188869700842097,0.17658992720937633,0.19795223276386603,0.203346994015776,0.8129604335214838,0.8857021095635152,,0.9996811130299157,0.0,0.0,0.0,0.6634295821452612,0.7540112052530542,0.33648073633459374,0.11552456284017058,8.96815201451513e-05,2.75804763427611,56.815,9.96,56.855,250.0,250.0,250.0,0.0,0.0,550.0,326.0,326.0,1.0,0.0,,104.35511366473054,123.64768041237107,139.30639716549487,133.70215778809035,2.75804763427611,2.5456035696251202,2.5236364569028815,0.050792509259798356,28408859.699549675,27276110.690214258,0.03518801988214518,4.2771747998548815,0.7121834440372643,0.6615346303889419,0.0,0.153224868570895,0.16657255235091104,47.669986937940436,0.3544204684647745,,,,,,,,,,,,,,,,,,,,,,,,,,,,,,,,,,,,,,,,,,,,,,,,,,,,,,,,,,,,,,,,,
latency_critical,admission_pressure,PPO_CMDP,PPO_CMDP,13,1025721121,372372750,535536204,a070e26e29e031606ad8,stochastic,150,300,250,1,500,1,800,1,150-step training / 300-step arrival window + >= 250-step no-arrival drain adaptively extended to cohort maturity (cap 500),590527600,1,277.9400926999515,latency_critical,200,0.0,0.8739966733715622,0.8369118958306431,0.105,1.0,0.12600332662843794,0.16308810416935704,0.1676898038956492,25.200665325687588,0.12600332662843794,0.09958159140438458,0.09441183855376312,0.0004184085956154132,0.005588161446236896,0.0061488498335668254,0.1528335865723647,0.1797189719587798,0.18971443114364944,0.7884206937992463,0.859495531592365,,0.9984591050219719,0.0011224863824126998,0.0,0.0011224863824126998,0.6548755615633672,0.7364851564904016,0.3449418188302967,0.09716989862427035,0.00018261960633607043,2.6868526194040303,58.34,8.795,58.38,250.0,250.0,250.0,0.0,0.0,550.0,326.0,326.0,1.0,0.0,,105.4247451132409,130.74536071273357,137.97799095022623,134.74546793110864,2.6868526194040303,2.4670944331830547,2.442553486539477,0.05036363603702319,30855910.125340644,29557004.9301526,0.032402489281667717,3.9965907414872253,0.7138968910361436,0.6530467254175393,0.0,0.14926958996689058,0.16125361926509657,40.40862098774343,0.6384788451639521,,,,,,,,,,,,,,,,,,,,,,,,,,,,,,,,,,,,,,,,,,,,,,,,,,,,,,,,,,,,,,,,,
latency_critical,admission_pressure,Intent-PPO-CMDP-NoRisk,Intent-PPO-CMDP-NoRisk,13,1025721121,372372750,535536204,4606dec7f3efe1c94a9c,stochastic,150,300,250,1,500,1,800,1,150-step training / 300-step arrival window + >= 250-step no-arrival drain adaptively extended to cohort maturity (cap 500),590527600,1,283.62103929999284,latency_critical,200,0.015,0.9169320028166135,0.8755427041978299,0.71,0.985,0.0830679971833865,0.12445729580217009,0.1328598694662249,16.6135994366773,0.08433299206435178,0.0854484659819964,0.0641180480593967,0.00014682802975985235,0.0,0.00014682802975985235,0.26341776024089963,0.2858819519406033,0.2926770601028742,0.7471598416446941,0.8358262683025492,,0.9998531719702402,0.0,0.0,0.0,0.8147094655237075,0.7027878690673015,0.18517311821123847,0.09958484905630538,0.00011741626505397,3.293439418773212,31.545,7.525,31.55,250.0,250.0,250.0,0.0,0.0,550.0,326.0,326.0,1.0,0.0,,64.48967813114116,81.24024293956877,90.22044227373696,87.37070701985655,3.293439418773212,3.0604121228664933,3.043159842688431,0.04729001577505723,24704369.774031095,23751791.637705423,0.04045878766018235,3.03102965612197,0.7142103442482334,0.6504539613613048,0.0,0.18296885659851178,0.19721306628056443,49.76068636837954,0.2405570112258169,,,,,,,,,,,,,,,,,,,,,,,,,,,,,,,,,,,,,,,,,,,,,,,,,,,,,,,,,,,,,,,,,
latency_critical,admission_pressure,Intent-PPO-CMDP,Intent-PPO-CMDP,13,1025721121,372372750,535536204,09d0d30da2ff448dad2f,stochastic,150,300,250,1,500,1,800,1,150-step training / 300-step arrival window + >= 250-step no-arrival drain adaptively extended to cohort maturity (cap 500),590527600,1,309.3859143999871,latency_critical,200,0.0,0.8642757579051641,0.8232708780681701,0.115,1.0,0.135724242094836,0.1767291219318299,0.1834782218244159,27.144848418967197,0.135724242094836,0.0172174937489783,0.002281947261663287,0.08278250625102171,0.09771805273833671,0.09885119846761733,0.26216176827556287,0.28646757606343176,0.29409514711351015,0.839940476439702,0.9256738437383382,,0.9172174937489782,0.0,0.0,0.0,0.7547188312197616,0.798611944592285,0.1636446427608705,0.06793865138382142,0.08163652601936772,3.162373679886342,27.715,7.02,27.92,250.0,250.0,250.0,0.0,0.0,550.0,326.0,326.0,1.0,0.0,,64.3029172768326,85.88315020347761,91.08343112529927,89.34438840685668,3.162373679886342,2.9357696553063137,2.9174480380105843,0.04482464238586031,24589061.01505095,23611517.915871233,0.040644538790682104,2.9204934559847078,0.6662186444777831,0.6116314986585328,0.0,0.17568742666035234,0.18883515482900928,60.72522687815267,0.19004833359994922,,,,,,,,,,,,,,,,,,,,,,,,,,,,,,,,,,,,,,,,,,,,,,,,,,,,,,,,,,,,,,,,,
latency_critical,admission_pressure,Intent-PPO-CMDP-FullPolicy-NoShield,Intent-PPO-CMDP,13,1025721121,372372750,535536204,09d0d30da2ff448dad2f,stochastic,150,300,250,1,500,1,800,1,150-step training / 300-step arrival window + >= 250-step no-arrival drain adaptively extended to cohort maturity (cap 500),590527600,1,309.3859143999871,latency_critical,200,0.0,0.6734873225075805,0.615785683760384,0.0,1.0,0.5345179925783075,0.6683414782387044,0.7064622904539787,106.9035985156615,0.5345179925783075,-0.3685159522017826,-0.47743979470983033,0.4685159522017826,0.5774397947098302,0.60263556239597,0.2803042715864421,0.31068033273915624,0.3183344618584204,0.8103583570435222,0.9054794414457865,,0.5314840477982175,0.0,0.0,0.0,0.4858301702513391,0.7900300316114526,0.05888461220780153,0.035159836207090144,0.45528521754085943,2.0185832425709838,7.81,3.465,10.085,250.0,250.0,250.0,0.0,0.0,550.0,326.0,326.0,1.0,0.0,,41.29143876114588,56.969757326007326,66.60956521739126,63.862822832216786,2.0185832425709838,1.5656176762248089,1.5152838142206304,0.14052387886753553,22946575.99132681,21291057.12105727,0.0434573339417957,1.1674392792042863,0.6043391620611791,0.5118680513096637,0.00028077756908093137,0.11214351347616576,0.13744488658205967,4.031405582311823,3.1424837454176275,,,,,,,,,,,,,,,,,,,,,,,,,,,,,,,,,,,,,,,,,,,,,,,,,,,,,,,,,,,,,,,,,
latency_critical,admission_pressure,MaxWeight,MaxWeight,14,1103526060,1905340783,201272745,,stochastic,150,300,250,1,500,1,800,1,150-step training / 300-step arrival window + >= 250-step no-arrival drain adaptively extended to cohort maturity (cap 500),1311703645,0,1.0799849405884743e-05,latency_critical,200,0.0,0.7349799441026726,0.7063823377748908,0.0,1.0,0.26502005589732747,0.2936176622251093,0.2996641508353687,53.00401117946549,0.26502005589732747,0.1,0.1,0.0,0.0,0.0,0.13045889163354774,0.15698781737742776,0.16395408554375435,0.9576756657639041,0.9858189318222715,,0.7674293941383182,0.23257060586168188,0.0,0.23257060586168188,0.43259462501923507,0.7625886679626429,0.5674053749807649,0.19515269687374506,0.0,2.0646324776278346,57.14,33.465,57.14,250.0,254.225,276.0,4.225,26.0,554.225,277.0,277.0,1.0,0.0,,140.00349102388543,157.70169552669552,162.6288132201006,161.7008862950875,2.0646324776278346,1.8666957555454624,1.850759474911576,0.06341912141886151,19382571.149946496,18421145.34524384,0.05161046097457769,7.488442033673478,0.5727528236593034,0.5108834210127337,0.0003029436592744267,0.11470180431265746,0.1271692355565244,-178.48180850642032,0.1808114285683595,,,,,,,,,,,,,,,,,,,,,,,,,,,,,,,,,,,,,,,,,,,,,,,,,,,,,,,,,,,,,,,,,
latency_critical,admission_pressure,PPO,PPO,14,1103526060,1905340783,1823775964,0a65909e93fb2c778ea0,stochastic,150,300,250,1,500,1,800,1,150-step training / 300-step arrival window + >= 250-step no-arrival drain adaptively extended to cohort maturity (cap 500),1311703645,1,272.0849051999976,latency_critical,200,0.0,0.8922148291775316,0.859070212414956,0.325,1.0,0.10778517082246836,0.140929787585044,0.15026359477219436,21.557034164493672,0.10778517082246836,0.09666561654738091,0.08609279996025164,0.001405157974208889,0.00645370758273984,0.009526527922614368,0.2405519110423039,0.2639072000397483,0.2687564550182354,0.7848637827575246,0.8539294611185951,,0.9985948420257911,0.0,0.0,0.0,0.7177968635710326,0.7298647152954674,0.2815463155698286,0.10888746179544567,0.0006568208591388176,2.9942948167955854,48.48,9.445,48.61,250.0,250.0,250.0,0.0,0.0,550.0,277.0,277.0,1.0,0.0,,84.55432768816495,106.8178101840784,114.49325510515084,111.76263834665869,2.9942948167955854,2.7762801778422665,2.7587011375722876,0.04581762660965175,26613017.025292408,25534023.920120932,0.03755762856822478,3.7626818331423086,0.7130877476051641,0.6569246998564148,0.0,0.16634971204419918,0.17818275343936632,30.89060400465364,0.5472830866078843,,,,,,,,,,,,,,,,,,,,,,,,,,,,,,,,,,,,,,,,,,,,,,,,,,,,,,,,,,,,,,,,,
latency_critical,admission_pressure,PPO-Lagrangian,PPO-Lagrangian,14,1103526060,1905340783,1823775964,337f5a10e02765106fee,stochastic,150,300,250,1,500,1,800,1,150-step training / 300-step arrival window + >= 250-step no-arrival drain adaptively extended to cohort maturity (cap 500),1311703645,1,284.58887489995686,latency_critical,200,0.0,0.8764943647408194,0.8476356517277763,0.125,1.0,0.12350563525918076,0.15236434827222356,0.16010755320638068,24.701127051836153,0.12350563525918076,0.09907333092768393,0.09411590671771668,0.0009266690723160767,0.005884093282283327,0.008534563620797448,0.15191107544533497,0.1838594822787159,0.1916544239337116,0.7855602891338898,0.846156765463512,,0.9986917673122164,0.00038156361546760295,0.0,0.00038156361546760295,0.6345195318063608,0.7283744362392426,0.365069742830117,0.10978282382278934,0.00041072536352227253,2.701118464792229,63.295,9.915,63.385,250.0,250.0,250.0,0.0,0.0,550.0,277.0,277.0,1.0,0.0,,110.05696480863202,131.94812663612566,141.7635124378109,139.0680799575032,2.701118464792229,2.5096110045068576,2.4966723294072892,0.04407927168200739,34167110.28832713,32418082.508094817,0.02925656698831106,3.8613141155758774,0.7109746200213626,0.6514456949482843,0.0,0.15006213693290157,0.1615722833047942,47.63982969417094,0.3768766551792042,,,,,,,,,,,,,,,,,,,,,,,,,,,,,,,,,,,,,,,,,,,,,,,,,,,,,,,,,,,,,,,,,
latency_critical,admission_pressure,PPO_CMDP,PPO_CMDP,14,1103526060,1905340783,1823775964,dadb88684cb84768bf3a,stochastic,150,300,250,1,500,1,800,1,150-step training / 300-step arrival window + >= 250-step no-arrival drain adaptively extended to cohort maturity (cap 500),1311703645,1,264.74071779998485,latency_critical,200,0.07,0.9295671117218527,0.885465462998245,0.865,0.9299999999999999,0.07043288827814737,0.11453453700175509,0.12004237928790477,14.086577655629473,0.0757342884711262,0.0773283672026622,0.0537667839750152,0.0004800522741995221,0.005847953216374269,0.006209118838086808,0.27240736971794133,0.29623321602498476,0.3003014456847854,0.7218132719236511,0.8130752232360308,,0.9995199477258006,0.0,0.0,0.0,0.814385725808861,0.6786085061823204,0.18533884581203255,0.08323386848320592,0.0002754283791063164,3.3173883626976464,32.12,7.43,32.155,250.0,250.0,250.0,0.0,0.0,550.0,277.0,277.0,1.0,0.0,,61.002672286389554,80.44478198039708,86.91840205332004,85.39005181474374,3.3173883626976464,3.0308012053354507,3.038940488377491,0.04772423078917174,27838862.065892443,26753575.13584643,0.035902727866883054,2.5972933527572613,0.7105570915320947,0.6538173850529667,0.0,0.18429935348320256,0.19873397706622198,54.248771678102166,0.24902924219432657,,,,,,,,,,,,,,,,,,,,,,,,,,,,,,,,,,,,,,,,,,,,,,,,,,,,,,,,,,,,,,,,,
latency_critical,admission_pressure,Intent-PPO-CMDP-NoRisk,Intent-PPO-CMDP-NoRisk,14,1103526060,1905340783,1823775964,72924e27f6df7ecb428f,stochastic,150,300,250,1,500,1,800,1,150-step training / 300-step arrival window + >= 250-step no-arrival drain adaptively extended to cohort maturity (cap 500),1311703645,1,270.7660398000153,latency_critical,200,0.075,0.928583694614749,0.8805450258927987,0.77,0.925,0.07141630538525112,0.11945497410720134,0.13092243862631708,14.283261077050225,0.07720681663270391,0.0763594154811757,0.05458369766673216,0.0006159058954581663,0.005783727140587498,0.006140355338681412,0.27331044941173777,0.2954163023332678,0.2999914273303356,0.7235512595939865,0.8323873285617127,,0.9993840941045419,0.0,0.0,0.0,0.8099390319745438,0.6794793634842522,0.18962724521035468,0.08984351141215605,0.00043372281510164795,3.32730400023637,32.955,7.6,32.985,250.0,250.0,250.0,0.0,0.0,550.0,277.0,277.0,1.0,0.0,,62.11518575108061,85.26513513513511,90.477279911824,89.08746266555639,3.32730400023637,3.100082458808561,3.0880452398531437,0.04698307537072796,27472302.93791537,26450109.76453506,0.03638508617678053,2.685932324961619,0.710505181621194,0.6651709719441595,0.0,0.18485022223535388,0.1986976543343802,51.085053636471,0.25947290388694255,,,,,,,,,,,,,,,,,,,,,,,,,,,,,,,,,,,,,,,,,,,,,,,,,,,,,,,,,,,,,,,,,
latency_critical,admission_pressure,Intent-PPO-CMDP,Intent-PPO-CMDP,14,1103526060,1905340783,1823775964,fd2a9bdca11bd34bca64,stochastic,150,300,250,1,500,1,800,1,150-step training / 300-step arrival window + >= 250-step no-arrival drain adaptively extended to cohort maturity (cap 500),1311703645,1,319.06714920001104,latency_critical,200,0.0,0.8291104350929415,0.8013761448417549,0.0,1.0,0.1708895649070586,0.19862385515824516,0.20558162653070008,34.177912981411716,0.1708895649070586,0.01591249081747881,0.000584795321637438,0.0840875091825212,0.09941520467836257,0.09975633528265108,0.20522393310597187,0.22945824247637714,0.2406498895072992,0.88598519090709,0.9475925946482449,,0.9159124908174786,0.0,0.0,0.0,0.6409998274894184,0.8172711241582067,0.28321956087933403,0.09345228160306145,0.07578061163124757,2.8560156764141165,47.895,11.95,49.345,250.0,250.0,250.0,0.0,0.0,550.0,277.0,277.0,1.0,0.0,,92.10229267242109,112.34138719512195,120.43361538461532,120.05337109092939,2.8560156764141165,2.644108093163286,2.6079667033518006,0.04874785918681768,31110495.17493432,29876476.832084145,0.03212918196074508,3.4146179085209347,0.6747152508726094,0.6139390551537647,0.0,0.158667537578562,0.17111619895977603,68.41317223039499,0.1947151118439387,,,,,,,,,,,,,,,,,,,,,,,,,,,,,,,,,,,,,,,,,,,,,,,,,,,,,,,,,,,,,,,,,
latency_critical,admission_pressure,Intent-PPO-CMDP-FullPolicy-NoShield,Intent-PPO-CMDP,14,1103526060,1905340783,1823775964,fd2a9bdca11bd34bca64,stochastic,150,300,250,1,500,1,800,1,150-step training / 300-step arrival window + >= 250-step no-arrival drain adaptively extended to cohort maturity (cap 500),1311703645,1,319.06714920001104,latency_critical,200,0.0,0.6163579058061245,0.5680053739474528,0.0,1.0,0.628375646653873,0.7238025227818878,0.7572124226828427,125.67512933077461,0.628375646653873,-0.41592876772108767,-0.48483732351135667,0.5159287677210876,0.5848373235113566,0.6104580083309389,0.22976996623126336,0.26685642695171374,0.2848154279573206,0.8714874214914754,0.930684470258558,,0.48407123227891224,0.0,0.0,0.0,0.42790148251906784,0.8430254284158636,0.08632568638839316,0.03772512085034299,0.4857728310925391,1.8970261410987896,9.735,4.945,15.055,250.0,250.0,250.0,0.0,0.0,550.0,277.0,277.0,1.0,0.0,,51.55581841050085,70.60494505494503,78.35776093136587,77.26188499420418,1.8970261410987896,1.616295950905639,1.5757844935348357,0.09224693740268966,28055090.77331885,25569332.329345137,0.03560776655512666,1.1561585318938885,0.5685877108204838,0.4549829926802403,0.00448186615796701,0.10539034117215497,0.11942238773752284,7.909534197387891,1.491742703614014,,,,,,,,,,,,,,,,,,,,,,,,,,,,,,,,,,,,,,,,,,,,,,,,,,,,,,,,,,,,,,,,,
latency_critical,admission_pressure,MaxWeight,MaxWeight,15,1481178426,1997781942,1693114094,,stochastic,150,300,250,1,500,1,800,1,150-step training / 300-step arrival window + >= 250-step no-arrival drain adaptively extended to cohort maturity (cap 500),1469241709,0,1.0699965059757233e-05,latency_critical,200,0.04,0.7996417729981665,0.7473721678816424,0.125,0.96,0.20035822700183348,0.2526278321183577,0.25677574110066903,40.0716454003667,0.20870648646024323,0.09990601990452301,0.1,0.0,0.0,0.0,0.14830633778801436,0.20828866841870736,0.23372644631786738,0.8835835384760783,0.9713404364259249,,0.8914085326272204,0.10859146737277946,0.0,0.10859146737277946,0.5425180570600475,0.7077852103850683,0.4574819429399524,0.18218650905435943,0.0,2.434520886234006,59.085,29.915,59.085,250.0,255.225,297.0,5.225,47.0,555.225,298.0,298.0,1.0,0.0,,123.6413574583696,151.38590345138732,159.95853815892994,158.69136359291366,2.434520886234006,2.163585774480616,2.157666722314791,0.09828115732838223,19608917.055656098,18168748.38533972,0.0512157374957098,6.9840395933546775,0.6608338250530622,0.5677264485866598,0.0,0.1352511603463337,0.1673391584611008,-147.17184721365794,0.516156424328821,,,,,,,,,,,,,,,,,,,,,,,,,,,,,,,,,,,,,,,,,,,,,,,,,,,,,,,,,,,,,,,,,
latency_critical,admission_pressure,PPO,PPO,15,1481178426,1997781942,1596015111,461e22a59e6f436fac36,stochastic,150,300,250,1,500,1,800,1,150-step training / 300-step arrival window + >= 250-step no-arrival drain adaptively extended to cohort maturity (cap 500),1469241709,1,258.87767640000675,latency_critical,200,0.0,0.8987216651359208,0.8624804003986575,0.48,1.0,0.10127833486407932,0.13751959960134255,0.14921761381569232,20.255666972815863,0.10127833486407932,0.09950518898925247,0.09427380952380952,0.0004948110107475298,0.005726190476190472,0.006572895850385882,0.16174100524971494,0.18754648760330578,0.1959801905982592,0.7741119228158466,0.856493199367625,,0.9995051889892526,0.0,0.0,0.0,0.7349904388472219,0.7173513526921654,0.2646297644458299,0.11081673802932186,0.000379796706948015,3.0304114177558947,45.125,9.695,45.145,250.0,250.0,250.0,0.0,0.0,550.0,298.0,298.0,1.0,0.0,,83.72310889256798,102.68671057075312,109.52101576713156,107.36627927244437,3.0304114177558947,2.76242389174064,2.7426950599716307,0.054766869528927654,32766809.804120813,31456116.57530362,0.030513526290986897,2.9761209687306676,0.7187982531764824,0.6568673171491735,0.0,0.16835618987532752,0.1817511955086357,88.22414812497064,0.14624151721977072,,,,,,,,,,,,,,,,,,,,,,,,,,,,,,,,,,,,,,,,,,,,,,,,,,,,,,,,,,,,,,,,,
latency_critical,admission_pressure,PPO-Lagrangian,PPO-Lagrangian,15,1481178426,1997781942,1596015111,c54dc7a9b9a68be549b7,stochastic,150,300,250,1,500,1,800,1,150-step training / 300-step arrival window + >= 250-step no-arrival drain adaptively extended to cohort maturity (cap 500),1469241709,1,254.7300168000511,latency_critical,200,0.0,0.8625599955913514,0.8276468542376271,0.035,1.0,0.13744000440864862,0.172353145762373,0.1833795609865212,27.488000881729725,0.13744000440864862,0.09846672174222389,0.09366476112699061,0.0015332782577761133,0.00633523887300939,0.007027898381533256,0.10683099314119401,0.1632142857142857,0.17876779757869937,0.7772348048954981,0.8476200008725325,,0.9963475801580676,0.002119141584156328,0.0,0.002119141584156328,0.6058687907680234,0.7257003413068779,0.39383778505536315,0.07573892170591595,0.0002934241766135918,2.406922640623528,66.365,8.775,66.575,250.0,250.0,250.0,0.0,0.0,550.0,298.0,298.0,1.0,0.0,,121.79522761504353,147.328908045977,165.65188917975567,157.57609558258463,2.406922640623528,2.1722837085620346,2.140162692056296,0.06399665223492339,35259284.715733744,32852449.784129556,0.028388121700313983,4.015534139365579,0.7188172395618113,0.6624835736843748,0.0,0.13371792447908487,0.14754784960831394,44.215633666654306,0.7455804217013001,,,,,,,,,,,,,,,,,,,,,,,,,,,,,,,,,,,,,,,,,,,,,,,,,,,,,,,,,,,,,,,,,
latency_critical,admission_pressure,PPO_CMDP,PPO_CMDP,15,1481178426,1997781942,1596015111,fc83225982e20e56ecdd,stochastic,150,300,250,1,500,1,800,1,150-step training / 300-step arrival window + >= 250-step no-arrival drain adaptively extended to cohort maturity (cap 500),1469241709,1,273.55554740002844,latency_critical,200,0.0,0.8825412119682187,0.8517473736551243,0.165,1.0,0.11745878803178134,0.14825262634487574,0.1555311301578734,23.491757606356266,0.11745878803178134,0.0994787707185086,0.09415032679738562,0.0005212292814914138,0.005849673202614378,0.00707169991540547,0.13467911449924688,0.1627605812542009,0.1720276877009661,0.7861268495491691,0.8596010254735411,,0.9994787707185085,0.0,0.0,0.0,0.6837887793082084,0.7286744447975098,0.31589212175820913,0.10205751398153844,0.0003190989335824983,2.8094408730948692,53.77,9.77,53.805,250.0,250.0,250.0,0.0,0.0,550.0,298.0,298.0,1.0,0.0,,98.44699633264321,118.75524761755975,125.01075568049929,122.67675863550406,2.8094408730948692,2.49863966564371,2.4912025863496803,0.05915668879680818,34752546.64365068,33290969.16380832,0.028778176353715632,3.302499873340134,0.7179682168798067,0.6539227408565483,0.0,0.15608004850527052,0.17118875867200664,82.2360852317239,0.17985735013860613,,,,,,,,,,,,,,,,,,,,,,,,,,,,,,,,,,,,,,,,,,,,,,,,,,,,,,,,,,,,,,,,,
latency_critical,admission_pressure,Intent-PPO-CMDP-NoRisk,Intent-PPO-CMDP-NoRisk,15,1481178426,1997781942,1596015111,8c806f3e428ad93e5ba2,stochastic,150,300,250,1,500,1,800,1,150-step training / 300-step arrival window + >= 250-step no-arrival drain adaptively extended to cohort maturity (cap 500),1469241709,1,275.68097020004643,latency_critical,200,0.0,0.8491861147779787,0.8118402419870124,0.01,1.0,0.15081388522202147,0.18815975801298765,0.19557413418683348,30.162777044404294,0.15081388522202147,0.09875962211519056,0.09366887043457228,0.0012403778848094488,0.006331129565427718,0.00956399232344306,0.13549123102329774,0.18128912363067293,0.1920822155787379,0.7885136734218176,0.8551977281845025,,0.987378349680605,0.011381272434585426,0.0,0.011381272434585426,0.5718336445526224,0.7327708233049974,0.4281663554473776,0.08789941716201591,0.0,2.2961691302464846,70.765,9.515,70.97,250.0,250.0,250.0,0.0,0.0,550.0,298.0,298.0,1.0,0.0,,134.13969262876856,157.8698537305421,169.55931836548254,166.51126947275694,2.2961691302464846,2.029151473796444,2.014273282253083,0.07641822553609078,34337090.2362056,31638033.607675508,0.029138470667339076,4.5155676749216935,0.7235959210432331,0.6635797337456373,0.0,0.12756495168036025,0.14571570642324633,9.236315762795465,3.9623100552285813,,,,,,,,,,,,,,,,,,,,,,,,,,,,,,,,,,,,,,,,,,,,,,,,,,,,,,,,,,,,,,,,,
latency_critical,admission_pressure,Intent-PPO-CMDP,Intent-PPO-CMDP,15,1481178426,1997781942,1596015111,618554fca77aa7604c32,stochastic,150,300,250,1,500,1,800,1,150-step training / 300-step arrival window + >= 250-step no-arrival drain adaptively extended to cohort maturity (cap 500),1469241709,1,332.33217309997417,latency_critical,200,0.0,0.8609390833431724,0.8227982208274365,0.02,1.0,0.13906091665682765,0.17720177917256355,0.18463431647369488,27.81218333136553,0.13906091665682765,0.09146335087813583,0.07752808988764046,0.008536649121864172,0.02247191011235955,0.02765671892288787,0.10712674538482175,0.15490962739494019,0.165781784873174,0.786405144863843,0.8514952608625045,,0.9909721760779181,0.0004911748002177884,0.0,0.0004911748002177884,0.6076314609547008,0.7350318167931573,0.3845585414481516,0.07981412876476289,0.007809997597147567,2.462862380426435,65.445,8.79,65.57,250.0,250.0,250.0,0.0,0.0,550.0,298.0,298.0,1.0,0.0,,118.3683393732621,142.61883998354585,152.93070575183464,153.00962990814898,2.462862380426435,2.1542992475769536,2.1439098682585693,0.07692684125192789,35320614.12163653,32569800.994271636,0.028335627011502062,3.9099586562726607,0.7136319910604086,0.6461595658447928,0.0,0.13682568780146862,0.1550938448892821,54.37727507914353,0.5312361962770205,,,,,,,,,,,,,,,,,,,,,,,,,,,,,,,,,,,,,,,,,,,,,,,,,,,,,,,,,,,,,,,,,
latency_critical,admission_pressure,Intent-PPO-CMDP-FullPolicy-NoShield,Intent-PPO-CMDP,15,1481178426,1997781942,1596015111,618554fca77aa7604c32,stochastic,150,300,250,1,500,1,800,1,150-step training / 300-step arrival window + >= 250-step no-arrival drain adaptively extended to cohort maturity (cap 500),1469241709,1,332.33217309997417,latency_critical,200,0.0,0.8573460639270141,0.8240775831090925,0.01,1.0,0.14265393607298588,0.1759224168909076,0.18132955222664107,28.530787214597176,0.14265393607298588,0.03815105741262663,0.007487565533001758,0.06184894258737337,0.09251243446699824,0.09944465247513257,0.10755948405050245,0.15726062846580402,0.17144224341639264,0.7851907528879372,0.8473159656834698,,0.9376644344260037,0.0004866229866229866,0.0,0.0004866229866229866,0.588336468460962,0.7362690153413846,0.3741461522494161,0.07476389379840973,0.037517379289621934,2.3972200119956795,59.695,8.36,63.85,250.0,250.0,250.0,0.0,0.0,550.0,298.0,298.0,1.0,0.0,,115.1334348474494,137.29812050072695,146.43455334947538,142.4641593332171,2.3972200119956795,2.07721165192935,2.0709468772519104,0.07444733350112669,35221307.078891166,32419831.714152873,0.02840136138384878,3.646581176894831,0.7187051744908584,0.6592246985399902,0.0,0.13317888955531554,0.14759824554864961,46.58466569409575,0.5685036256666192,,,,,,,,,,,,,,,,,,,,,,,,,,,,,,,,,,,,,,,,,,,,,,,,,,,,,,,,,,,,,,,,,
