intent,scenario,scheme,checkpoint_source_scheme,seed,env_seed,evaluation_seed,policy_seed,policy_fingerprint,evaluation_action_mode,training_steps,evaluation_steps,horizon_protocol,evaluation_action_sampling_seed,universal_training_reused,train_time_s,intent_name,episodes,intent_satisfaction_rate,soft_intent_compliance_score,soft_intent_compliance_p05,relaxed_intent_satisfaction_rate,intent_violation_rate,weighted_violation_mean,weighted_violation_p95,weighted_violation_cvar95,intent_regret_auc,positive_violation_mean,reliability_safety_margin_mean,reliability_safety_margin_p05,blocking_mean,blocking_p95,blocking_cvar95,interruption_mean,interruption_p95,interruption_cvar95,deadline_exposure_mean,deadline_exposure_cvar95,deadline_miss_proxy_mean,service_success_rate_mean,unfinished_rate_mean,request_conservation_error_max_abs,shield_override_rate_mean,delay_mean_ms,delay_p95_ms,delay_p99_ms,delay_cvar95_ms,throughput_mean_mbps,throughput_p05_mbps,throughput_cvar_low10_mbps,throughput_stability_cv,energy_eff_mean_bpj,energy_eff_p05_bpj,energy_per_mbit_j,energy_delay_product,fairness_mean,fairness_p05,fairness_deficit_mean,utilization_mean,utilization_p95,reward_mean,reward_stability_cv,qmax_terminal,qmax_oscillation_std,lambda_pressure_mean,lambda_terminal_pressure,action_entropy_norm,dynamic_violation_mean,dynamic_violation_step_cvar95,grant_like_action_rate,preempt_action_rate,deny_action_rate,feasibility_filter_active_rate,feasibility_filtered_action_fraction,shield_filter_active_rate,shield_filtered_action_fraction,shock_action_shift_l1,shock_throughput_bits_mean,pre_shock_throughput_bits_mean,shock_delay_ms_mean,pre_shock_delay_ms_mean,shock_block_rate,shock_interruption_rate,queue_load_mean,energy_per_delivered_bit_step,intent_switch_active,intent_action_shift_l1,intent_mode_shift_l1,counterfactual_intent_policy_l1,counterfactual_mode_policy_l1,counterfactual_argmax_change_rate,frozen_policy_entropy_norm,pre_mask_reject_probability,feasible_reject_probability,physical_infeasible_probability_mass,pre_mask_unsafe_probability_mass,shield_filtered_probability_mass,shield_filtered_raw_probability_mass,actual_shield_prevention_rate,stochastic_action_entropy,stochastic_action_entropy_nats,policy_mode_prob_defer,policy_mode_prob_grant,policy_mode_prob_protect,policy_mode_prob_coexist,policy_mode_prob_reject,intent_mode_prob__balanced_agentic__defer,intent_mode_prob__balanced_agentic__grant,intent_mode_prob__balanced_agentic__protect,intent_mode_prob__balanced_agentic__coexist,intent_mode_prob__balanced_agentic__reject,intent_mode_prob__reliability_first__defer,intent_mode_prob__reliability_first__grant,intent_mode_prob__reliability_first__protect,intent_mode_prob__reliability_first__coexist,intent_mode_prob__reliability_first__reject,intent_mode_prob__latency_critical__defer,intent_mode_prob__latency_critical__grant,intent_mode_prob__latency_critical__protect,intent_mode_prob__latency_critical__coexist,intent_mode_prob__latency_critical__reject,post_switch_violation_mean,switch_adaptation_time_steps,switch_adaptation_success,switch_pre_violation_reference,switch_post_violation_reference,switch_settling_band
balanced_agentic,admission_pressure,MaxWeight,MaxWeight,11,471540437,1073362871,324872104,,stochastic,150,300,150-step training / 300-step held-out evaluation,2089389071,0,1.2399978004395962e-05,balanced_agentic,200,0.0,0.8828558726011809,0.8575220546799526,0.155,1.0,0.11714412739881902,0.14247794532004743,0.1458217153296437,23.428825479763805,0.11714412739881902,0.05552946909146422,0.0393939393939394,0.0,0.0,0.0,0.1316957805346787,0.1606060606060606,0.17638079535707635,0.7824026503979278,0.8410734919719388,0.3354833333333333,0.4027868627440397,0.5972131372559604,0.0,0.0,80.33641042987425,95.68014705882352,101.1621917808219,98.0170377532883,1.8457308357108824,1.6895475285615038,1.6754932033168246,0.054563332544773475,18682372.67134087,17380422.03476802,0.053560991418261775,2.3825973399577536,0.5044180709499793,0.4544385516182426,0.009203962824604615,0.1025406019839379,0.11133865164972596,-12.197242933618286,0.9417608079730496,,,,,0.126445839135528,0.10023013585391344,0.18085808725168512,1.0,0.94735,0.0,0.9446333333333332,0.08877166666666668,0.0,0.0,0.15276923076923074,1504.6779288494622,2029.3747086362616,85.74256043958925,78.19396026316036,0.0,0.15124216503022653,0.8638076388888889,5.362195790302864e-08,0.0,,,,,,,,,,,,,,,,,,,,,,,,,,,,,,,,,,,,,,,,,
balanced_agentic,admission_pressure,PPO,PPO,11,471540437,1073362871,1897045420,b9c1e1a3273f0ff06c77,stochastic,150,300,150-step training / 300-step held-out evaluation,2089389071,1,259.96485530002974,balanced_agentic,200,0.01,0.978132173739934,0.9593391800089011,1.0,0.99,0.021867826260065986,0.040660819991098864,0.04449945878455704,4.373565252013197,0.022088713394006046,0.05466606328651143,0.03707351332804358,5.494505494505495e-05,0.0,5.494505494505495e-05,0.13634146266538505,0.16292648667195642,0.17311619941807124,0.7568931850148385,0.8269654889916279,0.32245000000000007,0.6147052269767134,0.38523982796834155,0.0,0.0,93.38470254782344,107.25973049074818,112.19704045905465,110.78317081993609,2.5233513367283327,2.2361506849484747,2.2481656982501734,0.06323966964153263,34385249.597235374,32894940.299869433,0.02909531107648419,2.0568268014782602,0.7301519742435613,0.6509089299322071,0.0,0.14018618537379626,0.15535863495956614,54.4871559794084,0.1769503366857806,,,,,0.3323339522344131,0.0751208276760705,0.2589969308662936,0.9999166666666668,0.00415,3.3333333333333335e-05,0.98575,0.142565,0.0,0.0,0.11230036630036629,2305.7095125986416,2640.5430881827824,92.78970032382229,91.90768812472817,0.0,0.1621146319032044,0.8277465277777778,2.909926061210537e-08,0.0,,,0.009586944176883406,0.008811549818456858,1.6666666666666667e-05,0.1801041861868993,7.279415074415623e-05,2.542876301934544e-05,4.7366200977946166e-05,4.7366200977946166e-05,0.0,0.0,0.0,0.18010418619602356,0.5395439231896049,3.427478874538436e-05,0.7881144168052705,0.0038828287040531084,0.2079430509389117,2.542876301934544e-05,3.427478874538436e-05,0.7881144168052705,0.0038828287040531084,0.2079430509389117,2.542876301934544e-05,,,,,,,,,,,,,,,,
balanced_agentic,admission_pressure,PPO-Lagrangian,PPO-Lagrangian,11,471540437,1073362871,1897045420,97597eec01eed730a745,stochastic,150,300,150-step training / 300-step held-out evaluation,2089389071,1,273.0232358999783,balanced_agentic,200,0.0,0.9290946143686872,0.8956432869646899,0.915,1.0,0.0709053856313126,0.10435671303531006,0.11164856893130246,14.18107712626252,0.0709053856313126,0.0587176348087492,0.05316666666666668,2.5773195876288658e-05,0.0,2.5773195876288658e-05,0.09028646104062771,0.1468333333333333,0.16323728806708748,0.7564851702017862,0.8309628999477361,0.32221666666666665,0.49890337496593645,0.5010708518381872,0.0,0.0,94.81260179775168,111.3394058994599,119.01035294117646,117.07969177105868,2.033140295377513,1.808129643090632,1.7981945150165775,0.06931598134901619,35691066.10586777,33264519.507983763,0.02801334057570642,1.6200169863993241,0.7332906093341914,0.6209042507908075,0.0,0.11295223863208408,0.1267455595328198,33.972628543048494,0.3597226282811973,,,,,0.08205076744620403,0.10134299753063311,0.2599917744408954,0.9999833333333333,0.016883333333333334,1.6666666666666667e-05,0.9873166666666667,0.136865,0.0,0.0,0.040989010989010984,1819.3197194289826,2148.274451657493,95.07299904965026,94.54780999091301,0.0,0.09764954214512647,0.8311569444444444,2.806534860530506e-08,0.0,,,0.0029781520275869765,0.002641074543815875,0.0,0.05102089484843603,2.1815914880782603e-05,1.057663476229849e-05,1.1239464354353087e-05,1.1239464354353087e-05,0.0,0.0,0.0,0.051020894841656804,0.1528449413027556,6.5345160360472255e-06,0.9736612291499032,0.017276429385159518,0.009045230314138921,1.057663476229849e-05,6.5345160360472255e-06,0.9736612291499032,0.017276429385159518,0.009045230314138921,1.057663476229849e-05,,,,,,,,,,,,,,,,
balanced_agentic,admission_pressure,PPO_CMDP,PPO_CMDP,11,471540437,1073362871,1897045420,3e02143445d692cb208a,stochastic,150,300,150-step training / 300-step held-out evaluation,2089389071,1,273.6423236000119,balanced_agentic,200,0.05,0.9793477510437165,0.954500503001921,1.0,0.95,0.020652248956283405,0.04549949699807894,0.0555377479798802,4.130449791256681,0.021739209427666748,-0.00029046298078138673,-0.030654459246453436,0.0005106937631676124,0.005560263653483991,0.006453687053664047,0.2002904629807814,0.23065445924645345,0.23929059330110966,0.7499654626126617,0.8260149609512336,0.32291666666666663,0.6857809293135421,0.3137083769232904,0.0,0.0,84.22289256778997,97.24028757642948,102.23758285714283,100.59770819638801,2.8416903322436853,2.5796545357883374,2.55931676078266,0.05609228536421573,31578911.575224143,30318026.72009412,0.03168054669449427,2.2746827003716716,0.6999509190496676,0.6372998531347573,0.0,0.1578716851246492,0.1724876194420341,55.429652906392946,0.18226482423527,,,,,0.4472813966737876,0.056866728410991614,0.2283334396919706,0.9992166666666666,0.0057666666666666665,0.0003,0.993,0.14941166666666666,0.0,0.0,0.1602857142857143,2624.457997574528,2958.6615893732323,84.42680297950166,82.69163517138531,0.00014285714285714287,0.23509035592654087,0.8167763888888888,3.1684024059307224e-08,0.0,,,0.024339562599950702,0.022690935325142617,0.02935,0.25726491769141424,0.0004964556670718417,0.00015699696563439838,0.00033949686872647504,0.00033949686872647504,0.0,0.0,0.0,0.2572649176920625,0.7706968167833229,0.0004787657116552326,0.5437278544441391,0.005702865110280064,0.44993351776829116,0.00015699696563439838,0.0004787657116552326,0.5437278544441391,0.005702865110280064,0.44993351776829116,0.00015699696563439838,,,,,,,,,,,,,,,,
balanced_agentic,admission_pressure,Intent-PPO-CMDP-NoRisk,Intent-PPO-CMDP-NoRisk,11,471540437,1073362871,1897045420,7d2ee40999bb1a6afe16,stochastic,150,300,150-step training / 300-step held-out evaluation,2089389071,1,275.69379829999525,balanced_agentic,200,0.0,0.9362024321435993,0.9044071595195947,0.965,1.0,0.06379756785640056,0.09559284048040519,0.10491558795756202,12.759513571280113,0.06379756785640056,0.05928478933316887,0.06,6.008661133164922e-05,0.0,6.008661133164922e-05,0.08368847599563141,0.1323445076955513,0.1525133636634203,0.7549310635657785,0.8317783180525634,0.31541666666666673,0.5183237449300698,0.48161616845859856,0.0,0.0,92.98176909915134,108.42870709382152,114.7023257918552,113.03540883170089,2.0638287744542634,1.8254352055845535,1.8154884426949298,0.06898910956901957,35816930.06596362,33638131.7616955,0.0279121699753296,1.6068906510642826,0.7484240083846959,0.654634889199845,0.0,0.11465715413634797,0.1280503781998517,38.36024104286559,0.3129186332229592,,,,,0.11895696110181131,0.09400058722489701,0.2284434722350172,0.9999000000000001,0.02408333333333333,3.3333333333333335e-05,0.9883833333333334,0.13990166666666667,0.0,0.0,0.04972161172161171,1828.8960797494342,2190.3309946799413,92.31561545439833,93.15139846944072,4.761904761904762e-05,0.08976332072230984,0.8215604166666667,2.795705478573786e-08,0.0,,,0.005453318006732537,0.0028942624052980615,0.0,0.1099357796245679,0.00017865675664015108,6.989479048460484e-05,0.00010877076505163691,0.00010877076505163691,0.0,0.0,0.0,0.109935779625424,0.3293381630422019,7.205913841142309e-05,0.9588028062519288,0.02483201727749341,0.016223222541681633,6.989479048460484e-05,7.205913841142309e-05,0.9588028062519288,0.02483201727749341,0.016223222541681633,6.989479048460484e-05,,,,,,,,,,,,,,,,
balanced_agentic,admission_pressure,Intent-PPO-CMDP,Intent-PPO-CMDP,11,471540437,1073362871,1897045420,b12c9f3440d9c22ff923,stochastic,150,300,150-step training / 300-step held-out evaluation,2089389071,1,319.3185737999738,balanced_agentic,200,0.0,0.9379834211754344,0.911262019899611,0.985,1.0,0.06201657882456555,0.08873798010038901,0.0972086886437915,12.40331576491311,0.06201657882456555,0.02155444894009141,0.004099378881987574,0.038445551059908586,0.055900621118012424,0.05705988700445069,0.09526069673508125,0.12756967670011146,0.13644493492732002,0.7856923684148666,0.8526751659020425,0.3321333333333334,0.5319244987907166,0.42962995014937483,0.0,0.0,91.13081986940105,104.02272727272727,109.69312199036918,107.32757156372767,2.1626966513676233,1.9451041963046192,1.9389814322601537,0.05794917114840314,35255929.798512176,33672481.31291897,0.028374789496183574,1.6777018688615921,0.7587958183469357,0.6693175918474014,0.0,0.12014981396486796,0.13044157230010336,50.07322487430207,0.16935932177842997,,,,,0.32033806951081545,0.08794717310098629,0.20194724888514315,0.9778833333333332,0.03753333333333333,0.021950000000000004,0.9926166666666668,0.14888,0.6523333333333333,0.04572583333333333,0.10267399267399266,1871.1141841347264,2319.7025952622616,89.3300515900974,91.56817625660322,0.03219047619047619,0.10905553719486186,0.7878680555555555,2.8383221788354463e-08,0.0,,,0.007347918968251864,0.0059743722222027566,0.0005833333333333334,0.257329950892354,0.39001795708687526,0.12114961020051668,0.2736045982528711,0.3685130666495667,0.09909702815177013,0.09490846839669556,0.09910000000000001,0.21641999270037915,0.6483363567748449,9.460148672535221e-05,0.8665771064118281,0.0380795365475799,0.07300655094115842,0.02224220461270833,9.460148672535221e-05,0.8665771064118281,0.0380795365475799,0.07300655094115842,0.02224220461270833,,,,,,,,,,,,,,,,
balanced_agentic,admission_pressure,Intent-PPO-CMDP-FullPolicy-NoShield,Intent-PPO-CMDP,11,471540437,1073362871,1897045420,b12c9f3440d9c22ff923,stochastic,150,300,150-step training / 300-step held-out evaluation,2089389071,1,319.3185737999738,balanced_agentic,200,0.0,0.7471286533682835,0.7109491322665069,0.0,1.0,0.411667626130585,0.6170370454074201,0.6671738013963502,82.333525226117,0.411667626130585,-0.12027942740641498,-0.19015060240963855,0.180279427406415,0.2501506024096385,0.268752054064704,0.10825665177253459,0.15071415235250182,0.1632702198557377,0.7843952608225127,0.8625149867595443,0.3455500000000001,0.45686897638582197,0.36285159620776297,0.0,0.0,80.25782692201858,95.06041058098018,104.8593849590469,100.85203075940856,1.8898241155157107,1.6819522316893727,1.650738082044218,0.07460746129491351,34474269.10285491,32585614.31898413,0.02901232626569329,1.3201175071148619,0.7454426908437057,0.6488648535645645,0.0,0.10499022863976169,0.11826212381328398,32.46320009836224,0.32905792446757925,,,,,0.44059930482655574,0.5152706150202744,0.7377474617084243,0.8963333333333334,0.03435,0.1035,0.9899000000000001,0.15069333333333332,0.0,0.0,0.14961172161172162,1684.1970571813858,2000.5463776957329,71.89649920004696,83.78441718712591,0.07842857142857143,0.12662810409534325,0.7073597222222222,2.9037161892253938e-08,0.0,,,0.007716527855204032,0.0061903942177360645,0.0009166666666666666,0.2587885861418615,0.3881241868616803,0.1044341128867546,0.2884918295447478,0.2884918295447478,0.0,0.0,0.0,0.2587885861412319,0.7752613195306955,9.177409124504096e-05,0.793651489211471,0.0350853400037373,0.06673728380679206,0.1044341128867546,9.177409124504096e-05,0.793651489211471,0.0350853400037373,0.06673728380679206,0.1044341128867546,,,,,,,,,,,,,,,,
balanced_agentic,admission_pressure,MaxWeight,MaxWeight,12,1729653623,2128646545,1595595704,,stochastic,150,300,150-step training / 300-step held-out evaluation,1135844060,0,1.309998333454132e-05,balanced_agentic,200,0.0,0.8902110819765738,0.8620494795574319,0.26,1.0,0.1097889180234262,0.13795052044256792,0.14341353153675554,21.95778360468524,0.1097889180234262,0.05536460674822738,0.03127418765972985,0.0,0.0,0.0,0.12988241805342235,0.16872581234027015,0.17870561622308395,0.7773792014367615,0.8362763143568502,0.33191666666666664,0.39915461384102413,0.6008453861589759,0.0,0.0,77.96999708538624,91.04859154929576,95.77997837058399,94.29335146996331,1.9557075189724105,1.773129741277974,1.76302175600612,0.06191370352792414,15093464.347340677,14080629.206702214,0.06626259639985436,3.0312456117026905,0.5075959826428119,0.45732484033327564,0.008310505974343149,0.1086504177206895,0.12048957495013266,-6.796273943568557,1.805191214904704,,,,,0.12583138918483874,0.09020374638751695,0.17492960254059647,1.0,0.9481999999999999,0.0,0.9469166666666667,0.09002333333333334,0.0,0.0,0.1491282051282051,1553.8559100411724,2172.0891545507698,83.73885093640898,75.7673857272691,0.0,0.16146499933468783,0.8627006944444444,6.637556908418852e-08,0.0,,,,,,,,,,,,,,,,,,,,,,,,,,,,,,,,,,,,,,,,,
balanced_agentic,admission_pressure,PPO,PPO,12,1729653623,2128646545,1621075116,2fb07c1ee95b181950c4,stochastic,150,300,150-step training / 300-step held-out evaluation,1135844060,1,284.739809300052,balanced_agentic,200,0.015,0.9739905535518981,0.9430817304500179,1.0,0.985,0.02600944644810177,0.05691826954998218,0.06182627221933479,5.201889289620354,0.026405529388935808,0.05770545325089044,0.045639449809774676,0.0002593091798660189,0.0,0.0002593091798660189,0.11833056035703478,0.1543605501902253,0.16711467466230073,0.7380210911647856,0.806700961536945,0.31051666666666666,0.5734558545162524,0.42628483630388153,0.0,0.0,89.24875439865103,105.17553355335532,109.87995360824739,108.80178949024064,2.454326879854371,2.25458882463933,2.2388674787258243,0.05578190399791932,29491426.14628799,27977247.96540518,0.033938232041318614,2.2302062923396617,0.7555397723734402,0.6670924773495758,0.0,0.13635149332524285,0.14910764892906056,56.447970034566715,0.18076101225689098,,,,,0.3306891053452894,0.06543738889530232,0.21494299451644622,0.9990833333333333,0.02123333333333333,0.00015,0.9932166666666666,0.1493733333333333,0.0,0.0,0.11758974358974358,2220.584019873066,2580.188419844304,88.57984089597532,89.04784794676782,9.523809523809524e-05,0.12308846655790553,0.8167854166666667,3.39396509184881e-08,0.0,,,0.02545155824725638,0.02401332484311717,0.0,0.19861687994313734,0.0006441996058919755,0.00018493847973668432,0.00045931168998397036,0.00045931168998397036,0.0,0.0,0.0,0.19861687993904173,0.5950029973059856,0.0007403431391112472,0.8257358449304233,0.020700566038323015,0.1526383074124058,0.00018493847973668432,0.0007403431391112472,0.8257358449304233,0.020700566038323015,0.1526383074124058,0.00018493847973668432,,,,,,,,,,,,,,,,
balanced_agentic,admission_pressure,PPO-Lagrangian,PPO-Lagrangian,12,1729653623,2128646545,1621075116,5ff4062933b4dfa3978e,stochastic,150,300,150-step training / 300-step held-out evaluation,1135844060,1,266.70855040004244,balanced_agentic,200,0.0,0.9312829259371539,0.9035511671918183,0.965,1.0,0.06871707406284618,0.09644883280818174,0.10254706931855055,13.743414812569235,0.06871707406284618,0.05933361527148277,0.05417734298844172,0.0005576161078599726,0.005747126436781609,0.006180637571555444,0.07902902850369319,0.1299991399329147,0.13973734806303534,0.7617098534460617,0.8255945688719446,0.3207166666666667,0.48858035005201395,0.5108620338401261,0.0,0.0,101.42089770798835,115.62626098715349,123.48808729139917,121.54694685292986,2.136562682354994,1.9104057886420824,1.8922397738184056,0.07099933076269693,29827237.832360536,27833875.109243464,0.03353657134498666,2.1801330743221383,0.750796681764984,0.660259370498325,0.0,0.11869792679749964,0.13274209248320823,38.66858968700499,0.28478229317908244,,,,,0.15958106761146162,0.09744466572556948,0.20949995998882018,0.9993333333333334,0.05726666666666667,0.00031666666666666665,0.9740333333333333,0.12966416666666666,0.0,0.0,0.052974358974358975,1860.4589893961238,2285.233901640539,102.27841837078562,100.72615303806444,0.00038095238095238096,0.0964713858762385,0.8444631944444444,3.356693095623788e-08,0.0,,,0.005313694244351577,0.004886239166767846,0.0,0.09920443992144097,0.0010310148145199248,0.00032029463289962696,0.0007108375402719674,0.0007108375402719674,0.0,0.0,0.0,0.0992044399200077,0.29718994234821494,0.0003805182308431224,0.9358014465842642,0.057316703652199034,0.0061810368997939815,0.00032029463289962696,0.0003805182308431224,0.9358014465842642,0.057316703652199034,0.0061810368997939815,0.00032029463289962696,,,,,,,,,,,,,,,,
balanced_agentic,admission_pressure,PPO_CMDP,PPO_CMDP,12,1729653623,2128646545,1621075116,c2c338dd9800f45e9834,stochastic,150,300,150-step training / 300-step held-out evaluation,1135844060,1,270.83158040000126,balanced_agentic,200,0.045,0.9748127347182938,0.947472745678809,1.0,0.955,0.025187265281706103,0.05252725432119093,0.05822362043329686,5.037453056341221,0.026374099771420002,-0.01104448056313672,-0.04180406441717789,0.0,0.0,0.0,0.2110444805631367,0.2418040644171779,0.24831055077568115,0.7435444856874437,0.8130795642644127,0.3135833333333333,0.6985595018411176,0.30144049815888235,0.0,0.0,80.01507331478223,93.72491925888151,97.6724778761062,96.51290103512599,3.0268659400992908,2.7831042958326573,2.7665124998522743,0.04861640815165529,25618442.68253293,24494522.35934283,0.0390496658780928,2.8372889780145085,0.6901760851543536,0.6262821003698843,0.0,0.16815921889440502,0.1804925167827401,62.04464668827453,0.1711345491888823,,,,,0.4308852009432472,0.05756715962194972,0.21093752555588288,0.99995,0.0005333333333333333,0.0,0.9938166666666666,0.15054833333333334,0.0,0.0,0.11693040293040292,2794.733483667979,3151.86033971615,79.4220280856072,79.1043793988522,0.0,0.24012454001371178,0.8051013888888889,3.905980721784109e-08,0.0,,,0.04009774882631605,0.03915592743789618,0.06926666666666667,0.24610831697381844,5.03487841350507e-05,1.3872614761263284e-05,3.6476560935809284e-05,3.6476560935809284e-05,0.0,0.0,0.0,0.24610831698112534,0.7372746279704129,3.994233863500139e-05,0.47996416965906236,0.0005839559450150049,0.5193980594425263,1.3872614761263284e-05,3.994233863500139e-05,0.47996416965906236,0.0005839559450150049,0.5193980594425263,1.3872614761263284e-05,,,,,,,,,,,,,,,,
balanced_agentic,admission_pressure,Intent-PPO-CMDP-NoRisk,Intent-PPO-CMDP-NoRisk,12,1729653623,2128646545,1621075116,53b75815fc19ab3c700d,stochastic,150,300,150-step training / 300-step held-out evaluation,1135844060,1,267.30905749998055,balanced_agentic,200,0.01,0.9723682435045217,0.9457194535061643,1.0,0.99,0.027631756495478107,0.05428054649383567,0.06350326472658326,5.526351299095621,0.027910865146947586,0.05606306207949852,0.03563530219780221,6.108882947118241e-05,0.0,6.108882947118241e-05,0.12913441807144502,0.16436469780219778,0.17335136275508706,0.7495821469325228,0.8198619559229268,0.3163666666666667,0.5698310197953873,0.4301078913751415,0.0,0.0,92.8437662076842,108.60550343249427,113.68846423562412,111.83710805641272,2.485216346127445,2.2486116516205477,2.2361712887818945,0.05614642722627203,29016587.423934974,27564579.20201416,0.03449082724281027,2.3874914021317797,0.735704719950732,0.6593092987684221,0.0,0.138067574784858,0.15122166329365477,54.63168231139804,0.18401342828771233,,,,,0.338585469542587,0.06856213442100406,0.20575907403172417,0.99995,0.019683333333333334,3.3333333333333335e-05,0.9925,0.15148249999999996,0.0,0.0,0.08797802197802199,2215.6607709953423,2630.3616558139606,92.4376795854573,91.93322797311326,0.0,0.14562181761271215,0.8241243055555555,3.449556541936083e-08,0.0,,,0.008273782288876591,0.0040579148919044575,0.0,0.2700873927371439,0.00015912314749550417,4.228243358707542e-05,0.0001168455432596801,0.0001168455432596801,0.0,0.0,0.0,0.27008739274276844,0.8091095191195633,3.0453728736358924e-05,0.8134738210059719,0.020308072889442415,0.1661453699422624,4.228243358707542e-05,3.0453728736358924e-05,0.8134738210059719,0.020308072889442415,0.1661453699422624,4.228243358707542e-05,,,,,,,,,,,,,,,,
balanced_agentic,admission_pressure,Intent-PPO-CMDP,Intent-PPO-CMDP,12,1729653623,2128646545,1621075116,fc604e43c5d11a5118bd,stochastic,150,300,150-step training / 300-step held-out evaluation,1135844060,1,320.63457950000884,balanced_agentic,200,0.0,0.929877752931564,0.9000652911813294,0.95,1.0,0.070122247068436,0.09993470881867057,0.10645271840850379,14.0244494136872,0.070122247068436,-0.06397328744500257,-0.08593153253813458,0.020873450403116233,0.04001149425287356,0.04581626839083127,0.2639732874450026,0.2859315325381346,0.29283129565662075,0.7393964080396518,0.8230675076024386,0.3164166666666667,0.7194000176754041,0.25972653192147965,0.0,0.0,65.79587409411508,82.38885135135135,86.06829310344826,85.01946614376158,3.1728927759291436,2.9214759760573683,2.9056195875831783,0.044843361769918,22073469.390335884,21128856.102208752,0.04530776816577092,2.837579128680851,0.6753188084521387,0.6133409973026293,0.0,0.17627182088495238,0.18942204115590486,48.231123836744906,0.22109624236259542,,,,,0.4031218243564145,0.0968020193146177,0.22147964724174216,0.9862833333333333,0.06718333333333333,0.011899999999999999,0.9957333333333334,0.15033166666666667,0.5897833333333333,0.0379025,0.1136996336996337,2882.9112351356703,3329.0366825102433,63.29547378688085,66.71673237711802,0.015476190476190475,0.29514964480803374,0.7529486111111112,4.533584363685288e-08,0.0,,,0.029331036871427192,0.021119048416812482,0.0,0.4063810119892634,0.18285504477294418,0.049359477163732166,0.1362151527588801,0.1717638021044799,0.037372475891030384,0.03554864934559978,0.0388,0.3790130147066079,1.1354215202535787,0.0017776212720006241,0.10995144357805962,0.06742929379887676,0.8086545534395114,0.012187087911551599,0.0017776212720006241,0.10995144357805962,0.06742929379887676,0.8086545534395114,0.012187087911551599,,,,,,,,,,,,,,,,
balanced_agentic,admission_pressure,Intent-PPO-CMDP-FullPolicy-NoShield,Intent-PPO-CMDP,12,1729653623,2128646545,1621075116,fc604e43c5d11a5118bd,stochastic,150,300,150-step training / 300-step held-out evaluation,1135844060,1,320.63457950000884,balanced_agentic,200,0.0,0.8473966150769869,0.7596600764850322,0.21,1.0,0.15676857920189607,0.2667672329392538,0.29749147166503975,31.353715840379216,0.15676857920189607,-0.06758363450473878,-0.09314900728324853,0.09152625390104965,0.13226075915530605,0.14162053882338144,0.2656919546984334,0.2922702315505436,0.297596953338937,0.7437717659322917,0.830272727408653,0.31575000000000003,0.6833398418563936,0.22513390424255675,0.0,0.0,61.57950479894225,77.72228004108182,82.3111693548387,80.48949844175175,3.0007309916792657,2.752813759309044,2.737255190116665,0.04745696932854969,21825730.46660366,20814736.94883403,0.04582022828116378,2.5400470375743307,0.6724308830344868,0.6111638964813844,0.0,0.16670727731551474,0.17897253937692736,39.983826274583244,0.24666556719414998,,,,,0.46903794397241105,0.17259200625257556,0.28499072824173305,0.9465833333333333,0.06385,0.05161666666666667,0.9945833333333334,0.14987333333333333,0.0,0.0,0.12147252747252747,2712.855483815224,3155.740880529133,56.8207128635066,63.56575229194108,0.051428571428571435,0.30006896924701365,0.7143756944444445,4.585439143251267e-08,0.0,,,0.02889954283375773,0.020653921651032685,0.0,0.4027364630864562,0.18716730039946644,0.05203572660426031,0.13825221095607154,0.13825221095607154,0.0,0.0,0.0,0.40273646307961186,1.2064906201845784,0.0018548726395009188,0.10153560951441648,0.0632204061415514,0.7813533851002709,0.05203572660426031,0.0018548726395009188,0.10153560951441648,0.0632204061415514,0.7813533851002709,0.05203572660426031,,,,,,,,,,,,,,,,
balanced_agentic,admission_pressure,MaxWeight,MaxWeight,13,1025721121,372372750,1114110388,,stochastic,150,300,150-step training / 300-step held-out evaluation,1358629507,0,1.1699972674250603e-05,balanced_agentic,200,0.0,0.9000518030660567,0.8772575061944731,0.485,1.0,0.09994819693394322,0.12274249380552693,0.13391764181102925,19.989639386788642,0.09994819693394322,0.050841032054960815,0.021417748917748926,0.0,0.0,0.0,0.14047337399699994,0.1785822510822511,0.18926650693492358,0.7686552855965135,0.8362968985015075,0.32418333333333327,0.4250957087889348,0.5749042912110651,0.0,0.0,73.21734161416994,87.34284824764276,92.35111758827448,90.72646615477218,1.9690462987048665,1.7851738266761321,1.7742842958641039,0.05924308801161491,16988721.52914053,15938928.7984296,0.05887889208624931,2.546541560560496,0.5073789443582587,0.44793070509378063,0.009425711700809108,0.10939146103915925,0.12013906004242961,-8.742532376030367,1.4619038707308376,,,,,0.1390659797856217,0.08333934253283401,0.17094970262659037,1.0,0.9394166666666667,0.0,0.9512333333333334,0.0914125,0.0,0.0,0.16897435897435895,1557.70657693791,2190.5369181178435,77.69675116187769,71.86999614069808,0.0,0.17080331621183908,0.8410958333333332,5.8950158991493436e-08,0.0,,,,,,,,,,,,,,,,,,,,,,,,,,,,,,,,,,,,,,,,,
balanced_agentic,admission_pressure,PPO,PPO,13,1025721121,372372750,535536204,3cabdc2e2c3a75659a16,stochastic,150,300,150-step training / 300-step held-out evaluation,1358629507,1,262.1022107999888,balanced_agentic,200,0.0,0.9081868462773954,0.8769234287620697,0.73,1.0,0.09181315372260457,0.1230765712379302,0.13148989326611354,18.362630744520914,0.09181315372260457,-0.08933475099255152,-0.11657778047743424,0.00021491356826134603,0.0,0.00021491356826134603,0.28933475099255157,0.31657778047743423,0.32294002106196534,0.738711132743382,0.8195248513895791,0.3127,0.7535623984029662,0.24622268802877245,0.0,0.0,65.09557563752311,81.62946732411973,90.90841215977376,86.55025771179409,3.07994194864842,2.877818047168594,2.86151854084717,0.03954690002321108,23721966.79130346,22739904.736313622,0.04216502907387034,2.53610751849363,0.6914403630235892,0.6337915409771044,0.0,0.17110788603602334,0.18223943355654917,33.69969856660353,0.34596506396063115,,,,,0.2848315915619649,0.10950618099028858,0.20315428629496105,0.9993499999999998,0.0386,0.00011666666666666667,0.99355,0.16064166666666665,0.0,0.0,0.11802197802197803,2741.9660492612934,3261.9289713953353,58.71407713507081,67.62174302206203,0.00014285714285714287,0.3306188934528078,0.7273555555555555,4.218016219089219e-08,0.0,,,0.020034245580854683,0.013112480145988727,0.012999999999999998,0.40909694204080027,0.0007062385866627756,0.00013888500735710513,0.0006818508077703866,0.0006818508077703866,0.0,0.0,0.0,0.4090969420338533,1.2255449122630606,0.0004402419761641378,0.08618285007708587,0.03888457420132917,0.8743534487380638,0.00013888500735710513,0.0004402419761641378,0.08618285007708587,0.03888457420132917,0.8743534487380638,0.00013888500735710513,,,,,,,,,,,,,,,,
balanced_agentic,admission_pressure,PPO-Lagrangian,PPO-Lagrangian,13,1025721121,372372750,535536204,454f28c68eb87e33907f,stochastic,150,300,150-step training / 300-step held-out evaluation,1358629507,1,254.03850810002768,balanced_agentic,200,0.025,0.9840237860768238,0.966194472744486,1.0,0.975,0.015976213923176233,0.033805527255513855,0.04003163945005912,3.1952427846352465,0.016385860434026907,0.019988506421277762,-0.007349147471417009,0.00015456755925703883,0.0,0.00015456755925703883,0.1799802178585576,0.20734914747141697,0.22047794713782287,0.7516104472600514,0.8251259108844172,0.31684999999999997,0.6635031276679993,0.33634230477274357,0.0,0.0,83.42368046453423,98.93654609279609,105.45671124241952,102.70868498701682,2.760588433443897,2.508841707250172,2.488505617746143,0.051396638200578514,28209542.019002154,26846711.923340797,0.03546329158564701,2.450142297195616,0.698263306076591,0.6323474468895857,0.0,0.15336602408021652,0.16574460682183548,57.495825733026216,0.1638944696718162,,,,,0.5893137295821004,0.049846939132088056,0.17185142047560764,0.9999166666666668,0.11906666666666667,8.333333333333333e-05,0.9895500000000002,0.14521499999999998,0.0,0.0,0.23894505494505494,2543.4464609424654,2877.511034021591,83.31185200508462,82.95878519756967,0.00019047619047619048,0.208451490436631,0.8102902777777777,3.547896580586425e-08,0.0,,,0.017544710944198377,0.013468775384339073,0.007233333333333333,0.3407528633352991,0.00011352578272289249,3.6570257516327703e-05,7.695754550103379e-05,7.695754550103379e-05,0.0,0.0,0.0,0.3407528633364326,1.0208043500028836,3.555565731368726e-05,0.5408466603735618,0.12041196039894789,0.33866925331266046,3.6570257516327703e-05,3.555565731368726e-05,0.5408466603735618,0.12041196039894789,0.33866925331266046,3.6570257516327703e-05,,,,,,,,,,,,,,,,
balanced_agentic,admission_pressure,PPO_CMDP,PPO_CMDP,13,1025721121,372372750,535536204,a070e26e29e031606ad8,stochastic,150,300,150-step training / 300-step held-out evaluation,1358629507,1,277.9400926999515,balanced_agentic,200,0.18,0.9892042435440871,0.97230063345135,1.0,0.8200000000000001,0.010795756455912957,0.027699366548649934,0.032253637925053896,2.1591512911825914,0.01316555665355239,0.03313630213388825,0.0038826446280991796,0.00012440500424727697,0.0,0.00012440500424727697,0.16617263357183112,0.19611735537190078,0.20638988976720635,0.732181869643342,0.8074551941318969,0.30946666666666667,0.6624670234669514,0.33740857152880127,0.0,0.0,76.0264480786808,90.13206551724137,98.54592592592593,94.00798498749333,2.6932976630069785,2.464829820268402,2.448300202060123,0.05180836181859949,30840519.306164123,29135649.412953008,0.032451663241856825,1.9934588283583536,0.7312709369917507,0.6524511486411464,0.0,0.1496276479448321,0.16384291680892296,64.639690865582,0.128606807409007,,,,,0.4051421436514319,0.04104252660624958,0.1794965915641359,0.9997833333333332,0.008716666666666666,6.666666666666667e-05,0.99,0.15096999999999997,0.0,0.0,0.1116117216117216,2443.710944394306,2827.690511490725,71.72042200039604,78.40029405337235,0.00019047619047619048,0.1880167099015047,0.7743333333333333,3.2457845094693696e-08,0.0,,,0.03483823748349564,0.02507343283393261,0.02145,0.2595324232496423,0.0002758795952533933,6.843898484646654e-05,0.00020825220243434291,0.00020825220243434291,0.0,0.0,0.0,0.2595324232494735,0.7774896563621218,6.09783254959405e-05,0.6932003934210283,0.008780432952898374,0.297889756315731,6.843898484646654e-05,6.09783254959405e-05,0.6932003934210283,0.008780432952898374,0.297889756315731,6.843898484646654e-05,,,,,,,,,,,,,,,,
balanced_agentic,admission_pressure,Intent-PPO-CMDP-NoRisk,Intent-PPO-CMDP-NoRisk,13,1025721121,372372750,535536204,4606dec7f3efe1c94a9c,stochastic,150,300,150-step training / 300-step held-out evaluation,1358629507,1,283.62103929999284,balanced_agentic,200,0.0,0.9340374218838131,0.9026921750988127,0.96,1.0,0.06596257811618686,0.09730782490118728,0.10307428936496485,13.192515623237371,0.06596257811618686,-0.06713618422360687,-0.09593156970159256,0.00026939024722812685,0.0,0.00026939024722812685,0.2671361842236069,0.29593156970159257,0.3030301635713588,0.6993905732664888,0.7939817367993884,0.29906666666666665,0.8063264842417439,0.19340412551102787,0.0,0.0,59.494631033972574,73.28765993265992,77.51919603703102,75.62033730994463,3.2803845847533393,3.037966723143486,3.022255422828686,0.04831268511986625,24623654.545101166,23665699.334197495,0.04061120216248752,2.3777688768483567,0.6935859967159445,0.6367048992273767,0.0,0.18224358804185214,0.19768842629885164,50.98941962132751,0.2034301589031955,,,,,0.30496351778788555,0.08283251242838377,0.18063922068725205,0.9994666666666666,0.06860000000000001,0.00015,0.9931,0.1496275,0.0,0.0,0.10424175824175823,2968.685450101277,3448.2225803352194,54.301058272466804,61.79356918554708,0.00014285714285714287,0.3107425691405535,0.7095118055555555,4.0640115274996485e-08,0.0,,,0.015524443656567142,0.01133990516107665,0.002683333333333333,0.3438373550594532,0.0004210899824742373,0.00010551350195446384,0.0004548808594118818,0.0004548808594118818,0.0,0.0,0.0,0.34383735505811897,1.0300446614010494,0.000354509444867917,0.06556726859904233,0.06912276247454321,0.864849945979592,0.00010551350195446384,0.000354509444867917,0.06556726859904233,0.06912276247454321,0.864849945979592,0.00010551350195446384,,,,,,,,,,,,,,,,
balanced_agentic,admission_pressure,Intent-PPO-CMDP,Intent-PPO-CMDP,13,1025721121,372372750,535536204,09d0d30da2ff448dad2f,stochastic,150,300,150-step training / 300-step held-out evaluation,1358629507,1,309.3859143999871,balanced_agentic,200,0.0,0.9253786162634786,0.8924562192401858,0.925,1.0,0.07462138373652129,0.10754378075981413,0.11665201334109254,14.924276747304258,0.07462138373652129,-0.06095277304379364,-0.0863874029074863,0.05313481556342652,0.058823529411764705,0.05924819418105279,0.26095277304379366,0.28638740290748627,0.3010226257518061,0.7712491403472527,0.849934184864078,0.32539999999999997,0.7686012180434366,0.17826396639313685,0.0,0.0,61.54632764622829,75.01159912438257,80.85154000730724,79.2384628850243,3.195285394789589,2.9713367256665206,2.946261809403331,0.047434484002101505,24842424.384558443,23740278.38159093,0.04025232224703112,2.374783344702459,0.6710286017380226,0.6166890841435225,0.0,0.1775158552660883,0.19086826564978868,58.17700543583832,0.16786492851867615,,,,,0.4283896804370782,0.0846464760834603,0.1815028445530905,0.9699833333333333,0.07548333333333333,0.029683333333333336,0.9919000000000001,0.1506775,0.6656166666666666,0.04587416666666666,0.13965567765567766,2883.5298232496984,3363.1537794649157,57.161379501015816,63.23146397909124,0.04438095238095238,0.30522482113937444,0.68700625,4.0281210729218317e-08,0.0,,,0.015623906789766407,0.011261157398916345,0.0004666666666666666,0.30875430433960255,0.6566298374806152,0.22535799250327038,0.43842659753036917,0.6274362547060731,0.1954529435480173,0.18900965717570384,0.19506666666666667,0.3063479674726402,0.9177364930954566,0.00023179390933816019,0.09003373794531325,0.07558939731410726,0.8040949323326528,0.030050138498588584,0.00023179390933816019,0.09003373794531325,0.07558939731410726,0.8040949323326528,0.030050138498588584,,,,,,,,,,,,,,,,
balanced_agentic,admission_pressure,Intent-PPO-CMDP-FullPolicy-NoShield,Intent-PPO-CMDP,13,1025721121,372372750,535536204,09d0d30da2ff448dad2f,stochastic,150,300,150-step training / 300-step held-out evaluation,1358629507,1,309.3859143999871,balanced_agentic,200,0.0,0.692078043098494,0.6211791819103053,0.0,1.0,1.141737594316744,1.5088852974708422,1.5849470581606315,228.3475188633488,1.141737594316744,-0.3801852047674514,-0.49977305448207926,0.4401852047674514,0.5597730544820793,0.5845518096389617,0.2788560917651867,0.3078399242788987,0.31566400362415975,0.7898928812798789,0.8847258860345846,0.35815,0.4948778362062047,0.06493695902634389,0.0,0.0,42.09356320968773,58.752765486725664,64.58680240963854,61.921848610831226,2.0637449282281426,1.5910972629247337,1.5556173553047006,0.1527747026294282,23090759.104808312,21718426.540304568,0.04321914374403523,1.1263390007839869,0.609283693633576,0.5446940130762694,5.375324554687172e-05,0.11465249601267459,0.14462900998094325,7.068786420450489,2.0477853067217353,,,,,0.6981463508576212,1.2574360401090952,1.533102661616886,0.7454166666666667,0.08718333333333333,0.2434166666666667,0.9755833333333332,0.17662916666666667,0.0,0.0,0.1985128205128205,1869.3312674891172,2168.429207087617,34.96531709153475,45.143466701301,0.24414285714285713,0.3111062277055079,0.41882777777777774,4.337493175843303e-08,0.0,,,0.01707408607240517,0.01244034221065312,0.00085,0.35558156642344585,0.7077969236828864,0.24288760345731977,0.49841969752239657,0.49841969752239657,0.0,0.0,0.0,0.35558156622277265,1.0652271738144359,0.011256048969008624,0.09273056894163108,0.08641921732846751,0.566706561303573,0.24288760345731977,0.011256048969008624,0.09273056894163108,0.08641921732846751,0.566706561303573,0.24288760345731977,,,,,,,,,,,,,,,,
balanced_agentic,admission_pressure,MaxWeight,MaxWeight,14,1103526060,1905340783,586073287,,stochastic,150,300,150-step training / 300-step held-out evaluation,1242755345,0,1.109996810555458e-05,balanced_agentic,200,0.005,0.9097030166279296,0.8824506444025251,0.705,0.995,0.09029698337207026,0.11754935559747488,0.1246817174609511,18.059396674414053,0.09075073705735705,0.05054544983494397,0.020238753262705373,0.0,0.0,0.0,0.14134825916049676,0.1797612467372946,0.18752648555319376,0.7625886679626429,0.8388151582898474,0.3338333333333333,0.43259462501923507,0.5674053749807649,0.0,0.0,71.80522852365472,85.59895610718395,90.19390588235292,88.66732904053838,2.0646324776278346,1.8666957555454624,1.850759474911576,0.06341912141886151,20140075.91947001,19026964.692649353,0.04965380307005742,2.2083738485256164,0.5202909000519549,0.4667867280193111,0.0053123693593190215,0.11470180431265746,0.1271692355565244,-2.706468118422712,5.671249030285972,,,,,0.15595815382034897,0.07549462066710583,0.1736662838120853,1.0,0.9279,0.0,0.9503833333333332,0.09345833333333335,0.0,0.0,0.1906959706959707,1628.6014790169224,2299.4183999567863,74.68082257313043,70.77992922687696,0.0,0.16111105767703748,0.8455527777777777,4.973597906305753e-08,0.0,,,,,,,,,,,,,,,,,,,,,,,,,,,,,,,,,,,,,,,,,
balanced_agentic,admission_pressure,PPO,PPO,14,1103526060,1905340783,1823775964,0a65909e93fb2c778ea0,stochastic,150,300,150-step training / 300-step held-out evaluation,1242755345,1,272.0849051999976,balanced_agentic,200,0.0,0.9477853851269851,0.9193464994775177,1.0,1.0,0.05221461487301485,0.08065350052248227,0.08711459996701368,10.44292297460297,0.05221461487301485,-0.047556868866569714,-0.0752511311156434,0.0005601359177601346,0.005819113802119167,0.0072341047070423135,0.24755686886656975,0.2752511311156434,0.28066307440943666,0.728828001109721,0.7958680337343291,0.315,0.7190542018264278,0.28038566225581213,0.0,0.0,67.75537230131377,84.00685676392573,89.91895548301964,87.19455098329183,3.002982931086284,2.7416242398848203,2.7343757766593177,0.04722716346044981,26625413.86788677,25288322.882413283,0.03756352895665684,2.2928953854831238,0.6903362265696493,0.6319617503593226,0.0,0.16683238506034914,0.17837053361774485,44.498891803746204,0.26380162635821697,,,,,0.5090212713789735,0.07396197086087222,0.19433685864228592,0.9994166666666666,0.2759166666666667,0.0003166666666666667,0.9946666666666667,0.14944166666666664,0.0,0.0,0.11912820512820513,2608.3796244272326,3215.461634671928,63.82152036943617,69.56048665212153,0.0003333333333333334,0.28538939629276866,0.7539527777777778,3.758539348094078e-08,0.0,,,0.03457318089262355,0.01616871353309853,0.0,0.4318242656437697,0.0016513194787632628,0.00040745570040408665,0.001317854452342817,0.001317854452342817,0.0,0.0,0.0,0.4318242656467944,1.2936298891018538,0.00022167437644975038,0.0695127529062851,0.277007736009886,0.652850381006975,0.00040745570040408665,0.00022167437644975038,0.0695127529062851,0.277007736009886,0.652850381006975,0.00040745570040408665,,,,,,,,,,,,,,,,
balanced_agentic,admission_pressure,PPO-Lagrangian,PPO-Lagrangian,14,1103526060,1905340783,1823775964,337f5a10e02765106fee,stochastic,150,300,150-step training / 300-step held-out evaluation,1242755345,1,284.58887489995686,balanced_agentic,200,0.145,0.9889193178874031,0.9731860362501084,1.0,0.855,0.011080682112596886,0.02681396374989151,0.03129263818616827,2.2161364225193774,0.01295986211999636,0.031708372526575226,-0.007425845730127381,0.00029345081406120495,0.0,0.00029345081406120495,0.1670662621436757,0.2074258457301274,0.21397346129301917,0.7254711019058371,0.7945360119085992,0.3149166666666667,0.6374579846009677,0.3622485645849711,0.0,0.0,78.14816201109879,91.72399127104302,97.0952599388379,95.69544966134173,2.688511752581827,2.4872575306460534,2.4757772139893763,0.04658572019493778,34084096.09997623,32036900.29866083,0.02936405077875616,1.8508359590214631,0.7140976964981672,0.6465409580105905,0.0,0.14936176403232373,0.16124611104535413,64.23899006406526,0.15037795775487103,,,,,0.444132149210286,0.04909505682887296,0.19025304152599765,0.9992666666666665,0.0331,0.00016666666666666666,0.9947499999999999,0.15219583333333334,0.0,0.0,0.18095970695970698,2394.8013358798676,2846.6635154213454,76.1704552995923,79.73038369577847,0.00028571428571428574,0.17914336831101774,0.7881715277777778,2.9373657049936502e-08,0.0,,,0.0151554732529456,0.010345319442701076,0.010533333333333332,0.3467974953899631,0.0008721225195633342,0.00019971568322732253,0.0006725363804114843,0.0006725363804114843,0.0,0.0,0.0,0.3467974954057141,1.0389124493745896,0.00048359506163959286,0.6965388481676061,0.03310597101193609,0.26967187007559096,0.00019971568322732253,0.00048359506163959286,0.6965388481676061,0.03310597101193609,0.26967187007559096,0.00019971568322732253,,,,,,,,,,,,,,,,
balanced_agentic,admission_pressure,PPO_CMDP,PPO_CMDP,14,1103526060,1905340783,1823775964,dadb88684cb84768bf3a,stochastic,150,300,150-step training / 300-step held-out evaluation,1242755345,1,264.74071779998485,balanced_agentic,200,0.0,0.9301502563652021,0.9064839765486938,0.975,1.0,0.06984974363479785,0.09351602345130604,0.10106554506428836,13.969948726959569,0.06984974363479785,-0.07265801053424595,-0.09835766211445557,0.0002160784123093091,0.0,0.0002160784123093091,0.272658010534246,0.2983576621144556,0.30506387074198354,0.6868960782484763,0.7717941773011463,0.3034833333333334,0.8015541240047942,0.19822979758289655,0.0,0.0,56.86974571568319,71.54826405988378,76.82348455598455,75.5614385006183,3.31558263815005,3.078740820348987,3.058781592829349,0.04619229229543985,28156179.62749815,27011975.410870392,0.03551877430010346,2.009187041307071,0.7058573666751708,0.6507116532726529,0.0,0.1841990354527806,0.19869567219932896,54.75984555933162,0.19171270198427406,,,,,0.26463504046146935,0.08881326771361638,0.19276792807785625,0.9944333333333334,0.02208333333333333,0.00011666666666666667,0.9954,0.15372249999999998,0.0,0.0,0.07838095238095238,2897.9660164491625,3540.453126758222,50.45021142195829,59.683432857042156,0.00014285714285714287,0.3135890309244938,0.6829506944444443,3.5537889648287676e-08,0.0,,,0.03597004778836511,0.011123840343526021,0.0,0.38183221099134207,0.000627866045358912,0.00014366110466507747,0.0013509690389017536,0.0013509690389017536,0.0,0.0,0.0,0.38183221097568293,1.1438670775023296,0.005387958499292111,0.08526513789002141,0.022848465753316873,0.8863547767527045,0.00014366110466507747,0.005387958499292111,0.08526513789002141,0.022848465753316873,0.8863547767527045,0.00014366110466507747,,,,,,,,,,,,,,,,
balanced_agentic,admission_pressure,Intent-PPO-CMDP-NoRisk,Intent-PPO-CMDP-NoRisk,14,1103526060,1905340783,1823775964,72924e27f6df7ecb428f,stochastic,150,300,150-step training / 300-step held-out evaluation,1242755345,1,270.7660398000153,balanced_agentic,200,0.0,0.9269018117769925,0.8992115051456865,0.93,1.0,0.07309818822300745,0.10078849485431342,0.10589678049808002,14.61963764460149,0.07309818822300745,-0.07617977914947203,-0.10242394179894176,0.0002691740719719391,0.0,0.0002691740719719391,0.27617977914947206,0.3024239417989418,0.311979193317961,0.6822785167978878,0.7878939916736505,0.29835,0.8038761795800309,0.19585464634799699,0.0,0.0,55.67482111939942,71.30920039980009,76.32828297362109,74.52840789253837,3.3117333551113304,3.073926676436868,3.057204849115912,0.04843847877975687,27588330.202631094,26335290.002222557,0.036247238815982796,2.0049815310160297,0.6977527919533308,0.6316510680177582,0.0,0.18398518639507386,0.19911018248508475,52.15315561593638,0.20844929767510068,,,,,0.24403673633857828,0.0924362857408601,0.19602573077501917,0.9997,0.05603333333333334,0.00015,0.9955333333333334,0.15409249999999997,0.0,0.0,0.06807326007326008,2911.837582446402,3527.061848084752,49.88558217565427,58.2900263093892,9.523809523809524e-05,0.31762215909925356,0.6810520833333333,3.627122381005782e-08,0.0,,,0.09946896228095539,0.025830905507353376,0.01943333333333333,0.419743397875982,0.0008526401738205976,0.0002066928949783774,0.001512836286716228,0.001512836286716228,0.0,0.0,0.0,0.41974339786339726,1.2574388435905923,0.00017776124007671143,0.04444454050835574,0.05645323063240072,0.8987177747241885,0.0002066928949783774,0.00017776124007671143,0.04444454050835574,0.05645323063240072,0.8987177747241885,0.0002066928949783774,,,,,,,,,,,,,,,,
balanced_agentic,admission_pressure,Intent-PPO-CMDP,Intent-PPO-CMDP,14,1103526060,1905340783,1823775964,fd2a9bdca11bd34bca64,stochastic,150,300,150-step training / 300-step held-out evaluation,1242755345,1,319.06714920001104,balanced_agentic,200,0.0,0.9631266361247591,0.9332698490126856,1.0,1.0,0.036873363875240886,0.06673015098731436,0.07341820372708141,7.374672775048177,0.036873363875240886,-0.011022539127651072,-0.03721449641803622,0.05178623969618594,0.05848108747044917,0.05890130444404038,0.2093288062451181,0.2372144964180362,0.2439489773711497,0.7932484657880374,0.8650245765992185,0.3377666666666667,0.6599922056783352,0.2882215546254789,0.0,0.0,77.80271559348516,91.82334964274618,99.7220191834727,97.69659218144308,2.888205550676015,2.6684088950320484,2.634368447869263,0.048076815911874106,31046541.60450738,29478943.356580567,0.03222411738021322,2.17232669708873,0.6592390123317193,0.6025125897106455,0.0,0.1604558639264453,0.17259365951484495,65.97861082805089,0.14785356701264085,,,,,0.6549423866729533,0.07009528956009717,0.23239186208828969,0.9697833333333334,0.09786666666666666,0.02946666666666667,0.9941499999999999,0.14516666666666667,0.6559166666666667,0.04494833333333333,0.15515750915750914,2626.710080958416,3029.010803600877,76.7710828573456,77.75104732019335,0.04280952380952381,0.23692774726794028,0.7752395833333332,3.224092481470034e-08,0.0,,,0.020932072214298856,0.015036800310523268,0.0144,0.45794776532570775,0.6620215693411313,0.21564394773462056,0.45802677740564357,0.6355416894728089,0.1869606319142294,0.17751491206716533,0.1884,0.46853317572765335,1.4035999557580743,0.000668451805548045,0.451262384475191,0.09918671474149365,0.4194617292163223,0.029420719761444954,0.000668451805548045,0.451262384475191,0.09918671474149365,0.4194617292163223,0.029420719761444954,,,,,,,,,,,,,,,,
balanced_agentic,admission_pressure,Intent-PPO-CMDP-FullPolicy-NoShield,Intent-PPO-CMDP,14,1103526060,1905340783,1823775964,fd2a9bdca11bd34bca64,stochastic,150,300,150-step training / 300-step held-out evaluation,1242755345,1,319.06714920001104,balanced_agentic,200,0.0,0.7039071174349756,0.6558722881233785,0.0,1.0,1.1970711507771683,1.4307706271001244,1.4783703192333142,239.41423015543364,1.1970711507771683,-0.40597565499346333,-0.48054153726708076,0.46597565499346333,0.5405415372670807,0.557519592962291,0.22540163595137672,0.2625532945736434,0.27232222703765685,0.8399934052173452,0.9105531316498906,0.37926666666666664,0.43713850123106385,0.09688584377547288,0.0,0.0,52.24067826589931,68.25535714285712,74.39870944484495,72.05069889764931,1.9471329638282144,1.7003822053811748,1.6924321018925088,0.07778685927785549,28592495.337878607,26792918.283919398,0.03500128546422943,1.0680944674465223,0.591348111191816,0.4985518439271744,0.002016536511049159,0.10817405354601192,0.1219249531754323,12.283975355530352,0.80650113926337,,,,,0.8114461213107304,1.0493172861220537,1.391323590602261,0.7314999999999999,0.09318333333333335,0.2659833333333333,0.9794833333333334,0.1399625,0.0,0.0,0.18069597069597068,1750.3352678736276,2053.100953957608,47.17038581784227,54.185656597197614,0.26580952380952383,0.2600371556254941,0.5400159722222222,3.5047430713842046e-08,0.0,,,0.023168428740773246,0.01735696796947079,0.012316666666666665,0.4822575771065948,0.6391090945422271,0.26698747204391665,0.3901942360233079,0.3901942360233079,0.0,0.0,0.0,0.48225757701817284,1.4447145876392897,0.0024702714827542285,0.32789550260720757,0.09249764000256132,0.3101491138635602,0.26698747204391665,0.0024702714827542285,0.32789550260720757,0.09249764000256132,0.3101491138635602,0.26698747204391665,,,,,,,,,,,,,,,,
balanced_agentic,admission_pressure,MaxWeight,MaxWeight,15,1481178426,1997781942,2047363928,,stochastic,150,300,150-step training / 300-step held-out evaluation,995133691,0,1.1600088328123093e-05,balanced_agentic,200,0.055,0.9546199985959629,0.9209774357177861,1.0,0.945,0.045380001404037015,0.07902256428221373,0.08394876590268394,9.076000280807403,0.04802116550691748,0.028861305448918885,-0.03889692164179103,0.0,0.0,0.0,0.16978455597062594,0.23889692164179102,0.2564168105303893,0.7077852103850683,0.8206034425407122,0.30773333333333336,0.5425180570600475,0.4574819429399524,0.0,0.0,56.3698786267122,70.28211331679074,75.86549646863315,73.39983693356974,2.434520886234006,2.163585774480616,2.157666722314791,0.09828115732838223,19802916.62773481,18458680.332135573,0.05043270164777865,2.0763190706076546,0.5604707512180302,0.49866555314149885,0.0007213467168935451,0.1352511603463337,0.1673391584611008,18.749400166916324,1.5258449892683836,,,,,0.239950076866282,0.04475676950904039,0.16210705895634234,0.99965,0.8410333333333333,0.0,0.9619833333333334,0.10101833333333333,0.0,0.0,0.2711794871794872,1980.1475754623634,2679.183438187969,56.297367311650234,56.895120396625416,0.0,0.19765821726383592,0.7812569444444444,5.072139043814188e-08,0.0,,,,,,,,,,,,,,,,,,,,,,,,,,,,,,,,,,,,,,,,,
balanced_agentic,admission_pressure,PPO,PPO,15,1481178426,1997781942,1596015111,461e22a59e6f436fac36,stochastic,150,300,150-step training / 300-step held-out evaluation,995133691,1,258.87767640000675,balanced_agentic,200,0.26,0.9921849782199389,0.9786152742346939,1.0,0.74,0.00781502178006111,0.021384725765306128,0.024330295292836056,1.563004356012222,0.010560840243325823,0.03757268279389231,0.006738195236373414,0.0003676911465821811,0.005592976855546686,0.006251685452896961,0.16083461698247775,0.1932618047636266,0.20044296998004887,0.7214069514222904,0.7887732775473978,0.3046666666666667,0.7410947633282177,0.25853754552520003,0.0,0.0,72.51930884918615,85.83743589743587,93.95151059466849,91.05515962193954,3.0392920746169034,2.7602583390381805,2.736346598139044,0.05438894148318427,33145781.497014724,31926699.910854332,0.03017730943972165,1.9953903374660318,0.6940355177324724,0.6247743753711464,0.0,0.16884955970093907,0.18248895682481356,85.14079047679076,0.12346351351002957,,,,,0.460270714182723,0.037014949559042894,0.22695635095693817,0.99965,0.04595,0.0002,0.9887166666666667,0.13817083333333333,0.0,0.0,0.12202197802197802,2821.80262837363,3156.401776440205,69.82040630195408,72.75076649734198,0.00028571428571428574,0.18608149382607053,0.7697131944444444,3.0186615022985825e-08,0.0,,,0.022488077666488353,0.02189840696168231,0.0,0.2688733998402221,0.0009944343968017813,0.00019332614232509215,0.0008054871380048667,0.0008054871380048667,0.0,0.0,0.0,0.2688733998196637,0.8054727213399522,0.0001791842022233786,0.695860571659275,0.04492311820280147,0.2588437997933751,0.00019332614232509215,0.0001791842022233786,0.695860571659275,0.04492311820280147,0.2588437997933751,0.00019332614232509215,,,,,,,,,,,,,,,,
balanced_agentic,admission_pressure,PPO-Lagrangian,PPO-Lagrangian,15,1481178426,1997781942,1596015111,c54dc7a9b9a68be549b7,stochastic,150,300,150-step training / 300-step held-out evaluation,995133691,1,254.7300168000511,balanced_agentic,200,0.035,0.9791190545990136,0.9497377329045287,1.0,0.965,0.020880945400986377,0.05026226709547117,0.056226686477809665,4.176189080197275,0.021638285389623188,0.05892213846039553,0.053849198495943,0.00023642973692540465,0.0,0.00023642973692540465,0.0907230829194232,0.13714682345255585,0.15743839215114255,0.7266438935375293,0.7966974686660149,0.30643333333333334,0.6053119478931179,0.3944516223699566,0.0,0.0,84.2547102234676,95.14650663942797,102.06426463633785,98.98642639133736,2.416561312688964,2.162267861667223,2.1134710394135743,0.07309371063968191,37166676.913453385,35024776.792197496,0.026890939726891883,1.6425524326028793,0.767839103643571,0.6911046015466734,0.0,0.13425340626049798,0.15098530895795143,64.29112651541796,0.21007423906715655,,,,,0.130162834751552,0.06073279830068567,0.2352094465743121,0.9995666666666666,0.011800000000000001,0.00013333333333333334,0.9724166666666666,0.12667583333333332,0.0,0.0,0.049531135531135535,2089.0321441968154,2592.9231726462754,80.06260910975111,85.43469875401766,0.00014285714285714287,0.1099094194537816,0.7803749999999999,2.693982699568142e-08,0.0,,,0.009512104425638608,0.00816226644061134,0.0,0.09785061256718802,0.0005262531536353404,0.00018605196463616737,0.0003402650869791858,0.0003402650869791858,0.0,0.0,0.0,0.09785061256752955,0.29313423805557604,0.0002682837882924615,0.9549055208992706,0.01158529222011332,0.03305485112768741,0.00018605196463616737,0.0002682837882924615,0.9549055208992706,0.01158529222011332,0.03305485112768741,0.00018605196463616737,,,,,,,,,,,,,,,,
balanced_agentic,admission_pressure,PPO_CMDP,PPO_CMDP,15,1481178426,1997781942,1596015111,fc83225982e20e56ecdd,stochastic,150,300,150-step training / 300-step held-out evaluation,995133691,1,273.55554740002844,balanced_agentic,200,0.2,0.9905919100845502,0.9781955751050421,1.0,0.8,0.009408089915449825,0.021804424894957982,0.02631481331521592,1.8816179830899649,0.011760112394312277,0.05546403412664724,0.03493644554480719,0.0003821941612320224,0.005589748445538616,0.006529668451207796,0.13010301048142123,0.1650635544551928,0.1740498888738066,0.7292151564622568,0.7982419697101394,0.3052666666666667,0.6869209542691795,0.3126968515695884,0.0,0.0,83.2247620500914,97.44919457735247,99.95040966386553,99.3061592144316,2.785866825078611,2.488023765903277,2.4666902171604512,0.06272957513213762,35437506.23575605,33779742.94725718,0.02822490519789629,1.9632095608572375,0.7151173457667059,0.6494242821713674,0.0,0.15477037917103392,0.1702170926965547,76.84112501079164,0.14630108490753946,,,,,0.282953212014763,0.051274603665109275,0.2436149370754963,0.9996166666666667,0.01015,0.00021666666666666668,0.9713666666666666,0.13031333333333334,0.0,0.0,0.09547252747252745,2505.9862340860104,2936.5717586900123,80.51687906096846,82.58775903138252,0.0003333333333333334,0.15083012017616995,0.7871826388888888,2.8237811627294043e-08,0.0,,,0.013759793194694286,0.010530280138276121,0.0,0.21144075400447535,0.0007209573798535252,0.0002227540105481729,0.0004982980659913385,0.0004982980659913385,0.0,0.0,0.0,0.2114407539961295,0.6334198906907951,0.000105188143347078,0.8496791114174491,0.010088376393720101,0.13990457003493556,0.0002227540105481729,0.000105188143347078,0.8496791114174491,0.010088376393720101,0.13990457003493556,0.0002227540105481729,,,,,,,,,,,,,,,,
balanced_agentic,admission_pressure,Intent-PPO-CMDP-NoRisk,Intent-PPO-CMDP-NoRisk,15,1481178426,1997781942,1596015111,8c806f3e428ad93e5ba2,stochastic,150,300,150-step training / 300-step held-out evaluation,995133691,1,275.68097020004643,balanced_agentic,200,0.015,0.9671451969515185,0.9354684261435052,0.995,0.985,0.03285480304848155,0.06453157385649463,0.07686412279700126,6.57096060969631,0.033355129998458424,0.05675566320679769,0.03538963607594939,0.00012067638228427565,0.0,0.00012067638228427565,0.10794212809066059,0.1646103639240506,0.18141972104225626,0.7322100827323067,0.80779204617095,0.30895000000000006,0.5725961547731508,0.4272831688445649,0.0,0.0,83.4588963212361,96.12794540229885,102.31910610182665,99.91330073422019,2.296392073925533,2.06874323836346,2.0449146674677117,0.07005129044784597,36645008.318907715,33597117.35403279,0.02728905540435848,1.5690198364047254,0.7617840499929643,0.6705308137171971,0.0,0.12757733744030736,0.14459492808098628,54.74333676468934,0.2552526518848796,,,,,0.0901267555320634,0.06595486081804695,0.23063331714265164,0.9998666666666668,0.004516666666666666,6.666666666666667e-05,0.9675999999999999,0.12425583333333334,0.0,0.0,0.03949450549450549,1980.379188709674,2466.552858272534,79.81825038456137,84.47953509775947,0.0,0.1309593256910469,0.7842625,2.735036460449152e-08,0.0,,,0.0061872108496859755,0.0052962588151179504,0.0,0.06626687581417733,0.0001846169838268584,6.008454070599519e-05,0.0001245371599206698,0.0001245371599206698,0.0,0.0,0.0,0.06626687581182941,0.1985178185370917,7.8170790160994e-05,0.9705231409387545,0.004372604497724583,0.024965999232654027,6.008454070599519e-05,7.8170790160994e-05,0.9705231409387545,0.004372604497724583,0.024965999232654027,6.008454070599519e-05,,,,,,,,,,,,,,,,
balanced_agentic,admission_pressure,Intent-PPO-CMDP,Intent-PPO-CMDP,15,1481178426,1997781942,1596015111,618554fca77aa7604c32,stochastic,150,300,150-step training / 300-step held-out evaluation,995133691,1,332.33217309997417,balanced_agentic,200,0.055,0.9822302862248563,0.9615203848650398,1.0,0.945,0.01776971377514364,0.038479615134960225,0.04836689208364921,3.5539427550287277,0.01880392992078692,0.051802787283224516,0.036878612716763,0.0078115347372618394,0.022624995917834158,0.02641696840207398,0.09614099695829634,0.13710773652322505,0.15050682947248656,0.7348224344115412,0.8048781214251652,0.3111,0.6194163859132961,0.3727720793494422,0.0,0.0,83.07463964514218,95.11951709169831,101.38915487748494,99.3756625207807,2.488174783133715,2.211123849870567,2.186069279988812,0.0708381700970405,36861834.46021958,35022098.80551371,0.027127430849310193,1.6822063586383333,0.7593860167709761,0.6717273944554243,0.0,0.1382319323963175,0.15410817867539348,69.70646617149633,0.18270888366343446,,,,,0.18573661953071485,0.05770858311581144,0.2344962356843429,0.9955166666666667,0.01525,0.0044,0.9754666666666668,0.13083999999999998,0.7472166666666666,0.061433333333333326,0.07026373626373626,2177.4406048209516,2655.4931868405884,78.06150477840393,84.41096744079137,0.006714285714285715,0.11575653737763071,0.76855625,2.7151162132742843e-08,0.0,,,0.024269033359054937,0.02181781307133374,0.0,0.163147609546915,0.0662808377885069,0.02377482479431177,0.04291498434691361,0.06174812695414166,0.019184901634481177,0.018833142607228067,0.019649999999999997,0.13669719049428375,0.40950818526788363,8.788063623380766e-05,0.9315733953739967,0.014970691167689232,0.048746012479656854,0.004622020342423351,8.788063623380766e-05,0.9315733953739967,0.014970691167689232,0.048746012479656854,0.004622020342423351,,,,,,,,,,,,,,,,
balanced_agentic,admission_pressure,Intent-PPO-CMDP-FullPolicy-NoShield,Intent-PPO-CMDP,15,1481178426,1997781942,1596015111,618554fca77aa7604c32,stochastic,150,300,150-step training / 300-step held-out evaluation,995133691,1,332.33217309997417,balanced_agentic,200,0.015,0.9729936124968098,0.9339016102255235,0.99,0.985,0.027006387503190156,0.06609838977447641,0.09087087264389164,5.401277500638031,0.027417652287502696,0.017923460148897896,-0.00797438093199172,0.04206220880261264,0.0679743809319917,0.07610648282509022,0.09595208510103947,0.1337888136942675,0.15297819140885122,0.7387350447979582,0.818889489352015,0.31575000000000003,0.5938629090768849,0.36407488212050254,0.0,0.0,81.4949692631876,94.56760582010581,98.29785175202156,97.26795314814709,2.4399833248003766,2.136800463703959,2.126681819444502,0.07409120322918777,36790879.8780233,35242648.18197268,0.027174312380030798,1.6210539800624817,0.7513869431263559,0.6672430542185794,0.0,0.13555462915557648,0.14955647682790185,64.98409350515801,0.1884241531392744,,,,,0.23382363694420646,0.06768171189384133,0.25171897911458907,0.9759666666666666,0.015099999999999997,0.023849999999999996,0.9759,0.12983583333333334,0.0,0.0,0.0805934065934066,2142.2154223956836,2600.3198876336737,77.46067420626026,82.53385935498787,0.02385714285714286,0.11466451334253228,0.7640812499999998,2.719871259272012e-08,0.0,,,0.024281629900693852,0.02182903694043617,0.0,0.16328050943385042,0.06608020816177598,0.024103856085102536,0.04238919815976525,0.04238919815976525,0.0,0.0,0.0,0.16328050943258815,0.4891446917495411,8.654681989139788e-05,0.9136755187764786,0.014625425313314275,0.04750865300521319,0.024103856085102536,8.654681989139788e-05,0.9136755187764786,0.014625425313314275,0.04750865300521319,0.024103856085102536,,,,,,,,,,,,,,,,
reliability_first,admission_pressure,MaxWeight,MaxWeight,11,471540437,1073362871,1762237276,,stochastic,150,300,150-step training / 300-step held-out evaluation,1595644183,0,2.3799948394298553e-05,reliability_first,200,0.0,0.9136160139786564,0.8926634321459599,0.85,1.0,0.08638398602134362,0.10733656785404018,0.12538461759415048,17.276797204268725,0.08638398602134362,0.021073317364288843,-0.00060606060606061,0.0,0.0,0.0,0.1316957805346787,0.1606060606060606,0.17638079535707635,0.7824026503979278,0.8410734919719388,0.3354833333333333,0.4027868627440397,0.5972131372559604,0.0,0.0,80.33641042987425,95.68014705882352,101.1621917808219,98.0170377532883,1.8457308357108824,1.6895475285615038,1.6754932033168246,0.054563332544773475,18682372.67134087,17380422.03476802,0.053560991418261775,2.3825973399577536,0.5044180709499793,0.4544385516182426,0.009203962824604615,0.1025406019839379,0.11133865164972596,-12.197242933618286,0.9417608079730496,,,,,0.126445839135528,0.08660140546963475,0.2510436154085974,1.0,0.94735,0.0,0.9446333333333332,0.08877166666666668,0.0,0.0,0.15276923076923074,1504.6779288494622,2029.3747086362616,85.74256043958925,78.19396026316036,0.0,0.15124216503022653,0.8638076388888889,5.362195790302864e-08,0.0,,,,,,,,,,,,,,,,,,,,,,,,,,,,,,,,,,,,,,,,,
reliability_first,admission_pressure,PPO,PPO,11,471540437,1073362871,1897045420,b9c1e1a3273f0ff06c77,stochastic,150,300,150-step training / 300-step held-out evaluation,1595644183,1,259.96485530002974,reliability_first,200,0.105,0.9857259734722946,0.9602069601834721,1.0,0.895,0.014274026527705343,0.03979303981652789,0.055608519825439816,2.8548053055410687,0.015948632991849544,0.018412756023102123,-0.007387259772933881,0.00011222662914458146,0.0,0.00011222662914458146,0.1377153418243856,0.1673872597729339,0.17441337558996367,0.7539128244839298,0.8295180372578708,0.3223166666666667,0.6158306268814419,0.3840571464894136,0.0,0.0,93.06464795596177,106.98838624338623,113.25699999999996,112.18766529670923,2.5288010552173943,2.2994764394975657,2.2832226368485786,0.05665223545627524,34369352.717134334,32931767.424377136,0.0291125678423586,2.0554228072738643,0.7242616640717042,0.6550736235241359,0.0,0.14048894751207747,0.15371019889305745,54.73682452832856,0.1740092345762104,,,,,0.33310823908087905,0.06220982424400969,0.25702044038660143,0.9999166666666668,0.004366666666666666,6.666666666666667e-05,0.9846,0.14218166666666665,0.0,0.0,0.11294505494505494,2313.1497983844324,2644.920962742837,92.75601622322716,91.55963977791896,4.761904761904762e-05,0.1621619064439887,0.8305854166666667,2.9112615475628863e-08,0.0,,,0.00953551907866862,0.008753337763770352,0.0,0.18200611143689557,7.674602782964584e-05,2.7490533310831565e-05,4.925642754423077e-05,4.925642754423077e-05,0.0,0.0,0.0,0.1820061114390581,0.5452415820220505,3.6640484633107464e-05,0.7846628937979782,0.0039822836284498465,0.21129069155562813,2.7490533310831565e-05,,,,,,3.6640484633107464e-05,0.7846628937979782,0.0039822836284498465,0.21129069155562813,2.7490533310831565e-05,,,,,,,,,,,
reliability_first,admission_pressure,PPO-Lagrangian,PPO-Lagrangian,11,471540437,1073362871,1897045420,97597eec01eed730a745,stochastic,150,300,150-step training / 300-step held-out evaluation,1595644183,1,273.0232358999783,reliability_first,200,0.0,0.9510175878793184,0.9213068395136462,0.98,1.0,0.04898241212068157,0.07869316048635368,0.10216233363943943,9.796482424136315,0.04898241212068157,0.027646286940800867,0.013313725490196082,3.125e-05,0.0,3.125e-05,0.08947795092657557,0.14668627450980393,0.1656002773637851,0.7573020106827417,0.8329976624472535,0.3208,0.5000536672808024,0.49991508271919755,0.0,0.0,95.12116187651591,110.65781512605042,119.59623157894735,116.70582659276332,2.02436844328341,1.7940279650310467,1.7828895551792328,0.0729460336264116,35657769.105788715,32970234.371359393,0.02803879646777659,1.61974753607738,0.7381438945740058,0.6327311997396565,0.0,0.11246491351574499,0.1271440294896384,33.566081829529075,0.40515086399972555,,,,,0.08148086544311899,0.0817385364123475,0.27994850838271595,0.9999666666666667,0.01695,1.6666666666666667e-05,0.9857499999999999,0.13497499999999998,0.0,0.0,0.037428571428571436,1813.3024665405967,2138.019353837233,94.92968170413569,95.13049595869168,0.0,0.09368699517366241,0.8321819444444444,2.8097484856361727e-08,0.0,,,0.0030055245560699478,0.0026643249701671845,0.0,0.049785541460967725,2.0234948244175763e-05,1.0480634482837193e-05,9.754477681233383e-06,9.754477681233383e-06,0.0,0.0,0.0,0.049785541459262034,0.1491441533058715,6.127975091486484e-06,0.9742872488588378,0.017108682592713316,0.00858745993887447,1.0480634482837193e-05,,,,,,6.127975091486484e-06,0.9742872488588378,0.017108682592713316,0.00858745993887447,1.0480634482837193e-05,,,,,,,,,,,
reliability_first,admission_pressure,PPO_CMDP,PPO_CMDP,11,471540437,1073362871,1897045420,3e02143445d692cb208a,stochastic,150,300,150-step training / 300-step held-out evaluation,1595644183,1,273.6423236000119,reliability_first,200,0.01,0.9123919498240195,0.8548214140311232,0.625,0.99,0.0876080501759805,0.1451785859688767,0.1569911043666951,17.5216100351961,0.08849297997573786,-0.03999668445391425,-0.0661696283634878,0.00015690607241623152,0.0,0.00015690607241623152,0.19999668445391425,0.22616962836348778,0.23268516019524782,0.7495996295255805,0.8091912482694769,0.32236666666666663,0.6931588444260623,0.30668424950152146,0.0,0.0,83.46224524235775,95.97169642857142,99.33046894384252,98.03376870981133,2.8589407987552296,2.597279465968995,2.5904007322038036,0.05068412660920767,31391391.32395959,30153123.772893127,0.03187344607165661,2.281631486342034,0.6932192232746459,0.6366589288286748,0.0,0.15883004437529055,0.1718737379646582,56.184895348238896,0.17728131898060978,,,,,0.4465852630083093,0.09770096525941593,0.27585474370984836,0.9995166666666665,0.0057333333333333325,8.333333333333333e-05,0.9939833333333334,0.14924999999999997,0.0,0.0,0.15729670329670328,2652.2340753324384,2970.2444190598103,83.34573339522963,82.34226800840901,9.523809523809524e-05,0.2330630621047929,0.8173590277777777,3.187175388700302e-08,0.0,,,0.024437086670935554,0.022783321010159927,0.030600000000000006,0.25673878881485784,0.00048154280961503257,0.00015537355351424804,0.00032620674481032534,0.00032620674481032534,0.0,0.0,0.0,0.256738788806167,0.7691206754997966,0.00046795803724629224,0.5333221830099144,0.0056653513685412295,0.4603891340307838,0.00015537355351424804,,,,,,0.00046795803724629224,0.5333221830099144,0.0056653513685412295,0.4603891340307838,0.00015537355351424804,,,,,,,,,,,
reliability_first,admission_pressure,Intent-PPO-CMDP-NoRisk,Intent-PPO-CMDP-NoRisk,11,471540437,1073362871,1897045420,7d2ee40999bb1a6afe16,stochastic,150,300,150-step training / 300-step held-out evaluation,1595644183,1,275.69379829999525,reliability_first,200,0.0,0.9575372089671417,0.9336864444012105,0.99,1.0,0.042462791032858306,0.06631355559878938,0.08461395566375572,8.492558206571662,0.042462791032858306,0.029039042838595364,0.025106182795698925,8.779862162992978e-05,0.0,8.779862162992978e-05,0.0816315119980031,0.1283319536423841,0.14735176162456617,0.7549687331925533,0.8294446765429833,0.31953333333333334,0.5151795063996256,0.4847326949787445,0.0,0.0,93.92466915910809,108.74870731707317,111.47281249999997,111.18230402147348,2.0715395411109343,1.8529300269317588,1.843588848299812,0.06432561198887375,36008362.262473084,33714164.367625155,0.027767574847509403,1.6208099992474936,0.7618341911933416,0.6737512247355038,0.0,0.11508553006171857,0.12723860986136096,37.936488538679285,0.28227747241060996,,,,,0.12055239810211298,0.07382332252051368,0.24845821427124798,0.9998333333333334,0.0241,5e-05,0.9875666666666666,0.13971833333333333,0.0,0.0,0.04683516483516483,1856.2000807717652,2187.4915582166423,94.61500971605903,93.39309170780474,4.761904761904762e-05,0.08402032867500436,0.8318694444444446,2.7805733874562006e-08,0.0,,,0.005430870415536786,0.0028871693443699386,0.0,0.11020514516657184,0.00017979760057445918,7.143459718948232e-05,0.00010837208207223188,0.00010837208207223188,0.0,0.0,0.0,0.11020514516632016,0.33014511008644787,7.27564679082006e-05,0.9587324129012472,0.024842535655594827,0.016280860378060293,7.143459718948232e-05,,,,,,7.27564679082006e-05,0.9587324129012472,0.024842535655594827,0.016280860378060293,7.143459718948232e-05,,,,,,,,,,,
reliability_first,admission_pressure,Intent-PPO-CMDP,Intent-PPO-CMDP,11,471540437,1073362871,1897045420,b12c9f3440d9c22ff923,stochastic,150,300,150-step training / 300-step held-out evaluation,1595644183,1,319.3185737999738,reliability_first,200,0.0,0.9660688562122257,0.9453607601821654,1.0,1.0,0.03393114378777434,0.0546392398178345,0.06118451707382524,6.786228757554868,0.03393114378777434,0.0073268976437696155,0.0014203612479474549,0.02265655511310352,0.028579638752052543,0.02919314646182396,0.09216126778148791,0.12759654603835804,0.13729282488986919,0.7690460288739698,0.8356202237491083,0.3282333333333334,0.5407675573153974,0.43657588757149923,0.0,0.0,91.26981982077872,106.3204900990099,110.88865502827636,109.62381876462946,2.198727845837967,1.9773580241887032,1.969734400758727,0.060005378475869287,35365676.94360682,33661809.85857235,0.0282895071132093,1.7031202209466993,0.7652773380115113,0.675979742839381,0.0,0.12215154699099816,0.13414506944654386,49.80307763752173,0.17075756777323184,,,,,0.3036606414879018,0.06727958768830311,0.22862773791322977,0.9869499999999999,0.03933333333333333,0.013033333333333333,0.9929333333333333,0.14855999999999997,0.6756666666666666,0.04816916666666666,0.09093772893772893,1921.5481214775534,2347.9784666474216,89.02818032334658,91.90958574399467,0.01961904761904762,0.10288082169937658,0.8031972222222222,2.829803255271959e-08,0.0,,,0.007342918406779147,0.005971491231626072,0.00043333333333333337,0.25680636619356784,0.38957063425741284,0.12037385243751426,0.27377304883062314,0.37697612392892815,0.1075017013983727,0.10320307509830501,0.10758333333333332,0.21285597197315695,0.6376595048586902,9.978686377155145e-05,0.8735947738619185,0.03952997282317533,0.07383967772048135,0.012935788730653203,,,,,,9.978686377155145e-05,0.8735947738619185,0.03952997282317533,0.07383967772048135,0.012935788730653203,,,,,,,,,,,
reliability_first,admission_pressure,Intent-PPO-CMDP-FullPolicy-NoShield,Intent-PPO-CMDP,11,471540437,1073362871,1897045420,b12c9f3440d9c22ff923,stochastic,150,300,150-step training / 300-step held-out evaluation,1595644183,1,319.3185737999738,reliability_first,200,0.0,0.7413818243428812,0.7146137800501744,0.0,1.0,1.0022153795956381,1.5084956463075638,1.5795276908431544,200.4430759191276,1.0022153795956381,-0.14840355478097958,-0.2273278800272665,0.17840355478097958,0.25732788002726653,0.26824042324265407,0.10925368460484572,0.14750070331966877,0.1582651911554603,0.7904514166987542,0.8665334341172818,0.34415,0.45882282480555825,0.3627736204134622,0.0,0.0,81.575848419556,95.39838815789473,101.34424999999995,100.49340919916061,1.8951234645701913,1.672294420256252,1.661294037543911,0.0728996584804955,34414633.2208624,32638151.42318713,0.029069994398773263,1.348234111609897,0.7371844201454631,0.6164794429965919,0.0,0.10528463692056618,0.11693836221392269,32.22717286172634,0.3099757788233682,,,,,0.43823913656133795,1.1165714923090158,1.5723317107231358,0.8981666666666667,0.03531666666666667,0.10173333333333334,0.9902333333333333,0.15136666666666665,0.0,0.0,0.15194139194139195,1691.0992809735505,2004.9826403529992,72.68045069189795,85.40763308080496,0.0760952380952381,0.1275436935917286,0.7048118055555554,2.9086151670898486e-08,0.0,,,0.007676456138398952,0.006168008532953417,0.0007000000000000001,0.2563647496853254,0.38726184619311477,0.10231893502386662,0.28946837579969675,0.28946837579969675,0.0,0.0,0.0,0.25636474967962736,0.7680001544168497,9.36967212093484e-05,0.7951920505177799,0.03593765430508299,0.06645766343206108,0.10231893502386662,,,,,,9.36967212093484e-05,0.7951920505177799,0.03593765430508299,0.06645766343206108,0.10231893502386662,,,,,,,,,,,
reliability_first,admission_pressure,MaxWeight,MaxWeight,12,1729653623,2128646545,59947711,,stochastic,150,300,150-step training / 300-step held-out evaluation,1283157503,0,1.0399962775409222e-05,reliability_first,200,0.0,0.9181461247995236,0.8908062629681816,0.89,1.0,0.08185387520047638,0.10919373703181845,0.12578966402189862,16.370775040095275,0.08185387520047638,0.021614595743936257,-0.008725812340270157,0.0,0.0,0.0,0.12988241805342235,0.16872581234027015,0.17870561622308395,0.7773792014367615,0.8362763143568502,0.33191666666666664,0.39915461384102413,0.6008453861589759,0.0,0.0,77.96999708538624,91.04859154929576,95.77997837058399,94.29335146996331,1.9557075189724105,1.773129741277974,1.76302175600612,0.06191370352792414,15093464.347340677,14080629.206702214,0.06626259639985436,3.0312456117026905,0.5075959826428119,0.45732484033327564,0.008310505974343149,0.1086504177206895,0.12048957495013266,-6.796273943568557,1.805191214904704,,,,,0.12583138918483874,0.07696089823199928,0.23764651930389216,1.0,0.9481999999999999,0.0,0.9469166666666667,0.09002333333333334,0.0,0.0,0.1491282051282051,1553.8559100411724,2172.0891545507698,83.73885093640898,75.7673857272691,0.0,0.16146499933468783,0.8627006944444444,6.637556908418852e-08,0.0,,,,,,,,,,,,,,,,,,,,,,,,,,,,,,,,,,,,,,,,,
reliability_first,admission_pressure,PPO,PPO,12,1729653623,2128646545,1621075116,2fb07c1ee95b181950c4,stochastic,150,300,150-step training / 300-step held-out evaluation,1283157503,1,284.739809300052,reliability_first,200,0.07,0.9836711078956207,0.9622301653726044,1.0,0.9299999999999999,0.016328892104379197,0.03776983462739558,0.04489640838120092,3.2657784208758396,0.01755794849933247,0.02543442625276185,0.0063129474578327936,0.000332860205968467,0.005062530062530059,0.006152153614318834,0.12012395211390121,0.1536870525421672,0.16352363275131848,0.7411072503782183,0.8236057170096831,0.31311666666666665,0.5719191551921295,0.427747984601902,0.0,0.0,89.65749086591471,103.6332474226804,109.62665131578946,107.68209270708917,2.4374565813252627,2.2303272519838697,2.2110782283309414,0.05315228561650455,29430936.99537054,28089709.039400343,0.034001757307456006,2.229184870607388,0.7647491623084541,0.6800186290798973,0.0,0.13541425451807013,0.14782270173139703,55.21137742984514,0.17168362698763964,,,,,0.3338086606904509,0.07290003741686515,0.28012027030209197,0.9992,0.022033333333333332,0.00018333333333333334,0.9933166666666666,0.14976083333333332,0.0,0.0,0.11784615384615384,2169.016643024995,2582.0011634869443,89.636230518638,89.24174911476373,0.00028571428571428574,0.12489479485443862,0.8138888888888889,3.400575437745303e-08,0.0,,,0.0253067698981725,0.023884514723101984,0.0,0.20449847553444228,0.0007104586791223999,0.00020352534329972873,0.0005069945146007425,0.0005069945146007425,0.0,0.0,0.0,0.20449847553745854,0.6126226830601559,0.0008135256224303251,0.8203053334905869,0.02189062770141586,0.15678698784226722,0.00020352534329972873,,,,,,0.0008135256224303251,0.8203053334905869,0.02189062770141586,0.15678698784226722,0.00020352534329972873,,,,,,,,,,,
reliability_first,admission_pressure,PPO-Lagrangian,PPO-Lagrangian,12,1729653623,2128646545,1621075116,5ff4062933b4dfa3978e,stochastic,150,300,150-step training / 300-step held-out evaluation,1283157503,1,266.70855040004244,reliability_first,200,0.0,0.9535064341846388,0.9312201130906713,1.0,1.0,0.046493565815361265,0.0687798869093287,0.07455508473782128,9.298713163072254,0.046493565815361265,0.028668086205676714,0.023441199323552264,0.0007570553618160822,0.0058514135437212345,0.007365638421033193,0.08045972504497996,0.13012251655629134,0.14280077799197008,0.7600239670063477,0.8266593681398708,0.3191,0.4899953751191964,0.5092475695189874,0.0,0.0,102.72285804774316,120.58173669467784,128.57877034358037,127.53871835724472,2.1280691843368134,1.8748156765121182,1.8561044821377386,0.07019087441338899,29615319.774928104,27763306.628936294,0.03377891565826443,2.2152349565452503,0.751110232855968,0.6658971107358942,0.0,0.11822606579648962,0.1317478209395415,37.73811331762627,0.30909198416535016,,,,,0.16742957502715786,0.07954905165458614,0.2388854953750287,0.9991,0.06003333333333333,0.00043333333333333337,0.9737666666666667,0.1288675,0.0,0.0,0.06147252747252747,1865.2187422838265,2269.6040377499594,103.2884214085938,102.21225761559293,0.00047619047619047624,0.09839535061480503,0.8467083333333335,3.3811264926357115e-08,0.0,,,0.0053465936450577956,0.004917028200802365,0.0,0.10232283630268629,0.0010969653176163986,0.0003397741041017062,0.0007573238532739612,0.0007573238532739612,0.0,0.0,0.0,0.10232283630700094,0.30653182304646476,0.0004094194231692609,0.9332534715482137,0.05946505625164647,0.00653227867286877,0.0003397741041017062,,,,,,0.0004094194231692609,0.9332534715482137,0.05946505625164647,0.00653227867286877,0.0003397741041017062,,,,,,,,,,,
reliability_first,admission_pressure,PPO_CMDP,PPO_CMDP,12,1729653623,2128646545,1621075116,c2c338dd9800f45e9834,stochastic,150,300,150-step training / 300-step held-out evaluation,1283157503,1,270.83158040000126,reliability_first,200,0.0,0.8933343833083334,0.8314710314459188,0.42,1.0,0.10666561669166662,0.16852896855408117,0.19555124388567152,21.333123338333323,0.10666561669166662,-0.050271884427959185,-0.07925378335324572,5.4282444763944715e-05,0.0,5.4282444763944715e-05,0.2102718844279592,0.2392537833532457,0.2531961655298702,0.740986048379159,0.8201306560255764,0.31233333333333335,0.6876434415460477,0.3123022760091883,0.0,0.0,81.74486624711453,97.80526272577995,101.74923934243522,101.1177149480737,2.9929717106351954,2.710824140856214,2.703043515259932,0.05166990799480269,25631970.879243005,24668704.41675936,0.03902488520123769,2.8643493688962915,0.6888078291292967,0.6273831103662499,0.0,0.16627620614639974,0.1829283926417406,59.892208286055514,0.1936718735014041,,,,,0.43201682621187415,0.12544572221394307,0.3074826049312358,0.9998166666666666,0.0006833333333333333,3.3333333333333335e-05,0.9935333333333333,0.15083083333333333,0.0,0.0,0.1246813186813187,2775.4785538341944,3110.0834104511187,80.522637441302,81.10693019380282,4.761904761904762e-05,0.2409831266522567,0.8067951388888889,3.903962613657298e-08,0.0,,,0.04020942951440366,0.03927502898028556,0.07521666666666667,0.24743212775271226,5.4125709856036725e-05,1.4646151926261815e-05,3.948000592788708e-05,3.948000592788708e-05,0.0,0.0,0.0,0.24743212775518322,0.7412404106303367,4.2928218671370073e-05,0.48475402959826697,0.0006113105040574384,0.5145770855270779,1.4646151926261815e-05,,,,,,4.2928218671370073e-05,0.48475402959826697,0.0006113105040574384,0.5145770855270779,1.4646151926261815e-05,,,,,,,,,,,
reliability_first,admission_pressure,Intent-PPO-CMDP-NoRisk,Intent-PPO-CMDP-NoRisk,12,1729653623,2128646545,1621075116,53b75815fc19ab3c700d,stochastic,150,300,150-step training / 300-step held-out evaluation,1283157503,1,267.30905749998055,reliability_first,200,0.04,0.9825943039450515,0.9618037614316587,1.0,0.96,0.017405696054948315,0.03819623856834137,0.05186390035608814,3.4811392109896633,0.018130933390571164,0.021662385193190196,-4.9261083743839035e-06,0.00015572527340540463,0.0,0.00015572527340540463,0.13163032187180498,0.16000492610837438,0.16836743253074568,0.7432347872949119,0.8234856462828534,0.31203333333333333,0.5724324400032269,0.42741183472336775,0.0,0.0,92.0214760506309,105.76977785959744,109.346314229249,108.95676846517897,2.4656463160320166,2.2140122429621267,2.201826371004147,0.059179166307376255,29097843.07354629,27763351.630519245,0.03439240041328607,2.34101241992393,0.7458268232354885,0.6599181005058259,0.0,0.1369803508906676,0.14935613377748932,54.32192516637288,0.18063369088278572,,,,,0.3399642332476827,0.0637167592508731,0.24839924235361785,0.9998499999999999,0.020116666666666668,8.333333333333333e-05,0.9917166666666667,0.15117666666666665,0.0,0.0,0.08936263736263736,2214.759592427554,2600.7391672036492,91.92743324951063,90.99829686633508,0.00023809523809523812,0.15074748310020766,0.8219680555555555,3.4394222247520624e-08,0.0,,,0.008311627602049489,0.004082184890311226,0.0,0.27295851167839424,0.00017318747103553346,4.668492024285374e-05,0.0001265082678906422,0.0001265082678906422,0.0,0.0,0.0,0.2729585116701159,0.8177106227514298,3.380916124461984e-05,0.8120574069488751,0.02092238037306597,0.16693971859657153,4.668492024285374e-05,,,,,,3.380916124461984e-05,0.8120574069488751,0.02092238037306597,0.16693971859657153,4.668492024285374e-05,,,,,,,,,,,
reliability_first,admission_pressure,Intent-PPO-CMDP,Intent-PPO-CMDP,12,1729653623,2128646545,1621075116,fc604e43c5d11a5118bd,stochastic,150,300,150-step training / 300-step held-out evaluation,1283157503,1,320.63457950000884,reliability_first,200,0.0,0.78502451814488,0.7337817258199533,0.0,1.0,0.21497548185512,0.2662182741800467,0.28308131599158864,42.995096371024,0.21497548185512,-0.10418377510163604,-0.12900652396032314,0.017335495217623134,0.02748778998778998,0.028419428316487787,0.26418377510163604,0.2890065239603231,0.2949889534170399,0.743319141041193,0.8303969639278013,0.31431666666666663,0.722737630953731,0.2599268738286458,0.0,0.0,65.32133028335205,79.33488054814454,84.26638095238093,82.32590926050825,3.1557028620824417,2.9207315016173228,2.913122397402632,0.044797553190739345,22001118.836376477,21185320.028260987,0.04545515720304815,2.8109656798281337,0.67503350801065,0.6104598331462416,0.0,0.17531682567124676,0.18762665616378657,47.70588711730368,0.21857156769057218,,,,,0.4065359619931364,0.2503123238705276,0.3861804206387019,0.9884666666666666,0.07011666666666666,0.00975,0.9953833333333333,0.15055,0.6215999999999999,0.040619999999999996,0.10639560439560442,2870.2217160997616,3309.4234791500394,62.29408849372676,66.61175518454365,0.012809523809523809,0.2993036660927052,0.7500291666666666,4.547755863957824e-08,0.0,,,0.029326666757733676,0.021111624710367902,0.0,0.41608529743618644,0.18367690244717022,0.04979105324315338,0.13661763044902636,0.17491143631648853,0.04037648662287596,0.03829380586746216,0.03925,0.38662951417928404,1.1582385135353817,0.0019282604436096531,0.11384972213400257,0.07046668650921524,0.8041817438136921,0.009573587099480472,,,,,,0.0019282604436096531,0.11384972213400257,0.07046668650921524,0.8041817438136921,0.009573587099480472,,,,,,,,,,,
reliability_first,admission_pressure,Intent-PPO-CMDP-FullPolicy-NoShield,Intent-PPO-CMDP,12,1729653623,2128646545,1621075116,fc604e43c5d11a5118bd,stochastic,150,300,150-step training / 300-step held-out evaluation,1283157503,1,320.63457950000884,reliability_first,200,0.0,0.5932198546688155,0.5359660271076176,0.0,1.0,0.6047476098295121,0.8801976841084341,0.9375941546547049,120.94952196590242,0.6047476098295121,-0.11040245480844735,-0.1365055961157423,0.09042286040054098,0.13189724183101667,0.14219708255386515,0.26948884484614866,0.2965055961157423,0.3022941645655614,0.7373254946700294,0.8228095029055295,0.31383333333333335,0.6833098265397246,0.2262673130597345,0.0,0.0,60.8740690588839,76.63326403326403,84.23743589743589,81.21780110813185,2.9828883339824923,2.7411434068458873,2.7090430116072612,0.051493478277882795,21795123.936006952,20777429.137166657,0.04588720820843777,2.4996673573624726,0.6665896167902793,0.5982287561439404,0.0,0.16571601855458287,0.1803614172735544,38.57112347402933,0.28436467207409527,,,,,0.47587761243874965,0.5561530434590627,0.7500905678759398,0.9474833333333333,0.0675,0.05068333333333333,0.9943666666666666,0.15049666666666664,0.0,0.0,0.11346520146520145,2700.145958643176,3135.13422839597,55.74935131496164,62.978428436373775,0.04985714285714286,0.30740501052925406,0.7099979166666666,4.591500686175261e-08,0.0,,,0.028903442659310108,0.020649060055201385,0.0,0.41220431876774016,0.18888295719231685,0.052349235695661064,0.14013204370174104,0.14013204370174104,0.0,0.0,0.0,0.41220431877920743,1.2348537810652092,0.0021016604692366673,0.10473307479077755,0.06598012072129596,0.7748359083230286,0.052349235695661064,,,,,,0.0021016604692366673,0.10473307479077755,0.06598012072129596,0.7748359083230286,0.052349235695661064,,,,,,,,,,,
reliability_first,admission_pressure,MaxWeight,MaxWeight,13,1025721121,372372750,1064410728,,stochastic,150,300,150-step training / 300-step held-out evaluation,511991876,0,1.610000617802143e-05,reliability_first,200,0.0,0.9237330134415085,0.8953074475873869,0.92,1.0,0.07626698655849153,0.10469255241261291,0.13070807325456682,15.253397311698304,0.07626698655849153,0.01520325202708968,-0.018582251082251082,0.0,0.0,0.0,0.14047337399699994,0.1785822510822511,0.18926650693492358,0.7686552855965135,0.8362968985015075,0.32418333333333327,0.4250957087889348,0.5749042912110651,0.0,0.0,73.21734161416994,87.34284824764276,92.35111758827448,90.72646615477218,1.9690462987048665,1.7851738266761321,1.7742842958641039,0.05924308801161491,16988721.52914053,15938928.7984296,0.05887889208624931,2.546541560560496,0.5073789443582587,0.44793070509378063,0.009425711700809108,0.10939146103915925,0.12013906004242961,-8.742532376030367,1.4619038707308376,,,,,0.1390659797856217,0.07704869370494748,0.23515065394004023,1.0,0.9394166666666667,0.0,0.9512333333333334,0.0914125,0.0,0.0,0.16897435897435895,1557.70657693791,2190.5369181178435,77.69675116187769,71.86999614069808,0.0,0.17080331621183908,0.8410958333333332,5.8950158991493436e-08,0.0,,,,,,,,,,,,,,,,,,,,,,,,,,,,,,,,,,,,,,,,,
reliability_first,admission_pressure,PPO,PPO,13,1025721121,372372750,535536204,3cabdc2e2c3a75659a16,stochastic,150,300,150-step training / 300-step held-out evaluation,511991876,1,262.1022107999888,reliability_first,200,0.0,0.7349072832069126,0.6830328966656491,0.0,1.0,0.26526289160197686,0.31696710333435096,0.3293598451390555,53.05257832039537,0.26526289160197686,-0.12931981929017491,-0.15382346752492382,0.000334780623756225,0.005440821256038645,0.006152134214254935,0.2893198192901749,0.31382346752492385,0.3195743843275072,0.7472363489910262,0.824007356338195,0.3159166666666667,0.7452636527640156,0.2544015666122281,0.0,0.0,67.04405327796825,81.15126315060907,87.25727166276346,84.14994648893739,3.0565394038065437,2.834247115490502,2.811459862322509,0.0442311218067186,23656136.31986012,22755736.955443863,0.04227786773466003,2.599109591485381,0.6881460535762725,0.6252135531820164,0.0,0.16980774465591914,0.1819984644557876,31.422167101135386,0.36460388928735815,,,,,0.290535180856801,0.26587649292026894,0.35441488647538805,0.9993166666666666,0.04056666666666667,0.00018333333333333334,0.9936499999999999,0.16044666666666665,0.0,0.0,0.1131062271062271,2704.014413915933,3246.3605522091807,60.19830515891899,69.88544960783402,0.00014285714285714287,0.33088719900296126,0.7324805555555556,4.229757490396132e-08,0.0,,,0.020009637152582416,0.013019988993386395,0.01225,0.4120721025266079,0.0007548644655221371,0.0001476203927118439,0.0006130611582082923,0.0006130611582082923,0.0,0.0,0.0,0.41207210252749527,1.2344576965728669,0.00046395030936364546,0.08838919295731454,0.03994167483033266,0.8710575615102774,0.0001476203927118439,,,,,,0.00046395030936364546,0.08838919295731454,0.03994167483033266,0.8710575615102774,0.0001476203927118439,,,,,,,,,,,
reliability_first,admission_pressure,PPO-Lagrangian,PPO-Lagrangian,13,1025721121,372372750,535536204,454f28c68eb87e33907f,stochastic,150,300,150-step training / 300-step held-out evaluation,511991876,1,254.03850810002768,reliability_first,200,0.04,0.952341336395287,0.9025443955973853,0.95,0.96,0.0476586636047131,0.09745560440261453,0.11696960281052507,9.531732720942621,0.04964444125490947,-0.01872146624504853,-0.04483945363647185,9.134382566585957e-05,0.0,9.134382566585957e-05,0.17872146624504853,0.20483945363647182,0.21207395405820018,0.7445119414093412,0.8125233011187184,0.3172833333333333,0.6604970755355437,0.3394115806387903,0.0,0.0,82.5336309652463,95.3382024265645,99.46029051987765,98.78936498761787,2.7495802087199945,2.487532421473516,2.4860656530945886,0.05302467943785346,28330391.672972064,26867207.755521342,0.03531260149503655,2.4040766650398284,0.7020054761166599,0.637379610553021,0.0,0.1527544560399997,0.16719701023476863,58.04198758834176,0.16438939724159088,,,,,0.5892390214866389,0.08104909899877995,0.187592120344355,0.99995,0.11953333333333332,5e-05,0.99035,0.14553083333333333,0.0,0.0,0.23945787545787545,2546.919569025192,2858.7051685556576,81.77747993488909,82.4640192532742,4.761904761904762e-05,0.20598341839380174,0.8083048611111111,3.5325525905433386e-08,0.0,,,0.017671753857593245,0.013630042056393968,0.007733333333333332,0.3424039219563943,0.00012230598655612937,3.884774548968393e-05,8.346059916230619e-05,8.346059916230619e-05,0.0,0.0,0.0,0.34240392195631614,1.0257504795959982,3.860695070088281e-05,0.543294117792857,0.12070798560882824,0.3359204419021242,3.884774548968393e-05,,,,,,3.860695070088281e-05,0.543294117792857,0.12070798560882824,0.3359204419021242,3.884774548968393e-05,,,,,,,,,,,
reliability_first,admission_pressure,PPO_CMDP,PPO_CMDP,13,1025721121,372372750,535536204,a070e26e29e031606ad8,stochastic,150,300,150-step training / 300-step held-out evaluation,511991876,1,277.9400926999515,reliability_first,200,0.12,0.9740896602959421,0.9184001645580551,0.975,0.88,0.025910339704057782,0.08159983544194488,0.09831312561617725,5.182067940811557,0.02944356784552021,-0.005413355275399347,-0.038038524590163936,8.463622761992712e-05,0.0,8.463622761992712e-05,0.16526151132062553,0.19803852459016394,0.20605594882638018,0.7335011382789154,0.7979958673785609,0.3100333333333333,0.6662524665914705,0.3336628971809095,0.0,0.0,76.46130524986137,89.73070602313521,94.01323746312683,93.19746668305464,2.697572672980348,2.4743321212084255,2.4652214345545573,0.04878864577963357,30807721.17416314,29202643.73538465,0.03249203589046325,2.0105414909318466,0.7251907224906456,0.647604489282868,0.0,0.1498651484989082,0.16215368643831793,64.59571408992231,0.1450743688776924,,,,,0.40632305866580204,0.08094757559684033,0.20997310775147782,0.9999166666666668,0.009516666666666666,5e-05,0.9904166666666666,0.1508125,0.0,0.0,0.125018315018315,2442.0939402536537,2835.138144448568,72.58299505847421,78.54300449729617,0.0,0.18893687767271736,0.7751118055555554,3.2494214644955465e-08,0.0,,,0.03474771188633907,0.025112582874219466,0.021566666666666668,0.26221053651419557,0.00029153169412216435,7.386818546484318e-05,0.00025058632447905345,0.00025058632447905345,0.0,0.0,0.0,0.26221053651867715,0.7855125667149084,6.75176213978082e-05,0.6930732896705165,0.009150090664770636,0.29763523385785023,7.386818546484318e-05,,,,,,6.75176213978082e-05,0.6930732896705165,0.009150090664770636,0.29763523385785023,7.386818546484318e-05,,,,,,,,,,,
reliability_first,admission_pressure,Intent-PPO-CMDP-NoRisk,Intent-PPO-CMDP-NoRisk,13,1025721121,372372750,535536204,4606dec7f3efe1c94a9c,stochastic,150,300,150-step training / 300-step held-out evaluation,511991876,1,283.62103929999284,reliability_first,200,0.0,0.7826661548131938,0.729030964179601,0.0,1.0,0.2173338451868062,0.2709690358203989,0.2799799924235092,43.46676903736124,0.2173338451868062,-0.10766198581548377,-0.13529381908414168,0.00021202140813530716,0.0,0.00021202140813530716,0.2676619858154837,0.29529381908414165,0.29785721995354353,0.7040621493619347,0.7834889355641999,0.301,0.8080813521711283,0.19170662642073627,0.0,0.0,59.93629298783247,74.0193642896628,76.46158015037594,75.52217786448696,3.2718360809176272,3.0241064660111183,3.015340918694871,0.04696499773103751,24613881.27842666,23701646.714124016,0.0406311845417481,2.390353624858179,0.6909406137091696,0.6301620312030386,0.0,0.1817686711620904,0.19513284147882826,50.360521223899234,0.2065563825592366,,,,,0.30578133632193283,0.22080614753600336,0.30990387447078105,0.9994833333333333,0.07006666666666667,0.00011666666666666667,0.9932000000000001,0.15047916666666666,0.0,0.0,0.11052014652014654,2982.8615773015854,3427.4377367108814,54.69393324322356,62.24766368188508,4.761904761904762e-05,0.309740741012235,0.7152083333333333,4.065002635216161e-08,0.0,,,0.015489363659004312,0.01131055997951112,0.00235,0.34626989283979376,0.00044279291920496996,0.00010997632917686767,0.0004897102319161256,0.0004897102319161256,0.0,0.0,0.0,0.3462698928392925,1.0373318933387505,0.00039000573342500456,0.0665555348446527,0.06930555755181736,0.863638925540928,0.00010997632917686767,,,,,,0.00039000573342500456,0.0665555348446527,0.06930555755181736,0.863638925540928,0.00010997632917686767,,,,,,,,,,,
reliability_first,admission_pressure,Intent-PPO-CMDP,Intent-PPO-CMDP,13,1025721121,372372750,535536204,09d0d30da2ff448dad2f,stochastic,150,300,150-step training / 300-step held-out evaluation,511991876,1,309.3859143999871,reliability_first,200,0.0,0.7949267575910688,0.7385951595886229,0.0,1.0,0.20507324240893132,0.2614048404113771,0.2722281644007542,41.01464848178627,0.20507324240893132,-0.09985266513843234,-0.12763887743035504,0.025612741152777306,0.029069767441860465,0.029278066765684445,0.2598526651384323,0.28763887743035504,0.2939512329355142,0.7388327846646504,0.8175475295677254,0.3131833333333333,0.7881249315932359,0.18626232725398673,0.0,0.0,61.604991015735415,74.34635393631136,80.18163652024114,79.09384363948644,3.220665749282175,2.9851191699734976,2.9525320517206537,0.04977343956569191,24852836.98023714,23738494.491464388,0.0402376090347188,2.395052151908336,0.6845103006723434,0.6304602301784392,0.0,0.17892587496012088,0.19177539530264345,55.190249124313326,0.19234718316532923,,,,,0.40638953216943113,0.20395321477556178,0.28936845753283563,0.9852666666666664,0.07955,0.014283333333333335,0.9925833333333334,0.14966249999999998,0.6952000000000002,0.048640833333333335,0.14108424908424907,2925.991175644085,3379.33667354884,57.07031421706721,63.45346997898383,0.02238095238095238,0.3010534178372104,0.7103548611111111,4.026240946886832e-08,0.0,,,0.015705747559393184,0.011374149193319982,0.0005,0.31534942264318805,0.657701997870365,0.23314124965911112,0.432113742583367,0.6435911491230086,0.21856345062140367,0.2114774065396418,0.21838333333333332,0.3140765632158048,0.9408892967925067,0.00039157507009875207,0.09516485441216577,0.07910687567441829,0.8106865150303915,0.014650179812925712,,,,,,0.00039157507009875207,0.09516485441216577,0.07910687567441829,0.8106865150303915,0.014650179812925712,,,,,,,,,,,
reliability_first,admission_pressure,Intent-PPO-CMDP-FullPolicy-NoShield,Intent-PPO-CMDP,13,1025721121,372372750,535536204,09d0d30da2ff448dad2f,stochastic,150,300,150-step training / 300-step held-out evaluation,511991876,1,309.3859143999871,reliability_first,200,0.0,0.5160136878449334,0.44549037061442204,0.0,1.0,2.864743608540864,3.687469994912531,3.8569933848441904,572.9487217081728,2.864743608540864,-0.409071569059422,-0.5322287968441815,0.439071569059422,0.5622287968441814,0.587345548856755,0.27942060426409215,0.3077274003368894,0.31468944031633195,0.7978285950671229,0.8935921259807827,0.36304999999999993,0.49253914913739133,0.06838928180318668,0.0,0.0,43.64025275772472,58.968546854685464,64.76195970695964,63.90213963846263,2.0786808125696536,1.5849596539353792,1.5573281692529044,0.1487288029511798,23270098.576358154,21604372.088878434,0.042904636850666845,1.1676173769315377,0.6047535529001412,0.5246866460161672,0.00015649360147322654,0.11548226736498074,0.1443665143178263,6.230186217188382,2.2990742510922195,,,,,0.6877612484920756,2.835255488592866,3.4252862660428627,0.7468666666666667,0.08120000000000001,0.24546666666666667,0.9746666666666667,0.1709833333333333,0.0,0.0,0.19554578754578752,1889.8711238444926,2180.3475680370484,35.9201447679424,46.81093241411374,0.23571428571428568,0.31641917297659117,0.4319520833333334,4.3039194109451964e-08,0.0,,,0.016941106573532875,0.012305809664634303,0.00055,0.35545075858582575,0.7048560038260634,0.24498817288115757,0.48754343994291416,0.48754343994291416,0.0,0.0,0.0,0.35545075832198336,1.0648353083644053,0.00805834496964418,0.09194729068083354,0.08269601736610076,0.572310174102264,0.24498817288115757,,,,,,0.00805834496964418,0.09194729068083354,0.08269601736610076,0.572310174102264,0.24498817288115757,,,,,,,,,,,
reliability_first,admission_pressure,MaxWeight,MaxWeight,14,1103526060,1905340783,724543531,,stochastic,150,300,150-step training / 300-step held-out evaluation,1730176827,0,1.0499963536858559e-05,reliability_first,200,0.0,0.9293877711160623,0.8955618387381229,0.925,1.0,0.07061222888393771,0.10443816126187723,0.11323883735167747,14.122445776787544,0.07061222888393771,0.014913302235079308,-0.019761246737294635,0.0,0.0,0.0,0.14134825916049676,0.1797612467372946,0.18752648555319376,0.7625886679626429,0.8388151582898474,0.3338333333333333,0.43259462501923507,0.5674053749807649,0.0,0.0,71.80522852365472,85.59895610718395,90.19390588235292,88.66732904053838,2.0646324776278346,1.8666957555454624,1.850759474911576,0.06341912141886151,20140075.91947001,19026964.692649353,0.04965380307005742,2.2083738485256164,0.5202909000519549,0.4667867280193111,0.0053123693593190215,0.11470180431265746,0.1271692355565244,-2.706468118422712,5.671249030285972,,,,,0.15595815382034897,0.07349361852393588,0.24101971779560805,1.0,0.9279,0.0,0.9503833333333332,0.09345833333333335,0.0,0.0,0.1906959706959707,1628.6014790169224,2299.4183999567863,74.68082257313043,70.77992922687696,0.0,0.16111105767703748,0.8455527777777777,4.973597906305753e-08,0.0,,,,,,,,,,,,,,,,,,,,,,,,,,,,,,,,,,,,,,,,,
reliability_first,admission_pressure,PPO,PPO,14,1103526060,1905340783,1823775964,0a65909e93fb2c778ea0,stochastic,150,300,150-step training / 300-step held-out evaluation,1730176827,1,272.0849051999976,reliability_first,200,0.0,0.8223983781691447,0.7740659213620562,0.01,1.0,0.1776016218308552,0.22593407863794376,0.2367406233135525,35.52032436617104,0.1776016218308552,-0.08678324968362026,-0.11003773469805705,0.0007918215970710453,0.005988023952095809,0.00656090244599357,0.24678324968362028,0.27003773469805703,0.2756481637894971,0.7293911631007575,0.7993920196852745,0.31795,0.7123414827444229,0.28686669565850614,0.0,0.0,68.87958069113313,81.04292298828497,89.12284686125548,86.92481617236014,2.9853283715005454,2.7774876006013867,2.751498360657917,0.043306518102116075,26662926.182336893,25460138.820253383,0.03751428273277428,2.3141979522565843,0.6917020846959763,0.6380434701495656,0.0,0.16585157619447474,0.1785498658662813,43.948211866195734,0.24664260561982046,,,,,0.5179294737868416,0.19771735706831528,0.2996173725587796,0.9993666666666666,0.2804166666666667,0.00045,0.9944166666666666,0.14956,0.0,0.0,0.11890842490842489,2584.033563593498,3201.410191142802,65.12148490694277,70.56195435325031,0.00038095238095238096,0.2872726076518575,0.7524388888888888,3.7535830839822663e-08,0.0,,,0.034657273400758616,0.01608312711085409,0.0,0.440630274355959,0.0017816643708897992,0.00043902325422296134,0.0013461965450670848,0.0013461965450670848,0.0,0.0,0.0,0.44063027436132984,1.3200103336091855,0.00024686623273014645,0.07306052842320934,0.27840353438842497,0.6478500477014125,0.00043902325422296134,,,,,,0.00024686623273014645,0.07306052842320934,0.27840353438842497,0.6478500477014125,0.00043902325422296134,,,,,,,,,,,
reliability_first,admission_pressure,PPO-Lagrangian,PPO-Lagrangian,14,1103526060,1905340783,1823775964,337f5a10e02765106fee,stochastic,150,300,150-step training / 300-step held-out evaluation,1730176827,1,284.58887489995686,reliability_first,200,0.085,0.9683073557640668,0.9113126988662117,0.985,0.915,0.031692644235933175,0.08868730113378821,0.09995782704979492,6.338528847186635,0.03463676965675757,-0.007355969366236481,-0.04319737997163888,0.0004730655498431621,0.005681818181818182,0.00607584523386594,0.1670658929419169,0.2031973799716389,0.20895176026195122,0.7298810593836571,0.7958753209393203,0.31626666666666664,0.6402782722371696,0.3592486622129873,0.0,0.0,78.08408950401957,90.355604719764,94.88049328089151,92.9020902273318,2.701030259238765,2.520287983847732,2.4978919763910272,0.04689161319130874,34041623.49207569,32290464.01097621,0.02940034023934713,1.8602255764142592,0.7134212344561272,0.6492179069501625,0.0,0.1500572366243758,0.16166922549124754,65.04861558193343,0.13911221855158354,,,,,0.44377014765679834,0.11178382616914873,0.2774007698736685,0.9991,0.03295000000000001,0.0002666666666666666,0.9950333333333333,0.15218083333333332,0.0,0.0,0.18345787545787548,2398.9963306080776,2863.663913116828,76.03285767233861,79.7653389345946,0.00023809523809523812,0.17861111979301392,0.7902263888888887,2.9408574544417922e-08,0.0,,,0.015276255727556056,0.010426258229919267,0.0089,0.3454078727670462,0.0008905694644929175,0.00020383874444209734,0.0006868652437490931,0.0006868652437490931,0.0,0.0,0.0,0.34540787277105606,1.034749511999883,0.0004976760270143644,0.6996764015925916,0.03338723846746564,0.2662348451684862,0.00020383874444209734,,,,,,0.0004976760270143644,0.6996764015925916,0.03338723846746564,0.2662348451684862,0.00020383874444209734,,,,,,,,,,,
reliability_first,admission_pressure,PPO_CMDP,PPO_CMDP,14,1103526060,1905340783,1823775964,dadb88684cb84768bf3a,stochastic,150,300,150-step training / 300-step held-out evaluation,1730176827,1,264.74071779998485,reliability_first,200,0.0,0.7739301555805531,0.7228380806793409,0.0,1.0,0.22609865531520373,0.27716191932065903,0.29829748040076787,45.21973106304075,0.22609865531520373,-0.11255252560566534,-0.13782599697853934,0.00023434664817943184,0.0,0.00023434664817943184,0.27255252560566534,0.29782599697853934,0.3076680141582603,0.693612669217035,0.7720086927194381,0.30306666666666665,0.8042304652218377,0.19553518812998283,0.0,0.0,56.95039594191105,69.54357008760948,74.2804620145113,73.45850713961616,3.2943111735351107,3.069335906222682,3.0528736755391574,0.043552209653863604,28077359.9498853,26879701.251726422,0.035620681777043965,2.0048636852423467,0.706277977858808,0.6561015488061585,0.0,0.18301728741861725,0.19780907033938142,54.15822093533257,0.18285785210417724,,,,,0.27458950848958597,0.23654195866527666,0.3252211542955819,0.9944666666666666,0.025099999999999997,0.00013333333333333334,0.9952833333333334,0.15347333333333332,0.0,0.0,0.07964835164835166,2903.725046114081,3504.626780607973,50.234667072305285,59.909512120933194,9.523809523809524e-05,0.31238966350256475,0.6869173611111111,3.563812363815497e-08,0.0,,,0.03599944750003306,0.01111946119106233,0.0,0.3922197831013894,0.0006817708276356271,0.0001575977877651997,0.001072318907000286,0.001072318907000286,0.0,0.0,0.0,0.3922197830958734,1.174985462546654,0.005582575800277647,0.08721869415983587,0.023888850364970907,0.8831522818871504,0.0001575977877651997,,,,,,0.005582575800277647,0.08721869415983587,0.023888850364970907,0.8831522818871504,0.0001575977877651997,,,,,,,,,,,
reliability_first,admission_pressure,Intent-PPO-CMDP-NoRisk,Intent-PPO-CMDP-NoRisk,14,1103526060,1905340783,1823775964,72924e27f6df7ecb428f,stochastic,150,300,150-step training / 300-step held-out evaluation,1730176827,1,270.7660398000153,reliability_first,200,0.0,0.7685473369077043,0.7072624060521103,0.0,1.0,0.23153029054935093,0.29273759394788956,0.30556440327092227,46.306058109870186,0.23153029054935093,-0.11507908908569373,-0.1422522599497599,0.00039292255182236854,0.005651322547508987,0.006215241665876605,0.27507908908569373,0.3022522599497599,0.31212085144331847,0.6877436125199711,0.7855107333725516,0.30208333333333337,0.8007928639751958,0.19881421347298187,0.0,0.0,56.032034761281864,70.43908608632744,77.0806890510949,74.08903127753123,3.3276364011868313,3.0789151473288014,3.074357482226922,0.044282934617458546,27507083.14017102,26230668.308987748,0.03636018436804989,2.0338531464651983,0.6901479005719974,0.6333143951719279,0.0,0.18486868895482395,0.19819052959138417,53.46599333300324,0.1948305966295481,,,,,0.26023102537895815,0.24503168060448333,0.33568171334577485,0.9997166666666666,0.061766666666666664,0.00021666666666666668,0.9953666666666666,0.1533908333333333,0.0,0.0,0.07834432234432236,2907.072409878441,3554.093934968272,49.59020564894544,58.81026160213608,0.00019047619047619048,0.3148831345677146,0.6874409722222222,3.6377748424067994e-08,0.0,,,0.09963957552844857,0.025812188957033796,0.020616666666666665,0.43850378145972746,0.0009410703874848017,0.00023170421074771808,0.0008013020268740354,0.0008013020268740354,0.0,0.0,0.0,0.43850378145662355,1.313639930185073,0.0001060047109594068,0.047482205779592855,0.060722323396687844,0.8914577619020122,0.00023170421074771808,,,,,,0.0001060047109594068,0.047482205779592855,0.060722323396687844,0.8914577619020122,0.00023170421074771808,,,,,,,,,,,
reliability_first,admission_pressure,Intent-PPO-CMDP,Intent-PPO-CMDP,14,1103526060,1905340783,1823775964,fd2a9bdca11bd34bca64,stochastic,150,300,150-step training / 300-step held-out evaluation,1730176827,1,319.06714920001104,reliability_first,200,0.0,0.8943011633452681,0.8427621730019741,0.43,1.0,0.10569883665473177,0.15723782699802583,0.18303307655774573,21.139767330946356,0.10569883665473177,-0.047354647705576236,-0.07192718398214806,0.025624464071141453,0.029069767441860465,0.02944581307715941,0.20735464770557624,0.23192718398214807,0.24659235244602465,0.7671254232286532,0.8453245183455638,0.33053333333333335,0.6697823364498855,0.304593199478973,0.0,0.0,78.90724482422513,93.08374953548866,96.29691992229655,95.02936987651927,2.907376871739848,2.6892447063482408,2.6745909707168063,0.046748086640957816,31066135.695349436,29846347.26500762,0.03219240061625108,2.215607513165653,0.6728785136814972,0.6144413564817144,0.0,0.16152093731888045,0.1743822916676268,61.7346315869427,0.1491180521791841,,,,,0.633213162029775,0.14518849456357608,0.3143946864661403,0.9847499999999999,0.10445,0.014683333333333333,0.9940333333333333,0.14561833333333332,0.7001666666666665,0.04945333333333332,0.14424908424908423,2639.399961070782,3051.6721313308844,78.77916973589447,78.46582765016136,0.02133333333333333,0.23259340745718324,0.7981222222222223,3.2209796141598766e-08,0.0,,,0.021023792466013137,0.015098002349143576,0.013233333333333333,0.46310300731061105,0.656505913159623,0.21386371023892814,0.4544220076175469,0.6431156610816063,0.19929772659325815,0.18869365346405936,0.1986,0.4728961258148388,1.416670186142161,0.0007316626763374334,0.4575939669281096,0.1030046738386506,0.4237418117891453,0.014927884767757176,,,,,,0.0007316626763374334,0.4575939669281096,0.1030046738386506,0.4237418117891453,0.014927884767757176,,,,,,,,,,,
reliability_first,admission_pressure,Intent-PPO-CMDP-FullPolicy-NoShield,Intent-PPO-CMDP,14,1103526060,1905340783,1823775964,fd2a9bdca11bd34bca64,stochastic,150,300,150-step training / 300-step held-out evaluation,1730176827,1,319.06714920001104,reliability_first,200,0.0,0.5963044395931543,0.5133442807016113,0.0,1.0,2.9407212187670346,3.462090520111002,3.6392854188620953,588.144243753407,2.9407212187670346,-0.43397254713889166,-0.513177347715736,0.4639725471388917,0.543177347715736,0.565015797387717,0.22474734742395916,0.26718101474166306,0.27344435468886946,0.8467353711293027,0.9093341958874307,0.38061666666666666,0.43347856028235315,0.10254889257875523,0.0,0.0,53.60482163030036,68.69329411764704,74.43207594936709,72.33692338769956,1.952352048180806,1.6969012870233284,1.6693230931843055,0.07904738249824012,28741801.529387046,26126034.414743975,0.034807630658221234,1.0928428227430587,0.5895676796957008,0.5084473716165013,0.0011727200194261284,0.10846400267671143,0.12193677648272322,11.370635041749388,0.8463671471217081,,,,,0.8094751317491001,2.3476896533943377,3.1083012749343912,0.7314333333333333,0.09179999999999999,0.2663166666666667,0.9797333333333333,0.13891666666666666,0.0,0.0,0.1852673992673993,1747.0494423338398,2062.8996051753265,48.31368338114039,55.52857058456284,0.2672857142857143,0.2603082935797661,0.5501715277777778,3.4865560594230863e-08,0.0,,,0.02313558290430775,0.017371656131508262,0.013133333333333335,0.48065582862528955,0.6368050568734585,0.26735117981856665,0.38641617689639984,0.38641617689639984,0.0,0.0,0.0,0.4806558285822312,1.4399161781556251,0.0022048378828330314,0.3295453501578425,0.0900318995572697,0.3108667325834882,0.26735117981856665,,,,,,0.0022048378828330314,0.3295453501578425,0.0900318995572697,0.3108667325834882,0.26735117981856665,,,,,,,,,,,
reliability_first,admission_pressure,MaxWeight,MaxWeight,15,1481178426,1997781942,309207947,,stochastic,150,300,150-step training / 300-step held-out evaluation,734062304,0,2.3999949917197227e-05,reliability_first,200,0.025,0.937556989822528,0.8393188619930129,0.84,0.975,0.06244301017747203,0.16068113800698716,0.19216570279554718,12.488602035494406,0.06404411300253542,-0.01011804728134542,-0.07889692164179103,0.0,0.0,0.0,0.16978455597062594,0.23889692164179102,0.2564168105303893,0.7077852103850683,0.8206034425407122,0.30773333333333336,0.5425180570600475,0.4574819429399524,0.0,0.0,56.3698786267122,70.28211331679074,75.86549646863315,73.39983693356974,2.434520886234006,2.163585774480616,2.157666722314791,0.09828115732838223,19802916.62773481,18458680.332135573,0.05043270164777865,2.0763190706076546,0.5604707512180302,0.49866555314149885,0.0007213467168935451,0.1352511603463337,0.1673391584611008,18.749400166916324,1.5258449892683836,,,,,0.239950076866282,0.07816757482491259,0.23171916904905784,0.99965,0.8410333333333333,0.0,0.9619833333333334,0.10101833333333333,0.0,0.0,0.2711794871794872,1980.1475754623634,2679.183438187969,56.297367311650234,56.895120396625416,0.0,0.19765821726383592,0.7812569444444444,5.072139043814188e-08,0.0,,,,,,,,,,,,,,,,,,,,,,,,,,,,,,,,,,,,,,,,,
reliability_first,admission_pressure,PPO,PPO,15,1481178426,1997781942,1596015111,461e22a59e6f436fac36,stochastic,150,300,150-step training / 300-step held-out evaluation,734062304,1,258.87767640000675,reliability_first,200,0.31,0.9811656424790715,0.9298751750479773,0.99,0.69,0.018834357520928404,0.07012482495202262,0.09027892060730167,3.766871504185681,0.02729617032018609,-0.0017561667441822893,-0.03264627482340396,0.00046588814070803466,0.005715927750410509,0.006036668061498778,0.1613744363297954,0.19264627482340396,0.20249041017302485,0.7117386918201674,0.7881190640760539,0.30625,0.7352643376434006,0.2642697742158915,0.0,0.0,71.6189225889015,87.74276620370371,91.96221714285713,90.2679701020196,3.0550219305391635,2.7752638515299246,2.74794791163729,0.0521397211859839,33073687.16854377,31783326.44843582,0.030245119885795722,1.9852658889330723,0.6975583301837557,0.6426190924360757,0.0,0.16972344058550906,0.18245044499378404,85.96195352726222,0.11237741206034615,,,,,0.4619635842345986,0.05318906392347486,0.2631195071296662,0.9994166666666666,0.04411666666666667,0.0002666666666666666,0.9876500000000001,0.13754333333333335,0.0,0.0,0.12547252747252746,2848.692487217522,3166.122400020049,68.69699384511078,72.06770174096415,0.00014285714285714287,0.1837703131465987,0.7724680555555556,3.0250764812275786e-08,0.0,,,0.022415500256553672,0.021832296897936906,0.0,0.27129358605606935,0.0010785322884951072,0.00021320727535526052,0.0008657046564365109,0.0008657046564365109,0.0,0.0,0.0,0.27129358606651494,0.8127229513876562,0.00019584508879853975,0.6930161546686497,0.04536525028472495,0.2612095426824716,0.00021320727535526052,,,,,,0.00019584508879853975,0.6930161546686497,0.04536525028472495,0.2612095426824716,0.00021320727535526052,,,,,,,,,,,
reliability_first,admission_pressure,PPO-Lagrangian,PPO-Lagrangian,15,1481178426,1997781942,1596015111,c54dc7a9b9a68be549b7,stochastic,150,300,150-step training / 300-step held-out evaluation,734062304,1,254.7300168000511,reliability_first,200,0.115,0.9890602371787469,0.9702095947201446,1.0,0.885,0.010939762821252991,0.02979040527985546,0.050222536049559376,2.1879525642505984,0.012361313922319764,0.027893672666440758,0.017727958397840516,0.000323212688743285,0.005302698120377674,0.005935153245765169,0.09016970442250816,0.1422720416021594,0.16113045727547265,0.7267851372519039,0.7894614301868831,0.30883333333333335,0.6064856239326478,0.393191163378609,0.0,0.0,83.92444518267044,96.6780526061776,100.09171703296704,98.26600214472411,2.438647848773144,2.122256219245322,2.1158090553243123,0.07855881996324199,37184628.235783145,34534375.748001926,0.026877911895308092,1.6502675135568683,0.7713112067590271,0.6893554853621906,0.0,0.1354804360429524,0.15303714495529805,66.02630028653205,0.20827556377884437,,,,,0.13654113075139576,0.053025043606037096,0.25453862135737654,0.9995166666666665,0.012616666666666667,0.00018333333333333334,0.9719833333333332,0.12709166666666666,0.0,0.0,0.05532600732600732,2121.5016659254034,2609.4188703065433,79.9016769066274,84.86594947606926,0.00014285714285714287,0.11051029497591737,0.7798854166666667,2.692807242916862e-08,0.0,,,0.009528920594985496,0.008177368706005621,0.0,0.10082067441915701,0.0005504088297989447,0.00019342541026393532,0.0003570523923574286,0.0003570523923574286,0.0,0.0,0.0,0.10082067442234223,0.30203174820849,0.00028254872896446673,0.9532382312394887,0.012045622930538393,0.03424017169074465,0.00019342541026393532,,,,,,0.00028254872896446673,0.9532382312394887,0.012045622930538393,0.03424017169074465,0.00019342541026393532,,,,,,,,,,,
reliability_first,admission_pressure,PPO_CMDP,PPO_CMDP,15,1481178426,1997781942,1596015111,fc83225982e20e56ecdd,stochastic,150,300,150-step training / 300-step held-out evaluation,734062304,1,273.55554740002844,reliability_first,200,0.34,0.9923698974452231,0.9677492431847314,1.0,0.6599999999999999,0.00763010255477701,0.0322507568152684,0.05134408220179173,1.526020510955402,0.011560761446631833,0.019686017390944884,-0.012364991724103859,0.0004079684317849143,0.005497557997557997,0.006594035247963907,0.13163409948919824,0.17236499172410386,0.17954368496906417,0.7330090099904893,0.8082755867386224,0.3092166666666667,0.6826943943842403,0.31689763718397496,0.0,0.0,83.68918743635591,97.79353866317169,104.4443636363636,101.43114008802624,2.8186258065925824,2.5247236017423775,2.4830234188260207,0.0670677642335002,35333980.15170466,33768138.285456024,0.028307783641845462,2.0032442157009154,0.7143509297608331,0.6490163711729653,0.0,0.1565903225884768,0.17285495990525285,77.2266947732623,0.1501736674809472,,,,,0.2940209986111727,0.04784991517215369,0.2637864156140299,0.9995499999999999,0.011133333333333334,0.0002333333333333333,0.9706,0.13119499999999998,0.0,0.0,0.0907985347985348,2515.5543033558706,2981.818154489274,82.55249886001788,82.35358167887611,0.00019047619047619048,0.1548475492256976,0.7932986111111111,2.8321044174931888e-08,0.0,,,0.013773814727607853,0.010554026558754103,0.0,0.21734736808305338,0.0007801305236687283,0.0002345868891950418,0.0005456540963739904,0.0005456540963739904,0.0,0.0,0.0,0.21734736809097754,0.6511145251621602,0.0001163589429126084,0.844628235532681,0.01073567227201632,0.14428514636319512,0.0002345868891950418,,,,,,0.0001163589429126084,0.844628235532681,0.01073567227201632,0.14428514636319512,0.0002345868891950418,,,,,,,,,,,
reliability_first,admission_pressure,Intent-PPO-CMDP-NoRisk,Intent-PPO-CMDP-NoRisk,15,1481178426,1997781942,1596015111,8c806f3e428ad93e5ba2,stochastic,150,300,150-step training / 300-step held-out evaluation,734062304,1,275.68097020004643,reliability_first,200,0.05,0.9808797351813446,0.9494437821827023,0.995,0.95,0.019120264818655395,0.05055621781729775,0.07072112519206869,3.824052963731079,0.020126594545953048,0.025487431375885716,-0.0035182752030578097,0.00018526673389559738,0.0,0.00018526673389559738,0.10682930054102192,0.16351827520305778,0.1760164377220343,0.7344476638193911,0.8136855472585376,0.31056666666666666,0.576861890782789,0.4229528424833153,0.0,0.0,84.12869516038596,97.19802083333333,101.14711484593836,99.83588580756768,2.322577687887715,2.0748463795155425,2.0438564797591714,0.07067636597449163,36622920.48626559,33803349.00922794,0.0272976038523556,1.6001481151901693,0.7574675244786345,0.6594754511713474,0.0,0.12903209377153974,0.14269319107611725,56.04268578705706,0.24245683647717353,,,,,0.09366945644815651,0.05681780227248521,0.26478519582621657,0.9998166666666667,0.004883333333333333,0.0001,0.9663166666666666,0.12243416666666666,0.0,0.0,0.04041025641025642,2001.148141614064,2495.6551358812208,80.09932857809396,85.31513356019695,9.523809523809524e-05,0.1270893228035176,0.7850680555555556,2.7359495224470794e-08,0.0,,,0.006180938583518484,0.005287571483541023,0.0,0.06928556085831829,0.00020582384779994513,7.069095877322718e-05,0.00013513890300827916,0.00013513890300827916,0.0,0.0,0.0,0.0692855608616199,0.20756099076444395,8.861820709561214e-05,0.9691314368698428,0.004702828829959942,0.026006425134328427,7.069095877322718e-05,,,,,,8.861820709561214e-05,0.9691314368698428,0.004702828829959942,0.026006425134328427,7.069095877322718e-05,,,,,,,,,,,
reliability_first,admission_pressure,Intent-PPO-CMDP,Intent-PPO-CMDP,15,1481178426,1997781942,1596015111,618554fca77aa7604c32,stochastic,150,300,150-step training / 300-step held-out evaluation,734062304,1,332.33217309997417,reliability_first,200,0.2,0.991308674750758,0.9736305403841258,1.0,0.8,0.008691325249241832,0.02636945961587414,0.03307395797180487,1.7382650498483665,0.010864156561552289,0.021887371702386568,0.01045723706345468,0.007961577376783501,0.019126892216064183,0.022555646172785278,0.09457065775443013,0.13155357142857138,0.14014719990827532,0.7362313638924107,0.8185728353131951,0.31318333333333337,0.6205615759883814,0.37147684663483516,0.0,0.0,83.95993895655825,98.9965606060606,102.53471767594107,101.59470879144885,2.532593463239191,2.2196145010696653,2.210168658052482,0.07088540726814073,36963456.15227244,35177146.77036707,0.027050569711125256,1.725580668144437,0.7591310305354122,0.6785918348398008,0.0,0.1406996368466217,0.1578350243627245,71.45597129645229,0.16752750673590056,,,,,0.1980004679778481,0.05290116036782168,0.26458578112866094,0.9953,0.01651666666666667,0.004516666666666667,0.9736333333333334,0.1305475,0.7481166666666667,0.06204833333333333,0.07482051282051282,2198.526835444064,2712.475493590414,79.9150426896505,84.81146662315467,0.0064761904761904765,0.11302461279945365,0.7772361111111111,2.7077272101430874e-08,0.0,,,0.024461468785293258,0.02200248237960959,0.0,0.17475767141279286,0.07124412311420042,0.025878119201804294,0.04583836692488522,0.0665468569170252,0.02111577945424667,0.020708489992139974,0.021399999999999995,0.14647406531908827,0.4387970847150481,0.00010418610099937567,0.925652516474845,0.01652076940944171,0.05292424656315871,0.004798281451555179,,,,,,0.00010418610099937567,0.925652516474845,0.01652076940944171,0.05292424656315871,0.004798281451555179,,,,,,,,,,,
reliability_first,admission_pressure,Intent-PPO-CMDP-FullPolicy-NoShield,Intent-PPO-CMDP,15,1481178426,1997781942,1596015111,618554fca77aa7604c32,stochastic,150,300,150-step training / 300-step held-out evaluation,734062304,1,332.33217309997417,reliability_first,200,0.015,0.8861065771949643,0.7911172062849758,0.42,0.985,0.13303515163272525,0.3314223623833979,0.3912982575916062,26.60703032654505,0.1350610676474368,-0.018002800541015725,-0.049854921480109574,0.04782744476534246,0.07985492148010954,0.08937733348400403,0.09959604465549293,0.1492063492063492,0.1595519095177125,0.7399832964188104,0.8165265779706606,0.3149166666666667,0.5938618157762514,0.35831073945840614,0.0,0.0,81.44272293388094,95.2635,98.59096784168212,97.71261518850945,2.424954609811057,2.1016863081438415,2.0935644541184195,0.0757514448405007,36680921.98863781,34697562.63953961,0.02725602972678495,1.614878112033227,0.7592494353333794,0.6771152361998007,0.0,0.13471970054505872,0.15127908441643795,63.39556578368652,0.1953335662246902,,,,,0.25045632436274234,0.12641617581758527,0.3106793750896594,0.9729166666666668,0.01595,0.02693333333333333,0.9732666666666667,0.130595,0.0,0.0,0.081010989010989,2093.9697646240547,2603.177218757905,76.43125777767223,82.76941762375475,0.028666666666666667,0.12029933612634214,0.7638902777777778,2.728938283200776e-08,0.0,,,0.024256472873884608,0.02180552791501146,0.0,0.17342579259221735,0.07056059469419948,0.025659868010302195,0.04536976419518474,0.04536976419518474,0.0,0.0,0.0,0.17342579259818258,0.5195372439530563,0.00010181756313564841,0.9071089201161601,0.015989786617438023,0.05113960769296397,0.025659868010302195,,,,,,0.00010181756313564841,0.9071089201161601,0.015989786617438023,0.05113960769296397,0.025659868010302195,,,,,,,,,,,
latency_critical,admission_pressure,MaxWeight,MaxWeight,11,471540437,1073362871,6853812,,stochastic,150,300,150-step training / 300-step held-out evaluation,632148561,0,1.0999967344105244e-05,latency_critical,200,0.0,0.7153839877762874,0.6795283863008967,0.0,1.0,0.2846160122237126,0.3204716136991033,0.32260475796172594,56.923202444742515,0.2846160122237126,0.1,0.1,0.0,0.0,0.0,0.1316957805346787,0.1606060606060606,0.17638079535707635,0.7824026503979278,0.8410734919719388,0.3354833333333333,0.4027868627440397,0.5972131372559604,0.0,0.0,80.33641042987425,95.68014705882352,101.1621917808219,98.0170377532883,1.8457308357108824,1.6895475285615038,1.6754932033168246,0.054563332544773475,18682372.67134087,17380422.03476802,0.053560991418261775,2.3825973399577536,0.5044180709499793,0.4544385516182426,0.009203962824604615,0.1025406019839379,0.11133865164972596,-12.197242933618286,0.9417608079730496,,,,,0.126445839135528,0.2081189151928183,0.29879701611057813,1.0,0.94735,0.0,0.9446333333333332,0.08877166666666668,0.0,0.0,0.15276923076923074,1504.6779288494622,2029.3747086362616,85.74256043958925,78.19396026316036,0.0,0.15124216503022653,0.8638076388888889,5.362195790302864e-08,0.0,,,,,,,,,,,,,,,,,,,,,,,,,,,,,,,,,,,,,,,,,
latency_critical,admission_pressure,PPO,PPO,11,471540437,1073362871,1897045420,b9c1e1a3273f0ff06c77,stochastic,150,300,150-step training / 300-step held-out evaluation,632148561,1,259.96485530002974,latency_critical,200,0.0,0.8418569279298646,0.8003478985980874,0.01,1.0,0.15814307207013548,0.1996521014019126,0.21220580865168875,31.628614414027094,0.15814307207013548,0.09994502839192944,0.1,5.4971608070556966e-05,0.0,5.4971608070556966e-05,0.13759673456879917,0.17133613264427217,0.1765052266153002,0.7545649840820994,0.8250050955787398,0.32478333333333337,0.6134240408559328,0.3865209875359966,0.0,0.0,93.17339052269817,105.78920304232804,114.45585313751667,111.01760799805152,2.546469410549741,2.2883777776187597,2.2785059246112653,0.05845873733832394,34514057.58726247,33163944.282103106,0.028983545566661332,2.0630185335389655,0.722687130881782,0.6293621214144345,0.0,0.14147052280831893,0.15485442492051163,55.47724104469773,0.16569515093795775,,,,,0.3296990097618896,0.18362169284386176,0.2879595848488705,0.9999333333333333,0.0032333333333333337,3.3333333333333335e-05,0.98615,0.14299416666666664,0.0,0.0,0.10227838827838827,2329.7146871024784,2663.18349240596,92.01954301233896,92.07714180114075,0.0,0.15929944994254658,0.8279576388888887,2.8990892396023005e-08,0.0,,,0.009545768023283895,0.008776645086278576,0.0,0.1784828603051919,6.378045810500794e-05,2.2395926426535023e-05,4.1385142256180195e-05,4.1385142256180195e-05,0.0,0.0,0.0,0.17848286031131053,0.5346868649108216,2.9372366798074806e-05,0.7875055419639133,0.0035637971340007307,0.20887889260886142,2.2395926426535023e-05,,,,,,,,,,,2.9372366798074806e-05,0.7875055419639133,0.0035637971340007307,0.20887889260886142,2.2395926426535023e-05,,,,,,
latency_critical,admission_pressure,PPO-Lagrangian,PPO-Lagrangian,11,471540437,1073362871,1897045420,97597eec01eed730a745,stochastic,150,300,150-step training / 300-step held-out evaluation,632148561,1,273.0232358999783,latency_critical,200,0.0,0.774681917998414,0.7252329340758662,0.0,1.0,0.22531808200158615,0.27476706592413375,0.283318526353454,45.06361640031723,0.22531808200158615,0.1,0.1,0.0,0.0,0.0,0.0876789324023253,0.13815789473684212,0.15244920939271941,0.7533792304085051,0.8292948064354311,0.3227666666666667,0.5005766969970441,0.4994233030029559,0.0,0.0,94.12659050366099,110.47098002496878,118.08222261609356,114.75110866705703,2.0282443212948067,1.8406997872329809,1.8151974257836099,0.05900814197357266,35695429.76165929,33476897.243505526,0.028012472781182875,1.6043728304865332,0.7447627357767139,0.6456643415820036,0.0,0.11268024007193372,0.12343010994460787,34.39900993657695,0.3288483513830177,,,,,0.08663831584574201,0.20952709723480972,0.29217979422981905,1.0,0.017883333333333334,0.0,0.9873666666666666,0.13663833333333333,0.0,0.0,0.03917948717948718,1807.5175259453629,2147.097211098355,94.28804474985907,93.85273198560668,0.0,0.09627275257276115,0.8366868055555555,2.805124843310458e-08,0.0,,,0.0029845218626284907,0.0026468158967076993,0.0,0.05329769215863484,2.485900502281161e-05,1.1631200806024814e-05,1.3228042154741648e-05,1.3228042154741648e-05,0.0,0.0,0.0,0.05329769215868563,0.15966561650572003,7.268878770181917e-06,0.9723998744383979,0.017865852548445728,0.009715372933580107,1.1631200806024814e-05,,,,,,,,,,,7.268878770181917e-06,0.9723998744383979,0.017865852548445728,0.009715372933580107,1.1631200806024814e-05,,,,,,
latency_critical,admission_pressure,PPO_CMDP,PPO_CMDP,11,471540437,1073362871,1897045420,3e02143445d692cb208a,stochastic,150,300,150-step training / 300-step held-out evaluation,632148561,1,273.6423236000119,latency_critical,200,0.0,0.8841102012325053,0.8511754418346293,0.265,1.0,0.11588979876749494,0.1488245581653706,0.15903258700188055,23.17795975349899,0.11588979876749494,0.09961187536789545,0.09450244200244201,0.0003881246321045539,0.005497557997557997,0.006151429116745057,0.20012567907056728,0.22571924603174603,0.23340184924878252,0.7534497992267872,0.8245494237006511,0.3220166666666667,0.6906537152860664,0.30895816008182897,0.0,0.0,83.53770095534338,97.64581268404798,99.52548933843629,99.27344172934912,2.8534401397186273,2.6119545216193694,2.5792347218639176,0.051743137797684115,31520854.512542576,30291061.00988427,0.031733075155850714,2.2692623103799794,0.6906960775102651,0.6394211332202993,0.0,0.1585244522065904,0.17265483096296935,56.80569114068048,0.17681204977708734,,,,,0.4486130394570479,0.1485867788317629,0.2526408913006417,0.9993666666666666,0.006716666666666666,0.00021666666666666668,0.9937999999999999,0.14922333333333332,0.0,0.0,0.15219047619047618,2621.554399549061,2978.3016921176254,83.7497266529308,82.19095440235377,0.00028571428571428574,0.23220405678245953,0.8155131944444443,3.174303055593484e-08,0.0,,,0.024446978338925708,0.02279757979231901,0.02956666666666667,0.2583476005328913,0.0005268495784316325,0.00016771355753590844,0.00035917971643904074,0.00035917971643904074,0.0,0.0,0.0,0.258347600541867,0.7739402447385055,0.0004940011992403011,0.5469032309006271,0.005894253086485854,0.44654080125611095,0.00016771355753590844,,,,,,,,,,,0.0004940011992403011,0.5469032309006271,0.005894253086485854,0.44654080125611095,0.00016771355753590844,,,,,,
latency_critical,admission_pressure,Intent-PPO-CMDP-NoRisk,Intent-PPO-CMDP-NoRisk,11,471540437,1073362871,1897045420,7d2ee40999bb1a6afe16,stochastic,150,300,150-step training / 300-step held-out evaluation,632148561,1,275.69379829999525,latency_critical,200,0.0,0.7783762495491321,0.7311455120367186,0.0,1.0,0.22162375045086782,0.26885448796328143,0.28379310774180744,44.324750090173566,0.22162375045086782,0.09991635455680399,0.1,8.3645443196005e-05,0.0,8.3645443196005e-05,0.0833328628821425,0.1423062421449517,0.16904691950855366,0.7572517255726696,0.8252119206216548,0.3211,0.5124978049539364,0.48741854960286757,0.0,0.0,94.24655281386713,111.91948578342408,115.94670454545452,115.28345819689866,2.063230910748349,1.8341465601297722,1.7863762050294079,0.07421214733491613,35908668.34876579,33599244.25839238,0.027831494723102215,1.6235702916731647,0.7535203524962868,0.6527399639000827,0.0,0.11462393948601939,0.12773738648023739,36.765126666847806,0.35128962246766865,,,,,0.11602633765766976,0.21185559448413965,0.29095381349774746,0.99995,0.023516666666666665,5e-05,0.9874333333333333,0.13949416666666667,0.0,0.0,0.048673992673992666,1850.5395859117457,2177.7570087372906,94.40708902319192,93.91181484168249,0.0,0.08586709723936993,0.8316326388888888,2.7889485082224233e-08,0.0,,,0.005409517291264161,0.0028730739303577733,0.0,0.10391330934307375,0.00016374297352742396,6.614454649758449e-05,9.760666948068462e-05,9.760666948068462e-05,0.0,0.0,0.0,0.10391330934664564,0.31129645446154586,6.57080188937394e-05,0.9609202171097461,0.02381344120154852,0.015134489123314105,6.614454649758449e-05,,,,,,,,,,,6.57080188937394e-05,0.9609202171097461,0.02381344120154852,0.015134489123314105,6.614454649758449e-05,,,,,,
latency_critical,admission_pressure,Intent-PPO-CMDP,Intent-PPO-CMDP,11,471540437,1073362871,1897045420,b12c9f3440d9c22ff923,stochastic,150,300,150-step training / 300-step held-out evaluation,632148561,1,319.3185737999738,latency_critical,200,0.0,0.7682214928359056,0.7203505623268223,0.0,1.0,0.2317785071640945,0.2796494376731778,0.28666143738977123,46.355701432818904,0.2317785071640945,0.05401091929738021,0.017964480874316954,0.04598908070261979,0.08203551912568303,0.08893620659251736,0.09435401796975718,0.13068842494714586,0.13927830766920418,0.7947493387119969,0.8760074894574534,0.3393833333333333,0.5260252439820036,0.42798567531537657,0.0,0.0,91.10005155942716,104.5449316005472,108.7541304347826,108.04477593229228,2.1691431493833533,1.9798264418457965,1.9734653701612288,0.05274248430872057,35287456.6205993,33852229.682645135,0.02835217198285471,1.6807937546692089,0.7453047267284919,0.6697312266143899,0.0,0.12050795274351962,0.13221632994330443,51.706580443481606,0.15576151871964924,,,,,0.3236685910570506,0.21520879431167836,0.27491957878356843,0.9733499999999999,0.037283333333333335,0.026600000000000002,0.9929000000000001,0.14903499999999997,0.6436000000000002,0.04473916666666667,0.1033113553113553,1898.711397045353,2314.760246796124,89.27042504390528,91.66504597084167,0.03619047619047619,0.10836757318389324,0.7775020833333334,2.83569422874223e-08,0.0,,,0.00733739928309549,0.005972464825244926,0.00055,0.2505930225710545,0.3917761466842059,0.11877541979935038,0.2776081472663623,0.36623520386778907,0.09259939566957069,0.08862705660142688,0.09044999999999997,0.21179101096990435,0.6344691668111697,8.27359233808674e-05,0.8669152897342248,0.03657905728568037,0.06999734876190482,0.026425568294809222,,,,,,,,,,,8.27359233808674e-05,0.8669152897342248,0.03657905728568037,0.06999734876190482,0.026425568294809222,,,,,,
latency_critical,admission_pressure,Intent-PPO-CMDP-FullPolicy-NoShield,Intent-PPO-CMDP,11,471540437,1073362871,1897045420,b12c9f3440d9c22ff923,stochastic,150,300,150-step training / 300-step held-out evaluation,632148561,1,319.3185737999738,latency_critical,200,0.0,0.6753905345018144,0.6164751920868273,0.0,1.0,0.3317672292899582,0.41358157362773634,0.4295472437631142,66.35344585799164,0.3317672292899582,-0.0840736798475085,-0.1515029727305942,0.18407367984750853,0.2515029727305942,0.2694329603826604,0.10983530372090326,0.14405128205128198,0.15703163419286512,0.7836755403848005,0.8637008135568106,0.3436166666666666,0.4567428057375305,0.359183514414961,0.0,0.0,79.7139075683221,97.7002993499829,102.69953815918765,102.82723708499387,1.8669460049189908,1.6396822897891317,1.6248061890276868,0.07683739994130055,34398227.86452395,32524976.504263703,0.029073124013849885,1.2980123120313638,0.7505453510916591,0.6300815235536077,0.0,0.10371922249549949,0.11729108543866705,31.773831952445317,0.3264617761262592,,,,,0.43950559830868935,0.3557987368302571,0.44946801651025536,0.8957999999999998,0.036033333333333334,0.10415,0.9903166666666666,0.15003083333333334,0.0,0.0,0.15277655677655677,1669.5332379257245,1973.2451871461358,71.17329612237337,83.30609415397244,0.07838095238095238,0.13108244935703983,0.7002659722222222,2.910399878888648e-08,0.0,,,0.007792343917245138,0.006223655427948287,0.0007666666666666666,0.2555305622901879,0.38988094029911075,0.10435701550284446,0.2903100111564105,0.2903100111564105,0.0,0.0,0.0,0.25553056228716514,0.7655011523230588,8.396886411106876e-05,0.7962765652721134,0.03409887351135176,0.06518357684957939,0.10435701550284446,,,,,,,,,,,8.396886411106876e-05,0.7962765652721134,0.03409887351135176,0.06518357684957939,0.10435701550284446,,,,,,
latency_critical,admission_pressure,MaxWeight,MaxWeight,12,1729653623,2128646545,1078995830,,stochastic,150,300,150-step training / 300-step held-out evaluation,1789253029,0,1.7600017599761486e-05,latency_critical,200,0.0,0.7244047654401505,0.6851793420818778,0.0,1.0,0.2755952345598496,0.3148206579181222,0.32090801254479046,55.11904691196992,0.2755952345598496,0.1,0.1,0.0,0.0,0.0,0.12988241805342235,0.16872581234027015,0.17870561622308395,0.7773792014367615,0.8362763143568502,0.33191666666666664,0.39915461384102413,0.6008453861589759,0.0,0.0,77.96999708538624,91.04859154929576,95.77997837058399,94.29335146996331,1.9557075189724105,1.773129741277974,1.76302175600612,0.06191370352792414,15093464.347340677,14080629.206702214,0.06626259639985436,3.0312456117026905,0.5075959826428119,0.45732484033327564,0.008310505974343149,0.1086504177206895,0.12048957495013266,-6.796273943568557,1.805191214904704,,,,,0.12583138918483874,0.19347328903948544,0.2874640600805077,1.0,0.9481999999999999,0.0,0.9469166666666667,0.09002333333333334,0.0,0.0,0.1491282051282051,1553.8559100411724,2172.0891545507698,83.73885093640898,75.7673857272691,0.0,0.16146499933468783,0.8627006944444444,6.637556908418852e-08,0.0,,,,,,,,,,,,,,,,,,,,,,,,,,,,,,,,,,,,,,,,,
latency_critical,admission_pressure,PPO,PPO,12,1729653623,2128646545,1621075116,2fb07c1ee95b181950c4,stochastic,150,300,150-step training / 300-step held-out evaluation,1789253029,1,284.739809300052,latency_critical,200,0.0,0.8251069014866088,0.7808229589280865,0.015,1.0,0.17489309851339108,0.21917704107191355,0.2250360007045269,34.978619702678216,0.17489309851339108,0.09981508699075667,0.1,0.0001849130092433454,0.0,0.0001849130092433454,0.11393520227694288,0.15120970983039947,0.15760586871059254,0.7436198208459419,0.8109132108105117,0.3146666666666667,0.5633440234982338,0.43647106349252296,0.0,0.0,89.30758220744788,104.03719013544593,111.69767883995702,109.26319132357352,2.4297365160946147,2.2090625899719747,2.2001391016274354,0.058170921712838816,29793526.88050335,28349646.281998985,0.033594339741134994,2.186929975544801,0.7690574442556276,0.6796191864626183,0.0,0.13498536200525638,0.14866854390733517,56.27011767203943,0.18093794483065018,,,,,0.3086699642426002,0.16805278409787458,0.2343331832977735,0.9993500000000001,0.017849999999999998,0.0001,0.9928833333333332,0.14949833333333332,0.0,0.0,0.11526007326007326,2159.710492714927,2575.1351440682915,89.05273821673299,88.74978877152036,0.00014285714285714287,0.11994868921651833,0.8147659722222222,3.359398088524386e-08,0.0,,,0.025239171440502882,0.023824402586762834,0.0,0.18408614787982988,0.0004962362143066727,0.00014195070353955738,0.00035431589931097824,0.00035431589931097824,0.0,0.0,0.0,0.18408614790050357,0.5514728143797718,0.0005739023425140982,0.8397591454170257,0.017644807101509404,0.1418801944354112,0.00014195070353955738,,,,,,,,,,,0.0005739023425140982,0.8397591454170257,0.017644807101509404,0.1418801944354112,0.00014195070353955738,,,,,,
latency_critical,admission_pressure,PPO-Lagrangian,PPO-Lagrangian,12,1729653623,2128646545,1621075116,5ff4062933b4dfa3978e,stochastic,150,300,150-step training / 300-step held-out evaluation,1789253029,1,266.70855040004244,latency_critical,200,0.0,0.7756306450745234,0.7420080412212193,0.0,1.0,0.2243693549254766,0.2579919587787808,0.2725395517954244,44.87387098509532,0.2243693549254766,0.09930256840564568,0.09421797284581261,0.0006974315943543273,0.00578202715418739,0.006699210285980859,0.07918997379563945,0.1291390728476821,0.14348360552867842,0.7586202355471551,0.8240997025846492,0.31966666666666665,0.49185259170194057,0.5074499767037051,0.0,0.0,101.04660442623343,116.57000247402276,119.69108333333331,119.97871403901664,2.132239774434425,1.9285043731984997,1.8956476120049266,0.06722675908122332,29745757.301847793,28066058.339689355,0.03362741909059986,2.1735646163086484,0.7549735612722078,0.6620175665416633,0.0,0.1184577652463569,0.130884984167794,38.83897341661573,0.27616077003581374,,,,,0.1604594439155789,0.20986249988096226,0.27129987014873963,0.9992,0.05795000000000001,0.0004,0.9736333333333335,0.128385,0.0,0.0,0.05775091575091575,1854.002717989471,2282.059727904784,102.20842132822183,100.19153671785391,0.00047619047619047624,0.10330258365642676,0.8464555555555555,3.365464558243492e-08,0.0,,,0.005313914131190014,0.004885196468406178,0.0,0.09706056780349756,0.0009661892199236174,0.0003070318275072773,0.0006592591878204415,0.0006592591878204415,0.0,0.0,0.0,0.09706056780544964,0.2907674754642609,0.00034999905867455646,0.9370532976105898,0.056368010426156356,0.005921661077072166,0.0003070318275072773,,,,,,,,,,,0.00034999905867455646,0.9370532976105898,0.056368010426156356,0.005921661077072166,0.0003070318275072773,,,,,,
latency_critical,admission_pressure,PPO_CMDP,PPO_CMDP,12,1729653623,2128646545,1621075116,c2c338dd9800f45e9834,stochastic,150,300,150-step training / 300-step held-out evaluation,1789253029,1,270.83158040000126,latency_critical,200,0.0,0.899413685066248,0.8588581514965244,0.475,1.0,0.10058631493375206,0.14114184850347555,0.1519613420969082,20.11726298675041,0.10058631493375206,0.09966222151995809,0.09996177370030582,8.982253202374116e-05,0.0,8.982253202374116e-05,0.21417168105024545,0.24363258888978473,0.25347797236570974,0.7459456814313543,0.816260372446578,0.3146666666666667,0.7026548153340748,0.2972553621339014,0.0,0.0,79.58042386548185,91.88289634146341,96.32877392027832,95.26042162883878,3.0621555962463924,2.8114914477890127,2.8170765372067668,0.04827516175499577,25468952.01375966,24285956.568917815,0.0392853681091219,2.8720075957466333,0.6905808686322744,0.6292429817939912,0.0,0.1701197553470218,0.18348652931074125,62.44393339655553,0.16620259656387926,,,,,0.4292372331070653,0.12401825991820146,0.22270258265479434,0.9999166666666668,0.0006166666666666666,5e-05,0.9933666666666667,0.15047416666666666,0.0,0.0,0.1294065934065934,2834.3398592056024,3184.8256084991244,78.90367127906335,78.78502003077088,0.0,0.24622881414072906,0.8044875,3.9290841015755385e-08,0.0,,,0.04023991933116545,0.039296675572222856,0.07005,0.24214523717700445,4.271155100480459e-05,1.1855230506464887e-05,3.085660197270781e-05,3.085660197270781e-05,0.0,0.0,0.0,0.24214523716916972,0.725402301875067,3.383284104610256e-05,0.4552925378068149,0.0005353677723884432,0.5441264063492441,1.1855230506464887e-05,,,,,,,,,,,3.383284104610256e-05,0.4552925378068149,0.0005353677723884432,0.5441264063492441,1.1855230506464887e-05,,,,,,
latency_critical,admission_pressure,Intent-PPO-CMDP-NoRisk,Intent-PPO-CMDP-NoRisk,12,1729653623,2128646545,1621075116,53b75815fc19ab3c700d,stochastic,150,300,150-step training / 300-step held-out evaluation,1789253029,1,267.30905749998055,latency_critical,200,0.0,0.8248226231238138,0.7811113614115481,0.005,1.0,0.17517737687618629,0.2188886385884518,0.23046126770315975,35.035475375237255,0.17517737687618629,0.09994248516809492,0.1,5.751483190507581e-05,0.0,5.751483190507581e-05,0.12977310468201522,0.16440476190476186,0.17359342195951946,0.7466003883434479,0.8198088197571607,0.3152333333333333,0.5645895253636488,0.43535295980444616,0.0,0.0,93.84861164940507,112.87789473684211,116.70928894927535,115.28239716315807,2.4457165169715456,2.2070475616705942,2.1824211565977,0.05638247113717927,29134476.62200401,27733119.677169506,0.034346021440585475,2.365002805276842,0.7499406726746579,0.6678815692111052,0.0,0.13587313983175253,0.14754544894657384,52.21950430909264,0.1943502731762447,,,,,0.3327135229414393,0.17725483082064897,0.24302048472686735,0.99995,0.018733333333333334,3.3333333333333335e-05,0.9911500000000001,0.15039499999999997,0.0,0.0,0.08968498168498168,2201.4771386971615,2577.2300283500595,93.73097515718824,92.88104343134876,0.0,0.14892147468541603,0.8271618055555555,3.435169761132788e-08,0.0,,,0.008296353695379293,0.004081774321429973,0.0,0.2656118427124234,0.00013793554093928428,3.82726215012648e-05,9.966668401353587e-05,9.966668401353587e-05,0.0,0.0,0.0,0.2656118427192661,0.7957019694722521,2.566340706459553e-05,0.8150321031548172,0.01899592911956344,0.16590803169705343,3.82726215012648e-05,,,,,,,,,,,2.566340706459553e-05,0.8150321031548172,0.01899592911956344,0.16590803169705343,3.82726215012648e-05,,,,,,
latency_critical,admission_pressure,Intent-PPO-CMDP,Intent-PPO-CMDP,12,1729653623,2128646545,1621075116,fc604e43c5d11a5118bd,stochastic,150,300,150-step training / 300-step held-out evaluation,1789253029,1,320.63457950000884,latency_critical,200,0.005,0.9116566751747786,0.8612118743591115,0.615,0.995,0.08834332482522156,0.13878812564088863,0.15111185261062549,17.66866496504431,0.08878726113087596,0.07281425674538695,0.05291544587183533,0.02134516729699806,0.041211887896519854,0.04467304504927464,0.2667333157558138,0.29485366745930125,0.29916584297572185,0.7351930621724471,0.815676198431009,0.3146,0.7251760074979836,0.25347882520501824,0.0,0.0,63.98622065511576,80.43566252587992,83.82087499999999,82.84630001578167,3.17884865623448,2.9664176914621527,2.953798014875935,0.0424933406732954,22000569.764314596,21102852.58721796,0.04546753190868666,2.7744630552215823,0.6734619995357438,0.6065134245711,0.0,0.17660270312413778,0.1892039186341518,48.355912687806885,0.22279371433128559,,,,,0.3897393518030554,0.08710296431720792,0.1853147099872112,0.9866666666666666,0.06333333333333334,0.01205,0.9953833333333333,0.15025083333333333,0.5875333333333334,0.03789583333333334,0.10961172161172161,2873.5209165533083,3343.2559006781876,60.43483636375987,65.55602807786104,0.015095238095238097,0.3024402351088637,0.7413604166666667,4.548593064970307e-08,0.0,,,0.029214912174562194,0.02098310924706891,0.0,0.3917743340988362,0.18079809962778676,0.048482858151519606,0.134788034301429,0.1693395865910361,0.036266130015105515,0.03455155228960713,0.0362,0.36458627834225765,1.0922028805248396,0.0015462575354054091,0.10441158381457871,0.06291273859230255,0.8187228807716584,0.012406539286054858,,,,,,,,,,,0.0015462575354054091,0.10441158381457871,0.06291273859230255,0.8187228807716584,0.012406539286054858,,,,,,
latency_critical,admission_pressure,Intent-PPO-CMDP-FullPolicy-NoShield,Intent-PPO-CMDP,12,1729653623,2128646545,1621075116,fc604e43c5d11a5118bd,stochastic,150,300,150-step training / 300-step held-out evaluation,1789253029,1,320.63457950000884,latency_critical,200,0.0,0.8883515958777007,0.8406017785414035,0.305,1.0,0.1116484041222993,0.15939822145859636,0.1767986793176145,22.32968082445986,0.1116484041222993,0.010273081292886248,-0.029657023887793104,0.08972691870711376,0.1296570238877931,0.13730767090089094,0.2669576283980019,0.29337254901960785,0.298036405821038,0.7448734592247105,0.8211369249133856,0.31826666666666664,0.6802616305289199,0.2300114507639664,0.0,0.0,61.65620263447746,76.36018230638778,82.17979032258064,80.35480306279763,3.0041089125120313,2.803154754293257,2.786757803355562,0.044233719375816764,21864091.082330618,20799397.170807876,0.04574908317243453,2.5421202892084684,0.6699382518689282,0.609205435257156,0.0,0.1668949395840017,0.1794268356251986,39.24141847714112,0.24537881181383067,,,,,0.4578494152742958,0.11294142615701729,0.2012467474031197,0.9476166666666666,0.060583333333333336,0.05093333333333334,0.9945000000000002,0.14958,0.0,0.0,0.12335531135531136,2729.1231883871224,3152.178148579289,57.030720757969505,63.607346095238555,0.04980952380952382,0.303869807208949,0.7180722222222221,4.577369698572805e-08,0.0,,,0.028941644173739806,0.020712653868167494,0.0,0.3898628561453276,0.18338343655545675,0.051260106837080564,0.13495942310413858,0.13495942310413858,0.0,0.0,0.0,0.3898628561363765,1.1679247403876796,0.0015251000265167661,0.09793050073889577,0.05956354687080019,0.7897207455267068,0.051260106837080564,,,,,,,,,,,0.0015251000265167661,0.09793050073889577,0.05956354687080019,0.7897207455267068,0.051260106837080564,,,,,,
latency_critical,admission_pressure,MaxWeight,MaxWeight,13,1025721121,372372750,1244677390,,stochastic,150,300,150-step training / 300-step held-out evaluation,590527600,0,1.3999990187585354e-05,latency_critical,200,0.0,0.7381230636158541,0.7069363449802526,0.0,1.0,0.26187693638414594,0.29306365501974746,0.3041871724659491,52.37538727682919,0.26187693638414594,0.1,0.1,0.0,0.0,0.0,0.14047337399699994,0.1785822510822511,0.18926650693492358,0.7686552855965135,0.8362968985015075,0.32418333333333327,0.4250957087889348,0.5749042912110651,0.0,0.0,73.21734161416994,87.34284824764276,92.35111758827448,90.72646615477218,1.9690462987048665,1.7851738266761321,1.7742842958641039,0.05924308801161491,16988721.52914053,15938928.7984296,0.05887889208624931,2.546541560560496,0.5073789443582587,0.44793070509378063,0.009425711700809108,0.10939146103915925,0.12013906004242961,-8.742532376030367,1.4619038707308376,,,,,0.1390659797856217,0.1831827740672088,0.2751050029746229,1.0,0.9394166666666667,0.0,0.9512333333333334,0.0914125,0.0,0.0,0.16897435897435895,1557.70657693791,2190.5369181178435,77.69675116187769,71.86999614069808,0.0,0.17080331621183908,0.8410958333333332,5.8950158991493436e-08,0.0,,,,,,,,,,,,,,,,,,,,,,,,,,,,,,,,,,,,,,,,,
latency_critical,admission_pressure,PPO,PPO,13,1025721121,372372750,535536204,3cabdc2e2c3a75659a16,stochastic,150,300,150-step training / 300-step held-out evaluation,590527600,1,262.1022107999888,latency_critical,200,0.005,0.9131739867541367,0.8774570702633114,0.715,0.995,0.0868260132458634,0.12254292973668855,0.1277502168890014,17.36520264917268,0.08726232487021447,0.060943680937559745,0.032572774942076194,0.00024075185814757358,0.0,0.00024075185814757358,0.2890319288185378,0.3174272250579238,0.32355831482457165,0.7400465026139057,0.7984448718407781,0.31175,0.757591017444044,0.24216823069780838,0.0,0.0,64.9714941079936,79.59339708561019,85.95813705435418,83.1465203064711,3.0848625593123393,2.8537033617094507,2.831027939670258,0.04759994834861713,23714603.48163531,22820390.799925704,0.042172972720130986,2.535795012543893,0.6913417535112248,0.6329323945857708,0.0,0.17138125329512996,0.1845377697526733,33.50225163367337,0.35957657300663987,,,,,0.27496671997230876,0.10147413354703247,0.2056218094510317,0.9993333333333334,0.03648333333333333,0.0001333333333333333,0.9935166666666668,0.16073666666666664,0.0,0.0,0.1127985347985348,2758.251928899352,3260.7298218424094,59.22785242547081,67.2865717091554,0.0,0.3293407444689332,0.7265944444444444,4.2193764312492396e-08,0.0,,,0.02007951706184869,0.013164921145647393,0.012333333333333333,0.40232351844216846,0.0006335944697682558,0.00012573840959757298,0.0009040057003740478,0.0009040057003740478,0.0,0.0,0.0,0.4023235184403522,1.2052535486015572,0.0005305424484730826,0.0828362682979507,0.03711661989694071,0.8793908309470378,0.00012573840959757298,,,,,,,,,,,0.0005305424484730826,0.0828362682979507,0.03711661989694071,0.8793908309470378,0.00012573840959757298,,,,,,
latency_critical,admission_pressure,PPO-Lagrangian,PPO-Lagrangian,13,1025721121,372372750,535536204,454f28c68eb87e33907f,stochastic,150,300,150-step training / 300-step held-out evaluation,590527600,1,254.03850810002768,latency_critical,200,0.0,0.8704134433745725,0.831236763902345,0.14,1.0,0.1295865566254275,0.16876323609765503,0.18229742889472475,25.9173113250855,0.1295865566254275,0.09991031847985486,0.1,8.96815201451513e-05,0.0,8.96815201451513e-05,0.1792462888603341,0.20578322669768792,0.2136811754780871,0.7540112052530542,0.8195214202974196,0.31871666666666665,0.6634295821452612,0.33648073633459374,0.0,0.0,83.76242487071002,96.67394207562349,101.05952426564494,101.58341150170834,2.75804763427611,2.5456035696251202,2.5236364569028815,0.050792509259798356,28098594.596726023,26697613.0652184,0.035608535175141495,2.467893233621558,0.6962557933712253,0.6340351314523937,0.0,0.153224868570895,0.16657255235091104,57.55894415583365,0.17876842058538966,,,,,0.5930771043588836,0.14697753700075328,0.22751005803229674,0.9999333333333333,0.12361666666666667,5e-05,0.98905,0.14509833333333333,0.0,0.0,0.25124542124542126,2561.4126090333475,2863.928032483752,83.14612569745688,83.39842903819837,9.523809523809524e-05,0.2093158931479448,0.8129493055555556,3.561947451616465e-08,0.0,,,0.017450002905757912,0.013396153854841322,0.0073666666666666655,0.337292115552296,9.536677091451812e-05,3.064232494793736e-05,6.472585397940618e-05,6.472585397940618e-05,0.0,0.0,0.0,0.3372921155542307,1.0104368761811109,2.9399152179275696e-05,0.5380943393729752,0.12240132972997167,0.3394442894199258,3.064232494793736e-05,,,,,,,,,,,2.9399152179275696e-05,0.5380943393729752,0.12240132972997167,0.3394442894199258,3.064232494793736e-05,,,,,,
latency_critical,admission_pressure,PPO_CMDP,PPO_CMDP,13,1025721121,372372750,535536204,a070e26e29e031606ad8,stochastic,150,300,150-step training / 300-step held-out evaluation,590527600,1,277.9400926999515,latency_critical,200,0.0,0.873459105915824,0.8200330103933517,0.195,1.0,0.12654089408417613,0.17996698960664825,0.1873580905448564,25.308178816835223,0.12654089408417613,0.09981738039366393,0.1,0.00018261960633607043,0.0,0.00018261960633607043,0.16043408617344693,0.19314026039600388,0.1996461513096533,0.7364851564904016,0.8120300719374951,0.31278333333333336,0.6548755615633672,0.3449418188302967,0.0,0.0,77.5139855036408,90.82012987012986,94.63445436002037,93.4974771863078,2.6868526194040303,2.4670944331830547,2.442553486539477,0.05036363603702319,30971405.86250082,29504453.72705053,0.03230829754092418,2.018641702168256,0.730383073772017,0.6604493192565576,0.0,0.14926958996689058,0.16125361926509657,64.72134067288111,0.13514810345315867,,,,,0.3957161346463748,0.12686497734588692,0.21485191289376046,0.9998333333333332,0.007833333333333333,0.0001,0.9907333333333334,0.150505,0.0,0.0,0.1073992673992674,2409.5797940942057,2836.1533714939355,74.2300694705795,79.42621142733424,9.523809523809524e-05,0.18104863758057405,0.7844298611111111,3.231115864088079e-08,0.0,,,0.034630032982259966,0.025082789328903714,0.02205,0.24954444584068342,0.0002442362189729491,6.357400632414262e-05,0.00018066836105401783,0.00018066836105401783,0.0,0.0,0.0,0.2495444458501238,0.7475683501193622,5.2423250386806825e-05,0.7041449535215639,0.007866607849753526,0.2878724413719716,6.357400632414262e-05,,,,,,,,,,,5.2423250386806825e-05,0.7041449535215639,0.007866607849753526,0.2878724413719716,6.357400632414262e-05,,,,,,
latency_critical,admission_pressure,Intent-PPO-CMDP-NoRisk,Intent-PPO-CMDP-NoRisk,13,1025721121,372372750,535536204,4606dec7f3efe1c94a9c,stochastic,150,300,150-step training / 300-step held-out evaluation,590527600,1,283.62103929999284,latency_critical,200,0.03,0.9405152467168472,0.8959353417804121,0.915,0.97,0.05948475328315284,0.10406465821958785,0.11114125525137948,11.896950656630569,0.061324487920776126,0.08361139457275989,0.05916556381282025,0.00011741626505397,0.0,0.00011741626505397,0.2650845445506308,0.2908344361871797,0.29857949878496853,0.7027878690673015,0.7892270061199018,0.3000333333333333,0.8147094655237075,0.18517311821123847,0.0,0.0,59.088715782237635,71.33336036766693,76.66114674138645,75.3976380699274,3.293439418773212,3.0604121228664933,3.043159842688431,0.04729001577505723,24671101.352738358,23754033.548074618,0.04053323111189735,2.366392118220796,0.694013659682768,0.6372335108865633,0.0,0.18296885659851178,0.19721306628056443,51.736477976724835,0.18767893999955956,,,,,0.29118230744252704,0.07362731061397616,0.19321592951410493,0.9994999999999998,0.06483333333333334,6.666666666666667e-05,0.9935,0.15002666666666667,0.0,0.0,0.10407326007326007,2993.5461287563808,3454.920421089968,53.46885119513215,61.568593178359116,4.761904761904762e-05,0.3096804904773018,0.7061527777777777,4.0557310867626796e-08,0.0,,,0.01548954490835917,0.01131000121931296,0.00265,0.3338360303489852,0.0003738238767059562,9.346775371464836e-05,0.0005727257136577588,0.0005727257136577588,0.0,0.0,0.0,0.3338360303593124,1.000083370222542,0.00039179771573277664,0.061843080277965645,0.06569455196160687,0.87197710229098,9.346775371464836e-05,,,,,,,,,,,0.00039179771573277664,0.061843080277965645,0.06569455196160687,0.87197710229098,9.346775371464836e-05,,,,,,
latency_critical,admission_pressure,Intent-PPO-CMDP,Intent-PPO-CMDP,13,1025721121,372372750,535536204,09d0d30da2ff448dad2f,stochastic,150,300,150-step training / 300-step held-out evaluation,590527600,1,309.3859143999871,latency_critical,200,0.0,0.8814527851206094,0.8315659631771822,0.255,1.0,0.11854721487939064,0.16843403682281774,0.1753684615181534,23.70944297587813,0.11854721487939064,0.018363473980632296,0.004191616766467066,0.08163652601936772,0.09580838323353294,0.09735976153243452,0.2632731563128463,0.2894736842105263,0.29636370385700006,0.798611944592285,0.8899063040828337,0.33480000000000004,0.7547188312197616,0.1636446427608705,0.0,0.0,61.02263532324518,77.79299345692476,82.32381102362204,80.35126171527051,3.162373679886342,2.9357696553063137,2.9174480380105843,0.04482464238586031,24690469.263385095,23552485.9111887,0.040506962138359845,2.3450660247245274,0.659667386370156,0.6064339690871283,0.0,0.17568742666035234,0.18883515482900928,59.92795297021966,0.1542061069174352,,,,,0.445918425432712,0.12443071657052865,0.21406871615258313,0.9541166666666666,0.07189999999999999,0.045566666666666665,0.99205,0.15042166666666665,0.6548999999999999,0.04449249999999999,0.16189010989010988,2796.942322141267,3359.144410979844,57.211639697284134,62.323145812962665,0.07338095238095238,0.3038954545582996,0.6673631944444444,4.052662485435518e-08,0.0,,,0.015598077616064862,0.011217503680743137,0.0006333333333333333,0.30038646879548625,0.6623598825413944,0.22407269081680709,0.44521544990691425,0.6182892110214069,0.1790144116492737,0.17307376111449266,0.17813333333333334,0.2983117618969649,0.8936621726954916,0.0002794420049519167,0.08506784608875913,0.07255879522039443,0.7968291432504361,0.04526477343545837,,,,,,,,,,,0.0002794420049519167,0.08506784608875913,0.07255879522039443,0.7968291432504361,0.04526477343545837,,,,,,
latency_critical,admission_pressure,Intent-PPO-CMDP-FullPolicy-NoShield,Intent-PPO-CMDP,13,1025721121,372372750,535536204,09d0d30da2ff448dad2f,stochastic,150,300,150-step training / 300-step held-out evaluation,590527600,1,309.3859143999871,latency_critical,200,0.0,0.6707747653511718,0.6098979568782944,0.0,1.0,0.5269813890818884,0.6640728308687046,0.7056299200918635,105.39627781637768,0.5269813890818884,-0.35528521754085934,-0.4716914986853637,0.45528521754085943,0.5716914986853636,0.597192804720564,0.28046692250972755,0.3091906587812222,0.3156790217366366,0.7900300316114526,0.8887445868961115,0.35833333333333334,0.4858301702513391,0.05888461220780153,0.0,0.0,41.0560063690174,54.04545454545454,64.71526166902404,59.84051589525385,2.0185832425709838,1.5656176762248089,1.5152838142206304,0.14052387886753553,23061231.814455356,21408021.413193084,0.0432768740565625,1.0759708458233403,0.604693580416057,0.5258392946335854,0.0005039891284948331,0.11214351347616576,0.13744488658205967,5.0754441924747615,2.49504817477886,,,,,0.7028328605104615,0.559776758080719,0.6891623877031136,0.7359666666666667,0.08455,0.25155,0.9769166666666667,0.17975666666666665,0.0,0.0,0.21155311355311354,1807.3028638835117,2132.3496003257765,33.74594991845833,43.898772690853896,0.256047619047619,0.31324558819666964,0.4044048611111111,4.344126009282823e-08,0.0,,,0.017150388091684034,0.012580694880921381,0.0009,0.34898273362186844,0.7159323806381025,0.25147723679805395,0.5002177021967452,0.5002177021967452,0.0,0.0,0.0,0.34898273339165103,1.0454588373344569,0.01245745636414247,0.0904004243505814,0.08646096777578961,0.5592039147114326,0.25147723679805395,,,,,,,,,,,0.01245745636414247,0.0904004243505814,0.08646096777578961,0.5592039147114326,0.25147723679805395,,,,,,
latency_critical,admission_pressure,MaxWeight,MaxWeight,14,1103526060,1905340783,201272745,,stochastic,150,300,150-step training / 300-step held-out evaluation,1311703645,0,1.7000013031065464e-05,latency_critical,200,0.0,0.7499716028091619,0.7072817041299249,0.01,1.0,0.2500283971908381,0.29271829587007503,0.30360897982214247,50.00567943816762,0.2500283971908381,0.1,0.1,0.0,0.0,0.0,0.14134825916049676,0.1797612467372946,0.18752648555319376,0.7625886679626429,0.8388151582898474,0.3338333333333333,0.43259462501923507,0.5674053749807649,0.0,0.0,71.80522852365472,85.59895610718395,90.19390588235292,88.66732904053838,2.0646324776278346,1.8666957555454624,1.850759474911576,0.06341912141886151,20140075.91947001,19026964.692649353,0.04965380307005742,2.2083738485256164,0.5202909000519549,0.4667867280193111,0.0053123693593190215,0.11470180431265746,0.1271692355565244,-2.706468118422712,5.671249030285972,,,,,0.15595815382034897,0.1695093480757948,0.26193439342310015,1.0,0.9279,0.0,0.9503833333333332,0.09345833333333335,0.0,0.0,0.1906959706959707,1628.6014790169224,2299.4183999567863,74.68082257313043,70.77992922687696,0.0,0.16111105767703748,0.8455527777777777,4.973597906305753e-08,0.0,,,,,,,,,,,,,,,,,,,,,,,,,,,,,,,,,,,,,,,,,
latency_critical,admission_pressure,PPO,PPO,14,1103526060,1905340783,1823775964,0a65909e93fb2c778ea0,stochastic,150,300,150-step training / 300-step held-out evaluation,1311703645,1,272.0849051999976,latency_critical,200,0.0,0.9104054757676455,0.8671831056790065,0.625,1.0,0.0895945242323545,0.1328168943209936,0.14778272747688231,17.9189048464709,0.0895945242323545,0.09532410765208578,0.07635263028515236,0.0006568208591388176,0.00596151037101957,0.006384497489931475,0.2452398409686996,0.2736473697148476,0.27783925942800225,0.7298647152954674,0.800753882323581,0.3150666666666667,0.7177968635710326,0.2815463155698286,0.0,0.0,67.82924049811612,81.6570375,87.56001715592832,85.35968419786593,2.9942948167955854,2.7762801778422665,2.7587011375722876,0.04581762660965175,26636188.60284419,25449392.017989557,0.03755278479453313,2.288099550870871,0.6932015781702846,0.6289948207039213,0.0,0.16634971204419918,0.17818275343936632,43.911824700970584,0.2598953634889485,,,,,0.5035953860998746,0.0932407286706324,0.19211036443601284,0.9993666666666666,0.2771,0.00036666666666666667,0.9945,0.14978916666666664,0.0,0.0,0.13066666666666665,2579.376314255844,3217.7124720092925,63.369831758303036,69.78223492717622,0.00023809523809523812,0.28258241170897075,0.7481194444444444,3.7572114777421567e-08,0.0,,,0.034649156698827975,0.016146555105373942,1.6666666666666667e-05,0.42117725068980233,0.0014317725164666364,0.0003523210792395902,0.0013436311139781879,0.0013436311139781879,0.0,0.0,0.0,0.4211772506773356,1.2617342827408333,0.000197599876316538,0.06600163006228332,0.2739329731106086,0.659515475871552,0.0003523210792395902,,,,,,,,,,,0.000197599876316538,0.06600163006228332,0.2739329731106086,0.659515475871552,0.0003523210792395902,,,,,,
latency_critical,admission_pressure,PPO-Lagrangian,PPO-Lagrangian,14,1103526060,1905340783,1823775964,337f5a10e02765106fee,stochastic,150,300,150-step training / 300-step held-out evaluation,1311703645,1,284.58887489995686,latency_critical,200,0.0,0.8728973298085397,0.8305122786651468,0.165,1.0,0.12710267019146038,0.16948772133485326,0.17754325008535327,25.420534038292075,0.12710267019146038,0.09958927463647774,0.09437883043922371,0.00041072536352227253,0.005621169560776301,0.007131876184303129,0.16678530126647784,0.20484254089528844,0.21201063687206506,0.7283744362392426,0.7978604311886518,0.3187,0.6345195318063608,0.365069742830117,0.0,0.0,78.50500264179414,91.73021739130435,94.92054054054054,93.88873716954637,2.701118464792229,2.5096110045068576,2.4966723294072892,0.04407927168200739,34070386.38868809,32076143.005191468,0.029371260929127143,1.8684643264231164,0.7130833982758352,0.6424837187013129,0.0,0.15006213693290157,0.1615722833047942,64.26894295311645,0.12825058436817174,,,,,0.44189730937722815,0.12084080147020117,0.20089722688554196,0.9994166666666666,0.03121666666666667,0.00023333333333333333,0.9944333333333334,0.15170999999999998,0.0,0.0,0.18676923076923077,2418.533425974514,2853.2796395402297,76.28089810899283,80.24009568885151,0.00023809523809523812,0.17489622561650595,0.7937930555555556,2.9383250572543453e-08,0.0,,,0.01514641666103675,0.010348721145493865,0.009899999999999999,0.3461350287051109,0.0008324438179597626,0.00019185989028368586,0.0006418279853030492,0.0006418279853030492,0.0,0.0,0.0,0.3461350287054132,1.0369278765003433,0.0004547201538921599,0.6945769169952828,0.032383393473364205,0.27239310948717715,0.00019185989028368586,,,,,,,,,,,0.0004547201538921599,0.6945769169952828,0.032383393473364205,0.27239310948717715,0.00019185989028368586,,,,,,
latency_critical,admission_pressure,PPO_CMDP,PPO_CMDP,14,1103526060,1905340783,1823775964,dadb88684cb84768bf3a,stochastic,150,300,150-step training / 300-step held-out evaluation,1311703645,1,264.74071779998485,latency_critical,200,0.13,0.9505600695254637,0.9089718597591678,0.975,0.87,0.04943993047453638,0.0910281402408321,0.10014373943442727,9.887986094907276,0.05682750629257055,0.07548602502719766,0.051764058090715104,0.0002754283791063164,0.0,0.0002754283791063164,0.27408289358515425,0.2982359419092849,0.30432318945762227,0.6786085061823204,0.7735343751715023,0.29716666666666663,0.814385725808861,0.18533884581203255,0.0,0.0,54.743308750227534,71.14518584325778,74.52442505277972,73.90389506243056,3.3173883626976464,3.0308012053354507,3.038940488377491,0.04772423078917174,28018881.644691058,26752213.26957067,0.035691944457447826,1.9445486951626239,0.7094183974930277,0.6494949549242005,0.0,0.18429935348320256,0.19873397706622198,55.43780439482751,0.19404197483432856,,,,,0.25499293467701684,0.05933005039352374,0.1868645514643381,0.9950166666666667,0.021916666666666664,0.00015,0.9955166666666666,0.15368583333333333,0.0,0.0,0.08588278388278389,2886.200159085096,3549.5666261813276,48.13820978703925,57.6845453646466,0.00014285714285714287,0.315871842095653,0.6662784722222221,3.571250034967637e-08,0.0,,,0.03590299674305298,0.011229742284172737,0.0,0.36987315376936736,0.0005408381213700756,0.00012181064311796188,0.0009949130627474856,0.0009949130627474856,0.0,0.0,0.0,0.36987315378045665,1.1080409439013124,0.0049760128973526975,0.08268676742837862,0.0212944325961055,0.8909209764350453,0.00012181064311796188,,,,,,,,,,,0.0049760128973526975,0.08268676742837862,0.0212944325961055,0.8909209764350453,0.00012181064311796188,,,,,,
latency_critical,admission_pressure,Intent-PPO-CMDP-NoRisk,Intent-PPO-CMDP-NoRisk,14,1103526060,1905340783,1823775964,72924e27f6df7ecb428f,stochastic,150,300,150-step training / 300-step held-out evaluation,1311703645,1,270.7660398000153,latency_critical,200,0.125,0.9497732825733428,0.9028123545423866,0.965,0.875,0.05022671742665735,0.09718764545761345,0.10624675265445985,10.04534348533147,0.057401962773322684,0.07402978078824654,0.05045996154877936,0.00043372281510164795,0.005654587960257158,0.005926065176189919,0.2755443941254964,0.2995400384512206,0.30642502116349135,0.6794793634842522,0.7842477429045475,0.2982333333333333,0.8099390319745438,0.18962724521035468,0.0,0.0,55.083708076182575,72.13442657638595,75.32385138670853,74.85132732931945,3.32730400023637,3.100082458808561,3.0880452398531437,0.04698307537072796,27531070.440040063,26433945.538007513,0.03632765126403909,1.9974422169931234,0.7011305306666106,0.6380815820606597,0.0,0.18485022223535388,0.1986976543343802,53.640922015524005,0.2068493191712357,,,,,0.22498841014505794,0.05933935193004352,0.18721635003248416,0.99965,0.04911666666666667,0.00025,0.9956833333333333,0.15470833333333334,0.0,0.0,0.07324542124542126,2922.110709311651,3545.4850030419875,48.34899200235695,58.07543465235401,0.0003333333333333334,0.31503340945214936,0.6749263888888889,3.634754659416098e-08,0.0,,,0.09956423007119516,0.02585471497472831,0.021399999999999995,0.392441795893251,0.0006644267111757102,0.0001592851887644585,0.0013078313983141637,0.0013078313983141637,0.0,0.0,0.0,0.39244179589089334,1.175650553441837,0.0001132332863427797,0.039613530124973734,0.04988604796606886,0.9102279034338503,0.0001592851887644585,,,,,,,,,,,0.0001132332863427797,0.039613530124973734,0.04988604796606886,0.9102279034338503,0.0001592851887644585,,,,,,
latency_critical,admission_pressure,Intent-PPO-CMDP,Intent-PPO-CMDP,14,1103526060,1905340783,1823775964,fd2a9bdca11bd34bca64,stochastic,150,300,150-step training / 300-step held-out evaluation,1311703645,1,319.06714920001104,latency_critical,200,0.0,0.8340401888550069,0.786274575053921,0.015,1.0,0.16595981114499325,0.21372542494607907,0.226768078437309,33.19196222899865,0.16595981114499325,0.024219388368752433,0.004252134029812721,0.07578061163124757,0.09574786597018728,0.09765260459094083,0.20855840558014443,0.23863743634743995,0.24773527414065838,0.8172711241582067,0.8859448989660474,0.3518,0.6409998274894184,0.28321956087933403,0.0,0.0,78.71704813753715,92.47066736547868,100.46258241758241,97.48600461653822,2.8560156764141165,2.644108093163286,2.6079667033518006,0.04874785918681768,31132313.971597165,29642567.57950169,0.03212918552845198,2.1669573210963837,0.6550325118778612,0.5976530094162118,0.0,0.158667537578562,0.17111619895977603,67.48700383579522,0.14505790706577537,,,,,0.6688156009455366,0.1610241079153946,0.2515510661069787,0.9557499999999999,0.09006666666666668,0.043533333333333334,0.9942166666666669,0.14426333333333333,0.6309833333333333,0.0424325,0.17760439560439562,2552.5813841275603,3019.4033722607237,78.36104434395148,78.3248659972939,0.06657142857142857,0.23375302422293187,0.76920625,3.2145201454720514e-08,0.0,,,0.02089218479988523,0.015115059408916016,0.014516666666666667,0.44381191277784415,0.6766334589478652,0.22529874450687332,0.462505157065111,0.6370887087805477,0.18295650425905918,0.17458355171543666,0.18275,0.45564096419569,1.364978341594287,0.0005492579731752812,0.447006378346333,0.09161080325244837,0.41757399409564583,0.043259566332397456,,,,,,,,,,,0.0005492579731752812,0.447006378346333,0.09161080325244837,0.41757399409564583,0.043259566332397456,,,,,,
latency_critical,admission_pressure,Intent-PPO-CMDP-FullPolicy-NoShield,Intent-PPO-CMDP,14,1103526060,1905340783,1823775964,fd2a9bdca11bd34bca64,stochastic,150,300,150-step training / 300-step held-out evaluation,1311703645,1,319.06714920001104,latency_critical,200,0.0,0.6151024504056487,0.5718800612909165,0.0,1.0,0.6062708694547689,0.7081355779473896,0.7420136942954453,121.25417389095378,0.6062708694547689,-0.38577283109253907,-0.46890017433487463,0.4857728310925391,0.5689001743348746,0.5970308623945383,0.22888573887364866,0.27309244026635326,0.2871374395010661,0.8430254284158636,0.9035982623095675,0.37906666666666666,0.42790148251906784,0.08632568638839316,0.0,0.0,50.558261044635856,67.627034358047,75.93568754633057,74.0334833404053,1.8970261410987896,1.616295950905639,1.5757844935348357,0.09224693740268966,28390135.61020378,26023410.43965433,0.035224296267204754,1.01351229949308,0.5787293055484176,0.47294832603227155,0.0031289597815802317,0.10539034117215497,0.11942238773752284,10.4574267485173,0.9817818284941757,,,,,0.8101852436366301,0.5117177949388935,0.6483169606520336,0.7218166666666668,0.08918333333333334,0.27508333333333335,0.9784833333333333,0.143825,0.0,0.0,0.18571428571428572,1696.2872099621372,2005.1163347877564,45.63010991331388,52.49793321206623,0.27480952380952384,0.26008117711282347,0.5109784722222223,3.5311018864241557e-08,0.0,,,0.023253162179923185,0.01751551906921484,0.013166666666666667,0.46973216330318124,0.6503161327888003,0.2756559544731843,0.39465346938923235,0.39465346938923235,0.0,0.0,0.0,0.4697321632153445,1.4071918012705384,0.003220911534352783,0.3238812628287946,0.08804693036821439,0.30919494079545384,0.2756559544731843,,,,,,,,,,,0.003220911534352783,0.3238812628287946,0.08804693036821439,0.30919494079545384,0.2756559544731843,,,,,,
latency_critical,admission_pressure,MaxWeight,MaxWeight,15,1481178426,1997781942,1693114094,,stochastic,150,300,150-step training / 300-step held-out evaluation,1469241709,0,4.2899977415800095e-05,latency_critical,200,0.025,0.8281087847036597,0.7503876654529764,0.175,0.975,0.17189121529634044,0.24961233454702367,0.25546253115784856,34.37824305926809,0.176298682355221,0.09956188475202932,0.1,0.0,0.0,0.0,0.16978455597062594,0.23889692164179102,0.2564168105303893,0.7077852103850683,0.8206034425407122,0.30773333333333336,0.5425180570600475,0.4574819429399524,0.0,0.0,56.3698786267122,70.28211331679074,75.86549646863315,73.39983693356974,2.434520886234006,2.163585774480616,2.157666722314791,0.09828115732838223,19802916.62773481,18458680.332135573,0.05043270164777865,2.0763190706076546,0.5604707512180302,0.49866555314149885,0.0007213467168935451,0.1352511603463337,0.1673391584611008,18.749400166916324,1.5258449892683836,,,,,0.239950076866282,0.10932367391810924,0.20449595156716666,0.99965,0.8410333333333333,0.0,0.9619833333333334,0.10101833333333333,0.0,0.0,0.2711794871794872,1980.1475754623634,2679.183438187969,56.297367311650234,56.895120396625416,0.0,0.19765821726383592,0.7812569444444444,5.072139043814188e-08,0.0,,,,,,,,,,,,,,,,,,,,,,,,,,,,,,,,,,,,,,,,,
latency_critical,admission_pressure,PPO,PPO,15,1481178426,1997781942,1596015111,461e22a59e6f436fac36,stochastic,150,300,150-step training / 300-step held-out evaluation,1469241709,1,258.87767640000675,latency_critical,200,0.0,0.9219336358443729,0.8735088527587709,0.815,1.0,0.07806636415562705,0.1264911472412291,0.14497710084972865,15.61327283112541,0.07806636415562705,0.09962020329305198,0.09458553525592632,0.000379796706948015,0.00541446474407368,0.006018678856121262,0.1592074993748994,0.1887254901960784,0.1991851803847416,0.7173513526921654,0.8115466262686576,0.3051333333333333,0.7349904388472219,0.2646297644458299,0.0,0.0,72.53730407481038,86.31946665846456,88.6925,88.13767727988439,3.0304114177558947,2.76242389174064,2.7426950599716307,0.054766869528927654,33225981.653364915,32015812.94769305,0.030103604045187797,1.9851930766340906,0.6976062823213625,0.6345458759713206,0.0,0.16835618987532752,0.1817511955086357,85.20153045640176,0.11782981769940573,,,,,0.4523722472533705,0.10255475628439584,0.24652311933161974,0.9996666666666667,0.042833333333333334,0.00021666666666666668,0.9877833333333333,0.1375375,0.0,0.0,0.11773626373626372,2792.3577414218366,3158.594166551159,69.56199942322193,72.82847341365927,0.00019047619047619048,0.1834823229610615,0.7713236111111111,3.011435669358022e-08,0.0,,,0.022522728636078626,0.021934304975014796,0.0,0.2607452863056908,0.0008372595748556263,0.00016243694519184085,0.0006749072659658344,0.0006749072659658344,0.0,0.0,0.0,0.260745286288133,0.781123069310435,0.00014559013275148647,0.7067728849230568,0.04236020877283796,0.250558879226162,0.00016243694519184085,,,,,,,,,,,0.00014559013275148647,0.7067728849230568,0.04236020877283796,0.250558879226162,0.00016243694519184085,,,,,,
latency_critical,admission_pressure,PPO-Lagrangian,PPO-Lagrangian,15,1481178426,1997781942,1596015111,c54dc7a9b9a68be549b7,stochastic,150,300,150-step training / 300-step held-out evaluation,1469241709,1,254.7300168000511,latency_critical,200,0.0,0.84693312151306,0.7956644213318029,0.05,1.0,0.1530668784869399,0.20433557866819713,0.21841103693560732,30.61337569738798,0.1530668784869399,0.09970657582338642,0.0997340425531915,0.0002934241766135918,0.00026595744680841995,0.005868483532271836,0.08890701768231912,0.1438978293413173,0.16146488697633127,0.7257003413068779,0.7942239118685179,0.30653333333333327,0.6058687907680234,0.39383778505536315,0.0,0.0,82.77510813050176,95.57489316239315,100.42674528301886,98.95456758149203,2.406922640623528,2.1722837085620346,2.140162692056296,0.06399665223492339,37312887.809184335,34877224.62537314,0.026799268728261695,1.6017918778879958,0.7712001436980338,0.6917873462496031,0.0,0.13371792447908487,0.14754784960831394,65.18808444791968,0.19013671458476053,,,,,0.1201775376270163,0.15520015868279632,0.2656944232710707,0.9995999999999998,0.0108,0.00016666666666666666,0.9701166666666665,0.12639,0.0,0.0,0.044739926739926744,2068.353356322531,2589.2291783240653,78.49412871290127,84.15780803330648,0.00023809523809523812,0.10518889902057545,0.7726694444444445,2.6834136998837296e-08,0.0,,,0.009551330143357833,0.008195071459120639,0.0,0.08980272712462938,0.00046312268874424187,0.0001662899749666946,0.0002968827738866937,0.0002968827738866937,0.0,0.0,0.0,0.08980272712444648,0.26902492789986676,0.00023270919151574274,0.9591883578543713,0.010289578395654675,0.030123064583491614,0.0001662899749666946,,,,,,,,,,,0.00023270919151574274,0.9591883578543713,0.010289578395654675,0.030123064583491614,0.0001662899749666946,,,,,,
latency_critical,admission_pressure,PPO_CMDP,PPO_CMDP,15,1481178426,1997781942,1596015111,fc83225982e20e56ecdd,stochastic,150,300,150-step training / 300-step held-out evaluation,1469241709,1,273.55554740002844,latency_critical,200,0.0,0.893933896771955,0.8515574731695451,0.41,1.0,0.10606610322804517,0.14844252683045486,0.15756738745788534,21.213220645609034,0.10606610322804517,0.0996809010664175,0.09498262032085562,0.0003190989335824983,0.005017379679144379,0.005881978671649966,0.1258408832607704,0.15733293908929627,0.166114569562711,0.7286744447975098,0.7962219457878539,0.30920000000000003,0.6837887793082084,0.31589212175820913,0.0,0.0,82.69675211712143,95.71046666666666,102.03334813084112,99.62068628700345,2.8094408730948692,2.49863966564371,2.4912025863496803,0.05915668879680818,35564780.51206812,34026990.63458993,0.028123488636517563,1.960192833013526,0.7136794060273521,0.6528803142392866,0.0,0.15608004850527052,0.17118875867200664,78.91274663713406,0.14410688843166772,,,,,0.2781244324748331,0.13525997074511992,0.2615598260769456,0.9996666666666667,0.009183333333333333,0.00018333333333333334,0.9709333333333333,0.13116166666666668,0.0,0.0,0.09446153846153849,2515.910244117581,2967.495827159564,79.95120828713816,81.97103557612223,4.761904761904762e-05,0.14627274346854174,0.7869944444444443,2.8137880333416942e-08,0.0,,,0.013662446639870667,0.010458964445986993,0.0,0.20314655330558193,0.0006208158815913192,0.00018995425037898915,0.00043093165387801685,0.00043093165387801685,0.0,0.0,0.0,0.20314655330061662,0.6085726859839131,8.811420498653799e-05,0.8545477680928718,0.009143636135255923,0.13603052731650686,0.00018995425037898915,,,,,,,,,,,8.811420498653799e-05,0.8545477680928718,0.009143636135255923,0.13603052731650686,0.00018995425037898915,,,,,,
latency_critical,admission_pressure,Intent-PPO-CMDP-NoRisk,Intent-PPO-CMDP-NoRisk,15,1481178426,1997781942,1596015111,8c806f3e428ad93e5ba2,stochastic,150,300,150-step training / 300-step held-out evaluation,1469241709,1,275.68097020004643,latency_critical,200,0.0,0.8253840610431971,0.7739523621575142,0.005,1.0,0.17461593895680308,0.2260476378424858,0.24460642720021072,34.92318779136062,0.17461593895680308,0.1,0.1,0.0,0.0,0.0,0.10875353689516562,0.17223198775746543,0.19168358557859289,0.7327708233049974,0.8083845024885109,0.31038333333333334,0.5718336445526224,0.4281663554473776,0.0,0.0,84.5013964403619,97.38646978021977,103.46163187855787,101.56203252046913,2.2961691302464846,2.029151473796444,2.014273282253083,0.07641822553609078,36652715.89685028,33084994.08895662,0.02727629261746552,1.5877216089073605,0.7545025196517401,0.6622980561812541,0.0,0.12756495168036025,0.14571570642324633,54.15724199340732,0.28758279962055955,,,,,0.08151551679822049,0.16879723168116192,0.2754298226885026,0.9999166666666668,0.0037333333333333333,0.0,0.9680333333333334,0.12308583333333332,0.0,0.0,0.03698168498168499,1977.1395173290744,2467.9543064327836,81.11206104171991,85.25025201911114,0.0,0.1252119142980117,0.7921319444444443,2.7360085585553564e-08,0.0,,,0.006206341641470341,0.005311254454270755,0.0,0.06117920858526485,0.00015326508090085365,5.158831621700342e-05,0.00010167999260261334,0.00010167999260261334,0.0,0.0,0.0,0.06117920858142798,0.18327652961787508,6.34975338056866e-05,0.9729671103125006,0.003845380674170802,0.023072423163305905,5.158831621700342e-05,,,,,,,,,,,6.34975338056866e-05,0.9729671103125006,0.003845380674170802,0.023072423163305905,5.158831621700342e-05,,,,,,
latency_critical,admission_pressure,Intent-PPO-CMDP,Intent-PPO-CMDP,15,1481178426,1997781942,1596015111,618554fca77aa7604c32,stochastic,150,300,150-step training / 300-step held-out evaluation,1469241709,1,332.33217309997417,latency_critical,200,0.0,0.8457676081858605,0.7900333979471754,0.025,1.0,0.15423239181413967,0.20996660205282464,0.2236859537431029,30.846478362827934,0.15423239181413967,0.09219000240285244,0.07777777777777778,0.007809997597147567,0.022222222222222223,0.026457300211231008,0.09278143373418417,0.13604445258594366,0.14940243478570467,0.7350318167931573,0.8028374193812496,0.3128666666666667,0.6076314609547008,0.3845585414481516,0.0,0.0,83.99716346113966,96.3358630952381,99.53422901199313,98.82241160639948,2.462862380426435,2.1542992475769536,2.1439098682585693,0.07692684125192789,37026623.62159027,34825538.08796264,0.02699580237750991,1.6754144640039914,0.7616852770408729,0.6809847908810349,0.0,0.13682568780146862,0.1550938448892821,67.84267309106656,0.19241630929956885,,,,,0.16564823882030574,0.15857976845043267,0.2681091537797071,0.9955000000000002,0.013183333333333333,0.004433333333333333,0.9721833333333333,0.12923749999999998,0.7559666666666667,0.06295166666666667,0.06205860805860805,2131.5162943799164,2641.279503682254,79.86228705843592,85.10529566274147,0.006761904761904762,0.10851259909016037,0.7771013888888888,2.7035714532340368e-08,0.0,,,0.0244635773457096,0.02199685617092317,0.0,0.14861673065622494,0.05992608079788524,0.021535288141371275,0.03871818012301497,0.05580402267028985,0.017367730943184397,0.01708584254727489,0.017716666666666665,0.12385020640552499,0.3710220604153544,6.710546211128877e-05,0.9390775740970075,0.01308222666493478,0.04357970161661186,0.00419339215933445,,,,,,,,,,,6.710546211128877e-05,0.9390775740970075,0.01308222666493478,0.04357970161661186,0.00419339215933445,,,,,,
latency_critical,admission_pressure,Intent-PPO-CMDP-FullPolicy-NoShield,Intent-PPO-CMDP,15,1481178426,1997781942,1596015111,618554fca77aa7604c32,stochastic,150,300,150-step training / 300-step held-out evaluation,1469241709,1,332.33217309997417,latency_critical,200,0.0,0.8349314330488217,0.7879545825971295,0.005,1.0,0.16506856695117836,0.21204541740287056,0.21805189141919373,33.01371339023567,0.16506856695117836,0.06248262071037807,0.037795895015375815,0.037517379289621934,0.06220410498462417,0.07064233431633954,0.09458149952391533,0.14036507009345786,0.1519772996110765,0.7362690153413846,0.8113082190581643,0.31451666666666667,0.588336468460962,0.3741461522494161,0.0,0.0,82.79901265262917,95.07091003492873,98.78274747474744,97.75842893224954,2.3972200119956795,2.07721165192935,2.0709468772519104,0.07444733350112669,37071249.09731251,34594973.882704146,0.02696383957041676,1.6055951284065686,0.772076426384646,0.6942273693203909,0.0,0.13317888955531554,0.14759824554864961,62.22325800467175,0.1838274078014494,,,,,0.21112809824955778,0.16761485484784153,0.27836820657412054,0.9787166666666667,0.013166666666666667,0.02125,0.9739833333333333,0.12967166666666666,0.0,0.0,0.07383882783882784,2079.607211514358,2568.2422891779306,77.8003362354177,84.25644560591937,0.021285714285714286,0.11079256796863568,0.7738333333333333,2.700651232039563e-08,0.0,,,0.024346868738004387,0.021896814475078803,0.0,0.14791652088755566,0.059634901984803416,0.021561446223403148,0.03839712612136737,0.03839712612136737,0.0,0.0,0.0,0.14791652089030818,0.44311829542291925,6.494520008599959e-05,0.9231666200693468,0.012734376798133077,0.04247261170903105,0.021561446223403148,,,,,,,,,,,6.494520008599959e-05,0.9231666200693468,0.012734376798133077,0.04247261170903105,0.021561446223403148,,,,,,
