intent,scenario,scheme,checkpoint_source_scheme,seed,env_seed,evaluation_seed,policy_seed,policy_fingerprint,evaluation_action_mode,training_steps,evaluation_steps,terminal_drain_steps,terminal_drain_auto_extend,terminal_drain_max_steps,terminal_drain_rng_replay_preserved,effective_environment_steps,terminal_drain_enabled,horizon_protocol,evaluation_action_sampling_seed,universal_training_reused,train_time_s,intent_name,episodes,intent_satisfaction_rate,soft_intent_compliance_score,soft_intent_compliance_p05,relaxed_intent_satisfaction_rate,intent_violation_rate,weighted_violation_mean,weighted_violation_p95,weighted_violation_cvar95,intent_regret_auc,positive_violation_mean,reliability_safety_margin_mean,reliability_safety_margin_p05,blocking_mean,blocking_p95,blocking_cvar95,interruption_mean,interruption_p95,interruption_cvar95,deadline_exposure_mean,deadline_exposure_cvar95,deadline_miss_proxy_mean,service_success_rate_mean,unfinished_rate_mean,right_censored_rate_mean,pending_after_deadline_rate_mean,measurement_service_success_rate_mean,measurement_deadline_exposure_mean,measurement_unfinished_rate_mean,measurement_right_censored_rate_mean,measurement_blocking_mean,measurement_throughput_mean_mbps,drain_added_completions_mean,drain_added_deadline_exposures_mean,drain_removed_unfinished_requests_mean,terminal_drain_requested_steps_mean,terminal_drain_actual_steps_mean,terminal_drain_actual_steps_max,terminal_drain_extension_steps_mean,terminal_drain_extension_steps_max,terminal_total_steps_mean,max_realized_device_deadline_steps_mean,max_realized_device_deadline_steps_max,measurement_rng_stream_preserved,request_conservation_error_max_abs,shield_override_rate_mean,delay_mean_ms,delay_p95_ms,delay_p99_ms,delay_cvar95_ms,throughput_mean_mbps,throughput_p05_mbps,throughput_cvar_low10_mbps,throughput_stability_cv,energy_eff_mean_bpj,energy_eff_p05_bpj,energy_per_mbit_j,energy_delay_product,fairness_mean,fairness_p05,fairness_deficit_mean,utilization_mean,utilization_p95,reward_mean,reward_stability_cv,qmax_terminal,qmax_oscillation_std,lambda_pressure_mean,lambda_terminal_pressure,action_entropy_norm,dynamic_violation_mean,dynamic_violation_step_cvar95,grant_like_action_rate,preempt_action_rate,deny_action_rate,feasibility_filter_active_rate,feasibility_filtered_action_fraction,shield_filter_active_rate,shield_filtered_action_fraction,shock_action_shift_l1,shock_throughput_bits_mean,pre_shock_throughput_bits_mean,shock_delay_ms_mean,pre_shock_delay_ms_mean,shock_block_rate,shock_interruption_rate,queue_load_mean,energy_per_delivered_bit_step,intent_switch_active,intent_action_shift_l1,intent_mode_shift_l1,counterfactual_intent_policy_l1,counterfactual_mode_policy_l1,counterfactual_argmax_change_rate,frozen_policy_entropy_norm,pre_mask_reject_probability,feasible_reject_probability,physical_infeasible_probability_mass,pre_mask_unsafe_probability_mass,shield_filtered_probability_mass,shield_filtered_raw_probability_mass,actual_shield_prevention_rate,stochastic_action_entropy,stochastic_action_entropy_nats,policy_mode_prob_defer,policy_mode_prob_grant,policy_mode_prob_protect,policy_mode_prob_coexist,policy_mode_prob_reject,intent_mode_prob__balanced_agentic__defer,intent_mode_prob__balanced_agentic__grant,intent_mode_prob__balanced_agentic__protect,intent_mode_prob__balanced_agentic__coexist,intent_mode_prob__balanced_agentic__reject,intent_mode_prob__reliability_first__defer,intent_mode_prob__reliability_first__grant,intent_mode_prob__reliability_first__protect,intent_mode_prob__reliability_first__coexist,intent_mode_prob__reliability_first__reject,intent_mode_prob__latency_critical__defer,intent_mode_prob__latency_critical__grant,intent_mode_prob__latency_critical__protect,intent_mode_prob__latency_critical__coexist,intent_mode_prob__latency_critical__reject,post_switch_violation_mean,switch_adaptation_time_steps,switch_adaptation_success,switch_pre_violation_reference,switch_post_violation_reference,switch_settling_band
balanced_agentic,nominal,SOTA-DQN,SOTA-DQN,11,471540437,1073362871,1897045420,a144a83bc4aeee469af0,greedy,150,300,0,0,0,0,300,0,150-step training / 300-step arrival window,1332386046,0,249.88632900011726,balanced_agentic,200,0.105,0.9673176570860216,0.9484714753331774,0.975,0.895,0.03342358853881636,0.051528524666822555,0.1131668725409053,6.684717707763271,0.03734479166348196,0.03952687722982247,-0.004751861042183618,0.020250702950980227,0.06475186104218354,0.09722020783397262,0.12407771447761652,0.14670396581733788,0.15257305741595814,0.7779639800026418,0.8928194597155852,0.26553333333333334,0.8078727489254142,0.17187654812360564,0.08114839273032215,0.09072815539328344,,,,,,,,,,,,,,,,,,,0.0,0.0,54.090909978972675,72.3588700850383,80.07454171934259,77.31514484876887,2.6685779119322386,2.401617939428086,2.3815349298495985,0.05833313940773224,26760861.717398934,24652189.28392963,0.037390242034553337,1.6191374049206846,0.6300163601213211,0.5779740500935966,0.0,0.14825432844067993,0.16151321169331256,71.26511074400415,0.15732706298068602,21.037564498790797,1.6697771622836517,,,0.704666114523383,0.04438213649612788,0.18137258070434467,0.9763499999999999,0.20126666666666665,0.008716666666666666,0.9959166666666667,0.16667416666666665,0.0,0.0,0.25865934065934065,2481.9960956837062,2769.045043758372,57.48176923729807,51.249446847818106,0.011523809523809523,0.10824606651091097,0.5868840277777778,3.7439953202581936e-08,0.0,,,,,,,,,,,,,,,,,,,,,,,,,,,,,,,,,,,,,,,,,
balanced_agentic,nominal,SOTA-DuelingDDQN,SOTA-DuelingDDQN,11,471540437,1073362871,1897045420,36bb440f00a6e6322d45,greedy,150,300,0,0,0,0,300,0,150-step training / 300-step arrival window,1332386046,0,219.88599530002102,balanced_agentic,200,0.13,0.972287640176297,0.9493938200280112,1.0,0.87,0.02771235982370303,0.05060617997198878,0.05390106114388946,5.5424719647406056,0.031853287153681645,0.04626119761312289,0.02290641786824993,0.013598550239784629,0.03709358213175005,0.04482409727768708,0.11117715925976626,0.13811832243160788,0.14990367142286062,0.7706636349624797,0.9012306282705206,0.2644333333333333,0.8270085001721248,0.15939294958809058,0.09303290204770058,0.06636004754039002,,,,,,,,,,,,,,,,,,,0.0,0.0,52.36244159679152,67.02407936507936,70.22460152931181,69.1258096731294,2.7219849078072995,2.4792634692376723,2.4513559400482796,0.05200079005312763,27236582.70952631,25835473.760378093,0.03673477739270757,1.570739875339372,0.6170990505447775,0.5574102476659983,5.8713053240019854e-05,0.15122138376707223,0.1624194217927988,81.29933849625917,0.11600922201353928,18.073743951493416,1.466430326008749,,,0.6914366427090787,0.03600761961295617,0.1458608873527647,0.9871166666666668,0.20953333333333332,0.006116666666666666,0.9932,0.16037749999999995,0.0,0.0,0.35931135531135533,2576.060973575637,2800.559333932042,55.79398003251772,49.247638031967654,0.00819047619047619,0.12275931535740572,0.5882979166666666,3.674712067654214e-08,0.0,,,,,,,,,,,,,,,,,,,,,,,,,,,,,,,,,,,,,,,,,
balanced_agentic,nominal,SOTA-DQN,SOTA-DQN,12,1729653623,2128646545,1621075116,f27b5c6814ebe53fd0cb,greedy,150,300,0,0,0,0,300,0,150-step training / 300-step arrival window,1702824011,0,245.8330148998648,balanced_agentic,200,0.005,0.9443470713635285,0.8766015136092142,0.91,0.995,0.05565292863647153,0.1233984863907855,0.16125228216200596,11.130585727294307,0.05593259159444375,0.01516887728443339,-0.026797353455818018,0.04480724340866093,0.08679735345581796,0.10162169831499783,0.11490832274820555,0.15249498244718634,0.1592123609195706,0.863779377222842,0.9398378776253095,0.28498333333333337,0.7803445587189836,0.17484819787235545,0.08926539534648194,0.0855828025258735,,,,,,,,,,,,,,,,,,,0.0,0.0,61.120394132616546,75.94449999999999,81.89980870902623,80.67237592055262,2.7443830439880736,2.4653177202184886,2.4286033125945976,0.0609846108360555,22330555.999208488,21375333.50453474,0.04480240030937774,2.254516459909293,0.591885596016491,0.5368177393073582,0.00010081962842017761,0.15246572466600408,0.1681450889742475,77.00920876480097,0.12230322772489122,36.76307042907266,1.5129705553321222,,,0.7071975050916623,0.06543787432334068,0.14846341648326447,0.9781333333333333,0.2309833333333333,0.019666666666666662,0.9919499999999999,0.15927166666666667,0.0,0.0,0.23354578754578753,2662.4575139146673,2788.4967909506777,63.8533127625258,57.97675068469441,0.01619047619047619,0.1237688673049513,0.6038562500000001,4.4810156533491703e-08,0.0,,,,,,,,,,,,,,,,,,,,,,,,,,,,,,,,,,,,,,,,,
balanced_agentic,nominal,SOTA-DuelingDDQN,SOTA-DuelingDDQN,12,1729653623,2128646545,1621075116,3197daafd08f55ec997a,greedy,150,300,0,0,0,0,300,0,150-step training / 300-step arrival window,1702824011,0,269.2047173001338,balanced_agentic,200,0.13,0.9643686296630412,0.9319609788359788,0.995,0.87,0.03563137033695873,0.06803902116402114,0.08719038598508111,7.126274067391745,0.0409555980884583,0.027138527457912474,-0.006805555555555554,0.031593737767806676,0.06680555555555551,0.07560917725976565,0.14190210844046938,0.1661729828700631,0.17817802726301557,0.8101660268938364,0.9241092341304968,0.27068333333333333,0.8217794502723234,0.1466268119598699,0.08735214183226038,0.059274670127609515,,,,,,,,,,,,,,,,,,,0.0,0.0,52.12745184346385,67.26869794322624,72.81175438596489,71.51944328492127,2.880507675737079,2.619948164023452,2.6162662120625626,0.052800493170132926,22008012.947211027,21029734.73162887,0.04548764375329875,2.0490390181209253,0.6085385668499661,0.5369148558754402,0.0,0.16002820420761552,0.17293870904418124,81.60678328559408,0.13083154432836466,25.581220696954166,1.5362637543233464,,,0.6840222929011808,0.040284871493994755,0.14966518600846324,0.9795999999999999,0.1758166666666667,0.014049999999999998,0.9940166666666667,0.16107083333333333,0.0,0.0,0.2384029304029304,2708.745159330987,2972.9951845711284,56.852736725188294,48.512772500392884,0.01361904761904762,0.15797494176085056,0.5803847222222223,4.548024547402252e-08,0.0,,,,,,,,,,,,,,,,,,,,,,,,,,,,,,,,,,,,,,,,,
balanced_agentic,nominal,SOTA-DQN,SOTA-DQN,13,1025721121,372372750,535536204,97af549cf8979e5e1f69,greedy,150,300,0,0,0,0,300,0,150-step training / 300-step arrival window,525245788,0,259.3066386000719,balanced_agentic,200,0.135,0.9691551362763939,0.9451211734693877,1.0,0.865,0.030844863723605974,0.05487882653061225,0.058417306114489656,6.168972744721195,0.03565880199260806,0.048261116570417366,0.024285714285714285,0.009962136130597257,0.03571428571428571,0.04131109616454222,0.12833737265036552,0.15959455460195324,0.1649818628976355,0.7908037320677295,0.9180912761607611,0.26538333333333336,0.8145094471017006,0.17552841676770206,0.10554711597199518,0.0699813007957069,,,,,,,,,,,,,,,,,,,0.0,0.0,50.7422876336968,64.63367045933417,68.01283185840707,66.9510097736784,2.7478788018118383,2.4928637695359765,2.4493441942035328,0.05962217469710837,24971863.07466447,23969379.618730605,0.04005665517806228,1.6755737701207067,0.6064910755078577,0.5404836781963053,2.306621315520119e-06,0.15265993343399104,0.16631677679725454,76.03172424963621,0.12115403264705552,36.881247820172995,1.7380368196514189,,,0.7488840587759347,0.03552133307690193,0.16090414318078705,0.9488333333333333,0.19950000000000004,0.004433333333333333,0.9929833333333334,0.15305416666666666,0.0,0.0,0.29710622710622714,2541.45469517134,2859.0302438490303,55.36291519053979,47.060842523239444,0.0044761904761904765,0.13191545933778764,0.5980645833333333,4.007166181936292e-08,0.0,,,,,,,,,,,,,,,,,,,,,,,,,,,,,,,,,,,,,,,,,
balanced_agentic,nominal,SOTA-DuelingDDQN,SOTA-DuelingDDQN,13,1025721121,372372750,535536204,11d0b87a48ed31102082,greedy,150,300,0,0,0,0,300,0,150-step training / 300-step arrival window,525245788,0,277.458694400033,balanced_agentic,200,0.025,0.9556307364652694,0.934056375480166,0.985,0.975,0.044369263534730495,0.06594362451983395,0.08903398393684596,8.8738527069461,0.045506936958697945,0.030382152290697403,-0.004339402427637717,0.029617847709302595,0.06433940242763769,0.07331690760881758,0.11107874598774849,0.13983898305084744,0.14495177578732693,0.8519307659180975,0.9318711577760471,0.28468333333333334,0.7592444230478347,0.21113772924286278,0.1037829911988996,0.10735473804396319,,,,,,,,,,,,,,,,,,,0.0,0.0,58.73019950967366,72.30856175091193,74.75595102040816,74.7752713028635,2.6078439672236526,2.374268840432992,2.3631962869738086,0.053781970366041876,24502967.591464754,23318308.698060155,0.040827096247734396,1.8759135768373913,0.586458464693808,0.528102820003081,0.00016138048408682464,0.14488022040131404,0.15771668030484937,66.16731645149905,0.15756873440934055,27.28821361405509,1.9599972712982776,,,0.7414581216296099,0.054356582778857125,0.1477938763781607,0.9641833333333334,0.28625,0.0131,0.9885166666666666,0.14717499999999997,0.0,0.0,0.4215824175824176,2531.003460333698,2649.2196247797833,61.252716253206614,56.0861204955831,0.010476190476190477,0.12866373976160156,0.6153541666666666,4.0848166841296426e-08,0.0,,,,,,,,,,,,,,,,,,,,,,,,,,,,,,,,,,,,,,,,,
balanced_agentic,nominal,SOTA-DQN,SOTA-DQN,14,1103526060,1905340783,1823775964,a36c07a532f6662ccc4d,greedy,150,300,0,0,0,0,300,0,150-step training / 300-step arrival window,361046798,0,258.4352931000758,balanced_agentic,200,0.0,0.9593920278971194,0.9468154587040455,1.0,1.0,0.04060797210288067,0.05318454129595435,0.0577121596415773,8.121594420576134,0.04060797210288067,0.04437181130326084,0.020288164482795357,0.015628188696739154,0.039711835517204634,0.04465672405727535,0.06470530415727786,0.0887320248736883,0.09342794899949322,0.8454671454302922,0.9114352734044262,0.2891,0.7491370802541304,0.23523473104913034,0.10807442505627045,0.12716030599285985,,,,,,,,,,,,,,,,,,,0.0,0.0,59.88543769260795,71.33571148376973,74.74887499999998,74.09992106465577,2.6555910921135797,2.4050075293938744,2.3812356144860636,0.0567636921254606,28899533.827611808,27398969.095805425,0.034612431410883666,1.6513373128812268,0.5893850809806842,0.5311092638425369,0.00010294214815283614,0.1475328384507544,0.1597804318236259,75.23458398911812,0.12094498954154129,40.035380072627504,1.6625632611351402,,,0.6549860821456238,0.045978836696852106,0.14645423287601034,0.9853666666666666,0.32413333333333333,0.00695,0.9936333333333335,0.15481416666666667,0.0,0.0,0.22491575091575094,2538.2339623194853,2718.7833927719385,61.709546878568716,57.08611864924686,0.007761904761904762,0.06960380646516709,0.6639027777777778,3.4640254035991276e-08,0.0,,,,,,,,,,,,,,,,,,,,,,,,,,,,,,,,,,,,,,,,,
balanced_agentic,nominal,SOTA-DuelingDDQN,SOTA-DuelingDDQN,14,1103526060,1905340783,1823775964,0964be62616634067177,greedy,150,300,0,0,0,0,300,0,150-step training / 300-step arrival window,361046798,0,234.9856014000252,balanced_agentic,200,0.325,0.9729088167932592,0.9102290974529346,0.965,0.675,0.028321105267095973,0.0897709025470653,0.17086709115587412,5.664221053419195,0.041957192988290336,0.027375651234867116,-0.015249999999999994,0.03259714467561761,0.07524999999999991,0.11303251371031971,0.12380916704189347,0.1522236680955297,0.16595926427506463,0.7238100920590533,0.9133658774025702,0.24858333333333335,0.8631324039278138,0.10427045139656858,0.0808126272410367,0.023457824155531853,,,,,,,,,,,,,,,,,,,0.0,0.0,49.31078929967529,61.76545363908275,68.77546289702322,65.28188039588285,2.9245362045848964,2.616371175209434,2.595257951469597,0.06123246036930322,27584316.577125836,26171122.5781231,0.03625262697331205,1.5684103275293046,0.625603632030336,0.5748392561427477,0.0,0.1624742335880498,0.17854058879998036,87.69485799771498,0.1270330884679756,29.981948500829386,1.8903593955759614,,,0.7224323696012896,0.03520171335861595,0.14997715638551387,0.9766333333333332,0.2712833333333333,0.014666666666666666,0.9926499999999998,0.1641325,0.0,0.0,0.22076923076923077,2731.161396392074,3028.661101304109,54.88408979126862,44.70156265201256,0.01419047619047619,0.1280128092611466,0.5490729166666667,3.62908441026286e-08,0.0,,,,,,,,,,,,,,,,,,,,,,,,,,,,,,,,,,,,,,,,,
balanced_agentic,nominal,SOTA-DQN,SOTA-DQN,15,1481178426,1997781942,1596015111,de30ef20f74e7e9e5916,greedy,150,300,0,0,0,0,300,0,150-step training / 300-step arrival window,1073916742,0,213.7251293999143,balanced_agentic,200,0.92,0.9986288370098536,0.9870284413434247,1.0,0.07999999999999996,0.0013711629901462994,0.012971558656575228,0.024233174258446594,0.27423259802925987,0.01713953737682874,0.05062370953343029,0.01737779983904415,0.000812628937072119,0.007761166482096711,0.008942393788592996,0.1380481998956916,0.18262220016095582,0.19244590156363459,0.40358288840107887,0.7894402271291449,0.13083333333333333,0.9399589338455179,0.05922843721741001,0.05646917115858008,0.002759266058829924,,,,,,,,,,,,,,,,,,,0.0,0.0,34.17870064374291,48.576983173076925,55.67993946946768,53.71260825431987,3.053922559190062,2.7171322186083993,2.7018441886462794,0.06541780830354435,27474104.948765058,25948693.403768305,0.036406099127398645,1.1400108123794908,0.6510972613809867,0.5952904756135855,0.0,0.16966236439944787,0.18877845413253105,110.86231071829323,0.10144897582819024,30.447714080273265,1.3951210888462888,,,0.7151683952010599,0.01898676767822416,0.13891541422007317,0.9590166666666667,0.18803333333333336,0.00035000000000000005,0.9896,0.17763500000000002,0.0,0.0,0.3383150183150183,2880.6459077132286,3147.2253715237416,37.61507266407376,31.126640646214323,0.00028571428571428574,0.15788198304664464,0.42025625000000005,3.6445755558231325e-08,0.0,,,,,,,,,,,,,,,,,,,,,,,,,,,,,,,,,,,,,,,,,
balanced_agentic,nominal,SOTA-DuelingDDQN,SOTA-DuelingDDQN,15,1481178426,1997781942,1596015111,9be9aef38e709cd2af0a,greedy,150,300,0,0,0,0,300,0,150-step training / 300-step arrival window,1073916742,0,226.10489610000513,balanced_agentic,200,0.795,0.994728927163601,0.9629568752683554,1.0,0.20499999999999996,0.00527107283639904,0.03704312473164449,0.04294442297445747,1.054214567279808,0.025712550421458726,0.057909701943578445,0.046568050038807464,0.0015828400270859737,0.007949518605256306,0.01363727560788935,0.11473349531981249,0.1423614253393665,0.15148286844087697,0.4945336920689307,0.8603258457713079,0.16549999999999998,0.8855996667974138,0.11281749317550027,0.09515696901125521,0.017660524164245062,,,,,,,,,,,,,,,,,,,0.0,0.0,37.99418544649273,48.77635688684076,57.59819226890756,53.27974983116919,2.9493143470794756,2.6204308826605103,2.597744121355104,0.06137191546648507,26656365.09867442,25157808.08445351,0.037531589467346006,1.2617009020848107,0.6317575729972537,0.5715948053870504,0.0,0.16385079705997085,0.17861029612280166,104.6658080819426,0.11382617998152868,20.92997642973779,1.725764043895159,,,0.7277483369582882,0.019193414369468222,0.14747518361452747,0.9710500000000001,0.28476666666666667,0.0007166666666666667,0.9888166666666666,0.15086166666666664,0.0,0.0,0.3335457875457875,2647.520714173021,3111.818610952182,41.75854035254917,34.570164311956425,0.0009047619047619048,0.10671491408350238,0.4891368055555556,3.755311888762584e-08,0.0,,,,,,,,,,,,,,,,,,,,,,,,,,,,,,,,,,,,,,,,,
balanced_agentic,congestion_burst,SOTA-DQN,SOTA-DQN,11,471540437,1073362871,1897045420,a144a83bc4aeee469af0,greedy,150,300,0,0,0,0,300,0,150-step training / 300-step arrival window,546558637,1,249.88632900011726,balanced_agentic,200,0.01,0.954704694552956,0.935417852988963,0.995,0.99,0.04529530544704403,0.064582147011037,0.07824543874426518,9.059061089408806,0.045752833784892956,0.041324811184368454,0.020670006088448552,0.017326256949274504,0.039329993911551446,0.05163623713912975,0.13900193847122952,0.16418932733592312,0.16796047141676426,0.8588148278137114,0.9210779159596638,0.3841166666666666,0.6207598379872168,0.36191390506350873,0.08260878552119202,0.2793051195423167,,,,,,,,,,,,,,,,,,,0.0,0.0,70.6049097695075,84.86912568306009,90.597662601626,88.11320870279496,3.0224168421794695,2.785922822535954,2.7722584430906765,0.04826554532272385,27964360.419940595,26818479.047212582,0.03576781479289804,2.2898283384009583,0.6173351247118596,0.5581965440092902,0.0,0.16791204678774832,0.17982664970778803,68.96533302080617,0.1511743789744945,21.037564498790797,1.6697771622836517,,,0.6980776606149613,0.05070553501550447,0.17749413446459206,0.9669166666666666,0.1513,0.010983333333333331,0.9962166666666668,0.16469499999999995,0.0,0.0,0.3006959706959707,2777.5091043782263,3154.2902394570615,61.10506304131945,74.67030802176258,0.01838095238095238,0.12173206459595518,0.7686083333333334,3.5782131577614135e-08,0.0,,,,,,,,,,,,,,,,,,,,,,,,,,,,,,,,,,,,,,,,,
balanced_agentic,congestion_burst,SOTA-DuelingDDQN,SOTA-DuelingDDQN,11,471540437,1073362871,1897045420,36bb440f00a6e6322d45,greedy,150,300,0,0,0,0,300,0,150-step training / 300-step arrival window,546558637,1,219.88599530002102,balanced_agentic,200,0.0,0.9479043959495759,0.9261265674755592,0.99,1.0,0.05209560405042403,0.07387343252444069,0.09385780123359526,10.419120810084806,0.05209560405042403,0.027784919665254194,0.0004678282343256923,0.031806263499867586,0.05953217176567428,0.07316714591743831,0.1338411224051413,0.16217905405405406,0.16777733298155545,0.8780838658797676,0.9319613856715891,0.3916666666666667,0.616448440323565,0.35174529617656747,0.07321425731565614,0.27853103886091124,,,,,,,,,,,,,,,,,,,0.0,0.0,65.91200563077075,77.45167904551201,83.50407079646017,81.66291724716268,3.014698904842435,2.7943189148684673,2.7783706507722203,0.04063225407572724,28049635.401472893,26932231.30522553,0.035673152877888185,2.126528560234937,0.5834561912167515,0.5357703910460762,3.445240010606671e-05,0.1674832724912464,0.17658476886777702,77.69845495867477,0.10223327964850248,18.073743951493416,1.466430326008749,,,0.6762205696149592,0.049716442281851084,0.1467463107474898,0.9746333333333332,0.13260000000000002,0.020116666666666668,0.9932000000000001,0.16349249999999999,0.0,0.0,0.2777509157509158,2892.376850331263,3080.564626502297,58.587441832327,69.35615361936635,0.036761904761904766,0.13937083249815022,0.7473895833333333,3.567164822844856e-08,0.0,,,,,,,,,,,,,,,,,,,,,,,,,,,,,,,,,,,,,,,,,
balanced_agentic,congestion_burst,SOTA-DQN,SOTA-DQN,12,1729653623,2128646545,1621075116,f27b5c6814ebe53fd0cb,greedy,150,300,0,0,0,0,300,0,150-step training / 300-step arrival window,2003409612,1,245.8330148998648,balanced_agentic,200,0.0,0.9142068959408464,0.8235085416002339,0.79,1.0,0.08592897362437095,0.17649145839976615,0.2028100458524043,17.18579472487419,0.08592897362437095,0.005931176119462828,-0.0360816475305267,0.05396474611034145,0.09608164753052668,0.10720882073560767,0.1386008569775819,0.16488325155722588,0.17213355405372727,0.9101904620111463,0.9549692151019034,0.39736666666666665,0.5586154725613952,0.3874197813282633,0.06918367084929275,0.31823611047897055,,,,,,,,,,,,,,,,,,,0.0,0.0,69.08918882800388,80.53784683684795,83.77801085568328,83.4038365511868,2.971970074259529,2.713132591959217,2.6945025471165964,0.05175489156643758,22077171.28920697,21255906.09071602,0.04529785497189233,2.790316180215537,0.5433360149656753,0.4945748789801412,0.0007854415751268556,0.16510944856997384,0.17800354315319097,75.2635020683835,0.12253260571590045,36.76307042907266,1.5129705553321222,,,0.7299126886023716,0.08487949334906446,0.15511541473883952,0.9661333333333333,0.22074999999999995,0.0338,0.9917666666666666,0.16157583333333328,0.0,0.0,0.18805860805860802,2876.3698173663247,3023.4471356635627,60.90616514498119,72.0724774640807,0.04761904761904763,0.1310593018692578,0.7427479166666666,4.5318285196879465e-08,0.0,,,,,,,,,,,,,,,,,,,,,,,,,,,,,,,,,,,,,,,,,
balanced_agentic,congestion_burst,SOTA-DuelingDDQN,SOTA-DuelingDDQN,12,1729653623,2128646545,1621075116,3197daafd08f55ec997a,greedy,150,300,0,0,0,0,300,0,150-step training / 300-step arrival window,2003409612,1,269.2047173001338,balanced_agentic,200,0.0,0.9376393058436588,0.8829167918988279,0.935,1.0,0.06236354024012991,0.11708320810117206,0.14478516672154942,12.472708048025982,0.06236354024012991,0.017160343343113102,-0.021233447362613105,0.03866465853356159,0.08123344736261309,0.09161376965657012,0.15995667432058944,0.18946261498545483,0.19526771869330392,0.8920147384781054,0.9407182244234333,0.3904666666666667,0.6084395323099694,0.352895809156469,0.07313414203442155,0.2797616671220475,,,,,,,,,,,,,,,,,,,0.0,0.0,61.09795990006508,70.62601062601063,71.97327742837177,72.56605936961822,3.1726611655318675,2.946435165133202,2.930359884757485,0.04376234229118052,21657681.31387723,20836805.965558447,0.04619608047760938,2.6864377761604734,0.5705897509715485,0.5247784090673259,8.214356070632978e-06,0.17625895364065933,0.18813926840867465,79.57769339776674,0.11832251416819209,25.581220696954166,1.5362637543233464,,,0.6748235735770478,0.05269362532311717,0.1492409933529472,0.97315,0.17543333333333333,0.023983333333333336,0.9944833333333334,0.16517166666666663,0.0,0.0,0.23263736263736262,3042.8763722475546,3242.5452849926514,53.324963309061914,64.54626991051157,0.03833333333333333,0.17334974677883122,0.7443000000000001,4.620089156041401e-08,0.0,,,,,,,,,,,,,,,,,,,,,,,,,,,,,,,,,,,,,,,,,
balanced_agentic,congestion_burst,SOTA-DQN,SOTA-DQN,13,1025721121,372372750,535536204,97af549cf8979e5e1f69,greedy,150,300,0,0,0,0,300,0,150-step training / 300-step arrival window,1279880031,1,259.3066386000719,balanced_agentic,200,0.005,0.9507131789504707,0.9327634240164975,1.0,0.995,0.04928682104952914,0.06723657598350252,0.07243933282637366,9.857364209905828,0.04953449351711472,0.03286314425937932,0.0110218956455838,0.020477618107527906,0.044957935746146455,0.05132074782901204,0.15440929122502814,0.18479299363057322,0.19194601424204444,0.872980233142323,0.9322107506758375,0.3836,0.6207672886116998,0.35875509328077226,0.08748203671083615,0.2712730565699361,,,,,,,,,,,,,,,,,,,0.0,0.0,58.72199396677632,68.77522522522521,71.90345135467979,71.18323837046823,3.127259282150433,2.890111952870817,2.8756173271935497,0.05053831367314988,25211377.77788869,24278356.21631172,0.039678561680102455,2.1859582344752413,0.5636047141625463,0.5161066148826293,9.001347027923379e-05,0.17373662678613513,0.18820374155032016,80.69801543136442,0.12104495603127141,36.881247820172995,1.7380368196514189,,,0.6733478481547815,0.04457011288789236,0.15642438086292226,0.9773666666666666,0.13776666666666665,0.012566666666666665,0.9932000000000001,0.15835249999999998,0.0,0.0,0.22563369963369964,3068.739749903276,3158.769799514286,52.601480479004316,61.90564504991802,0.021142857142857144,0.1606270948077979,0.7536861111111111,3.9684631169949543e-08,0.0,,,,,,,,,,,,,,,,,,,,,,,,,,,,,,,,,,,,,,,,,
balanced_agentic,congestion_burst,SOTA-DuelingDDQN,SOTA-DuelingDDQN,13,1025721121,372372750,535536204,11d0b87a48ed31102082,greedy,150,300,0,0,0,0,300,0,150-step training / 300-step arrival window,1279880031,1,277.458694400033,balanced_agentic,200,0.0,0.9137391680174499,0.8361211396103545,0.74,1.0,0.08634554583797162,0.16387886038964536,0.20172253403524287,17.269109167594323,0.08634554583797162,0.003761465089448676,-0.03784402491491685,0.05623853491055132,0.0978440249149168,0.11011540982409782,0.12235905242512647,0.14867770735304445,0.15446601117250908,0.9112810903256652,0.956157867007418,0.39574999999999994,0.567196352871061,0.3765651122183876,0.06781144674670499,0.30875366547168265,,,,,,,,,,,,,,,,,,,0.0,0.0,65.65930104685695,77.23264141414141,81.62130584192438,80.62417526559638,2.8869628882224316,2.674695917594031,2.668737534741682,0.048186679383337656,24598208.884904433,23490090.622014895,0.04066236137264633,2.3123379494952907,0.5471177255058857,0.5051494786383599,0.0004945189385676094,0.1603868271234684,0.1723675203245537,75.05494182766138,0.1277481498155535,27.28821361405509,1.9599972712982776,,,0.7411999306940222,0.07847432998208294,0.15708589042497867,0.9640666666666666,0.2574166666666667,0.034466666666666666,0.9909333333333333,0.15359333333333333,0.0,0.0,0.2790915750915751,2824.1016341989716,2920.8112557735253,57.64514872960013,69.01185750833318,0.05266666666666667,0.12628029657744902,0.7342631944444444,4.068054874186931e-08,0.0,,,,,,,,,,,,,,,,,,,,,,,,,,,,,,,,,,,,,,,,,
balanced_agentic,congestion_burst,SOTA-DQN,SOTA-DQN,14,1103526060,1905340783,1823775964,a36c07a532f6662ccc4d,greedy,150,300,0,0,0,0,300,0,150-step training / 300-step arrival window,501583040,1,258.4352931000758,balanced_agentic,200,0.0,0.939737406321641,0.9218890215899493,1.0,1.0,0.06026259367835883,0.07811097841005066,0.08270393042132265,12.052518735671766,0.06026259367835883,0.04257690576962709,0.022345137914913507,0.017423094230372905,0.037654862085086484,0.04428122038153359,0.07801702237960512,0.10138582460011031,0.1070849657907322,0.8792574722496602,0.9271948417539413,0.3907166666666667,0.559193182367849,0.4233837234017781,0.0941663537014082,0.3292173697003699,,,,,,,,,,,,,,,,,,,0.0,0.0,67.21392583465423,77.25213741779163,79.16845872274142,79.37863231785744,2.950155135939816,2.7199761605593658,2.7133165719835897,0.04772223739575814,28998551.556884967,27773247.135610737,0.034490738482744226,2.051766168987239,0.5557077442708888,0.5126492792290358,4.6363609157278605e-05,0.163897507552212,0.17601557778315569,82.31411233216791,0.09863211191547296,40.035380072627504,1.6625632611351402,,,0.6807000573636505,0.06114093661424316,0.1479605609500984,0.9877666666666667,0.31595,0.011000000000000001,0.9936833333333334,0.15678166666666665,0.0,0.0,0.24189743589743593,2880.582075602585,2987.61755304448,59.429312732443265,70.31936532420008,0.020380952380952378,0.0826520814883483,0.7961416666666667,3.4509960630823383e-08,0.0,,,,,,,,,,,,,,,,,,,,,,,,,,,,,,,,,,,,,,,,,
balanced_agentic,congestion_burst,SOTA-DuelingDDQN,SOTA-DuelingDDQN,14,1103526060,1905340783,1823775964,0964be62616634067177,greedy,150,300,0,0,0,0,300,0,150-step training / 300-step arrival window,501583040,1,234.9856014000252,balanced_agentic,200,0.01,0.9511019409446289,0.9216661622276029,0.97,0.99,0.048898059055371146,0.07833383777239698,0.10729850515498784,9.77961181107423,0.04939197884380923,0.018614374810713843,-0.012985119047619053,0.03862624735828272,0.07298511904761903,0.08151921481086258,0.15879322067553014,0.1887577607615894,0.19581569286110923,0.8674884088561321,0.9267012500687635,0.3873666666666667,0.6614184580814692,0.2999552945602481,0.07258027377452227,0.22737502078572583,,,,,,,,,,,,,,,,,,,0.0,0.0,62.6198445632739,71.65888440860215,74.77505681818178,74.01689962832944,3.3277918846037586,3.0832590622378513,3.0459221820775277,0.04731588985584306,28418220.880543098,27453411.395021725,0.03519707156963238,2.2003710864369497,0.593883270584177,0.5469248288529109,0.0,0.184877326922431,0.1986213203868161,84.88789464302414,0.11605288353910204,29.981948500829386,1.8903593955759614,,,0.6873657934751762,0.04225796629132013,0.1510332048955825,0.9719333333333333,0.18321666666666667,0.0242,0.9933833333333333,0.16579166666666667,0.0,0.0,0.20632967032967034,3204.478357946251,3394.1914758808775,55.30655104544676,65.66919984529731,0.022952380952380957,0.15995842042667857,0.7452506944444444,3.5206723946389e-08,0.0,,,,,,,,,,,,,,,,,,,,,,,,,,,,,,,,,,,,,,,,,
balanced_agentic,congestion_burst,SOTA-DQN,SOTA-DQN,15,1481178426,1997781942,1596015111,de30ef20f74e7e9e5916,greedy,150,300,0,0,0,0,300,0,150-step training / 300-step arrival window,1853986158,1,213.7251293999143,balanced_agentic,200,0.145,0.9734293362603181,0.9490095584485049,1.0,0.855,0.026570663739681994,0.050990441551494986,0.05539389540373925,5.314132747936399,0.03107679969553449,0.03130238562799193,0.001237433339787842,0.0060582179084639224,0.020539811066126845,0.025390236864421805,0.1674666423033667,0.19876256666021214,0.2088261544058338,0.7907081889528623,0.8949177998071475,0.3536333333333333,0.7555446272327637,0.23839715485877236,0.09776598354478871,0.14063117131398367,,,,,,,,,,,,,,,,,,,0.0,0.0,49.09267807548333,60.41016530699871,64.99876957494403,63.66948883771079,3.714201088031676,3.4827104695545827,3.4693070767287715,0.03852584354685038,28357979.174933955,27166334.414171055,0.03528107694664079,1.9299463001241903,0.5995516683186343,0.5536263977216859,0.0,0.20634450489064868,0.21904402150170316,110.01365539163373,0.09037085384870898,30.447714080273265,1.3951210888462888,,,0.6012133718467335,0.0255143879268545,0.14025042296381507,0.9916833333333334,0.09638333333333333,0.003933333333333333,0.9896,0.15694916666666664,0.0,0.0,0.262996336996337,3740.9558136747855,3699.7946973007706,42.38217038746381,52.01436939591862,0.003857142857142857,0.17611914759088507,0.720011111111111,3.528565708457563e-08,0.0,,,,,,,,,,,,,,,,,,,,,,,,,,,,,,,,,,,,,,,,,
balanced_agentic,congestion_burst,SOTA-DuelingDDQN,SOTA-DuelingDDQN,15,1481178426,1997781942,1596015111,9be9aef38e709cd2af0a,greedy,150,300,0,0,0,0,300,0,150-step training / 300-step arrival window,1853986158,1,226.10489610000513,balanced_agentic,200,0.14,0.9759883604794979,0.9519927536231884,1.0,0.86,0.024011639520502105,0.048007246376811606,0.05043145813129401,4.802327904100421,0.027920511070351286,0.049798739379237435,0.029984848484848482,0.008368423205971157,0.02441451280184443,0.03203660532829052,0.13184468477138886,0.1623969606262952,0.16844711964291015,0.7822356037836223,0.8882774436901643,0.34898333333333326,0.6995787372715901,0.29205283952243866,0.10361186412743663,0.18844097539500204,,,,,,,,,,,,,,,,,,,0.0,0.0,47.536780660664114,55.39815104166666,58.587464951027464,56.9416938844809,3.4692249712715357,3.2204502147098033,3.2010863466674557,0.044189954850275694,27199462.731353678,25975749.03857491,0.03677390043739437,1.8193790142325494,0.5820542542502085,0.543737586444722,0.0,0.19273472062619643,0.2069664689129363,109.88732508544217,0.08898077132141204,20.92997642973779,1.725764043895159,,,0.7005718383627384,0.023446873510187673,0.14554396296693028,0.9875999999999999,0.23826666666666668,0.0053,0.9913333333333334,0.1553675,0.0,0.0,0.2898754578754579,3523.2966998032202,3440.109425139091,41.91531279797826,50.55635638482812,0.012619047619047618,0.1459221057835363,0.7214777777777778,3.679036613580261e-08,0.0,,,,,,,,,,,,,,,,,,,,,,,,,,,,,,,,,,,,,,,,,
balanced_agentic,mixed_stress,SOTA-DQN,SOTA-DQN,11,471540437,1073362871,1897045420,a144a83bc4aeee469af0,greedy,150,300,0,0,0,0,300,0,150-step training / 300-step arrival window,982698968,1,249.88632900011726,balanced_agentic,200,0.0,0.9159963643900148,0.8953585315112383,0.9,1.0,0.08400363560998514,0.10464146848876162,0.12601094932498705,16.800727121997028,0.08400363560998514,0.028200069598186044,0.0028563816290281653,0.02759813102938975,0.05644688644688643,0.06915095303498664,0.154321694474342,0.18276681497746444,0.18881216295364753,0.8981024301630175,0.9374347793373818,0.4214,0.4919841934886429,0.4804176754819673,0.06188249295150774,0.41853518253045946,,,,,,,,,,,,,,,,,,,0.0,0.0,87.00159618416077,97.5512996941896,102.29582312486565,101.08437145120175,2.77770680718319,2.5380274238401994,2.524470713309964,0.051743778863720495,27756510.026143562,26405682.552773397,0.03603020198805283,2.6121708286926606,0.6008656154000662,0.5565875350113036,2.088435093831442e-05,0.15431704484351058,0.16781461237412149,84.8859317724117,0.13256487071307568,21.037564498790797,1.6697771622836517,,,0.7974500789309047,0.0851472207820557,0.18554955063502454,0.9075333333333333,0.17386666666666667,0.0198,0.9963500000000001,0.16600583333333332,0.0,0.0,0.8737802197802199,1664.808390137827,3376.9598009768483,77.87352701412036,88.42686856991205,0.03528571428571428,0.1630986577849746,0.7565555555555556,3.605544249225119e-08,0.0,,,,,,,,,,,,,,,,,,,,,,,,,,,,,,,,,,,,,,,,,
balanced_agentic,mixed_stress,SOTA-DuelingDDQN,SOTA-DuelingDDQN,11,471540437,1073362871,1897045420,36bb440f00a6e6322d45,greedy,150,300,0,0,0,0,300,0,150-step training / 300-step arrival window,982698968,1,219.88599530002102,balanced_agentic,200,0.0,0.9079615698801526,0.8543336965629962,0.76,1.0,0.09203843011984734,0.14566630343700376,0.1700750272765546,18.407686023969468,0.09203843011984734,0.013108915420273143,-0.016352914997774817,0.04689108457972685,0.07635291499777476,0.08893372996915438,0.1073570138059032,0.13569162099030965,0.14536785756451967,0.9084990054293164,0.9505921776560669,0.42578333333333335,0.4973702309434527,0.45573868447682037,0.046664629961489935,0.4090740545153305,,,,,,,,,,,,,,,,,,,0.0,0.0,84.39457001568553,93.8614010989011,97.44288461538461,95.9709531098649,2.7656785680613876,2.5428466833763395,2.5243005564246124,0.04540226762127398,30812624.116930343,29198563.3781829,0.032484652407548595,2.274655795717994,0.5923097862718201,0.5376318773378838,0.0,0.15364880933674377,0.16466009537710483,113.10823679745744,0.08330931885270022,18.073743951493416,1.466430326008749,,,0.6014771173160719,0.07841585969675471,0.15228480755935334,0.9609000000000001,0.06843333333333333,0.03351666666666667,0.9929666666666667,0.1589758333333333,0.0,0.0,0.6691794871794872,1980.67506155479,3188.372763872633,85.54522627792865,83.46545326106882,0.06057142857142857,0.08618685225085017,0.7160520833333334,3.24844139273879e-08,0.0,,,,,,,,,,,,,,,,,,,,,,,,,,,,,,,,,,,,,,,,,
balanced_agentic,mixed_stress,SOTA-DQN,SOTA-DQN,12,1729653623,2128646545,1621075116,f27b5c6814ebe53fd0cb,greedy,150,300,0,0,0,0,300,0,150-step training / 300-step arrival window,270404651,1,245.8330148998648,balanced_agentic,200,0.0,0.8893987817353005,0.850008334906976,0.32,1.0,0.11060121826469946,0.14999166509302383,0.1807625120428964,22.12024365293989,0.11060121826469946,0.012590612392503371,-0.018179146039603963,0.04739660966621569,0.07817914603960394,0.08893013190137256,0.12736782868163704,0.15385426809477443,0.16089659457115285,0.9282230792003269,0.9616680320416393,0.42436666666666667,0.4473123946390757,0.5052909956947085,0.050341890095757874,0.45494910559895063,,,,,,,,,,,,,,,,,,,0.0,0.0,88.39746931955973,98.2906606942889,100.6883830455259,100.1334012917682,2.6787920429441527,2.451932940605192,2.4393204187877897,0.05095930697045322,22471994.375640668,21496195.631777044,0.0445172508932965,3.1624846350587097,0.5536490603130552,0.5096761869816238,0.0003207347112128223,0.148821780163564,0.16068389697270608,100.46198576136202,0.09254768302259359,36.76307042907266,1.5129705553321222,,,0.7175207474582821,0.1072646949132421,0.16493780147671194,0.96685,0.24228333333333332,0.03296666666666667,0.9924333333333334,0.16134583333333333,0.0,0.0,0.6561904761904762,1785.828993880583,3159.6183001322283,83.37030005057237,87.96952025244565,0.03776190476190477,0.1262782486476429,0.7366631944444444,4.4535896021808924e-08,0.0,,,,,,,,,,,,,,,,,,,,,,,,,,,,,,,,,,,,,,,,,
balanced_agentic,mixed_stress,SOTA-DuelingDDQN,SOTA-DuelingDDQN,12,1729653623,2128646545,1621075116,3197daafd08f55ec997a,greedy,150,300,0,0,0,0,300,0,150-step training / 300-step arrival window,270404651,1,269.2047173001338,balanced_agentic,200,0.0,0.9097997045532474,0.8864849376290445,0.775,1.0,0.0902002954467524,0.11351506237095546,0.14175783220047505,18.04005908935048,0.0902002954467524,0.019539095872610088,-0.0063691020875035614,0.03840545155201567,0.06420282303902988,0.07940998107071517,0.1559741987534477,0.18821625008702916,0.19466157410547863,0.912879736649797,0.9548143883329058,0.42155000000000004,0.4889671298949942,0.4726274185529901,0.052131815451176754,0.42049560310181344,,,,,,,,,,,,,,,,,,,0.0,0.0,82.72820283909984,92.7117628550881,95.7064613095238,94.63032125142043,2.887522421806241,2.6658067757972526,2.644790539655928,0.047555905039034695,22491880.249023706,21272224.088835966,0.04448016160900669,3.187620171473935,0.5770930789147412,0.5344493053811413,7.302875676197806e-06,0.16041791232256894,0.17200971400135484,101.09193450986142,0.11155616793555873,25.581220696954166,1.5362637543233464,,,0.7264157394039832,0.08008896626039014,0.15392995053362102,0.9624333333333333,0.17134999999999997,0.026799999999999997,0.9939500000000001,0.16202166666666662,0.0,0.0,0.8015238095238095,1825.7940172313836,3459.2223319619334,75.81544214848496,83.09513434888933,0.03761904761904762,0.17233599336351665,0.7389423611111112,4.45066638687559e-08,0.0,,,,,,,,,,,,,,,,,,,,,,,,,,,,,,,,,,,,,,,,,
balanced_agentic,mixed_stress,SOTA-DQN,SOTA-DQN,13,1025721121,372372750,535536204,97af549cf8979e5e1f69,greedy,150,300,0,0,0,0,300,0,150-step training / 300-step arrival window,630784621,1,259.3066386000719,balanced_agentic,200,0.0,0.9227780840496106,0.9027971697192285,0.975,1.0,0.0772219159503893,0.09720283028077137,0.10081271120699216,15.44438319007786,0.0772219159503893,0.0381637550335116,0.01963216579808508,0.019337898882330305,0.03922534531053801,0.04264992435352849,0.1376294330186422,0.17132460052862378,0.1765761375515167,0.8961118845188804,0.9422959646814666,0.41373333333333334,0.5100510055563223,0.4706110955613474,0.061613463651332065,0.40899763191001526,,,,,,,,,,,,,,,,,,,0.0,0.0,80.34898468567891,90.5744221947777,95.05359034267912,93.77109921716638,2.8852872220607857,2.6981709077275218,2.6886874922220767,0.04187767876831753,26809665.88816745,25290174.770127293,0.03733007559845634,2.5962682946703737,0.5809499212711505,0.5351961672604231,0.0,0.16029373455893256,0.1717885721506929,111.65657317217386,0.09673835552006291,36.881247820172995,1.7380368196514189,,,0.6441828127105118,0.07160690871360191,0.15984971284641852,0.9774166666666666,0.11868333333333332,0.013366666666666664,0.9926833333333334,0.15570083333333332,0.0,0.0,0.6162564102564103,1990.2633872358929,3367.223133120343,81.73264720863752,79.6743100932036,0.02033333333333333,0.1454127715082187,0.7583472222222223,3.7340866456307535e-08,0.0,,,,,,,,,,,,,,,,,,,,,,,,,,,,,,,,,,,,,,,,,
balanced_agentic,mixed_stress,SOTA-DuelingDDQN,SOTA-DuelingDDQN,13,1025721121,372372750,535536204,11d0b87a48ed31102082,greedy,150,300,0,0,0,0,300,0,150-step training / 300-step arrival window,630784621,1,277.458694400033,balanced_agentic,200,0.0,0.8931109802790721,0.8701865821154083,0.295,1.0,0.10688901972092775,0.12981341788459155,0.14049261580076466,21.37780394418555,0.10688901972092775,0.02504148374378751,-0.0025000000000000022,0.03455587725593511,0.0625,0.0679532453327204,0.12907630913233958,0.15970770861729514,0.16901875854607268,0.9225352862590569,0.9605321652080157,0.4263666666666667,0.43735409273878945,0.5280900300052754,0.05976110924740257,0.46832892075787286,,,,,,,,,,,,,,,,,,,0.0,0.0,83.8275566497237,94.56996927803378,97.21832263242375,96.60599449231347,2.5600719640326077,2.377012734571528,2.369236337821235,0.045326037072392494,23461604.987325095,22275869.504155274,0.04264483806677985,2.7455332379441613,0.5411308407702092,0.4935472447424987,0.0010017759436974022,0.14222622022403375,0.15356728145468748,86.82354584670082,0.12161339257506948,27.28821361405509,1.9599972712982776,,,0.7084862004783219,0.09912559838272214,0.15748179430642273,0.9747166666666667,0.3883333333333333,0.023950000000000006,0.9909333333333333,0.1528108333333333,0.0,0.0,0.4718681318681318,1724.124658283815,3010.197436358881,75.81841628498545,84.62699219169542,0.025285714285714286,0.17569025663146276,0.7626506944444444,4.266048197238721e-08,0.0,,,,,,,,,,,,,,,,,,,,,,,,,,,,,,,,,,,,,,,,,
balanced_agentic,mixed_stress,SOTA-DQN,SOTA-DQN,14,1103526060,1905340783,1823775964,a36c07a532f6662ccc4d,greedy,150,300,0,0,0,0,300,0,150-step training / 300-step arrival window,955564766,1,258.4352931000758,balanced_agentic,200,0.0,0.9067766136548188,0.8873502145321508,0.71,1.0,0.0932233863451812,0.11264978546784918,0.1185530637374376,18.64467726903624,0.0932233863451812,0.043193649458608076,0.024427350427350426,0.016806350541391922,0.035572649572649565,0.04163442918063173,0.09998509636558608,0.12386028260966775,0.1323690786428599,0.9055365922183997,0.951385507021862,0.42369999999999997,0.4611640304016734,0.5220296190569347,0.07029061444605367,0.45173900461088096,,,,,,,,,,,,,,,,,,,0.0,0.0,85.48875263167162,94.85046296296296,98.14866515837103,97.1149151105615,2.741555120050686,2.506280366879119,2.48567374325159,0.05022556961556818,28534743.82069972,26948616.55070099,0.03505799568595622,2.4649851102738487,0.5583639352102164,0.5164448438467061,4.8390811636121467e-05,0.15230861778059362,0.16581215304503308,101.75943075956302,0.10481028796969348,40.035380072627504,1.6625632611351402,,,0.6778031448580323,0.0895424477265687,0.15271469639408342,0.9869666666666665,0.35076666666666667,0.011783333333333333,0.9934999999999999,0.15675499999999998,0.0,0.0,0.48804395604395606,1815.1998127721592,3240.361823969892,77.9175499155393,85.89793525307039,0.01876190476190476,0.12913506663685173,0.7974451388888889,3.5084315312781e-08,0.0,,,,,,,,,,,,,,,,,,,,,,,,,,,,,,,,,,,,,,,,,
balanced_agentic,mixed_stress,SOTA-DuelingDDQN,SOTA-DuelingDDQN,14,1103526060,1905340783,1823775964,0964be62616634067177,greedy,150,300,0,0,0,0,300,0,150-step training / 300-step arrival window,955564766,1,234.9856014000252,balanced_agentic,200,0.0,0.9163288017670581,0.8614260235862531,0.825,1.0,0.08367119823294175,0.13857397641374689,0.16738409994529777,16.73423964658835,0.08367119823294175,0.004616030153403673,-0.026553495797224207,0.05088406198759569,0.0843689320388349,0.0954913389412318,0.16912046625351174,0.20775241335654376,0.2145507844537812,0.9003379668509646,0.9494293496328778,0.42105,0.5322038728543065,0.4169120651580978,0.052445390868287846,0.36446667428981,,,,,,,,,,,,,,,,,,,0.0,0.0,80.68151633046739,89.92879446640316,98.44957896461337,94.80469805628559,3.0555591941159084,2.8556690591623237,2.8441778404108105,0.03840868238618931,30002882.060199834,28595275.56268243,0.03334589317382459,2.466200392688256,0.5973814664957565,0.5529428779087698,1.3335245083875292e-05,0.16975328856199487,0.18077544719569902,112.21222774522624,0.10788541784520463,29.981948500829386,1.8903593955759614,,,0.6966020716325153,0.07180653245763315,0.15240296791822636,0.9616499999999999,0.13558333333333333,0.03568333333333333,0.9924666666666667,0.16407666666666665,0.0,0.0,0.6839120879120878,2124.4834086162487,3556.9076940003406,81.90744276830159,79.48948958062023,0.0678095238095238,0.22653542709743385,0.7276493055555556,3.335839926266388e-08,0.0,,,,,,,,,,,,,,,,,,,,,,,,,,,,,,,,,,,,,,,,,
balanced_agentic,mixed_stress,SOTA-DQN,SOTA-DQN,15,1481178426,1997781942,1596015111,de30ef20f74e7e9e5916,greedy,150,300,0,0,0,0,300,0,150-step training / 300-step arrival window,615353400,1,213.7251293999143,balanced_agentic,200,0.0,0.9527983189034879,0.9247176948635057,1.0,1.0,0.047201681096511974,0.07528230513649425,0.08051620558232754,9.440336219302395,0.047201681096511974,0.043054464707149936,0.022765299195034432,0.011369487847694173,0.027285237698081728,0.03145001908553879,0.14377885945520155,0.17696646635320543,0.18657236171655994,0.8548387792959405,0.9237635213591737,0.3980666666666666,0.5934587535577609,0.3951717585945449,0.06737518544507523,0.32779657314946964,,,,,,,,,,,,,,,,,,,0.0,0.0,72.58134043953547,82.85105436457896,88.67193548387097,86.34350949840764,3.342017885516057,3.1059110293241616,3.1025521397753026,0.043251694570841485,29361183.27175488,27998071.925943885,0.03407775030219775,2.479852930424973,0.5910087044401677,0.5493284864665209,0.0,0.18566766030644757,0.1989608311580045,138.9500491439986,0.09718065183436062,30.447714080273265,1.3951210888462888,,,0.6230645796717863,0.049424672308667,0.1401335220167408,0.9894999999999999,0.13615,0.007966666666666667,0.9893000000000001,0.1555383333333333,0.0,0.0,0.6781904761904761,2326.411085565558,3888.8830854894036,67.46141914674587,72.86109941807862,0.00661904761904762,0.1371908717226604,0.7461631944444446,3.4090735335149353e-08,0.0,,,,,,,,,,,,,,,,,,,,,,,,,,,,,,,,,,,,,,,,,
balanced_agentic,mixed_stress,SOTA-DuelingDDQN,SOTA-DuelingDDQN,15,1481178426,1997781942,1596015111,9be9aef38e709cd2af0a,greedy,150,300,0,0,0,0,300,0,150-step training / 300-step arrival window,615353400,1,226.10489610000513,balanced_agentic,200,0.0,0.9505609414004573,0.9208249296221986,1.0,1.0,0.04943905859954263,0.07917507037780144,0.0837654995059102,9.887811719908527,0.04943905859954263,0.03970991093014937,0.019703640668935925,0.013583251295555107,0.030843826751393705,0.034005314581556124,0.15128769160687308,0.18029635933106408,0.18903730665151489,0.8489262983161797,0.9222474286913245,0.39711666666666673,0.5713091867109292,0.4151075619935156,0.07132635537285932,0.34378120662065625,,,,,,,,,,,,,,,,,,,0.0,0.0,70.35382294564242,78.05186638388123,80.24348290598289,80.37757718027277,3.2466709387253,2.9820543540985556,2.9724356498289874,0.0486598706128431,28841475.809928313,27405675.271221403,0.03467902547429742,2.3763702925675267,0.5791606849361233,0.5385625693691725,0.0,0.1803706077069611,0.19555830729789164,131.64887703382712,0.10046434811567641,20.92997642973779,1.725764043895159,,,0.628919662656783,0.05062672181063386,0.14724206707373483,0.9852666666666667,0.13001666666666667,0.009683333333333332,0.9911333333333334,0.15946999999999997,0.0,0.0,0.7036263736263737,2208.8447243372048,3805.5004387804297,65.94862824970124,71.27051817768962,0.019095238095238096,0.21849595615203085,0.7386333333333335,3.470309701571554e-08,0.0,,,,,,,,,,,,,,,,,,,,,,,,,,,,,,,,,,,,,,,,,
reliability_first,nominal,SOTA-DQN,SOTA-DQN,11,471540437,1073362871,1897045420,a144a83bc4aeee469af0,greedy,150,300,0,0,0,0,300,0,150-step training / 300-step arrival window,377296230,1,249.88632900011726,reliability_first,200,0.08,0.9593404735472086,0.8115942028985508,0.88,0.92,0.04649814472933578,0.19683857005264946,0.3081614075850069,9.299628945867155,0.0505414616623215,0.010381180583535378,-0.030357889237199585,0.01887037928505217,0.06035788923719958,0.07855927082975903,0.12125531297736745,0.14471524186597717,0.14785961973385514,0.7688818189165484,0.8913784579385224,0.2611833333333333,0.8032191683737517,0.1779104523411962,0.08356779825119379,0.09434265409000243,,,,,,,,,,,,,,,,,,,0.0,0.0,53.89696370474978,72.94601146601144,79.39932692307693,77.01657627780322,2.6296436661918254,2.4062340933775257,2.387141791173347,0.05074442846571459,26748035.621324085,24443580.75344914,0.03742708452023563,1.5913600647619723,0.634501044443281,0.575043620064237,0.0,0.14609131478843473,0.15652297185600256,70.5452430204556,0.1652724197207425,21.037564498790797,1.6697771622836517,,,0.7141816086194218,0.0626895846950701,0.2670633469422388,0.9721833333333333,0.2098833333333333,0.008100000000000001,0.9960166666666666,0.16746,0.0,0.0,0.2837948717948718,2433.354511339224,2735.3378264970725,56.19687988471085,51.68000656215734,0.010190476190476189,0.10247802655187277,0.5839229166666666,3.746104910541733e-08,0.0,,,,,,,,,,,,,,,,,,,,,,,,,,,,,,,,,,,,,,,,,
reliability_first,nominal,SOTA-DuelingDDQN,SOTA-DuelingDDQN,11,471540437,1073362871,1897045420,36bb440f00a6e6322d45,greedy,150,300,0,0,0,0,300,0,150-step training / 300-step arrival window,377296230,1,219.88599530002102,reliability_first,200,0.14,0.9713424450837859,0.9244457144064312,0.965,0.86,0.029347346632377983,0.07555428559356875,0.1416416173810622,5.869469326475596,0.03412482166555579,0.012785906566450334,-0.007622682660850599,0.017072777705760874,0.03762268266085059,0.04767128789490373,0.10999409366245631,0.13449767983158392,0.13954820495103662,0.7990606405747016,0.9084501998177311,0.27175,0.8196197271301103,0.16330749516412868,0.09144585525843003,0.07186163990569866,,,,,,,,,,,,,,,,,,,0.0,0.0,54.12908657647369,68.25029159519725,71.01814881704894,70.2671744276056,2.718522805869968,2.5137683431262587,2.5016326127884803,0.049303458678205375,27087514.492896654,25738836.766060047,0.0369289651318862,1.6302419762469205,0.6155739517221882,0.554127022711205,0.0,0.15102904477055376,0.164240291133997,79.94299177775389,0.1121407151423557,18.073743951493416,1.466430326008749,,,0.705202533826968,0.03496259144826828,0.1474106641766107,0.9852833333333334,0.23585,0.007683333333333333,0.9927833333333334,0.15901833333333332,0.0,0.0,0.37968498168498166,2584.474770889305,2790.702517013402,57.980069245430535,50.42539528110663,0.007761904761904762,0.11957915980675404,0.5994319444444445,3.694658472419199e-08,0.0,,,,,,,,,,,,,,,,,,,,,,,,,,,,,,,,,,,,,,,,,
reliability_first,nominal,SOTA-DQN,SOTA-DQN,12,1729653623,2128646545,1621075116,f27b5c6814ebe53fd0cb,greedy,150,300,0,0,0,0,300,0,150-step training / 300-step arrival window,1300659026,1,245.8330148998648,reliability_first,200,0.025,0.894134175447363,0.770192419893113,0.55,0.975,0.11827119602140151,0.32619201315238927,0.3899705291996435,23.6542392042803,0.12130379079118103,-0.010593892825077141,-0.04692307692307693,0.04042560496615758,0.07692307692307693,0.08469982896997429,0.1155930021842272,0.1489213712496155,0.15870266413538073,0.8592235275521638,0.9349063839583099,0.28635,0.7782413497835537,0.1813330452502887,0.0912183487393195,0.09011469651096919,,,,,,,,,,,,,,,,,,,0.0,0.0,60.37182240939464,74.13084112149532,80.62950485436892,77.3626625060853,2.7654258499678064,2.5114977634365765,2.4830674279604663,0.05934674619029712,22571117.299951993,21630707.55531902,0.04432408075378024,2.2200220914079147,0.5923714228253882,0.5369136778235956,6.90170843128829e-05,0.15363476944265592,0.16891739535288527,78.14183553513705,0.10651941595451675,36.76307042907266,1.5129705553321222,,,0.6920471446468562,0.112938068899286,0.21910620136259332,0.9807166666666666,0.20561666666666667,0.018033333333333332,0.99155,0.1592658333333333,0.0,0.0,0.2361025641025641,2681.318431257965,2810.7144600423358,63.0290466565997,57.087128835173935,0.014428571428571428,0.12375735739878585,0.6107111111111111,4.4333781226974394e-08,0.0,,,,,,,,,,,,,,,,,,,,,,,,,,,,,,,,,,,,,,,,,
reliability_first,nominal,SOTA-DuelingDDQN,SOTA-DuelingDDQN,12,1729653623,2128646545,1621075116,3197daafd08f55ec997a,greedy,150,300,0,0,0,0,300,0,150-step training / 300-step arrival window,1300659026,1,269.2047173001338,reliability_first,200,0.1,0.9336589878960592,0.7842085450781103,0.755,0.9,0.07064255355333136,0.22418578936415648,0.3132199805407122,14.128510710666273,0.07849172617036818,-0.004278555216833629,-0.031162120322425664,0.029769712151533775,0.06087952207102555,0.07355649250518992,0.14539844747084035,0.17498409687276362,0.18133729251339195,0.8055642030041654,0.9256588336914009,0.27015,0.8243514103252251,0.14587887752324102,0.08849041538392925,0.05738846213931179,,,,,,,,,,,,,,,,,,,0.0,0.0,52.19938828821947,66.87181219681219,70.3054252417555,69.5216936997316,2.8799778098372655,2.6139732016866164,2.607285971907544,0.05506538748204852,21817016.73032875,20880558.528701354,0.04587441345145541,2.06893255961552,0.6080865665308407,0.5498669350184524,0.0,0.1599987672131814,0.17430104323052292,79.9919860360908,0.13175028285993032,25.581220696954166,1.5362637543233464,,,0.6842528851188965,0.05061286527254032,0.1820550669437452,0.9813333333333333,0.19268333333333335,0.013133333333333335,0.9942166666666669,0.16150916666666668,0.0,0.0,0.23849816849816846,2684.5227402403984,2985.2228473125015,58.0825395276937,48.02248431967134,0.014238095238095239,0.16119073054367342,0.5760624999999999,4.58709896550709e-08,0.0,,,,,,,,,,,,,,,,,,,,,,,,,,,,,,,,,,,,,,,,,
reliability_first,nominal,SOTA-DQN,SOTA-DQN,13,1025721121,372372750,535536204,97af549cf8979e5e1f69,greedy,150,300,0,0,0,0,300,0,150-step training / 300-step arrival window,1186372877,1,259.3066386000719,reliability_first,200,0.17,0.9738434047231489,0.9430932523322998,0.97,0.83,0.026515463461806284,0.05690674766770025,0.13435790273972656,5.303092692361257,0.03194634152024853,0.016934907769653916,-0.00764598891833293,0.00903603205363894,0.03083076923076921,0.04543673403648059,0.12453457614220412,0.15922588647307748,0.1680262055500159,0.7868673553747115,0.9043928843207956,0.26511666666666667,0.8143750628391522,0.17658890510720895,0.11190753160285023,0.0646813735043587,,,,,,,,,,,,,,,,,,,0.0,0.0,50.99275023798726,64.01491160972292,70.31424715113022,67.5444035370278,2.7520496569113084,2.479789687383943,2.4701305849968835,0.05656945892891918,25156977.604163572,24024219.48200958,0.039762505367017455,1.6740163566406303,0.6067210295639065,0.5546425393024451,0.0,0.1528916476061838,0.16641681347063078,77.15060461122187,0.12923984164165153,36.881247820172995,1.7380368196514189,,,0.7489795373538172,0.03317893931149837,0.17623405458587627,0.9507499999999999,0.20576666666666668,0.004016666666666667,0.9926333333333334,0.15331416666666667,0.0,0.0,0.32295970695970694,2551.7506726061333,2859.902956152556,55.37442014730375,47.25871504329889,0.0041904761904761915,0.13258186684418058,0.5970451388888889,3.97764933821908e-08,0.0,,,,,,,,,,,,,,,,,,,,,,,,,,,,,,,,,,,,,,,,,
reliability_first,nominal,SOTA-DuelingDDQN,SOTA-DuelingDDQN,13,1025721121,372372750,535536204,11d0b87a48ed31102082,greedy,150,300,0,0,0,0,300,0,150-step training / 300-step arrival window,1186372877,1,277.458694400033,reliability_first,200,0.03,0.9387694840346202,0.8105526229940584,0.825,0.97,0.06318536779711048,0.18944737700594144,0.2500100783845786,12.637073559422097,0.06513955443001081,0.003118061286406721,-0.024711745689655173,0.026660823548376403,0.054711745689655165,0.0639412604751814,0.10892691848324883,0.13703319502074687,0.14597359702551232,0.8525150507075352,0.9238810409127126,0.2846,0.7513478385344619,0.22199133791716189,0.10743731355185111,0.11455402436531074,,,,,,,,,,,,,,,,,,,0.0,0.0,59.350845399205106,72.81272586187784,77.59099999999998,76.41182656662423,2.5749103754333977,2.3068688953567125,2.2983643936077707,0.06018068963990287,24214963.9423909,22962683.542080242,0.041315108238217615,1.8941709696519267,0.5841445851923222,0.531615233007981,0.0001135020815946819,0.14305057641296653,0.15680808590404935,60.59367513284496,0.19084716390821072,27.28821361405509,1.9599972712982776,,,0.749917656816786,0.08196747128865972,0.1866089233395585,0.9591,0.3213666666666667,0.011733333333333333,0.9878666666666667,0.14531416666666666,0.0,0.0,0.4577216117216117,2510.867426614017,2609.395040182295,61.394092836681736,57.03727346085829,0.009476190476190477,0.12651709193019772,0.6259097222222223,4.1338742263008575e-08,0.0,,,,,,,,,,,,,,,,,,,,,,,,,,,,,,,,,,,,,,,,,
reliability_first,nominal,SOTA-DQN,SOTA-DQN,14,1103526060,1905340783,1823775964,a36c07a532f6662ccc4d,greedy,150,300,0,0,0,0,300,0,150-step training / 300-step arrival window,727285505,1,258.4352931000758,reliability_first,200,0.03,0.9660924884702642,0.9231950282674921,0.97,0.97,0.033955820708479745,0.07680497173250783,0.13545454272572943,6.791164141695949,0.03500600073039149,0.014704103814424788,-0.007608225108225107,0.015295896185575213,0.037608225108225105,0.04658039592207801,0.06613228082342848,0.08977556109725686,0.09361521321884529,0.8389858877807884,0.9187706795844374,0.28523333333333334,0.7499018364600119,0.23480226735441304,0.11162247335261676,0.12317979400179625,,,,,,,,,,,,,,,,,,,0.0,0.0,58.520109249419214,70.27050820328131,73.90056603773584,73.01873718753197,2.6556974937422972,2.447381752355784,2.4325169960181636,0.052153051497062425,28963374.333274633,27472358.895064216,0.03453890027915815,1.6103248399270786,0.5872355686856914,0.5318808662359763,0.0,0.14753874965234984,0.1601230507682951,75.20769761431366,0.11216431279119529,40.035380072627504,1.6625632611351402,,,0.6686408228859338,0.03905570470584155,0.1305084888182259,0.9800333333333333,0.3164666666666667,0.0068000000000000005,0.9931333333333333,0.15453833333333333,0.0,0.0,0.228989010989011,2524.057938982463,2726.58033092067,60.247694697948354,55.44293857992582,0.008333333333333333,0.07442094246531566,0.6566888888888889,3.4559021964902315e-08,0.0,,,,,,,,,,,,,,,,,,,,,,,,,,,,,,,,,,,,,,,,,
reliability_first,nominal,SOTA-DuelingDDQN,SOTA-DuelingDDQN,14,1103526060,1905340783,1823775964,0964be62616634067177,greedy,150,300,0,0,0,0,300,0,150-step training / 300-step arrival window,727285505,1,234.9856014000252,reliability_first,200,0.175,0.8785658938020273,0.7712339129156762,0.44,0.825,0.19540747055810206,0.608697177084858,0.8646828645066768,39.081494111620415,0.23685754007042675,-0.025038919631552616,-0.0912490761271249,0.054857493022779556,0.12124907612712489,0.1636457614441053,0.12110604521798997,0.15320097494755028,0.1636329839952882,0.7491926851112213,0.9188500353459228,0.2579,0.8396417891712344,0.10550071780598591,0.08084442649180591,0.02465629131418001,,,,,,,,,,,,,,,,,,,0.0,0.0,49.5665211710854,62.32670164917541,67.20732249434039,65.7207954688183,2.859376749037238,2.5502200007512426,2.458054907078338,0.06997329292894006,27642507.472173378,26034835.86891591,0.03617014595249673,1.5379114711990827,0.6161581155318866,0.5577323528075813,0.0,0.1588542638354021,0.17506056602411887,84.5520903003544,0.13073504561111288,29.981948500829386,1.8903593955759614,,,0.7430555772689735,0.07057765675345835,0.2558225802149546,0.9642000000000001,0.27315,0.024283333333333334,0.9919499999999999,0.16513999999999998,0.0,0.0,0.23719413919413918,2671.015941974197,2960.8017989942605,54.69046690296147,45.19802435161266,0.022809523809523807,0.12618108651827517,0.5480083333333333,3.621767711299275e-08,0.0,,,,,,,,,,,,,,,,,,,,,,,,,,,,,,,,,,,,,,,,,
reliability_first,nominal,SOTA-DQN,SOTA-DQN,15,1481178426,1997781942,1596015111,de30ef20f74e7e9e5916,greedy,150,300,0,0,0,0,300,0,150-step training / 300-step arrival window,1321376352,1,213.7251293999143,reliability_first,200,0.79,0.9944847132190989,0.9586506128026495,0.995,0.20999999999999996,0.005515286780900983,0.04134938719735054,0.06496408580388124,1.1030573561801966,0.02626327038524277,0.015119533952330117,-0.017883550644396392,0.0013300642549541185,0.008267906336088154,0.01376052982830028,0.13955739047016316,0.17788355064439634,0.1889720089977347,0.4122510058648359,0.7885199402901656,0.1319,0.9417010918458311,0.05696884389921484,0.05568366935981261,0.0012851745394022464,,,,,,,,,,,,,,,,,,,0.0,0.0,35.17315446829981,49.49376190476189,56.705285714285715,53.77868372975651,3.0569673936162385,2.69573320126752,2.6567354576161377,0.06740201951847737,27535393.162346058,25895672.788117103,0.036316689135526554,1.1714658399537174,0.6565825773939881,0.6010852711455119,0.0,0.16983152186756875,0.1864216037139686,109.9181804742871,0.10164164013396634,30.447714080273265,1.3951210888462888,,,0.7081774465981424,0.018603687889875233,0.12359997561586926,0.9631833333333333,0.18665000000000004,0.0005833333333333334,0.9898166666666666,0.17209249999999998,0.0,0.0,0.3586080586080586,2867.6337230827075,3158.9162931342935,38.77395367078816,32.23550681215595,0.0007619047619047619,0.1613569844159968,0.43034930555555556,3.636413742319334e-08,0.0,,,,,,,,,,,,,,,,,,,,,,,,,,,,,,,,,,,,,,,,,
reliability_first,nominal,SOTA-DuelingDDQN,SOTA-DuelingDDQN,15,1481178426,1997781942,1596015111,9be9aef38e709cd2af0a,greedy,150,300,0,0,0,0,300,0,150-step training / 300-step arrival window,1321376352,1,226.10489610000513,reliability_first,200,0.77,0.9963130592994139,0.9751268234015247,1.0,0.22999999999999998,0.0036869407005862232,0.024873176598475235,0.030536981715380596,0.7373881401172446,0.01603017695907054,0.026605017030834385,0.0149120544769632,0.0017867314610056856,0.008481881940385736,0.013982923471617077,0.11268913392075315,0.14242258134673164,0.15006123291978385,0.4989860928316962,0.8579161137836462,0.1673166666666667,0.8834728078761376,0.11474046066285684,0.09621442666510699,0.01852603399774986,,,,,,,,,,,,,,,,,,,0.0,0.0,38.49384521069922,49.44794754431851,54.80726657329598,52.81617993486428,2.9057559088483433,2.626987111355422,2.5946322526757553,0.06206745662941408,26405545.791688472,24883925.196253862,0.03788241581360404,1.2711867186641226,0.6352394129519386,0.5742603282547594,0.0,0.161430883824908,0.17764083043381032,102.33349397986395,0.12121329197484773,20.92997642973779,1.725764043895159,,,0.7197037383340315,0.020817260862762324,0.1588086109161776,0.9766166666666666,0.3042166666666667,0.0007999999999999999,0.9906333333333335,0.15273749999999997,0.0,0.0,0.31345787545787546,2588.4830669146017,3076.5951314280514,42.479492132596555,35.00242563340089,0.0006666666666666666,0.10335774930236057,0.4887916666666666,3.7918611780876156e-08,0.0,,,,,,,,,,,,,,,,,,,,,,,,,,,,,,,,,,,,,,,,,
reliability_first,congestion_burst,SOTA-DQN,SOTA-DQN,11,471540437,1073362871,1897045420,a144a83bc4aeee469af0,greedy,150,300,0,0,0,0,300,0,150-step training / 300-step arrival window,1856632149,1,249.88632900011726,reliability_first,200,0.005,0.9527404454819376,0.8744781901868612,0.91,0.995,0.04784623469218725,0.12552180981313868,0.19748100683154904,9.56924693843745,0.048086668032348984,0.008271781104155405,-0.016274385838150288,0.01898985611202759,0.04627438583815027,0.055364049863226586,0.1349398529035087,0.16253863259460274,0.16650423240667406,0.858362481585272,0.9216783468920804,0.38478333333333326,0.6259087405815438,0.35510140330642853,0.07964246284100972,0.2754589404654189,,,,,,,,,,,,,,,,,,,0.0,0.0,72.24458566051452,87.456381302521,90.36460084033612,90.13680624281996,3.0358850879896044,2.7517997784592967,2.7369810488729636,0.05447068452559606,28339927.5389335,27274190.556602266,0.03529821847724452,2.3225478761042586,0.621144119111223,0.5602275395532251,0.0,0.16866028266608915,0.18384710372730728,69.49761674780942,0.15943533656636402,21.037564498790797,1.6697771622836517,,,0.7108429791376092,0.06888165238288416,0.2555722390808852,0.9577166666666667,0.144,0.012066666666666665,0.9958,0.1640358333333333,0.0,0.0,0.3271282051282051,2745.9004259179696,3192.0306752589468,62.70744119325098,76.28182728775064,0.02138095238095238,0.11709107071629944,0.7602777777777777,3.530969862004794e-08,0.0,,,,,,,,,,,,,,,,,,,,,,,,,,,,,,,,,,,,,,,,,
reliability_first,congestion_burst,SOTA-DuelingDDQN,SOTA-DuelingDDQN,11,471540437,1073362871,1897045420,36bb440f00a6e6322d45,greedy,150,300,0,0,0,0,300,0,150-step training / 300-step arrival window,1856632149,1,219.88599530002102,reliability_first,200,0.0,0.9008971306129723,0.7655639700226549,0.605,1.0,0.10906073871399805,0.28719491017018695,0.4123562454258674,21.81214774279961,0.10906073871399805,-0.006471410429463116,-0.03843137254901961,0.03582854029464166,0.06843137254901961,0.08712775094731609,0.132645425006037,0.1563015776699029,0.1638262089143639,0.8843893699026806,0.9349480788711612,0.39518333333333333,0.5981652991850676,0.36600616052029067,0.07119244987932356,0.2948137106409671,,,,,,,,,,,,,,,,,,,0.0,0.0,67.17061644532946,79.70879629629628,85.4583644859813,82.70587350576037,2.9667439088665772,2.744998153171886,2.719456105433051,0.047252662818246194,28096296.720917016,26941845.032193404,0.03561527940388459,2.129202678424867,0.5776068512329644,0.52724150998178,6.996425626115327e-05,0.16481910604814318,0.177175726652649,75.9662456396949,0.11340712962199954,18.073743951493416,1.466430326008749,,,0.6941666960637644,0.07285891212995622,0.18503818238307154,0.9706833333333335,0.14684999999999998,0.02296666666666667,0.9926666666666668,0.16293999999999997,0.0,0.0,0.314021978021978,2840.849905977454,3034.5329873453347,59.2545723170306,70.85495623637058,0.04304761904761904,0.1370325114734449,0.7440326388888888,3.5612649747738504e-08,0.0,,,,,,,,,,,,,,,,,,,,,,,,,,,,,,,,,,,,,,,,,
reliability_first,congestion_burst,SOTA-DQN,SOTA-DQN,12,1729653623,2128646545,1621075116,f27b5c6814ebe53fd0cb,greedy,150,300,0,0,0,0,300,0,150-step training / 300-step arrival window,157504053,1,245.8330148998648,reliability_first,200,0.0,0.8593349338787459,0.7481403981001404,0.37,1.0,0.15826624474023768,0.3650671993063296,0.4235479468968862,31.653248948047533,0.15826624474023768,-0.015619780506490384,-0.048960396039603955,0.04421073185477464,0.07896039603960395,0.08733641363738623,0.1407367543152472,0.16895641900761352,0.17487395993802027,0.9076452408057735,0.9490278436227746,0.3953333333333333,0.566382962373661,0.38940630577156427,0.07183594219057493,0.3175703635809894,,,,,,,,,,,,,,,,,,,0.0,0.0,68.65720271887008,78.52758295625942,82.47495005549388,80.65829697519608,3.009630035087731,2.7516674414896283,2.7292094077271853,0.054078392895040586,22250147.09221727,21382674.34972596,0.04494733615903279,2.7862778995252295,0.5503839303777662,0.5047782098327777,0.00034331365623362726,0.16720166861598507,0.18217425618937605,76.07088052526802,0.1238742609146925,36.76307042907266,1.5129705553321222,,,0.7115759847506005,0.1301303334413699,0.23610843440334606,0.9721833333333332,0.19640000000000002,0.027683333333333334,0.9924666666666667,0.16253416666666667,0.0,0.0,0.17961172161172165,2912.060923741405,3062.167248889599,60.16521135546915,71.76646318983761,0.04047619047619047,0.13350342382297925,0.7495055555555556,4.4968221133965093e-08,0.0,,,,,,,,,,,,,,,,,,,,,,,,,,,,,,,,,,,,,,,,,
reliability_first,congestion_burst,SOTA-DuelingDDQN,SOTA-DuelingDDQN,12,1729653623,2128646545,1621075116,3197daafd08f55ec997a,greedy,150,300,0,0,0,0,300,0,150-step training / 300-step arrival window,157504053,1,269.2047173001338,reliability_first,200,0.0,0.8776921434721597,0.7514539139269247,0.505,1.0,0.13293421075974396,0.3166747576647404,0.3795426987350121,26.586842151948794,0.13293421075974396,-0.016902798014929287,-0.04355664488017429,0.03639563067386024,0.07228758169934638,0.0816332446079141,0.1640194171834807,0.19197138314785372,0.1974276243557894,0.8946007106622638,0.9492527105657589,0.3908,0.6117024514901833,0.35190191783595637,0.07225876667788843,0.27964315115806804,,,,,,,,,,,,,,,,,,,0.0,0.0,62.02884714821603,71.32518976169462,79.06038958770091,76.58811742084838,3.1914471674258063,2.9720098444490817,2.944432367421725,0.044311145645007634,21538755.874652643,20691113.730941296,0.04644101194386206,2.75806373566309,0.5689818794776754,0.5273965774173567,0.0,0.17730262041254477,0.19142230390792925,77.80001452597955,0.12578771953433715,25.581220696954166,1.5362637543233464,,,0.6691875999063837,0.07737122659373447,0.20845632051758836,0.9749666666666666,0.19078333333333333,0.022516666666666664,0.9945166666666667,0.16533416666666664,0.0,0.0,0.254,3086.8808104079835,3247.7521288969415,54.38373884611074,65.21511552940119,0.035666666666666666,0.17872308627791192,0.7508958333333333,4.6459409332971604e-08,0.0,,,,,,,,,,,,,,,,,,,,,,,,,,,,,,,,,,,,,,,,,
reliability_first,congestion_burst,SOTA-DQN,SOTA-DQN,13,1025721121,372372750,535536204,97af549cf8979e5e1f69,greedy,150,300,0,0,0,0,300,0,150-step training / 300-step arrival window,1805977525,1,259.3066386000719,reliability_first,200,0.0,0.944742322602502,0.86279212314409,0.91,1.0,0.0563500545763549,0.13720787685590996,0.20422668866894358,11.27001091527098,0.0563500545763549,0.001528407643717865,-0.021286168351892145,0.018921179289742157,0.043802781917535984,0.05529612816035441,0.1502471678109423,0.1773934187746465,0.18249002269214848,0.8743857140831932,0.9275080609137465,0.38583333333333336,0.6159143413768053,0.3651644793334524,0.0899142144024392,0.27525026493101323,,,,,,,,,,,,,,,,,,,0.0,0.0,60.4698800338032,69.57672650878531,76.0163767281106,74.59655211610888,3.1263035046656076,2.863607374995364,2.8502605200175806,0.04965099901897968,25403482.063227158,24452555.07884663,0.03938078785248603,2.233448278103092,0.566490727270443,0.5213126307563163,7.510319531726706e-05,0.17368352803697817,0.18710823452288505,80.82650560193161,0.10345403936848939,36.881247820172995,1.7380368196514189,,,0.6710255956870383,0.043611535667501304,0.1713911887413164,0.9796,0.13758333333333334,0.011699999999999999,0.9925333333333335,0.15802,0.0,0.0,0.25052014652014654,3029.8095639177045,3178.261780452939,53.80071255810314,63.72945256249559,0.019,0.15818979753828724,0.7679722222222222,3.9383485690641954e-08,0.0,,,,,,,,,,,,,,,,,,,,,,,,,,,,,,,,,,,,,,,,,
reliability_first,congestion_burst,SOTA-DuelingDDQN,SOTA-DuelingDDQN,13,1025721121,372372750,535536204,11d0b87a48ed31102082,greedy,150,300,0,0,0,0,300,0,150-step training / 300-step arrival window,1805977525,1,277.458694400033,reliability_first,200,0.0,0.8382581145871429,0.7407817240289618,0.28,1.0,0.2007328103878353,0.47926273347200016,0.5415547285576112,40.14656207756706,0.2007328103878353,-0.022668339972082743,-0.06605063016079965,0.05226272466562951,0.09605063016079965,0.10525065765718718,0.1251615747032259,0.15655166109008456,0.1668942979824949,0.9097064018854956,0.9519571249433895,0.39948333333333336,0.5626949507350268,0.38504232459934373,0.07108392298825057,0.3139584016110931,,,,,,,,,,,,,,,,,,,0.0,0.0,66.08860392109703,78.9171481918239,81.49392473118277,81.28643779924906,2.9109133543998627,2.649506947025184,2.635274088082778,0.05143401690252008,24617159.26011244,23677807.371610716,0.04062764455517992,2.34476193560907,0.5446839947403938,0.49718174933555925,0.0011072265854426095,0.16171740857777017,0.1760840891415354,75.17674226870672,0.12362286566927151,27.28821361405509,1.9599972712982776,,,0.7375530755056515,0.14438408897069174,0.27513187610081447,0.9661833333333334,0.25955,0.032600000000000004,0.9903166666666666,0.15364583333333331,0.0,0.0,0.28561904761904766,2860.5555040776694,2938.0291199579665,57.69619177935137,69.58752546419856,0.050809523809523804,0.1278808151546372,0.7352618055555555,4.064361799099743e-08,0.0,,,,,,,,,,,,,,,,,,,,,,,,,,,,,,,,,,,,,,,,,
reliability_first,congestion_burst,SOTA-DQN,SOTA-DQN,14,1103526060,1905340783,1823775964,a36c07a532f6662ccc4d,greedy,150,300,0,0,0,0,300,0,150-step training / 300-step arrival window,1459840339,1,258.4352931000758,reliability_first,200,0.0,0.9462937656436398,0.887143894141771,0.935,1.0,0.05370623435636022,0.11285610585822892,0.15286756572212962,10.741246871272043,0.05370623435636022,0.011006698034442155,-0.009613812127481407,0.01899330196555784,0.0396138121274814,0.04635391856398953,0.07781886905883438,0.10049200215672177,0.1066844573322256,0.8792683735565199,0.9350177671870904,0.39285,0.5645765589865387,0.41643013904790344,0.093375101247618,0.32305503780028544,,,,,,,,,,,,,,,,,,,0.0,0.0,66.21380151997126,77.44397416352403,80.96214285714285,79.68900171006861,2.960983729698561,2.7288722762017366,2.7156595069994163,0.04927844071956959,28995554.052806426,27718363.422606323,0.03449916014254533,2.0291507877359125,0.5551232318105648,0.5153270524325104,0.0002875297564251295,0.16449909609436447,0.1794159744373214,83.73851217966342,0.09701042876383564,40.035380072627504,1.6625632611351402,,,0.6869090799130438,0.05429644893017558,0.13227487073563826,0.9852333333333333,0.31368333333333337,0.011899999999999999,0.9939333333333333,0.15725333333333333,0.0,0.0,0.23557509157509154,2873.5499251576457,3008.063470605208,58.567123122916485,69.2691264127345,0.020857142857142855,0.08172207955806324,0.7950618055555557,3.451783851637066e-08,0.0,,,,,,,,,,,,,,,,,,,,,,,,,,,,,,,,,,,,,,,,,
reliability_first,congestion_burst,SOTA-DuelingDDQN,SOTA-DuelingDDQN,14,1103526060,1905340783,1823775964,0964be62616634067177,greedy,150,300,0,0,0,0,300,0,150-step training / 300-step arrival window,1459840339,1,234.9856014000252,reliability_first,200,0.0,0.8313349028134166,0.7527560774075085,0.21,1.0,0.20976817251675506,0.43680898962071507,0.49543845367855327,41.95363450335101,0.20976817251675506,-0.027265555691875408,-0.06328853626943005,0.05566234481619305,0.09328853626943004,0.10231697128951134,0.15405331932875385,0.18229027579538654,0.18810820784512103,0.8819616741919711,0.9352824714242607,0.39555000000000007,0.6388060239219632,0.3055316312618438,0.06840488124363268,0.23712675001821112,,,,,,,,,,,,,,,,,,,0.0,0.0,64.32864610347968,72.79930268250367,76.55762263879912,76.1247375723905,3.2616113004490286,3.021340845377555,2.98834147434064,0.04468009284929406,28287566.2289791,27121980.261501465,0.035360994429339335,2.2257805283629706,0.5857361855090732,0.5434096063174135,0.0,0.18120062780272378,0.19403102918690893,82.1965965640682,0.10591828319774603,29.981948500829386,1.8903593955759614,,,0.7166473233830517,0.07006442798073953,0.23327879434471893,0.9599666666666667,0.19458333333333333,0.034966666666666674,0.9925833333333333,0.16535916666666664,0.0,0.0,0.2075164835164835,3101.416223479855,3347.870188047814,57.44044536276914,67.0942794369096,0.03442857142857143,0.15715624891403138,0.7509770833333334,3.537419543233885e-08,0.0,,,,,,,,,,,,,,,,,,,,,,,,,,,,,,,,,,,,,,,,,
reliability_first,congestion_burst,SOTA-DQN,SOTA-DQN,15,1481178426,1997781942,1596015111,de30ef20f74e7e9e5916,greedy,150,300,0,0,0,0,300,0,150-step training / 300-step arrival window,437302725,1,213.7251293999143,reliability_first,200,0.105,0.9599434665939667,0.9028152357757975,0.95,0.895,0.040056533406033365,0.09718476422420247,0.11312697586563938,8.011306681206673,0.04475590324696465,-0.00885509728843438,-0.036751838946960894,0.006832810056414217,0.021407812136712386,0.02614423320478451,0.168511254030214,0.19675183894696088,0.2019084344826053,0.7843473361770447,0.8983900929681145,0.3522333333333333,0.754512236913419,0.23865495303016676,0.09764828676447485,0.14100666626569192,,,,,,,,,,,,,,,,,,,0.0,0.0,48.8577359369861,59.26986921529174,63.2929373776908,62.20170333869802,3.725958914603094,3.452924136549652,3.450798514453625,0.04291463860514209,28427791.581301007,27424291.528327737,0.03518504851174495,1.921546101729829,0.597966734700773,0.5530003316051874,0.0,0.20699771747794965,0.22220004439712626,110.77050423448334,0.09503215066833993,30.447714080273265,1.3951210888462888,,,0.5941402643705949,0.024088337538141835,0.12693217368807444,0.9920666666666668,0.08893333333333335,0.004383333333333334,0.9904333333333334,0.15726999999999997,0.0,0.0,0.2558534798534799,3772.964090039775,3700.6484355218045,41.87111966682241,52.1033130693327,0.0041428571428571434,0.17181262475979817,0.7165493055555555,3.519457096955363e-08,0.0,,,,,,,,,,,,,,,,,,,,,,,,,,,,,,,,,,,,,,,,,
reliability_first,congestion_burst,SOTA-DuelingDDQN,SOTA-DuelingDDQN,15,1481178426,1997781942,1596015111,9be9aef38e709cd2af0a,greedy,150,300,0,0,0,0,300,0,150-step training / 300-step arrival window,437302725,1,226.10489610000513,reliability_first,200,0.225,0.9834146338630686,0.9633714057765692,1.0,0.775,0.016585366136931436,0.03662859422343068,0.04034229805708365,3.317073227386287,0.021400472434750236,0.019827250945465502,0.0032944213674942708,0.006660139953480864,0.017282924802658896,0.02257737256810771,0.12755800662223482,0.15370748795796232,0.16118644704592155,0.7820219386906245,0.900676376817589,0.3489666666666666,0.6959950766247407,0.2973447834217785,0.10473144049034361,0.19261334293143492,,,,,,,,,,,,,,,,,,,0.0,0.0,47.13326237096589,55.88419117647059,60.33784615384615,58.24638300829948,3.444552235945656,3.2274583814353335,3.200704287405921,0.04077748896834298,27007536.148461416,25984703.53995723,0.03703281018035506,1.8037161747979888,0.5829725953243396,0.5344671671591719,0.0,0.191364013108092,0.20407553282366778,109.59498030767315,0.08163203890007874,20.92997642973779,1.725764043895159,,,0.6997845305915088,0.02487023672604617,0.1652751298307884,0.9900833333333332,0.2624666666666667,0.004183333333333333,0.9908000000000001,0.15496166666666666,0.0,0.0,0.2683663003663004,3506.279807754169,3411.3143126641503,41.37655568703147,50.143894730584016,0.009952380952380952,0.14043809371569543,0.725925,3.704490080009839e-08,0.0,,,,,,,,,,,,,,,,,,,,,,,,,,,,,,,,,,,,,,,,,
reliability_first,mixed_stress,SOTA-DQN,SOTA-DQN,11,471540437,1073362871,1897045420,a144a83bc4aeee469af0,greedy,150,300,0,0,0,0,300,0,150-step training / 300-step arrival window,945565844,1,249.88632900011726,reliability_first,200,0.0,0.9006412977632781,0.7643150443479004,0.68,1.0,0.10152256164582849,0.23568495565209951,0.30524084423655895,20.304512329165696,0.10152256164582849,-0.003905096025936212,-0.02511144492942577,0.026953772139404367,0.05465229433340819,0.06538357375141468,0.15252748835915944,0.17872591643699132,0.1839832121885201,0.9011881540336014,0.9486383993954183,0.4186666666666667,0.4915700763950193,0.4814761514655763,0.06083768390885916,0.4206384675567172,,,,,,,,,,,,,,,,,,,0.0,0.0,87.1574919811232,99.18900797393465,103.08174744897956,102.22372172311321,2.7527803692941073,2.493650618494602,2.484232790344923,0.05432449670699467,27882597.79089216,26457152.06158968,0.035880258015478776,2.582575931751466,0.5973184967339134,0.544151870949477,0.0,0.15293224273856154,0.1671790831904982,83.24801688798112,0.13845387469796613,21.037564498790797,1.6697771622836517,,,0.8079237439668444,0.10275716583138082,0.26744376906195244,0.8969666666666666,0.17383333333333334,0.01916666666666667,0.9961999999999999,0.1655275,0.0,0.0,0.850996336996337,1640.205116583054,3351.859351523137,76.48761009488192,89.14952111038528,0.03328571428571429,0.16519763303577706,0.7546875,3.589207591800118e-08,0.0,,,,,,,,,,,,,,,,,,,,,,,,,,,,,,,,,,,,,,,,,
reliability_first,mixed_stress,SOTA-DuelingDDQN,SOTA-DuelingDDQN,11,471540437,1073362871,1897045420,36bb440f00a6e6322d45,greedy,150,300,0,0,0,0,300,0,150-step training / 300-step arrival window,945565844,1,219.88599530002102,reliability_first,200,0.0,0.8360572445275752,0.7340822029323949,0.26,1.0,0.1830653282480899,0.3959667630410383,0.4502384425224615,36.61306564961798,0.1830653282480899,-0.017319766414850238,-0.05173513986013986,0.04731976641485024,0.08173513986013986,0.08958755146452475,0.10229744793747528,0.12478804439370401,0.13752305822520675,0.9107803451724783,0.9511348608070153,0.4218333333333334,0.4975280933949893,0.4551521401901605,0.04633640547105365,0.4088157347191068,,,,,,,,,,,,,,,,,,,0.0,0.0,85.35836619759861,96.81666202284758,100.50172875342685,99.2993510406096,2.757731807135249,2.583784955032001,2.5671162167601826,0.0440938123674672,30704159.868424557,29211800.593449645,0.03260078713082779,2.3022233948712074,0.593572818495293,0.5511788952519746,0.0,0.1532073226186249,0.16487756233585318,112.88991112482913,0.08533045469004626,18.073743951493416,1.466430326008749,,,0.6179315830325716,0.1004264288875526,0.22684955445729194,0.9586666666666668,0.0799,0.0335,0.9924000000000001,0.15863166666666664,0.0,0.0,0.6546959706959705,1941.7681769662054,3197.0968387647335,87.3878024388917,83.96122709835771,0.059190476190476196,0.07549299917823583,0.7176381944444443,3.259961722397815e-08,0.0,,,,,,,,,,,,,,,,,,,,,,,,,,,,,,,,,,,,,,,,,
reliability_first,mixed_stress,SOTA-DQN,SOTA-DQN,12,1729653623,2128646545,1621075116,f27b5c6814ebe53fd0cb,greedy,150,300,0,0,0,0,300,0,150-step training / 300-step arrival window,1084266339,1,245.8330148998648,reliability_first,200,0.0,0.8379824385622088,0.7216138414055081,0.29,1.0,0.17288406803611667,0.3492083277932899,0.43885976726713805,34.576813607223336,0.17288406803611667,-0.012658078260965655,-0.04182988685134608,0.04252467062043763,0.07182988685134606,0.08573706054203167,0.12484288986037001,0.15216987772892077,0.16029167672535682,0.9279340360707196,0.9642549396906054,0.42558333333333337,0.4547061866895231,0.5027691426900393,0.05115721331032992,0.4516119293797094,,,,,,,,,,,,,,,,,,,0.0,0.0,88.93504432653422,99.84232974910394,105.62633493479753,103.42035769440133,2.7357082200311855,2.527631901082947,2.502074476712373,0.04952152399502507,22996218.786130015,21797794.85484647,0.04350544588679364,3.175466825978008,0.5579889930481897,0.5113737632367094,0.00021974774326761232,0.15198379000173254,0.16490596096861368,104.19033951999016,0.08851605351993333,36.76307042907266,1.5129705553321222,,,0.6951838747931142,0.1406047456732101,0.24559482591802748,0.9700166666666666,0.20621666666666666,0.029833333333333333,0.9918333333333333,0.16100249999999997,0.0,0.0,0.6775677655677655,1868.3867757134692,3202.727459279187,85.41302409314412,88.07674663076868,0.03485714285714286,0.11108898170637019,0.7470965277777779,4.352431168318261e-08,0.0,,,,,,,,,,,,,,,,,,,,,,,,,,,,,,,,,,,,,,,,,
reliability_first,mixed_stress,SOTA-DuelingDDQN,SOTA-DuelingDDQN,12,1729653623,2128646545,1621075116,3197daafd08f55ec997a,greedy,150,300,0,0,0,0,300,0,150-step training / 300-step arrival window,1084266339,1,269.2047173001338,reliability_first,200,0.0,0.8608052823864998,0.7376313907746795,0.4,1.0,0.14455210534202054,0.31298125499552754,0.3402371957755478,28.910421068404105,0.14455210534202054,-0.013002324177938916,-0.03881524833913319,0.03710939474340466,0.06732239792305875,0.07263955666800823,0.1587090901368093,0.18580540458937198,0.19524545496411144,0.9137967256707222,0.9529206021166312,0.4216,0.4908939337036751,0.4719966715529202,0.052146543771799385,0.4198501277811208,,,,,,,,,,,,,,,,,,,0.0,0.0,84.45419600451545,96.05,98.3805718136311,97.91912289475621,2.8905246223855356,2.672772611393177,2.6631648681714273,0.04700090164972878,22303625.655908417,21136108.98601737,0.044851668317944474,3.2847155131124537,0.5790359439379251,0.5313176316984686,7.259505662248423e-05,0.16058470124364088,0.17387143398855412,98.5349300954461,0.11112669076740739,25.581220696954166,1.5362637543233464,,,0.7289198233711456,0.08921618545316713,0.2028646941308619,0.96555,0.19213333333333332,0.025933333333333333,0.9941833333333332,0.16180666666666668,0.0,0.0,0.8024102564102565,1832.0703817269296,3460.4615212017075,77.97795397145346,84.42069438355111,0.0370952380952381,0.1756404304993669,0.7403645833333334,4.487648510956385e-08,0.0,,,,,,,,,,,,,,,,,,,,,,,,,,,,,,,,,,,,,,,,,
reliability_first,mixed_stress,SOTA-DQN,SOTA-DQN,13,1025721121,372372750,535536204,97af549cf8979e5e1f69,greedy,150,300,0,0,0,0,300,0,150-step training / 300-step arrival window,1464908670,1,259.3066386000719,reliability_first,200,0.0,0.936388594038807,0.9016555386069328,0.95,1.0,0.06361140596119293,0.09834446139306713,0.12436573970179017,12.722281192238587,0.06361140596119293,0.010173235683025956,-0.010648629148629149,0.015611703803987161,0.03281895240165177,0.03857854844324367,0.13196795976105252,0.1697815219270443,0.17461299996789603,0.892847800466663,0.9402693992161361,0.41245000000000004,0.5156040757055977,0.4687842204904152,0.06453120344427768,0.4042530170461374,,,,,,,,,,,,,,,,,,,0.0,0.0,80.95494278624885,90.21049311926606,92.33495682676735,92.6756653688223,2.9042285348765278,2.6955758923099387,2.6978026881444785,0.04137095712655125,27180036.839729797,25683323.06691151,0.036820137240509324,2.5970530198477455,0.5876288327429902,0.5439708321827537,0.0,0.1613460297153627,0.17286912837562704,114.41843544612097,0.09193354637689007,36.881247820172995,1.7380368196514189,,,0.6256545803822717,0.060355458808268814,0.17544643629481294,0.9809,0.11365000000000001,0.010766666666666667,0.9925166666666666,0.15547999999999998,0.0,0.0,0.5695457875457874,2036.1963793465711,3371.630464777273,82.1428683154453,80.2883504602413,0.014714285714285714,0.14094632078416391,0.7645131944444443,3.683037452611086e-08,0.0,,,,,,,,,,,,,,,,,,,,,,,,,,,,,,,,,,,,,,,,,
reliability_first,mixed_stress,SOTA-DuelingDDQN,SOTA-DuelingDDQN,13,1025721121,372372750,535536204,11d0b87a48ed31102082,greedy,150,300,0,0,0,0,300,0,150-step training / 300-step arrival window,1464908670,1,277.458694400033,reliability_first,200,0.0,0.8856335745663813,0.7727133097831743,0.585,1.0,0.11579537961228531,0.22728669021682568,0.2836910380582244,23.159075922457063,0.11579537961228531,-0.0014026587006440933,-0.0241952238166631,0.02967569024220496,0.05218564081879599,0.061008965874140786,0.131081413335418,0.1625615763546798,0.17246202155372556,0.9195537811680342,0.9576925131168504,0.4220833333333333,0.44213525389709984,0.5281890558606952,0.06015601711067235,0.4680330387500228,,,,,,,,,,,,,,,,,,,0.0,0.0,83.61497247841032,94.86901373283395,99.07890697674416,97.98625010712149,2.5619297479711154,2.3768203632788016,2.355421597341001,0.047078668970800874,23415883.21575279,22245490.348620653,0.04272247072231199,2.7455470039212044,0.5419742789423333,0.4794598221700148,0.00192573058051389,0.14232943044283977,0.15362825568208371,86.47458640488031,0.12494680436813184,27.28821361405509,1.9599972712982776,,,0.7045671969177996,0.10354579609671745,0.1903190441438494,0.9783333333333333,0.38726666666666665,0.02038333333333333,0.9898166666666667,0.153055,0.0,0.0,0.49328205128205127,1694.465988933677,3029.025618222045,76.10629483015354,84.31989840367892,0.02019047619047619,0.177824836651407,0.7628513888888889,4.274537361557549e-08,0.0,,,,,,,,,,,,,,,,,,,,,,,,,,,,,,,,,,,,,,,,,
reliability_first,mixed_stress,SOTA-DQN,SOTA-DQN,14,1103526060,1905340783,1823775964,a36c07a532f6662ccc4d,greedy,150,300,0,0,0,0,300,0,150-step training / 300-step arrival window,1537471703,1,258.4352931000758,reliability_first,200,0.0,0.9208736869130408,0.8965407172503073,0.935,1.0,0.07912631308695929,0.10345928274969267,0.13211420088849488,15.825262617391857,0.07912631308695929,0.01355271015256301,-0.003232273952234925,0.01642689992261425,0.03323227395223491,0.03847858359530647,0.10113741902006179,0.1274666377607554,0.13281458866839013,0.9074060643698296,0.9436138185335043,0.42513333333333336,0.45760721033194407,0.5259658897454416,0.07004607304279112,0.45591981670265064,,,,,,,,,,,,,,,,,,,0.0,0.0,84.51182938070139,92.98245318746055,95.36872929754425,95.1589641565364,2.749823419839143,2.528078507395266,2.483069824572449,0.054750748793515686,28430849.06672784,26801368.272464816,0.035177844416469095,2.4525212989988896,0.5560913728667615,0.5044532431068417,0.0003285540215327215,0.15276796776884127,0.16678630423766058,102.36728372128495,0.10412592589333376,40.035380072627504,1.6625632611351402,,,0.6825146167104441,0.07266348785828151,0.13429863717600088,0.9858999999999999,0.3465166666666667,0.01165,0.99425,0.15775499999999998,0.0,0.0,0.47463736263736256,1819.0025109329972,3251.034678480914,77.32778549134508,84.8317496727011,0.01804761904761905,0.13236274882590096,0.7942340277777776,3.521209638205692e-08,0.0,,,,,,,,,,,,,,,,,,,,,,,,,,,,,,,,,,,,,,,,,
reliability_first,mixed_stress,SOTA-DuelingDDQN,SOTA-DuelingDDQN,14,1103526060,1905340783,1823775964,0964be62616634067177,greedy,150,300,0,0,0,0,300,0,150-step training / 300-step arrival window,1537471703,1,234.9856014000252,reliability_first,200,0.0,0.759242843849765,0.6805626830326312,0.025,1.0,0.3196680842222737,0.5377961933947639,0.5769400804497709,63.93361684445475,0.3196680842222737,-0.0400013275506485,-0.07500114155251142,0.06831217741830949,0.10500114155251142,0.11079843986310725,0.15973595712762667,0.195073731046349,0.2093850494054626,0.9076928350443849,0.9512123029300745,0.42443333333333344,0.5212366269694155,0.41045119561227494,0.05015956023689766,0.3602916353753773,,,,,,,,,,,,,,,,,,,0.0,0.0,82.10882535642031,92.4564564896755,98.7167966177125,96.1729053679516,3.0180923213270465,2.8100576867247153,2.777312329121678,0.042869452290145466,30169376.67672106,28704538.05699269,0.03316739999187953,2.465784070487552,0.594081809000853,0.5455276296810675,0.0,0.16767179562928036,0.17904297792789975,110.25967896966831,0.11094188695641967,29.981948500829386,1.8903593955759614,,,0.716911080353425,0.14682483429834517,0.35134674616460587,0.9481999999999999,0.1393,0.04835,0.9927833333333334,0.16376999999999994,0.0,0.0,0.6837216117216117,2091.7078610873114,3516.914722994596,84.44731836016905,80.15032817457322,0.08980952380952381,0.20834211831274735,0.7278791666666666,3.3177564200628126e-08,0.0,,,,,,,,,,,,,,,,,,,,,,,,,,,,,,,,,,,,,,,,,
reliability_first,mixed_stress,SOTA-DQN,SOTA-DQN,15,1481178426,1997781942,1596015111,de30ef20f74e7e9e5916,greedy,150,300,0,0,0,0,300,0,150-step training / 300-step arrival window,809382673,1,213.7251293999143,reliability_first,200,0.0,0.9616264867620913,0.9215753665132891,0.98,1.0,0.03837351323790881,0.0784246334867108,0.0984826438527561,7.674702647581762,0.03837351323790881,0.010922768606750717,-0.013614839028000493,0.011375391621101558,0.02407416222391469,0.03253562545103004,0.14046114772314497,0.17331912021336143,0.18417960374278608,0.8500196870594775,0.9188143074055644,0.3977666666666667,0.5943617085571717,0.39426289982172663,0.07197998857799298,0.32228291124373365,,,,,,,,,,,,,,,,,,,0.0,0.0,72.55784422383647,81.42113263384448,85.69351103653024,84.87273225529118,3.341547289215181,3.1113062773132323,3.093904483275677,0.04382350127195949,29400142.21959405,27646150.465108212,0.034039432105313495,2.4759139291706593,0.5883423379777843,0.5458549501631698,0.0,0.18564151606751003,0.2013634462235648,139.75266587378104,0.10275916759595562,30.447714080273265,1.3951210888462888,,,0.6256718129492417,0.03882435340117064,0.1238953686715541,0.9890666666666666,0.1408333333333333,0.008033333333333333,0.9900833333333334,0.15474166666666667,0.0,0.0,0.6731135531135531,2314.570716324683,3894.534674617757,66.62980138719782,73.01619957473378,0.006952380952380952,0.13585062750245294,0.7476513888888888,3.405186133194201e-08,0.0,,,,,,,,,,,,,,,,,,,,,,,,,,,,,,,,,,,,,,,,,
reliability_first,mixed_stress,SOTA-DuelingDDQN,SOTA-DuelingDDQN,15,1481178426,1997781942,1596015111,9be9aef38e709cd2af0a,greedy,150,300,0,0,0,0,300,0,150-step training / 300-step arrival window,809382673,1,226.10489610000513,reliability_first,200,0.02,0.9579068922687276,0.905770091273589,0.955,0.98,0.04209310773127234,0.09422990872641099,0.1123288808700317,8.418621546254467,0.04295215074619626,0.0043190769721561054,-0.022566241719785014,0.011765133762066919,0.02644346549192364,0.030962158543421346,0.1511541334254613,0.182566241719785,0.1896893939194446,0.8410190650578125,0.927554800648796,0.3881833333333333,0.5797565608051714,0.40847830543276176,0.07216013953318866,0.33631816589957303,,,,,,,,,,,,,,,,,,,0.0,0.0,69.5533129635045,78.76600552165068,84.82537886340977,82.21493369221568,3.2443836557307075,3.011782904993432,2.9982534631450046,0.04377658891109802,28726837.55178579,27322180.579443444,0.03482448291467182,2.357523102753863,0.5811047230003347,0.5357273914043558,0.0003000561991363973,0.18024353642948374,0.1935527402931898,132.0493699060199,0.08944193847931181,20.92997642973779,1.725764043895159,,,0.6356205434516449,0.05301230004961896,0.16374310533694497,0.9866999999999999,0.1414,0.008216666666666667,0.9910166666666668,0.15914499999999998,0.0,0.0,0.6701465201465201,2219.201970442598,3796.4045631935364,65.53941720264042,70.2399093892235,0.017,0.21984154334698217,0.7378506944444445,3.483989584137832e-08,0.0,,,,,,,,,,,,,,,,,,,,,,,,,,,,,,,,,,,,,,,,,
latency_critical,nominal,SOTA-DQN,SOTA-DQN,11,471540437,1073362871,1897045420,a144a83bc4aeee469af0,greedy,150,300,0,0,0,0,300,0,150-step training / 300-step arrival window,1646165790,1,249.88632900011726,latency_critical,200,0.0,0.8552006455517699,0.8132363405105973,0.105,1.0,0.14479935444823025,0.18676365948940266,0.19858516806196938,28.959870889646048,0.14479935444823025,0.08262390470810431,0.036114081996434955,0.017376095291895686,0.06388591800356497,0.09889905900923596,0.11979590538189616,0.1443411248341329,0.14839169458308893,0.8023357278324441,0.8847469616980504,0.27385,0.7855594284667907,0.1970644762413135,0.08937154668181536,0.10769292955949814,,,,,,,,,,,,,,,,,,,0.0,0.0,55.46437178404481,72.38482485404504,75.46245098039215,74.75360827707293,2.6106996892825243,2.393008925817798,2.3636023751852187,0.05304112029160857,26961400.74930934,25127803.730671115,0.03711193354454453,1.6121515024793496,0.6325599486770584,0.5748872747653896,0.0,0.14503887162680687,0.15571920627734667,69.08785609389263,0.14197572298850344,21.037564498790797,1.6697771622836517,,,0.6963010402834532,0.12308859391228238,0.18887411634635126,0.981,0.20454999999999998,0.00745,0.9960999999999999,0.16605499999999998,0.0,0.0,0.24884981684981686,2433.637761200634,2706.0407274804647,58.554142727993785,53.19134285058092,0.010380952380952381,0.10278524731866014,0.6107888888888889,3.714606891261494e-08,0.0,,,,,,,,,,,,,,,,,,,,,,,,,,,,,,,,,,,,,,,,,
latency_critical,nominal,SOTA-DuelingDDQN,SOTA-DuelingDDQN,11,471540437,1073362871,1897045420,36bb440f00a6e6322d45,greedy,150,300,0,0,0,0,300,0,150-step training / 300-step arrival window,1646165790,1,219.88599530002102,latency_critical,200,0.0,0.877899999971735,0.8192232405826165,0.26,1.0,0.12210000002826513,0.1807767594173835,0.18770882737600858,24.420000005653026,0.12210000002826513,0.08669791893753244,0.06680932703659977,0.01330208106246757,0.03319067296340019,0.04114947095203214,0.1132191687386502,0.1415702327979162,0.15633558801973307,0.7745693092604955,0.9027897706232372,0.2643,0.8366655521929982,0.15003236674453432,0.09217684606417023,0.05785552068036408,,,,,,,,,,,,,,,,,,,0.0,0.0,52.84287425229666,67.04854388036206,70.68135964912278,70.2432892612841,2.7219358998797247,2.48868309553641,2.4546725368664175,0.055849836928580664,27323713.413932905,25879774.106316693,0.03660680208339572,1.57960089608125,0.6207042429938416,0.5605034532919387,0.0,0.15121866110442916,0.16563234555555867,81.00248704710259,0.11038928840570533,18.073743951493416,1.466430326008749,,,0.6857834657234502,0.10951142463866931,0.18351206166382347,0.9878833333333332,0.2041166666666667,0.0059499999999999996,0.9927666666666667,0.16021416666666663,0.0,0.0,0.31722344322344326,2583.9495389100384,2796.236248094171,55.87251970989836,49.85001228631027,0.0074285714285714285,0.1251074899905823,0.5855652777777778,3.662947777556748e-08,0.0,,,,,,,,,,,,,,,,,,,,,,,,,,,,,,,,,,,,,,,,,
latency_critical,nominal,SOTA-DQN,SOTA-DQN,12,1729653623,2128646545,1621075116,f27b5c6814ebe53fd0cb,greedy,150,300,0,0,0,0,300,0,150-step training / 300-step arrival window,1562662998,1,245.8330148998648,latency_critical,200,0.0,0.8372336779749332,0.801165610235289,0.02,1.0,0.16276632202506697,0.19883438976471107,0.20897629226236134,32.553264405013394,0.16276632202506697,0.05972759809511995,0.021727195945945955,0.040272401904880045,0.078272804054054,0.09305653149568041,0.10871197622646238,0.14002607791039318,0.1478555289232812,0.8537973193621319,0.9292010656773165,0.28174999999999994,0.7808042326060631,0.17892336548905685,0.09518385724293864,0.0837395082461182,,,,,,,,,,,,,,,,,,,0.0,0.0,60.61881033683208,75.06266723842195,77.43879629629629,76.93983766048139,2.7393070794423178,2.480226380659414,2.419557105381695,0.06054035394453386,22566951.034022633,21598453.29359317,0.044328539104732154,2.2082732032467134,0.6015716403087711,0.5434110117022942,0.0,0.15218372663568433,0.16522108495571147,78.31798772223537,0.10883735049157209,36.76307042907266,1.5129705553321222,,,0.6965458536237642,0.15617574040694057,0.20177760882592527,0.9802,0.22068333333333331,0.01775,0.9918333333333333,0.15971749999999998,0.0,0.0,0.2412087912087912,2651.2539285303815,2786.7203145487456,63.678041962162496,56.79432732857478,0.013999999999999999,0.11734623118288087,0.6086506944444444,4.4343608388521834e-08,0.0,,,,,,,,,,,,,,,,,,,,,,,,,,,,,,,,,,,,,,,,,
latency_critical,nominal,SOTA-DuelingDDQN,SOTA-DuelingDDQN,12,1729653623,2128646545,1621075116,3197daafd08f55ec997a,greedy,150,300,0,0,0,0,300,0,150-step training / 300-step arrival window,1562662998,1,269.2047173001338,latency_critical,200,0.0,0.8597039227192446,0.813629424549816,0.15,1.0,0.14029607728075552,0.1863705754501841,0.1928045911068317,28.059215456151104,0.14029607728075552,0.05724519241187373,0.01732093663911846,0.04275480758812627,0.08267906336088153,0.0913758980253137,0.1308931443366852,0.1613075116025898,0.16971119816543992,0.8270254335286031,0.9272789745947673,0.2771166666666667,0.8117634865499003,0.14548170586197362,0.08253179034932076,0.06294991551265287,,,,,,,,,,,,,,,,,,,0.0,0.0,51.76137270686023,63.644461049878565,71.98907407407407,68.18805088366521,2.864701610650265,2.630120767933226,2.6051907909998384,0.05063731534088422,22230925.00334628,21174481.83275833,0.04502470237418935,2.0028908517903448,0.5960805520513773,0.527281723176431,0.0002451336275761937,0.1591500894805703,0.1709133255609994,83.19474339106559,0.1209967667052654,25.581220696954166,1.5362637543233464,,,0.6963992190715339,0.11846233219796007,0.18382544290918512,0.9737333333333333,0.16593333333333335,0.018866666666666667,0.9945500000000002,0.15979083333333333,0.0,0.0,0.22424175824175827,2671.6770420319494,2968.637916829358,56.6394496225834,48.112276263747,0.017285714285714286,0.14465553959951763,0.5703368055555555,4.502298084102096e-08,0.0,,,,,,,,,,,,,,,,,,,,,,,,,,,,,,,,,,,,,,,,,
latency_critical,nominal,SOTA-DQN,SOTA-DQN,13,1025721121,372372750,535536204,97af549cf8979e5e1f69,greedy,150,300,0,0,0,0,300,0,150-step training / 300-step arrival window,1740021080,1,259.3066386000719,latency_critical,200,0.0,0.8775033200803173,0.8190389756717005,0.26,1.0,0.12249667991968277,0.18096102432829966,0.18907489634784513,24.499335983936554,0.12249667991968277,0.09066421861910794,0.0694539048737522,0.009335781380892076,0.030546095126247792,0.04356145510041469,0.13320330363470304,0.16948233697795864,0.18357208523552634,0.773362924506569,0.914024376378315,0.26098333333333334,0.8261822648769487,0.16448195374215926,0.1054473824272947,0.059034571314864566,,,,,,,,,,,,,,,,,,,0.0,0.0,51.05055834427582,65.42433628318582,68.79785142857142,67.72872167957212,2.7802806010068686,2.521008100713616,2.5113327920212463,0.05382012101042384,25109393.752699234,23924626.111213595,0.03983995194303586,1.696403604036436,0.6115577101505103,0.5571798805968453,0.0,0.15446003338927045,0.16719942198327026,77.00576882581515,0.1456163802703792,36.881247820172995,1.7380368196514189,,,0.7323296899712514,0.10468746258858518,0.18449438645955876,0.9538333333333333,0.1763,0.0040999999999999995,0.9931666666666666,0.15326499999999998,0.0,0.0,0.26993406593406594,2582.580925175366,2886.734272608446,55.471961784404684,47.68572037196362,0.0041904761904761915,0.13581824647689675,0.5915090277777777,3.9856403465987323e-08,0.0,,,,,,,,,,,,,,,,,,,,,,,,,,,,,,,,,,,,,,,,,
latency_critical,nominal,SOTA-DuelingDDQN,SOTA-DuelingDDQN,13,1025721121,372372750,535536204,11d0b87a48ed31102082,greedy,150,300,0,0,0,0,300,0,150-step training / 300-step arrival window,1740021080,1,277.458694400033,latency_critical,200,0.0,0.8306150321661592,0.7901034763825534,0.055,1.0,0.16938496783384085,0.20989652361744662,0.22161279251866706,33.87699356676817,0.16938496783384085,0.078872209349432,0.052702702702702706,0.021127790650568013,0.0472972972972973,0.053894776327355835,0.10953820107188267,0.13853136912838404,0.14678494786190668,0.8463591755070082,0.9179109477365281,0.28026666666666666,0.7642991430785436,0.21457306627088835,0.10947720570295383,0.10509586056793452,,,,,,,,,,,,,,,,,,,0.0,0.0,58.32089109724876,71.35533227006911,74.65520833333332,73.96154882955082,2.6006105092003566,2.3671886899280827,2.344499921660795,0.05328212900464467,24759571.179713845,23627379.50995718,0.0404139658972647,1.8388749201622965,0.5852848677822405,0.5272243729371616,0.00015323627774438547,0.144478361622242,0.15735225854642496,68.1122838480467,0.14792146988680308,27.28821361405509,1.9599972712982776,,,0.7335381042759517,0.1492421117915139,0.19980567986928066,0.9612833333333333,0.25353333333333333,0.009266666666666666,0.9895166666666667,0.14823833333333333,0.0,0.0,0.39677655677655677,2532.2681366996544,2637.410248239196,59.867884548659084,56.20247284495495,0.006095238095238095,0.1238610975617291,0.6221888888888889,4.042230578117085e-08,0.0,,,,,,,,,,,,,,,,,,,,,,,,,,,,,,,,,,,,,,,,,
latency_critical,nominal,SOTA-DQN,SOTA-DQN,14,1103526060,1905340783,1823775964,a36c07a532f6662ccc4d,greedy,150,300,0,0,0,0,300,0,150-step training / 300-step arrival window,1362184486,1,258.4352931000758,latency_critical,200,0.0,0.8377787493932162,0.800414285126258,0.05,1.0,0.1622212506067839,0.199585714873742,0.20421932415002705,32.44425012135678,0.1622212506067839,0.08713959764784317,0.0679739837398374,0.012860402352156837,0.03202601626016259,0.03889573594971022,0.06583094500302522,0.08752597799511001,0.09247023322129666,0.8389908855739537,0.9062072911117767,0.2849333333333333,0.7518753598710312,0.235264237776812,0.11049275159428112,0.12477148618253088,,,,,,,,,,,,,,,,,,,0.0,0.0,58.8885127630848,71.75719134284307,76.83343137254901,75.13616807288011,2.6568808516835656,2.4413609672138517,2.4268643483903327,0.050354918732878944,29270543.065690164,27724119.937478717,0.034176373661548944,1.6041681861622663,0.5914558876545071,0.5367525682728952,2.2940413453248486e-05,0.1476044917601981,0.16108840819168468,76.39033439589782,0.11266409490035725,40.035380072627504,1.6625632611351402,,,0.6591287666290164,0.135694350492416,0.19891964461301334,0.9798166666666667,0.29081666666666667,0.005699999999999999,0.9935333333333333,0.1563975,0.0,0.0,0.2423223443223443,2518.7234925472767,2731.273275833876,60.90459241898079,56.01614252010369,0.006285714285714286,0.06994823563168348,0.6605138888888888,3.419675609917791e-08,0.0,,,,,,,,,,,,,,,,,,,,,,,,,,,,,,,,,,,,,,,,,
latency_critical,nominal,SOTA-DuelingDDQN,SOTA-DuelingDDQN,14,1103526060,1905340783,1823775964,0964be62616634067177,greedy,150,300,0,0,0,0,300,0,150-step training / 300-step arrival window,1362184486,1,234.9856014000252,latency_critical,200,0.025,0.9223312194938093,0.8441029340625849,0.615,0.975,0.07766878050619067,0.15589706593741523,0.17689494430444366,15.533756101238133,0.07966028769865709,0.07601253997536063,0.02549268912905277,0.023987460024639376,0.0745073108709472,0.11935154587721705,0.1397989982117435,0.16988644133546552,0.17612611383988563,0.6870433555617219,0.8918837166082128,0.23645,0.8718408065033517,0.10417173347200898,0.08323753761767208,0.02093419585433689,,,,,,,,,,,,,,,,,,,0.0,0.0,47.223698581737466,60.64126666666667,65.81900683955536,65.55932043418342,2.936762839101119,2.534989522475649,2.5069193446759686,0.07075964061780486,27660812.072142564,26489289.320748888,0.03614545238335431,1.5038474842380325,0.6314242291072296,0.5789446598872339,0.0,0.16315349106117327,0.17806355406747237,88.21651425999127,0.11853437743857582,29.981948500829386,1.8903593955759614,,,0.7053259001675304,0.08898061594223847,0.184750513911982,0.9775666666666666,0.22671666666666668,0.010583333333333333,0.9934499999999999,0.16690166666666661,0.0,0.0,0.22095238095238096,2758.753297195928,3032.6141308962215,52.233644478732025,43.39017366512773,0.009761904761904762,0.14610864732590723,0.5373319444444445,3.617947382995337e-08,0.0,,,,,,,,,,,,,,,,,,,,,,,,,,,,,,,,,,,,,,,,,
latency_critical,nominal,SOTA-DQN,SOTA-DQN,15,1481178426,1997781942,1596015111,de30ef20f74e7e9e5916,greedy,150,300,0,0,0,0,300,0,150-step training / 300-step arrival window,196072327,1,213.7251293999143,latency_critical,200,0.41,0.9849293256389463,0.9219524040796503,0.975,0.5900000000000001,0.015070674361053735,0.0780475959203496,0.10706771806162625,3.014134872210747,0.025543515866192763,0.09940895632360044,0.0927007299270073,0.0005910436763995549,0.0072992700729927005,0.008689160836220525,0.13055280315347936,0.167349747533779,0.18166296829138828,0.4234944288047299,0.7900451995593867,0.13795,0.9398662717094531,0.0595426846141474,0.05675842720503674,0.002784257409110667,,,,,,,,,,,,,,,,,,,0.0,0.0,35.09777521396775,49.84816176470588,55.61683999999998,53.66342678672163,3.050998654088376,2.6590815173230453,2.6129253527464087,0.0775974403851898,27363713.333374724,25841658.40808911,0.03652851150475584,1.1734776825907425,0.6522862690120825,0.6025368439864467,0.0,0.16949992522713203,0.191146344703406,110.62880545517898,0.10142135506112335,30.447714080273265,1.3951210888462888,,,0.722033126957637,0.04631260752039558,0.1801086797101293,0.9595,0.20691666666666667,0.00025,0.9886333333333335,0.17078749999999998,0.0,0.0,0.34206593406593405,2863.5117556683954,3151.9531378529814,38.57387570384585,32.03354051544467,0.00023809523809523812,0.14753637572548087,0.43509236111111105,3.6592005230061764e-08,0.0,,,,,,,,,,,,,,,,,,,,,,,,,,,,,,,,,,,,,,,,,
latency_critical,nominal,SOTA-DuelingDDQN,SOTA-DuelingDDQN,15,1481178426,1997781942,1596015111,9be9aef38e709cd2af0a,greedy,150,300,0,0,0,0,300,0,150-step training / 300-step arrival window,196072327,1,226.10489610000513,latency_critical,200,0.3,0.9724763295323621,0.887265191954675,0.895,0.7,0.02752367046763803,0.11273480804532507,0.13025950350737364,5.504734093527606,0.0393195292394829,0.09804030494980868,0.08704749103942652,0.0019596950501913294,0.012952508960573459,0.017078679565137235,0.12868238253057618,0.15997275928509733,0.16783224458624169,0.46152440646476606,0.8291590288306171,0.15258333333333332,0.9021324168221037,0.09590788812770516,0.0857063989618902,0.010201489165814967,,,,,,,,,,,,,,,,,,,0.0,0.0,37.38399407976334,49.43706607326258,54.74927801724137,52.583642590324715,2.974377930426276,2.6212992426892807,2.6006190439250783,0.06551290808834281,26578616.043402776,25050731.948749848,0.03763426112941092,1.2554126428180192,0.6397598572634854,0.5915443734913574,0.0,0.16524321835701528,0.1805157830822157,104.21526445825286,0.1183567179468921,20.92997642973779,1.725764043895159,,,0.7297251507824606,0.04579615917279801,0.18108488429719494,0.9689666666666668,0.26953333333333335,0.0008833333333333333,0.9891666666666665,0.1528675,0.0,0.0,0.32473992673992674,2701.168008786722,3121.4909651552666,40.732312112327826,34.28175771137826,0.0009523809523809525,0.1261638196373216,0.4722493055555556,3.766531941426299e-08,0.0,,,,,,,,,,,,,,,,,,,,,,,,,,,,,,,,,,,,,,,,,
latency_critical,congestion_burst,SOTA-DQN,SOTA-DQN,11,471540437,1073362871,1897045420,a144a83bc4aeee469af0,greedy,150,300,0,0,0,0,300,0,150-step training / 300-step arrival window,663160255,1,249.88632900011726,latency_critical,200,0.0,0.8049261522652483,0.7639903490781536,0.0,1.0,0.19507384773475173,0.2360096509218465,0.2454293231869232,39.01476954695035,0.19507384773475173,0.0859534941587156,0.06627298263534219,0.014046505841284404,0.03372701736465781,0.0433615897901741,0.13304647566710193,0.15805526557009725,0.16676748547781692,0.8611513419206814,0.926321029370525,0.3858333333333333,0.6099003067463007,0.3760531874124149,0.08418838971026847,0.29186479770214646,,,,,,,,,,,,,,,,,,,0.0,0.0,72.31181058086969,84.60792682926828,91.51943738656988,88.5091846605371,2.976037239768183,2.7207768497270473,2.6952920436927683,0.051924519385904304,28091144.302468263,26841011.77867333,0.03560332748951709,2.298579032988405,0.6190852150489025,0.570781942957647,0.0,0.16533540220934348,0.18013313240688092,67.34496482343229,0.1391700731826113,21.037564498790797,1.6697771622836517,,,0.7018479569176597,0.1451125875175872,0.21936011575821066,0.9718666666666667,0.16338333333333335,0.008916666666666666,0.99595,0.164585,0.0,0.0,0.29324542124542124,2729.236887474307,3108.929737157194,61.868026745887725,76.79846268357777,0.014428571428571428,0.11480056221416209,0.77879375,3.562136476806347e-08,0.0,,,,,,,,,,,,,,,,,,,,,,,,,,,,,,,,,,,,,,,,,
latency_critical,congestion_burst,SOTA-DuelingDDQN,SOTA-DuelingDDQN,11,471540437,1073362871,1897045420,36bb440f00a6e6322d45,greedy,150,300,0,0,0,0,300,0,150-step training / 300-step arrival window,663160255,1,219.88599530002102,latency_critical,200,0.0,0.7963725648686706,0.756362636122752,0.01,1.0,0.20362743513132942,0.24363736387724805,0.25124627182522724,40.72548702626588,0.20362743513132942,0.0666529294685269,0.04072442079592063,0.03334707053147312,0.059275579204079325,0.07137617912057746,0.13448166246278073,0.16122858076719798,0.16790493272028104,0.8743520154710461,0.9304354623755611,0.3908,0.6048363919064257,0.36181653756210125,0.07488023081373148,0.28693630674836984,,,,,,,,,,,,,,,,,,,0.0,0.0,66.06097667000853,78.72401639344261,83.04721350931675,82.37291607687155,2.978755571354898,2.77747948479364,2.753756110807857,0.04456147608889848,28139026.61784319,27042570.69906695,0.03556333055559773,2.09944034611091,0.5813745128917571,0.5287562258584525,3.3690237252416434e-05,0.16548642063082766,0.17800921902253555,77.01455867717455,0.12865984645670062,18.073743951493416,1.466430326008749,,,0.6746666504228888,0.14511277132584108,0.2246692834171147,0.9742166666666665,0.1286,0.021150000000000002,0.9930000000000001,0.16332333333333332,0.0,0.0,0.27863736263736266,2844.621417648398,3050.981654119937,58.54821978172946,69.41744097804109,0.03861904761904762,0.13882581513773445,0.7395923611111112,3.5562615302660025e-08,0.0,,,,,,,,,,,,,,,,,,,,,,,,,,,,,,,,,,,,,,,,,
latency_critical,congestion_burst,SOTA-DQN,SOTA-DQN,12,1729653623,2128646545,1621075116,f27b5c6814ebe53fd0cb,greedy,150,300,0,0,0,0,300,0,150-step training / 300-step arrival window,1165520472,1,245.8330148998648,latency_critical,200,0.0,0.7647680789499369,0.7313574268281968,0.0,1.0,0.2352319210500631,0.2686425731718034,0.27923246837553156,47.04638421001262,0.2352319210500631,0.05406060592743344,0.018766552637386903,0.04593939407256657,0.08123344736261309,0.0887353690692948,0.1361561790853713,0.16044885650027746,0.16804685703788555,0.9084278088609443,0.9526457114617302,0.39660000000000006,0.5643959450290881,0.3896646608983454,0.07082358385248114,0.3188410770458643,,,,,,,,,,,,,,,,,,,0.0,0.0,70.35272011170427,80.18935813789454,85.02886513761467,83.95560180652902,2.9958271459556287,2.763336107139596,2.747078586747624,0.04901314837324077,22140447.970021293,21361525.532074727,0.04517630985307727,2.8564699095836468,0.5564020887382536,0.5143348751583864,8.658054366826817e-05,0.16643484144197943,0.17934151206889307,75.73420623198648,0.11938055203094176,36.76307042907266,1.5129705553321222,,,0.7212490662084443,0.18538048289732503,0.2574849764111179,0.9711,0.21731666666666666,0.0288,0.9916333333333333,0.16166416666666664,0.0,0.0,0.17884981684981682,2878.784462155558,3058.8501295402834,61.54028610123705,73.5142137919128,0.039285714285714285,0.12592961711120546,0.7482798611111111,4.51872914095032e-08,0.0,,,,,,,,,,,,,,,,,,,,,,,,,,,,,,,,,,,,,,,,,
latency_critical,congestion_burst,SOTA-DuelingDDQN,SOTA-DuelingDDQN,12,1729653623,2128646545,1621075116,3197daafd08f55ec997a,greedy,150,300,0,0,0,0,300,0,150-step training / 300-step arrival window,1165520472,1,269.2047173001338,latency_critical,200,0.0,0.7889007539802495,0.7521148929408156,0.0,1.0,0.21109924601975066,0.24788510705918448,0.25231497570515116,42.21984920395013,0.21109924601975066,0.05314572133632463,0.007594114528101815,0.046854278663675385,0.09240588547189818,0.10037770434827828,0.15026828107476223,0.17530803371472778,0.18113168904127375,0.8970566850282392,0.9491190001035429,0.3889666666666667,0.6110464795853487,0.342099241750976,0.0684216273327419,0.27367761441823407,,,,,,,,,,,,,,,,,,,0.0,0.0,62.03236162440563,74.54716278040142,78.34769230769228,77.03449134912323,3.1700381744068387,2.9531531236588298,2.9199869445002684,0.04338322422300566,22069216.69401343,21170613.776052352,0.045329652647337376,2.6741542433135206,0.5673078623631647,0.5209750789706568,0.0001208107654378332,0.17611323191149103,0.19021167571616782,82.08322534127821,0.11270772598037067,25.581220696954166,1.5362637543233464,,,0.6878502097439616,0.1506168072852861,0.22916350413018344,0.9680166666666667,0.15785,0.028966666666666665,0.9948500000000001,0.16401416666666666,0.0,0.0,0.21076923076923076,3027.8360501441557,3246.608549009821,54.7915036636864,65.13580533186004,0.045952380952380946,0.16169323644457084,0.7260333333333334,4.53421063996298e-08,0.0,,,,,,,,,,,,,,,,,,,,,,,,,,,,,,,,,,,,,,,,,
latency_critical,congestion_burst,SOTA-DQN,SOTA-DQN,13,1025721121,372372750,535536204,97af549cf8979e5e1f69,greedy,150,300,0,0,0,0,300,0,150-step training / 300-step arrival window,2007586720,1,259.3066386000719,latency_critical,200,0.0,0.8067502673957765,0.7705472047974119,0.01,1.0,0.19324973260422368,0.22945279520258804,0.23539863356647076,38.649946520844736,0.19324973260422368,0.08076541465212465,0.057491087344028524,0.019234585347875352,0.042508912655971454,0.05034011740804495,0.1570702478709843,0.18852439349506794,0.1961988288633948,0.8727966907527093,0.9285466476865032,0.3843,0.6247551885035789,0.35601022614854577,0.08988536182530606,0.2661248643232398,,,,,,,,,,,,,,,,,,,0.0,0.0,59.62648155809887,69.79905303030303,72.28037378934624,72.09886340871842,3.1616963556015945,2.906997083166062,2.8946935855233615,0.047938759412632356,25316848.937222976,24413986.031765576,0.039516486406527336,2.2349042381690074,0.5706467969488489,0.5219152762771074,9.315985688503503e-05,0.1756497975334219,0.18867016715282278,80.53946168360225,0.10075525376162078,36.881247820172995,1.7380368196514189,,,0.6537023931750228,0.13379960189672352,0.21219464667688462,0.9786,0.11451666666666666,0.011866666666666666,0.9942833333333334,0.15869499999999997,0.0,0.0,0.2105054945054945,3082.2590436036303,3204.470292831267,53.49079758475724,62.948456678926966,0.01876190476190476,0.16034006570632195,0.7597055555555556,3.9520432664171304e-08,0.0,,,,,,,,,,,,,,,,,,,,,,,,,,,,,,,,,,,,,,,,,
latency_critical,congestion_burst,SOTA-DuelingDDQN,SOTA-DuelingDDQN,13,1025721121,372372750,535536204,11d0b87a48ed31102082,greedy,150,300,0,0,0,0,300,0,150-step training / 300-step arrival window,2007586720,1,277.458694400033,latency_critical,200,0.0,0.7610218656798255,0.7214443336688154,0.0,1.0,0.23897813432017456,0.27855566633118467,0.2866596872860349,47.795626864034915,0.23897813432017456,0.05478683853851424,0.019656664055315243,0.04521316146148577,0.08034333594468472,0.08751416222592327,0.11688048821792787,0.147014517147065,0.1550532922855929,0.9055972862113696,0.9529356832256364,0.39336666666666664,0.5630359746932154,0.3917508638452989,0.07369830553261349,0.3180525583126854,,,,,,,,,,,,,,,,,,,0.0,0.0,66.98495595467442,80.72566137566137,85.8237676609105,83.57052661497224,2.87735982122625,2.637949841435073,2.6218475259214764,0.050245099104418114,24840763.19436068,23895677.157266244,0.04026518541008863,2.3282113872200667,0.5449978795994501,0.49819806506655584,0.0007645321785723753,0.15985332340145833,0.1728261070139537,75.55651277247959,0.12411593023936537,27.28821361405509,1.9599972712982776,,,0.7274767372953577,0.1811895486773181,0.25955577657897394,0.9696666666666666,0.2534166666666666,0.02776666666666667,0.9904833333333333,0.15369,0.0,0.0,0.274981684981685,2795.3466563767365,2921.5207561452194,59.10050552962834,70.11295507113806,0.04271428571428571,0.1239188767079256,0.7500430555555556,4.0276892638353896e-08,0.0,,,,,,,,,,,,,,,,,,,,,,,,,,,,,,,,,,,,,,,,,
latency_critical,congestion_burst,SOTA-DQN,SOTA-DQN,14,1103526060,1905340783,1823775964,a36c07a532f6662ccc4d,greedy,150,300,0,0,0,0,300,0,150-step training / 300-step arrival window,483994200,1,258.4352931000758,latency_critical,200,0.0,0.7814977203556158,0.7500805864978779,0.005,1.0,0.2185022796443841,0.24991941350212218,0.2628186581922252,43.70045592887682,0.2185022796443841,0.08449772351642518,0.06085911225992941,0.015502276483574834,0.03914088774007059,0.04767237880760408,0.07908403469461688,0.10417375283446713,0.10832402206219223,0.8763349033314661,0.9316017989172423,0.3925,0.5632280293575513,0.42126969415887383,0.09315821574467481,0.3281114784141991,,,,,,,,,,,,,,,,,,,0.0,0.0,67.18623310506659,77.11232142857142,79.08525974025973,78.94963478272106,2.9632787091373896,2.7666844387271876,2.7298356397884156,0.04892502304640928,29560478.848458786,28250859.897131097,0.03383916269938992,2.0211272444192865,0.5628420406864495,0.5195198079082002,0.00034374232859292144,0.16462659495207718,0.17765842031879156,83.46717743879577,0.10345272614003044,40.035380072627504,1.6625632611351402,,,0.6672437130412532,0.15951390986210318,0.23721123245668407,0.9878833333333332,0.2699166666666667,0.009766666666666667,0.99395,0.15821083333333333,0.0,0.0,0.23259340659340658,2858.0354886962928,3019.9481355287494,59.87336714048111,70.31175214557032,0.018095238095238095,0.08083003722973318,0.7955972222222222,3.385874670277026e-08,0.0,,,,,,,,,,,,,,,,,,,,,,,,,,,,,,,,,,,,,,,,,
latency_critical,congestion_burst,SOTA-DuelingDDQN,SOTA-DuelingDDQN,14,1103526060,1905340783,1823775964,0964be62616634067177,greedy,150,300,0,0,0,0,300,0,150-step training / 300-step arrival window,483994200,1,234.9856014000252,latency_critical,200,0.0,0.8288492352011706,0.7884408628738725,0.045,1.0,0.1711507647988295,0.21155913712612756,0.22161625021594783,34.2301529597659,0.1711507647988295,0.06778859551600401,0.04414532595676724,0.03221140448399598,0.05585467404323276,0.06162204312510492,0.16530782852554374,0.194021687883074,0.19833866956735935,0.858311033644176,0.9251625265902957,0.38323333333333337,0.6691757730228122,0.2986128224931918,0.07440071520909203,0.22421210728409974,,,,,,,,,,,,,,,,,,,0.0,0.0,62.46379541815206,74.24600554435483,79.0402591765873,77.19511089226829,3.3629357535319544,3.1061443906125192,3.0882196005020512,0.04744510525902058,28494049.349202137,27391286.065254983,0.03509841601678342,2.211850206237122,0.5970371346075399,0.5510305839602078,0.0,0.18682976408510854,0.20073612055743217,85.49318231488829,0.10889623948859178,29.981948500829386,1.8903593955759614,,,0.660691175869986,0.1254464410276863,0.1984907633973524,0.9764499999999999,0.15401666666666666,0.020216666666666664,0.9939,0.16640416666666666,0.0,0.0,0.19200000000000003,3258.6127149183662,3419.109697400809,55.23420773278671,65.62735766827086,0.019714285714285712,0.16591640893118761,0.7503756944444444,3.511480885892485e-08,0.0,,,,,,,,,,,,,,,,,,,,,,,,,,,,,,,,,,,,,,,,,
latency_critical,congestion_burst,SOTA-DQN,SOTA-DQN,15,1481178426,1997781942,1596015111,de30ef20f74e7e9e5916,greedy,150,300,0,0,0,0,300,0,150-step training / 300-step arrival window,1953385204,1,213.7251293999143,latency_critical,200,0.035,0.8887827272950537,0.8233953710867896,0.37,0.965,0.11121727270494634,0.1766046289132103,0.1813609669006458,22.24345454098927,0.11525105979787185,0.09283059154782848,0.07777777777777778,0.007169408452171533,0.022222222222222223,0.02648065722788145,0.16334542885426495,0.19546677875904853,0.2030445287731361,0.7842963266445204,0.9010169616618662,0.3522166666666666,0.7568600966652358,0.2359704948825928,0.09876127665635676,0.13720921822623608,,,,,,,,,,,,,,,,,,,0.0,0.0,49.053002460152875,59.66035671462829,63.96740096509931,62.51584479342703,3.712999294100373,3.4609689482532184,3.4336172693678804,0.04530212469579469,28395940.964412525,27220088.89670087,0.03522142872292358,1.9245034108309966,0.602683710080005,0.5607942910700322,0.0,0.20627773856113182,0.22222678606908874,111.32908247614627,0.09689287272584343,30.447714080273265,1.3951210888462888,,,0.6157939561396872,0.08168641450348524,0.18168770626491287,0.99045,0.10718333333333334,0.0046,0.9880499999999999,0.15504166666666663,0.0,0.0,0.283018315018315,3767.6748289228835,3683.5586215036365,42.50250620624246,52.19148888949046,0.004285714285714286,0.1705399024477045,0.7173722222222223,3.523663757816346e-08,0.0,,,,,,,,,,,,,,,,,,,,,,,,,,,,,,,,,,,,,,,,,
latency_critical,congestion_burst,SOTA-DuelingDDQN,SOTA-DuelingDDQN,15,1481178426,1997781942,1596015111,9be9aef38e709cd2af0a,greedy,150,300,0,0,0,0,300,0,150-step training / 300-step arrival window,1953385204,1,226.10489610000513,latency_critical,200,0.02,0.8935176249193441,0.8119636411433425,0.46,0.98,0.10648237508065585,0.18803635885665754,0.19956905522959015,21.29647501613117,0.10865548477617944,0.09076092435423494,0.07354497354497355,0.009239075645765073,0.026455026455026454,0.03269746988900971,0.14936051248587284,0.18079113707345976,0.18597336699628303,0.7659653511724268,0.8981949576751715,0.3403333333333333,0.7212551957032426,0.26950572865099237,0.09935409922732476,0.17015162942366757,,,,,,,,,,,,,,,,,,,0.0,0.0,46.39654679517383,56.37712529274005,59.56873714285714,57.8859941894544,3.541319307968901,3.305892381115328,3.285447529682068,0.043639053327566645,27120265.48814043,26188208.688493986,0.0368838897188613,1.8180621061065032,0.5898733116292734,0.5459914086987244,0.0,0.1967399615538278,0.21172348668564406,110.16668207028005,0.09246200858297433,20.92997642973779,1.725764043895159,,,0.6871096926749368,0.07428848813310816,0.18184888217173054,0.9872833333333333,0.21075,0.005833333333333333,0.9915166666666667,0.15655999999999998,0.0,0.0,0.30164102564102563,3619.288041756712,3499.3361436216196,40.151161836859075,49.64696298985024,0.01361904761904762,0.1676503367477155,0.7052979166666666,3.689071903405122e-08,0.0,,,,,,,,,,,,,,,,,,,,,,,,,,,,,,,,,,,,,,,,,
latency_critical,mixed_stress,SOTA-DQN,SOTA-DQN,11,471540437,1073362871,1897045420,a144a83bc4aeee469af0,greedy,150,300,0,0,0,0,300,0,150-step training / 300-step arrival window,1815919587,1,249.88632900011726,latency_critical,200,0.0,0.7363385620955569,0.6958207993489853,0.0,1.0,0.2636614379044432,0.3041792006510146,0.31182746980885356,52.73228758088864,0.2636614379044432,0.07460156391754982,0.04364044529183837,0.025398436082450182,0.056359554708161626,0.06602004747054355,0.1435318123311229,0.17153923070929536,0.18032325439730917,0.8979767800302983,0.9464746173519835,0.41481666666666667,0.49429969420317993,0.4803018697143699,0.06461642583535057,0.4156854438790194,,,,,,,,,,,,,,,,,,,0.0,0.0,85.86376379434114,97.61221001221,101.69391345168997,100.61611504012839,2.7440750916719328,2.494420133555294,2.4798511885953616,0.057779911334496795,27881777.588081017,26585566.42341205,0.03587148712257214,2.535575516688223,0.5954138336236374,0.5459792543459331,0.00012130980352841437,0.15244861620399627,0.1676665959265254,87.77341825912632,0.14246223926739537,21.037564498790797,1.6697771622836517,,,0.8022003812420659,0.19690385676232056,0.3175920932465841,0.91215,0.1867,0.017833333333333333,0.99625,0.1661333333333333,0.0,0.0,0.8245054945054946,1666.210116378059,3324.4639245224803,75.50782029569787,87.39769875167377,0.03347619047619047,0.14805939968968534,0.7614784722222222,3.589077170965913e-08,0.0,,,,,,,,,,,,,,,,,,,,,,,,,,,,,,,,,,,,,,,,,
latency_critical,mixed_stress,SOTA-DuelingDDQN,SOTA-DuelingDDQN,11,471540437,1073362871,1897045420,36bb440f00a6e6322d45,greedy,150,300,0,0,0,0,300,0,150-step training / 300-step arrival window,1815919587,1,219.88599530002102,latency_critical,200,0.0,0.7356645868301555,0.7052641437130519,0.0,1.0,0.2643354131698446,0.2947358562869481,0.30224336897851917,52.86708263396892,0.2643354131698446,0.0515887795977161,0.015053908355795158,0.0484112204022839,0.08494609164420483,0.0919685642689152,0.10433656446907127,0.1314655172413793,0.14035606367499026,0.9064710041391923,0.9508999853133384,0.42373333333333335,0.5007197265981708,0.4508690529995454,0.04841843003051983,0.4024506229690255,,,,,,,,,,,,,,,,,,,0.0,0.0,84.4969762730358,94.44304347826088,98.09449056603772,96.8291409794331,2.7754960517032248,2.586809323690856,2.572573221081865,0.04495188961323717,30615981.352976896,29260114.11950694,0.03268738789798461,2.2997639047777176,0.5918584346351906,0.540968961543014,8.153314026111692e-06,0.1541942250946236,0.1671350912543705,113.95102380119656,0.09671680679023817,18.073743951493416,1.466430326008749,,,0.6178538386110864,0.1931097535568886,0.3097853799204834,0.9607333333333333,0.08295,0.03431666666666667,0.9933500000000001,0.15850833333333333,0.0,0.0,0.6726227106227105,1976.7954026614448,3205.565631956492,85.85117408946768,83.42481794454547,0.06266666666666668,0.07256542617420507,0.7133902777777777,3.2686964390029624e-08,0.0,,,,,,,,,,,,,,,,,,,,,,,,,,,,,,,,,,,,,,,,,
latency_critical,mixed_stress,SOTA-DQN,SOTA-DQN,12,1729653623,2128646545,1621075116,f27b5c6814ebe53fd0cb,greedy,150,300,0,0,0,0,300,0,150-step training / 300-step arrival window,1762585239,1,245.8330148998648,latency_critical,200,0.0,0.7046463872741774,0.6713677482600601,0.0,1.0,0.2953536127258227,0.32863225173994,0.33587437737436127,59.07072254516455,0.2953536127258227,0.05797298763097149,0.028818621642969992,0.04202701236902851,0.07118137835702998,0.08178993449240447,0.1260665719732777,0.15318780318780317,0.16088749735139365,0.9247604575642242,0.9593083171079183,0.4267833333333333,0.4483128756328722,0.5096601119980992,0.052856646941070326,0.456803465057029,,,,,,,,,,,,,,,,,,,0.0,0.0,89.1729206342806,99.29835800185013,103.92091304347827,101.95793691914255,2.702755743325808,2.473642403398721,2.458090425102714,0.05080497622152977,22601788.08473194,21608205.609291706,0.044256294047862015,3.19989765904399,0.5557309398520422,0.5090179489898008,0.0002725645281481584,0.1501530968514338,0.16180125815086616,101.78914954550763,0.09494297278200413,36.76307042907266,1.5129705553321222,,,0.7059523378539856,0.22946906566458025,0.3462618219446602,0.9704166666666666,0.22824999999999998,0.029500000000000002,0.9914833333333334,0.1612458333333333,0.0,0.0,0.6616190476190477,1832.1896279188952,3171.5221131602993,84.45412823100614,88.92139504863925,0.03323809523809524,0.1174031709994744,0.7451347222222222,4.4278383314496e-08,0.0,,,,,,,,,,,,,,,,,,,,,,,,,,,,,,,,,,,,,,,,,
latency_critical,mixed_stress,SOTA-DuelingDDQN,SOTA-DuelingDDQN,12,1729653623,2128646545,1621075116,3197daafd08f55ec997a,greedy,150,300,0,0,0,0,300,0,150-step training / 300-step arrival window,1762585239,1,269.2047173001338,latency_critical,200,0.0,0.7336617727329589,0.6970904290368083,0.0,1.0,0.26633822726704115,0.3029095709631918,0.3099210856470702,53.26764545340823,0.26633822726704115,0.05737112527446328,0.026144393241167442,0.042628874725536725,0.07385560675883253,0.08286170789720534,0.15327057884706316,0.18103055268213386,0.18963493341741383,0.9142140227848295,0.9548263314830553,0.42096666666666666,0.4886999230854521,0.4686712021890111,0.051662925438715694,0.41700827675029545,,,,,,,,,,,,,,,,,,,0.0,0.0,83.38155543345464,93.48479787234042,97.61645833333333,96.39879941942257,2.884796147736621,2.654239875097751,2.650552449992435,0.047441357897225915,23110770.218552765,22022056.22505495,0.043285154275629185,3.1235275891156267,0.5748307453441249,0.5312553666044706,5.3332974639586916e-05,0.16026645265203449,0.17313453462127415,103.07950816083084,0.10485129354235985,25.581220696954166,1.5362637543233464,,,0.6949040626536109,0.19462345910025405,0.315694293977924,0.9638166666666667,0.13105,0.029683333333333332,0.9947333333333332,0.16112416666666665,0.0,0.0,0.8217289377289377,1817.3159531065048,3459.593175614375,77.6426000037009,83.39429231917129,0.036238095238095236,0.18097045300977185,0.7229368055555555,4.330832139570181e-08,0.0,,,,,,,,,,,,,,,,,,,,,,,,,,,,,,,,,,,,,,,,,
latency_critical,mixed_stress,SOTA-DQN,SOTA-DQN,13,1025721121,372372750,535536204,97af549cf8979e5e1f69,greedy,150,300,0,0,0,0,300,0,150-step training / 300-step arrival window,602361182,1,259.3066386000719,latency_critical,200,0.0,0.7554640919168975,0.7195832759987488,0.0,1.0,0.24453590808310255,0.28041672400125117,0.28762072674792805,48.90718161662051,0.24453590808310255,0.08322656515909042,0.06736245036868974,0.0167734348409096,0.03263754963131024,0.037691129770554485,0.13694732386906552,0.1703553933263352,0.1762735383687599,0.8902261081473007,0.9371363580361496,0.4119833333333333,0.5138775487308802,0.4693490164282102,0.06351223604531277,0.4058367803828975,,,,,,,,,,,,,,,,,,,0.0,0.0,80.797485963389,91.63605318699874,94.46130434782607,93.84859396728059,2.890772612541925,2.669555875079511,2.6622080093103446,0.04518287276395621,26872691.77296594,25318095.511114195,0.03724588777192704,2.609824863935502,0.5831756996667941,0.5271817274558347,0.0,0.1605984784745514,0.17301570715955633,111.46577021806524,0.09727508702420569,36.881247820172995,1.7380368196514189,,,0.6306998587443988,0.1768541512514588,0.284997798639908,0.9768833333333333,0.10226666666666667,0.011583333333333333,0.9941666666666669,0.15618666666666667,0.0,0.0,0.6562124542124542,2006.2789331954957,3367.0384398823094,81.80491414488546,80.16121656134413,0.015380952380952382,0.13535589739344422,0.7590916666666666,3.726016900493272e-08,0.0,,,,,,,,,,,,,,,,,,,,,,,,,,,,,,,,,,,,,,,,,
latency_critical,mixed_stress,SOTA-DuelingDDQN,SOTA-DuelingDDQN,13,1025721121,372372750,535536204,11d0b87a48ed31102082,greedy,150,300,0,0,0,0,300,0,150-step training / 300-step arrival window,602361182,1,277.458694400033,latency_critical,200,0.0,0.6927372635572465,0.6581301523559265,0.0,1.0,0.30726273644275354,0.3418698476440736,0.3488892833645517,61.452547288550704,0.30726273644275354,0.0691929452676177,0.04462285385259632,0.030807054732382308,0.055377146147403654,0.0648844929778025,0.12337127530482576,0.15410514014715307,0.16428221302692927,0.9191020157376966,0.9599724574456934,0.42306666666666665,0.4345950008820074,0.5345979443856101,0.06296107320234143,0.47163687118326886,,,,,,,,,,,,,,,,,,,0.0,0.0,84.75185747081359,95.12364187763713,99.8340588235294,98.16520775559745,2.5322462747052152,2.337925088253692,2.314457734200469,0.04909379676678085,23819725.872411612,22566086.064471543,0.04199798040224216,2.703988420147872,0.5414852364751568,0.4916056231233834,0.0012953189175438273,0.14068034859473413,0.15218388778620112,87.84624204126547,0.1262371923814936,27.28821361405509,1.9599972712982776,,,0.6949896449394845,0.22825881171041648,0.3484511181221239,0.9766666666666666,0.36723333333333336,0.021266666666666666,0.9895999999999999,0.15196916666666666,0.0,0.0,0.4506520146520147,1715.3860707245385,2972.094076848656,78.08717606807107,85.42986261461665,0.02119047619047619,0.1741936304513301,0.7722159722222223,4.201717300873971e-08,0.0,,,,,,,,,,,,,,,,,,,,,,,,,,,,,,,,,,,,,,,,,
latency_critical,mixed_stress,SOTA-DQN,SOTA-DQN,14,1103526060,1905340783,1823775964,a36c07a532f6662ccc4d,greedy,150,300,0,0,0,0,300,0,150-step training / 300-step arrival window,1682226612,1,258.4352931000758,latency_critical,200,0.0,0.7277904120118235,0.6965533354822295,0.0,1.0,0.27220958798817646,0.3034466645177706,0.30999747003917394,54.441917597635296,0.27220958798817646,0.0851479098158083,0.06520213577421817,0.014852090184191702,0.03479786422578184,0.039854533091410474,0.10378621580835523,0.12685572940635065,0.1310480920252381,0.90250326502831,0.9454597126038611,0.42400000000000004,0.46692831857664513,0.5182195912391632,0.07007487218831837,0.44814471905084474,,,,,,,,,,,,,,,,,,,0.0,0.0,83.78217992405956,92.34141526175686,100.35086522108844,96.91920728853972,2.785959486904686,2.528381671922149,2.5249596079117267,0.05680624626406637,28963412.97222645,27612565.761319377,0.03453516135392649,2.418294548714816,0.5628867951323531,0.518781132157509,0.0001352132935349479,0.15477552705026032,0.1682498539325333,105.52806951464295,0.10243212157496764,40.035380072627504,1.6625632611351402,,,0.6729420066520514,0.20170928312133346,0.317421084598004,0.9872,0.3048833333333334,0.010499999999999999,0.9936500000000001,0.15772166666666668,0.0,0.0,0.48481318681318686,1843.5953580395535,3293.3863255243737,76.65593962796981,84.28331463445122,0.017619047619047618,0.13074741940523973,0.7957673611111113,3.455786804032489e-08,0.0,,,,,,,,,,,,,,,,,,,,,,,,,,,,,,,,,,,,,,,,,
latency_critical,mixed_stress,SOTA-DuelingDDQN,SOTA-DuelingDDQN,14,1103526060,1905340783,1823775964,0964be62616634067177,greedy,150,300,0,0,0,0,300,0,150-step training / 300-step arrival window,1682226612,1,234.9856014000252,latency_critical,200,0.0,0.7686389510730932,0.7344360091430842,0.0,1.0,0.23136104892690684,0.26556399085691595,0.2743493935842416,46.27220978538137,0.23136104892690684,0.059297142898684305,0.02383844400704444,0.04070285710131571,0.07616155599295556,0.08608244215726404,0.17287460655396125,0.21196852303697045,0.22137286495968628,0.8900057352174716,0.9447297063006034,0.4156166666666667,0.5362686017154215,0.42302854118326294,0.056300213937457544,0.3667283272458053,,,,,,,,,,,,,,,,,,,0.0,0.0,80.30638840640698,89.404203539823,95.68271186440678,93.03572138843147,3.0555044965133935,2.8597796406141933,2.837220348069641,0.04262970204849178,29898063.504728526,28601307.689481225,0.03345806559184215,2.462947219409587,0.6010278196847446,0.5520433356705247,0.0,0.16975024980629969,0.1826538291381928,112.42949821014416,0.11906079299633834,29.981948500829386,1.8903593955759614,,,0.6754304810658334,0.16696112903515684,0.27196734976306536,0.96915,0.12196666666666667,0.028466666666666668,0.9937333333333334,0.16478999999999996,0.0,0.0,0.7113113553113553,2143.2563100435186,3546.7150584587125,81.17628686727684,79.199707733064,0.05276190476190477,0.2241049685097294,0.7326604166666667,3.3473638811142516e-08,0.0,,,,,,,,,,,,,,,,,,,,,,,,,,,,,,,,,,,,,,,,,
latency_critical,mixed_stress,SOTA-DQN,SOTA-DQN,15,1481178426,1997781942,1596015111,de30ef20f74e7e9e5916,greedy,150,300,0,0,0,0,300,0,150-step training / 300-step arrival window,1235393843,1,213.7251293999143,latency_critical,200,0.0,0.8065651657794608,0.7573814223171502,0.015,1.0,0.19343483422053936,0.2426185776828498,0.2508422858874564,38.68696684410787,0.19343483422053936,0.08893138708394649,0.07271476230191827,0.011068612916053528,0.027285237698081728,0.03072364784294912,0.13884704623404068,0.170736552636467,0.17777824746361093,0.8577785129534038,0.9331065649388804,0.3970166666666667,0.5946131527584968,0.3943182343254496,0.06691546361479551,0.32740277071065405,,,,,,,,,,,,,,,,,,,0.0,0.0,73.07520248918863,84.02006783493499,89.20455284552845,86.82339365393553,3.3148922401577727,3.0716063604455752,3.0601175102171023,0.045358233723158274,29227288.241886448,27703691.58547439,0.03423395931651066,2.487813541424595,0.5902180572399869,0.5531341577622294,0.0,0.18416068000876515,0.1982522760689029,138.15983306217288,0.10011041483337017,30.447714080273265,1.3951210888462888,,,0.6352901074163251,0.13533972734836378,0.23034001516496388,0.9883833333333334,0.15411666666666668,0.0077666666666666665,0.98875,0.15457749999999998,0.0,0.0,0.6536483516483516,2299.586606950641,3861.595273423152,66.54430547627427,73.66651224576762,0.005666666666666666,0.13415640756134628,0.7488486111111111,3.4247806535307704e-08,0.0,,,,,,,,,,,,,,,,,,,,,,,,,,,,,,,,,,,,,,,,,
latency_critical,mixed_stress,SOTA-DuelingDDQN,SOTA-DuelingDDQN,15,1481178426,1997781942,1596015111,9be9aef38e709cd2af0a,greedy,150,300,0,0,0,0,300,0,150-step training / 300-step arrival window,1235393843,1,226.10489610000513,latency_critical,200,0.0,0.8083494555244974,0.7539415747712991,0.01,1.0,0.19165054447550267,0.24605842522870092,0.25835688155923175,38.33010889510054,0.19165054447550267,0.08507097390568308,0.06622517237830607,0.014929026094316913,0.033774827621693926,0.04081063701328234,0.16835744648609519,0.20160288677986038,0.2081619776726232,0.8450224371583823,0.930278351841865,0.3917,0.5775522606865627,0.4075187132191204,0.07018306435075221,0.33733564886836825,,,,,,,,,,,,,,,,,,,0.0,0.0,68.7982672297172,76.49024153463809,79.68854410616706,78.36099923236173,3.27843562225184,3.0417203875289167,3.0094605905816456,0.04753173421927055,28486466.15853425,27142369.844351146,0.0351133541649488,2.3759523784053815,0.5765269745107873,0.5346650913201472,1.993701471714876e-05,0.18213531234732444,0.19544824537445518,129.74701706807966,0.0997149400517062,20.92997642973779,1.725764043895159,,,0.6367129514173171,0.12903105167288537,0.22669640219759707,0.98505,0.12318333333333334,0.010566666666666667,0.9915666666666667,0.15979,0.0,0.0,0.7348278388278388,2248.785431382151,3832.8626481047504,62.95742488087259,69.94547022368738,0.02157142857142857,0.23671478506586635,0.7277374999999999,3.513192832254491e-08,0.0,,,,,,,,,,,,,,,,,,,,,,,,,,,,,,,,,,,,,,,,,
