intent,scenario,scheme,checkpoint_source_scheme,seed,env_seed,evaluation_seed,policy_seed,policy_fingerprint,evaluation_action_mode,training_steps,evaluation_steps,terminal_drain_steps,terminal_drain_auto_extend,terminal_drain_max_steps,terminal_drain_rng_replay_preserved,effective_environment_steps,terminal_drain_enabled,horizon_protocol,evaluation_action_sampling_seed,universal_training_reused,train_time_s,intent_name,episodes,intent_satisfaction_rate,soft_intent_compliance_score,soft_intent_compliance_p05,relaxed_intent_satisfaction_rate,intent_violation_rate,weighted_violation_mean,weighted_violation_p95,weighted_violation_cvar95,intent_regret_auc,positive_violation_mean,reliability_safety_margin_mean,reliability_safety_margin_p05,blocking_mean,blocking_p95,blocking_cvar95,interruption_mean,interruption_p95,interruption_cvar95,deadline_exposure_mean,deadline_exposure_cvar95,deadline_miss_proxy_mean,service_success_rate_mean,unfinished_rate_mean,right_censored_rate_mean,pending_after_deadline_rate_mean,measurement_service_success_rate_mean,measurement_deadline_exposure_mean,measurement_unfinished_rate_mean,measurement_right_censored_rate_mean,measurement_blocking_mean,measurement_throughput_mean_mbps,drain_added_completions_mean,drain_added_deadline_exposures_mean,drain_removed_unfinished_requests_mean,terminal_drain_requested_steps_mean,terminal_drain_actual_steps_mean,terminal_drain_actual_steps_max,terminal_drain_extension_steps_mean,terminal_drain_extension_steps_max,terminal_total_steps_mean,max_realized_device_deadline_steps_mean,max_realized_device_deadline_steps_max,measurement_rng_stream_preserved,request_conservation_error_max_abs,shield_override_rate_mean,delay_mean_ms,delay_p95_ms,delay_p99_ms,delay_cvar95_ms,throughput_mean_mbps,throughput_p05_mbps,throughput_cvar_low10_mbps,throughput_stability_cv,energy_eff_mean_bpj,energy_eff_p05_bpj,energy_per_mbit_j,energy_delay_product,fairness_mean,fairness_p05,fairness_deficit_mean,utilization_mean,utilization_p95,reward_mean,reward_stability_cv,qmax_terminal,qmax_oscillation_std,lambda_pressure_mean,lambda_terminal_pressure,action_entropy_norm,dynamic_violation_mean,dynamic_violation_step_cvar95,grant_like_action_rate,preempt_action_rate,deny_action_rate,feasibility_filter_active_rate,feasibility_filtered_action_fraction,shield_filter_active_rate,shield_filtered_action_fraction,shock_action_shift_l1,shock_throughput_bits_mean,pre_shock_throughput_bits_mean,shock_delay_ms_mean,pre_shock_delay_ms_mean,shock_block_rate,shock_interruption_rate,queue_load_mean,energy_per_delivered_bit_step,intent_switch_active,intent_action_shift_l1,intent_mode_shift_l1,counterfactual_intent_policy_l1,counterfactual_mode_policy_l1,counterfactual_argmax_change_rate,frozen_policy_entropy_norm,pre_mask_reject_probability,feasible_reject_probability,physical_infeasible_probability_mass,pre_mask_unsafe_probability_mass,shield_filtered_probability_mass,shield_filtered_raw_probability_mass,actual_shield_prevention_rate,stochastic_action_entropy,stochastic_action_entropy_nats,policy_mode_prob_defer,policy_mode_prob_grant,policy_mode_prob_protect,policy_mode_prob_coexist,policy_mode_prob_reject,intent_mode_prob__balanced_agentic__defer,intent_mode_prob__balanced_agentic__grant,intent_mode_prob__balanced_agentic__protect,intent_mode_prob__balanced_agentic__coexist,intent_mode_prob__balanced_agentic__reject,intent_mode_prob__reliability_first__defer,intent_mode_prob__reliability_first__grant,intent_mode_prob__reliability_first__protect,intent_mode_prob__reliability_first__coexist,intent_mode_prob__reliability_first__reject,intent_mode_prob__latency_critical__defer,intent_mode_prob__latency_critical__grant,intent_mode_prob__latency_critical__protect,intent_mode_prob__latency_critical__coexist,intent_mode_prob__latency_critical__reject,post_switch_violation_mean,switch_adaptation_time_steps,switch_adaptation_success,switch_pre_violation_reference,switch_post_violation_reference,switch_settling_band
balanced_agentic,nominal,MaxWeight,MaxWeight,11,471540437,1073362871,925285975,,stochastic,150,300,250,1,500,1,800,1,150-step training / 300-step arrival window + >= 250-step no-arrival drain adaptively extended to cohort maturity (cap 500),1332386046,0,1.3499986380338669e-05,balanced_agentic,200,0.0,0.8889549789873408,0.8764353979172839,0.1,1.0,0.11104502101265912,0.1235646020827161,0.12707272246565693,22.209004202531823,0.11104502101265912,0.059486053551628865,0.05690206664344598,0.0,0.0,0.0,0.11939973096456212,0.14309793335655405,0.14888808913506463,0.966075724338669,0.9867460920914052,,0.9044508268787683,0.09554917312123162,0.0,0.09554917312123162,0.5235146718296311,0.8476941201082724,0.4764853281703689,0.11896986925515447,0.0,1.838322376889315,50.63,15.81,50.63,250.0,250.01,252.0,0.01,2.0,550.01,252.0,252.0,1.0,0.0,,142.0789127682558,158.52323062558355,165.1747693480747,163.14761655720898,1.838322376889315,1.6752773801722036,1.6672569270764985,0.058983114547006006,17993581.045215722,17035535.24015488,0.05560790816593459,6.979139152494231,0.6062166205787284,0.5263118962567194,0.00023268413701717033,0.1021290209382953,0.11240508855234055,-223.06206565084543,0.11304504435083518,,,,,,,,,,,,,,,,,,,,,,,,,,,,,,,,,,,,,,,,,,,,,,,,,,,,,,,,,,,,,,,,,
balanced_agentic,nominal,PPO,PPO,11,471540437,1073362871,1897045420,b9c1e1a3273f0ff06c77,stochastic,150,300,250,1,500,1,800,1,150-step training / 300-step arrival window + >= 250-step no-arrival drain adaptively extended to cohort maturity (cap 500),1332386046,1,259.96485530002974,balanced_agentic,200,0.0,0.9608437416353962,0.9442872713686885,1.0,1.0,0.039156258364603715,0.055712728631311416,0.05926502767323864,7.831251672920743,0.039156258364603715,0.04821088184627386,0.02088610946369568,0.0006753199265114651,0.0073640819964349334,0.007900924406082059,0.14712765121539673,0.1791138905363043,0.18869785153356913,0.8283946407022921,0.9115520195767361,,0.9993246800734886,0.0,0.0,0.0,0.7533506417859546,0.7811075177470415,0.24656566301863997,0.06725595486307064,8.369519540551897e-05,2.4619407905654724,33.65,6.445,33.73,250.0,250.0,250.0,0.0,0.0,550.0,252.0,252.0,1.0,0.0,,86.39059729704273,107.15539115646258,113.0155127467893,111.45275097502922,2.4619407905654724,2.2485773292486932,2.225704117679497,0.05813786804454317,32533203.755010746,30923818.176131718,0.030735003192054664,2.514691044238759,0.6703687050951745,0.6187837976816826,0.0,0.13677448836474845,0.15008255186447014,55.3066703523224,0.23078301989010297,,,,,,,,,,,,,,,,,,,,,,,,,,,,,,,,,,,,,,,,,,,,,,,,,,,,,,,,,,,,,,,,,
balanced_agentic,nominal,PPO-Lagrangian,PPO-Lagrangian,11,471540437,1073362871,1897045420,97597eec01eed730a745,stochastic,150,300,250,1,500,1,800,1,150-step training / 300-step arrival window + >= 250-step no-arrival drain adaptively extended to cohort maturity (cap 500),1332386046,1,273.0232358999783,balanced_agentic,200,0.0,0.9248872773652453,0.9021410822592412,0.965,1.0,0.07511272263475463,0.09785891774075875,0.10512253412238329,15.022544526950927,0.07511272263475463,0.044335737389292175,0.008064516129032267,0.0022934304746962614,0.009262783910671148,0.015290864062462908,0.143107589303165,0.19193548387096768,0.20573607481398484,0.858811188376196,0.9301570528155197,,0.9811119818583185,0.016594587666985253,0.0,0.016594587666985253,0.6055632383492595,0.7987610072960485,0.3943970791110579,0.07224471451355927,3.968253968253968e-05,1.959948138342055,50.19,8.035,50.485,250.0,250.0,250.0,0.0,0.0,550.0,252.0,252.0,1.0,0.0,,129.35252486318106,151.74005367134865,159.4323874458874,157.96330868838032,1.959948138342055,1.6972858111086073,1.6941592482672145,0.07575864229745916,31581571.938733235,29185951.44446384,0.031682141582467876,3.758354061532773,0.6600135203835678,0.6001559015266311,0.0,0.10888600768566971,0.12176767103097812,-40.74050537958814,0.8746904019875178,,,,,,,,,,,,,,,,,,,,,,,,,,,,,,,,,,,,,,,,,,,,,,,,,,,,,,,,,,,,,,,,,
balanced_agentic,nominal,PPO_CMDP,PPO_CMDP,11,471540437,1073362871,1897045420,3e02143445d692cb208a,stochastic,150,300,250,1,500,1,800,1,150-step training / 300-step arrival window + >= 250-step no-arrival drain adaptively extended to cohort maturity (cap 500),1332386046,1,273.6423236000119,balanced_agentic,200,0.0,0.9623672796954728,0.9366368519575531,1.0,1.0,0.037632720304527106,0.06336314804244679,0.0749925077510516,7.5265440609054215,0.037632720304527106,0.001669776660947479,-0.026335547616389395,0.0005873889567027508,0.007097300882698095,0.00839981189377412,0.1983302233390525,0.2263355476163894,0.23674744304343043,0.8165175582892261,0.9030087946599974,,0.9994126110432973,0.0,0.0,0.0,0.8324098800357754,0.7703459171718342,0.16714511036296983,0.07036784248456902,0.00044500960125466363,2.6875795077455003,22.875,6.285,22.895,250.0,250.0,250.0,0.0,0.0,550.0,252.0,252.0,1.0,0.0,,67.87348954237075,83.48789204224784,89.47416873449131,87.23079436286551,2.6875795077455003,2.3634983600907096,2.3534009262971916,0.0644245533908904,30165420.319614194,28968240.243048634,0.033143023951446644,2.1227809509772313,0.6623777311011001,0.5998721680215053,0.0,0.14930997265252777,0.16404491436536867,57.47775330518748,0.1768358166712394,,,,,,,,,,,,,,,,,,,,,,,,,,,,,,,,,,,,,,,,,,,,,,,,,,,,,,,,,,,,,,,,,
balanced_agentic,nominal,Intent-PPO-CMDP-NoRisk,Intent-PPO-CMDP-NoRisk,11,471540437,1073362871,1897045420,7d2ee40999bb1a6afe16,stochastic,150,300,250,1,500,1,800,1,150-step training / 300-step arrival window + >= 250-step no-arrival drain adaptively extended to cohort maturity (cap 500),1332386046,1,275.69379829999525,balanced_agentic,200,0.0,0.9279593610623155,0.9097543553799481,0.995,1.0,0.07204063893768442,0.09024564462005194,0.09587479291907015,14.408127787536884,0.07204063893768442,0.04618396672884004,0.010812648637871883,0.0007774235962335692,0.007575757575757576,0.008776391731556622,0.14018161533621648,0.1891873513621281,0.19987904244811844,0.8541426139298173,0.9208928920699238,,0.9860077579767302,0.013214818427036236,0.0,0.013214818427036236,0.617555722220441,0.7971813438691907,0.3822870138133729,0.06899892848079571,0.00015726396618621173,1.9861089334397173,49.17,7.62,49.25,250.0,250.0,250.0,0.0,0.0,550.0,252.0,252.0,1.0,0.0,,126.85958715966939,151.70925488304798,156.55494271249665,155.69519915885195,1.9861089334397173,1.7728035233828432,1.7594248195047026,0.06410020676017537,31753850.71869728,29663177.119962923,0.031507804640806485,3.6702352762197394,0.6659605006319722,0.6105547101814423,0.0,0.1103393851910954,0.12203098769960298,-36.4474919116911,1.082882011964091,,,,,,,,,,,,,,,,,,,,,,,,,,,,,,,,,,,,,,,,,,,,,,,,,,,,,,,,,,,,,,,,,
balanced_agentic,nominal,Intent-PPO-CMDP,Intent-PPO-CMDP,11,471540437,1073362871,1897045420,b12c9f3440d9c22ff923,stochastic,150,300,250,1,500,1,800,1,150-step training / 300-step arrival window + >= 250-step no-arrival drain adaptively extended to cohort maturity (cap 500),1332386046,1,319.3185737999738,balanced_agentic,200,0.0,0.9423248828874118,0.9271323650693272,1.0,1.0,0.05767511711258811,0.07286763493067275,0.07696007615020979,11.535023422517622,0.05767511711258811,0.03754716661921573,0.01998657718120805,0.019939118232285696,0.03787878787878788,0.04072346119213422,0.13057967395904757,0.17069830253944765,0.18007631422562143,0.8435811357769697,0.9211346879581838,,0.9792870608677839,0.0007738208999304183,0.0,0.0007738208999304183,0.665602882112021,0.7968665433014437,0.3144953130885291,0.06201014083131799,0.019901804799449876,2.1763640536389808,42.21,6.28,42.215,250.0,250.0,250.0,0.0,0.0,550.0,252.0,252.0,1.0,0.0,,103.89726227034414,131.79209307933445,140.1114479589078,136.81391150560393,2.1763640536389808,1.967007298677241,1.9542865410295593,0.06005364845005328,32209087.151434287,30462751.72793238,0.031051407634922798,2.9841362808229186,0.652473776651951,0.5904105361363203,0.0,0.12090911409105448,0.1330836036391202,16.20682659695741,2.014171310619568,,,,,,,,,,,,,,,,,,,,,,,,,,,,,,,,,,,,,,,,,,,,,,,,,,,,,,,,,,,,,,,,,
balanced_agentic,nominal,Intent-PPO-CMDP-FullPolicy-NoShield,Intent-PPO-CMDP,11,471540437,1073362871,1897045420,b12c9f3440d9c22ff923,stochastic,150,300,250,1,500,1,800,1,150-step training / 300-step arrival window + >= 250-step no-arrival drain adaptively extended to cohort maturity (cap 500),1332386046,1,319.3185737999738,balanced_agentic,200,0.0,0.7648523471126242,0.7437265261508094,0.0,1.0,0.6856698301575108,0.9830167659279567,1.0856356106631437,137.13396603150215,0.6856698301575108,-0.2330005160717319,-0.34014388489208636,0.2930005160717319,0.4001438848920863,0.43382655507054946,0.14550468700005695,0.19029898156334932,0.2015208372884553,0.8334592921418172,0.9173512492526816,,0.7069994839282682,0.0,0.0,0.0,0.5358440188783851,0.7920397554346925,0.2308508523642529,0.05480557689575962,0.23330512875736203,1.8011730464906321,23.22,5.585,31.385,250.0,250.0,250.0,0.0,0.0,550.0,252.0,252.0,1.0,0.0,,77.46954852293108,103.17788793103448,109.57845089527937,107.81774427939054,1.8011730464906321,1.5679412615652715,1.5443953259871015,0.08181511885087732,31106216.372380286,29161282.646259654,0.03212177791276904,1.7142036515396566,0.6487154778723633,0.5762148757940915,0.0,0.10006516924947956,0.11546279840731075,4.738537648134225,4.64330391380895,,,,,,,,,,,,,,,,,,,,,,,,,,,,,,,,,,,,,,,,,,,,,,,,,,,,,,,,,,,,,,,,,
balanced_agentic,nominal,MaxWeight,MaxWeight,12,1729653623,2128646545,1400322755,,stochastic,150,300,250,1,500,1,800,1,150-step training / 300-step arrival window + >= 250-step no-arrival drain adaptively extended to cohort maturity (cap 500),1702824011,0,1.550000160932541e-05,balanced_agentic,200,0.0,0.8971912836386028,0.8843917953001734,0.3,1.0,0.10280871636139706,0.11560820469982662,0.12181343749416465,20.56174327227941,0.10280871636139706,0.05941260075491279,0.05580605158730161,0.0,0.0,0.0,0.11838230373284056,0.14419394841269836,0.15083868369861614,0.959304219216613,0.9879823768063318,,0.8980711373494046,0.10192886265059542,0.0,0.10192886265059542,0.5266414794609525,0.8410209966570321,0.47335852053904737,0.1193824213045902,0.0,1.9445545136032678,48.73,15.6,48.73,250.0,252.34,277.0,2.34,27.0,552.34,278.0,278.0,1.0,0.0,,139.69268591879612,159.82916222340708,165.02447947214074,163.1936313303702,1.9445545136032678,1.7635035144715305,1.7487423602210985,0.056215217483435775,14591212.850645643,13662289.15297219,0.06862052065513684,8.866972550261506,0.6027032390626825,0.525441302798998,0.0003091677382069047,0.10803080631129268,0.11744548113546233,-218.5390249123651,0.15830618897481913,,,,,,,,,,,,,,,,,,,,,,,,,,,,,,,,,,,,,,,,,,,,,,,,,,,,,,,,,,,,,,,,,
balanced_agentic,nominal,PPO,PPO,12,1729653623,2128646545,1621075116,2fb07c1ee95b181950c4,stochastic,150,300,250,1,500,1,800,1,150-step training / 300-step arrival window + >= 250-step no-arrival drain adaptively extended to cohort maturity (cap 500),1702824011,1,284.739809300052,balanced_agentic,200,0.0,0.9610164044384567,0.9446848250755063,1.0,1.0,0.03898359556154329,0.055315174924493636,0.057982621599816965,7.796719112308658,0.03898359556154329,0.04901757584695585,0.02007366748983897,0.0011691270322469055,0.007874015748031496,0.01013589256289483,0.14157931307740398,0.17992633251016105,0.194378721458713,0.8137839540687267,0.884458610687777,,0.9982414624768111,0.000589410490942045,0.0,0.000589410490942045,0.7058599581875281,0.7691077226175304,0.2934973452768791,0.06161833820066859,0.0006426965355928088,2.3689301697043623,38.775,5.915,38.845,250.0,250.0,250.0,0.0,0.0,550.0,278.0,278.0,1.0,0.0,,95.24836969585175,120.89758389261742,133.091890885473,131.0232376819046,2.3689301697043623,2.1341173470406747,2.128944142304251,0.05759514160200243,26933312.827953234,25344285.49616036,0.03712984427148743,3.4560794145837956,0.6568501816638732,0.5929476764979298,0.0,0.13160723165024238,0.14232159043012307,31.868448978043737,0.9373886419707907,,,,,,,,,,,,,,,,,,,,,,,,,,,,,,,,,,,,,,,,,,,,,,,,,,,,,,,,,,,,,,,,,
balanced_agentic,nominal,PPO-Lagrangian,PPO-Lagrangian,12,1729653623,2128646545,1621075116,5ff4062933b4dfa3978e,stochastic,150,300,250,1,500,1,800,1,150-step training / 300-step arrival window + >= 250-step no-arrival drain adaptively extended to cohort maturity (cap 500),1702824011,1,266.70855040004244,balanced_agentic,200,0.0,0.9318143626379584,0.9124542517330434,0.99,1.0,0.06818563736204164,0.08754574826695652,0.09598704855122697,13.637127472408327,0.06818563736204164,0.05629592116673988,0.0431789125906773,0.0020489636269746966,0.00847457627118644,0.01368304187914323,0.09869135027271454,0.1501655852933225,0.17081873144503548,0.8602171122451301,0.920958370241939,,0.9945423312131905,0.0034087051598347563,0.0,0.0034087051598347563,0.6048775616512385,0.8020384778143616,0.39421538206424805,0.07479595815363521,0.0009070562845134116,2.0760185829880977,52.095,7.76,52.245,250.0,250.0,250.0,0.0,0.0,550.0,278.0,278.0,1.0,0.0,,128.8090172112083,157.73742952651796,163.87131756756756,163.65907858824713,2.0760185829880977,1.8428698076145413,1.8106697121425719,0.07671674997137959,27077713.17129033,25176675.523278255,0.03694221873516691,4.691809838036713,0.6592238808439316,0.6013710488376307,0.0,0.11533436572156099,0.12947884652094568,-0.6944493066685823,48.20472007912394,,,,,,,,,,,,,,,,,,,,,,,,,,,,,,,,,,,,,,,,,,,,,,,,,,,,,,,,,,,,,,,,,
balanced_agentic,nominal,PPO_CMDP,PPO_CMDP,12,1729653623,2128646545,1621075116,c2c338dd9800f45e9834,stochastic,150,300,250,1,500,1,800,1,150-step training / 300-step arrival window + >= 250-step no-arrival drain adaptively extended to cohort maturity (cap 500),1702824011,1,270.83158040000126,balanced_agentic,200,0.02,0.9587083608114542,0.92495189885565,0.995,0.98,0.041291639188545746,0.0750481011443499,0.08503646623719975,8.25832783770915,0.0421343257025977,-0.015217374146893538,-0.04343107377865885,0.0001553363023866621,0.0,0.0001553363023866621,0.21521737414689354,0.24343107377865886,0.24952044411199426,0.7935655551619759,0.8808392005855705,,0.9998446636976134,0.0,0.0,0.0,0.8620044278230253,0.7531088416619375,0.13795588963729216,0.0637963296735526,3.968253968253968e-05,2.9048160002729855,18.6,5.43,18.615,250.0,250.0,250.0,0.0,0.0,550.0,278.0,278.0,1.0,0.0,,60.34925746438727,75.54780219780218,81.19740779768178,79.65789864905017,2.9048160002729855,2.619843640458763,2.5908704378131127,0.060709761850858066,24166993.012483183,23015830.87352654,0.04136500267505082,2.467176938828295,0.6627508050671947,0.6000111246598517,0.0,0.16137866668183257,0.17706536605986473,65.44256480001987,0.15141862058074698,,,,,,,,,,,,,,,,,,,,,,,,,,,,,,,,,,,,,,,,,,,,,,,,,,,,,,,,,,,,,,,,,
balanced_agentic,nominal,Intent-PPO-CMDP-NoRisk,Intent-PPO-CMDP-NoRisk,12,1729653623,2128646545,1621075116,53b75815fc19ab3c700d,stochastic,150,300,250,1,500,1,800,1,150-step training / 300-step arrival window + >= 250-step no-arrival drain adaptively extended to cohort maturity (cap 500),1702824011,1,267.30905749998055,balanced_agentic,200,0.0,0.9587677901090295,0.9436475397924649,1.0,1.0,0.041232209890970456,0.05635246020753506,0.05888157635907376,8.246441978194092,0.041232209890970456,0.04784307638081826,0.02163545296167249,0.00025900440181033963,0.0,0.00025900440181033963,0.14791940161595424,0.17836454703832752,0.189220528817412,0.8320574454968767,0.9058031970484886,,0.9996442214046414,9.677419354838711e-05,0.0,9.677419354838711e-05,0.7150212663023288,0.7833018923680422,0.2849427624746495,0.06546891054386673,3.597122302158273e-05,2.4267954317582423,38.035,6.49,38.065,250.0,250.0,250.0,0.0,0.0,550.0,278.0,278.0,1.0,0.0,,94.42734682006353,120.71586538461538,129.10199575551775,127.85816414283299,2.4267954317582423,2.217781012586123,2.1976258599708314,0.05289285429578984,26965250.58442671,25670956.982208073,0.037078341195753886,3.454791298250568,0.6564230239634651,0.5951995901713067,0.0,0.13482196843101346,0.14619065067447728,43.353381237968385,0.4973649487117371,,,,,,,,,,,,,,,,,,,,,,,,,,,,,,,,,,,,,,,,,,,,,,,,,,,,,,,,,,,,,,,,,
balanced_agentic,nominal,Intent-PPO-CMDP,Intent-PPO-CMDP,12,1729653623,2128646545,1621075116,fc604e43c5d11a5118bd,stochastic,150,300,250,1,500,1,800,1,150-step training / 300-step arrival window + >= 250-step no-arrival drain adaptively extended to cohort maturity (cap 500),1702824011,1,320.63457950000884,balanced_agentic,200,0.0,0.9286918988714138,0.8969186278234698,0.925,1.0,0.07130810112858628,0.10308137217653017,0.10810461339121206,14.261620225717255,0.07130810112858628,-0.06097161331253902,-0.08603281924535418,0.011754604214322706,0.02964068546158098,0.03414196135920684,0.26097161331253904,0.2860328192453542,0.2920331558850466,0.7081473560861646,0.8854201817057337,,0.9882453957856773,0.0,0.0,0.0,0.8972428757001017,0.677626717809857,0.09110691628073657,0.06013387343734472,0.011650208019161746,3.0171699927253726,12.34,4.155,12.355,250.0,250.0,250.0,0.0,0.0,550.0,278.0,278.0,1.0,0.0,,44.72769737598996,63.51469410456062,72.90512162162162,69.0364760092974,3.0171699927253726,2.7047046662571073,2.668992828624831,0.061012847893772315,20907274.297504358,19732862.89852159,0.047795865332126763,2.093643447285613,0.6483578213403072,0.5866773094810525,0.0,0.16762055515140958,0.1825358934242757,50.3651272850131,0.20433707205032728,,,,,,,,,,,,,,,,,,,,,,,,,,,,,,,,,,,,,,,,,,,,,,,,,,,,,,,,,,,,,,,,,
balanced_agentic,nominal,Intent-PPO-CMDP-FullPolicy-NoShield,Intent-PPO-CMDP,12,1729653623,2128646545,1621075116,fc604e43c5d11a5118bd,stochastic,150,300,250,1,500,1,800,1,150-step training / 300-step arrival window + >= 250-step no-arrival drain adaptively extended to cohort maturity (cap 500),1702824011,1,320.63457950000884,balanced_agentic,200,0.0,0.8110753972094449,0.7488873364806413,0.08,1.0,0.2134342908940846,0.3519277670134524,0.38539915335476477,42.68685817881692,0.2134342908940846,-0.07351345606650997,-0.10667351305091997,0.11363521043419313,0.16430348258706465,0.17914729889848974,0.26607263476763676,0.29367241608446315,0.29972746498743963,0.6851921331996675,0.8884488681220637,,0.8863647895658069,0.0,0.0,0.0,0.8263366121879411,0.6638950887855455,0.06385900174186826,0.04639989151905736,0.10980438607019068,2.815479136893069,8.17,2.925,8.7,250.0,250.0,250.0,0.0,0.0,550.0,278.0,278.0,1.0,0.0,,38.374785148621804,55.13101398601398,67.11156696070569,62.546954902327386,2.815479136893069,2.431947798666905,2.371749488460208,0.08110040723568591,20641514.809510734,19605237.695878286,0.048391067687084524,1.6568766789514655,0.6284083125335077,0.5656878672688278,0.0,0.1564155076051705,0.175351296262009,44.03165932847967,0.22129894589323337,,,,,,,,,,,,,,,,,,,,,,,,,,,,,,,,,,,,,,,,,,,,,,,,,,,,,,,,,,,,,,,,,
balanced_agentic,nominal,MaxWeight,MaxWeight,13,1025721121,372372750,961683956,,stochastic,150,300,250,1,500,1,800,1,150-step training / 300-step arrival window + >= 250-step no-arrival drain adaptively extended to cohort maturity (cap 500),525245788,0,1.200009137392044e-05,balanced_agentic,200,0.0,0.9011524146726475,0.887771401850921,0.51,1.0,0.09884758532735238,0.11222859814907889,0.11586449269414041,19.769517065470477,0.09884758532735238,0.05927052587535229,0.05350043927081047,0.0,0.0,0.0,0.12140113173044093,0.14649956072918954,0.15072030973826964,0.9486687254063247,0.9836153588036284,,0.9433743631835213,0.05662563681647855,0.0,0.05662563681647855,0.5513075575965357,0.825694061511643,0.4486924424034642,0.12654227100500448,0.0,1.9586167376157275,50.56,15.94,50.56,250.0,257.18,321.0,7.18,71.0,557.18,326.0,326.0,1.0,0.0,,138.56196495495314,163.4502632040708,177.9815287255759,175.23488246575752,1.9586167376157275,1.7979044118393726,1.7824285231947428,0.05687892881527451,16768887.754946647,15813050.77948136,0.05970050310847355,7.554967365972978,0.6182508978439398,0.5304152352157144,0.0002904590898994011,0.10881204097865155,0.11988168613817177,-219.4860440692385,0.18665475801679038,,,,,,,,,,,,,,,,,,,,,,,,,,,,,,,,,,,,,,,,,,,,,,,,,,,,,,,,,,,,,,,,,
balanced_agentic,nominal,PPO,PPO,13,1025721121,372372750,535536204,3cabdc2e2c3a75659a16,stochastic,150,300,250,1,500,1,800,1,150-step training / 300-step arrival window + >= 250-step no-arrival drain adaptively extended to cohort maturity (cap 500),525245788,1,262.1022107999888,balanced_agentic,200,0.0,0.9082713162571369,0.8682252043821543,0.645,1.0,0.09172868374286315,0.13177479561784555,0.13930614316063128,18.34573674857263,0.09172868374286315,-0.0824184716462732,-0.10884295013039927,0.0013434584702985686,0.008478197884977544,0.014855716627160117,0.2824184716462732,0.30884295013039925,0.31821563358651095,0.7081439111199919,0.8869990682846142,,0.9986565415297014,0.0,0.0,0.0,0.9198566150572034,0.6839091706576336,0.0790870163557276,0.05428124038261844,0.0010563685870689735,2.9487573998131826,10.535,3.28,10.575,250.0,250.0,250.0,0.0,0.0,550.0,326.0,326.0,1.0,0.0,,46.15380396985747,65.47227663309619,72.25455055893009,69.22447836873212,2.9487573998131826,2.617638175891186,2.567299868415608,0.06528207361394527,23015057.26908067,22000025.041718457,0.04343756692395716,1.8922313800588149,0.6568284633295718,0.5939168596156184,0.0,0.16381985554517683,0.1789916092306561,38.82800774925342,0.31721769370042424,,,,,,,,,,,,,,,,,,,,,,,,,,,,,,,,,,,,,,,,,,,,,,,,,,,,,,,,,,,,,,,,,
balanced_agentic,nominal,PPO-Lagrangian,PPO-Lagrangian,13,1025721121,372372750,535536204,454f28c68eb87e33907f,stochastic,150,300,250,1,500,1,800,1,150-step training / 300-step arrival window + >= 250-step no-arrival drain adaptively extended to cohort maturity (cap 500),525245788,1,254.03850810002768,balanced_agentic,200,0.01,0.9692427114867533,0.9464862528358869,1.0,0.99,0.030757288513246592,0.05351374716411303,0.05729351091028336,6.151457702649318,0.031067968195198577,0.01759016991089303,-0.010444749720958175,0.0005551389856315558,0.007462686567164179,0.008126219342178522,0.18236690218596993,0.2104447497209582,0.2140356602826438,0.8080879024971404,0.9046389851266333,,0.9994448610143684,0.0,0.0,0.0,0.8192026521070725,0.7649282225585341,0.18072406323707008,0.06602350762588462,7.328465585740364e-05,2.6464753406428736,23.945,5.68,24.005,250.0,250.0,250.0,0.0,0.0,550.0,326.0,326.0,1.0,0.0,,69.22909959887163,91.27473701159295,96.5884354609929,95.57493504945084,2.6464753406428736,2.398687282856578,2.384112832580061,0.05615078726395524,26974946.970538195,25362476.79264466,0.03704570180487912,2.4248544595647963,0.6566516434882331,0.5995731566842317,0.0,0.14702640781349297,0.1596647743042627,58.4547522403318,0.21166241467214175,,,,,,,,,,,,,,,,,,,,,,,,,,,,,,,,,,,,,,,,,,,,,,,,,,,,,,,,,,,,,,,,,
balanced_agentic,nominal,PPO_CMDP,PPO_CMDP,13,1025721121,372372750,535536204,a070e26e29e031606ad8,stochastic,150,300,250,1,500,1,800,1,150-step training / 300-step arrival window + >= 250-step no-arrival drain adaptively extended to cohort maturity (cap 500),525245788,1,277.9400926999515,balanced_agentic,200,0.035,0.9756168840531844,0.9555868449107845,1.0,0.965,0.02438311594681562,0.04441315508921556,0.04920949440276913,4.876623189363124,0.0252674776650939,0.028943130124767725,-0.00768316448117581,0.0002290811067229177,0.0,0.0002290811067229177,0.17025565569011344,0.2076831644811758,0.21736385898228616,0.7801008514092282,0.8805327964961156,,0.9997709188932771,0.0,0.0,0.0,0.8042111206118159,0.7417900427967212,0.1957478957816267,0.057729090162606675,4.098360655737705e-05,2.5858240570070343,25.73,5.01,25.755,250.0,250.0,250.0,0.0,0.0,550.0,326.0,326.0,1.0,0.0,,67.26849501759426,89.87361391520423,98.23834692364716,94.52697141977013,2.5858240570070343,2.3386272814150675,2.3360797268226396,0.057211811293176366,28972189.375127573,26986521.46012545,0.03449488257037206,2.1888495281086904,0.6535738141261263,0.5934290745329605,0.0,0.14365689205594634,0.15620223558565058,60.949082595157385,0.31091245441991394,,,,,,,,,,,,,,,,,,,,,,,,,,,,,,,,,,,,,,,,,,,,,,,,,,,,,,,,,,,,,,,,,
balanced_agentic,nominal,Intent-PPO-CMDP-NoRisk,Intent-PPO-CMDP-NoRisk,13,1025721121,372372750,535536204,4606dec7f3efe1c94a9c,stochastic,150,300,250,1,500,1,800,1,150-step training / 300-step arrival window + >= 250-step no-arrival drain adaptively extended to cohort maturity (cap 500),525245788,1,283.62103929999284,balanced_agentic,200,0.0,0.9363256478904237,0.9093198706946681,0.99,1.0,0.06367435210957612,0.09068012930533187,0.09622912549873572,12.734870421915222,0.06367435210957612,-0.06495199828538172,-0.09146300980986936,0.0005921988345703155,0.0074741676234213504,0.009047519589482123,0.2649519982853817,0.2914630098098694,0.2979180447688237,0.6167579702834338,0.8360500203612521,,0.9994078011654297,0.0,0.0,0.0,0.9435893381133098,0.6013180655783923,0.05585179638545301,0.04487336573072269,0.0005588655012369821,3.0208467224442357,7.53,2.11,7.535,250.0,250.0,250.0,0.0,0.0,550.0,326.0,326.0,1.0,0.0,,38.55660945893111,57.51865192409829,63.17491172551632,61.34914851081952,3.0208467224442357,2.6594567009394283,2.626040934358283,0.07343233697897153,23391835.852503218,22061628.893340074,0.04271098668727156,1.5609172483712033,0.6544076007764309,0.5918049188139225,0.0,0.16782481791356865,0.18798585328464817,54.14900155495008,0.1693906010475194,,,,,,,,,,,,,,,,,,,,,,,,,,,,,,,,,,,,,,,,,,,,,,,,,,,,,,,,,,,,,,,,,
balanced_agentic,nominal,Intent-PPO-CMDP,Intent-PPO-CMDP,13,1025721121,372372750,535536204,09d0d30da2ff448dad2f,stochastic,150,300,250,1,500,1,800,1,150-step training / 300-step arrival window + >= 250-step no-arrival drain adaptively extended to cohort maturity (cap 500),525245788,1,309.3859143999871,balanced_agentic,200,0.0,0.9370414049642455,0.9060259413931648,0.975,1.0,0.06295859503575457,0.09397405860683505,0.1018154931896867,12.591719007150916,0.06295859503575457,-0.06065327980964502,-0.08938299498058594,0.02522079369795339,0.042283702213279664,0.04526854547836871,0.26065327980964503,0.28938299498058595,0.2956636752743695,0.6544172639627206,0.8412091326889255,,0.9747792063020465,0.0,0.0,0.0,0.9160346786757064,0.635583798172191,0.05877678569085628,0.045963300408866425,0.02518853563343726,2.9596837421671967,7.825,2.535,7.83,250.0,250.0,250.0,0.0,0.0,550.0,326.0,326.0,1.0,0.0,,38.75439000889629,51.79394997563748,59.81272847682118,56.506902215058005,2.9596837421671967,2.563556368674518,2.5645635660574,0.06952828878117201,23372785.348945733,22032137.27902518,0.04275524477279427,1.5449861642469807,0.6450869010720353,0.5828487598865629,0.0,0.16442687456484428,0.18120729802546776,56.97140577476261,0.1709464125693007,,,,,,,,,,,,,,,,,,,,,,,,,,,,,,,,,,,,,,,,,,,,,,,,,,,,,,,,,,,,,,,,,
balanced_agentic,nominal,Intent-PPO-CMDP-FullPolicy-NoShield,Intent-PPO-CMDP,13,1025721121,372372750,535536204,09d0d30da2ff448dad2f,stochastic,150,300,250,1,500,1,800,1,150-step training / 300-step arrival window + >= 250-step no-arrival drain adaptively extended to cohort maturity (cap 500),525245788,1,309.3859143999871,balanced_agentic,200,0.0,0.6970310120599414,0.6286282144150607,0.0,1.0,1.206013447917215,1.5068102527408769,1.600439109861273,241.202689583443,1.206013447917215,-0.40676907263122813,-0.4956038647342995,0.46676907263122813,0.5556038647342996,0.5874687000301435,0.2788302983245242,0.314362857028402,0.3293521769342671,0.6819864543562645,0.8039871075950016,,0.5332309273687719,0.0,0.0,0.0,0.5104196348742286,0.6744384688973909,0.02637219371515074,0.024785319741088604,0.4632081714106207,1.6804046126202115,3.005,1.015,3.48,250.0,250.0,250.0,0.0,0.0,550.0,326.0,326.0,1.0,0.0,,24.26789739994881,33.52210109974918,37.98705782312924,37.099628350538104,1.6804046126202115,1.344168687055404,1.2881717678629159,0.1406764542933422,21715535.70007616,20395616.471554887,0.045985128196488055,0.5784154650537995,0.5795374289962032,0.48995016972601446,0.0017340511432680594,0.09335581181223394,0.11267439748063215,3.6206706137457854,2.9710495575038367,,,,,,,,,,,,,,,,,,,,,,,,,,,,,,,,,,,,,,,,,,,,,,,,,,,,,,,,,,,,,,,,,
balanced_agentic,nominal,MaxWeight,MaxWeight,14,1103526060,1905340783,2088283503,,stochastic,150,300,250,1,500,1,800,1,150-step training / 300-step arrival window + >= 250-step no-arrival drain adaptively extended to cohort maturity (cap 500),361046798,0,2.4499953724443913e-05,balanced_agentic,200,0.005,0.9075155089252785,0.892674434036139,0.745,0.995,0.09248449107472123,0.107325565963861,0.11099469345283766,18.496898214944245,0.09294923726102636,0.058341930899901834,0.05313057488181252,0.0,0.0,0.0,0.12365212973517627,0.14686942511818749,0.1682103216462269,0.9450349238989156,0.9809692955132099,,0.9541667058862163,0.04583329411378374,0.0,0.04583329411378374,0.5611847658813911,0.8220382257699496,0.4388152341186089,0.12652238280231173,0.0,2.0619037078971263,52.35,16.45,52.35,250.0,253.045,277.0,3.045,27.0,553.045,277.0,277.0,1.0,0.0,,136.70541914250322,154.8,166.2325064526989,160.72927448162835,2.0619037078971263,1.8737316544984395,1.8574953369681837,0.06357242779970992,19567863.48454663,18540063.72034015,0.0511524990828812,6.654559303041575,0.6328720840022547,0.5671565173324841,0.0,0.1145502059942848,0.12394833933493705,-204.8676656792924,0.21902102690515582,,,,,,,,,,,,,,,,,,,,,,,,,,,,,,,,,,,,,,,,,,,,,,,,,,,,,,,,,,,,,,,,,
balanced_agentic,nominal,PPO,PPO,14,1103526060,1905340783,1823775964,0a65909e93fb2c778ea0,stochastic,150,300,250,1,500,1,800,1,150-step training / 300-step arrival window + >= 250-step no-arrival drain adaptively extended to cohort maturity (cap 500),361046798,1,272.0849051999976,balanced_agentic,200,0.0,0.9387595029911574,0.9087117973280451,0.975,1.0,0.06124049700884252,0.09128820267195484,0.09889748385767294,12.248099401768505,0.06124049700884252,-0.04234432893012746,-0.06884571865952277,0.001556947604529299,0.007754966085271316,0.010549591140869358,0.24234432893012747,0.2688457186595228,0.2762445579609224,0.7551022635246014,0.8855695023152975,,0.9984430523954707,0.0,0.0,0.0,0.878556501832034,0.7146087301180185,0.12030534806615872,0.06937241257457125,0.0011381501018071433,2.893087756994685,16.36,5.525,16.42,250.0,250.0,250.0,0.0,0.0,550.0,277.0,277.0,1.0,0.0,,50.416413078981144,70.46974647887323,80.08248981858569,76.84591931465157,2.893087756994685,2.656888391990877,2.6154242743554366,0.05219157675226239,25443504.066557657,24316568.82324089,0.03927899848173583,1.9153595241895758,0.6579109923684754,0.5919997932093585,0.0,0.16072709761081583,0.17368500938011747,47.094930194370136,0.30076219625993406,,,,,,,,,,,,,,,,,,,,,,,,,,,,,,,,,,,,,,,,,,,,,,,,,,,,,,,,,,,,,,,,,
balanced_agentic,nominal,PPO-Lagrangian,PPO-Lagrangian,14,1103526060,1905340783,1823775964,337f5a10e02765106fee,stochastic,150,300,250,1,500,1,800,1,150-step training / 300-step arrival window + >= 250-step no-arrival drain adaptively extended to cohort maturity (cap 500),361046798,1,284.58887489995686,balanced_agentic,200,0.0,0.9719045071008853,0.9572296371184211,1.0,1.0,0.02809549289911455,0.042770362881578754,0.04739254718116341,5.61909857982291,0.02809549289911455,0.028908522835137306,-0.008803389702266089,0.000839800924389049,0.007254428341384861,0.008528181226053188,0.17061398774172576,0.20880338970226608,0.2202193790842446,0.7973153043285478,0.8683882461851502,,0.9991601990756109,0.0,0.0,0.0,0.7901104791245992,0.7493635985951355,0.20936209884180165,0.06847381389203977,0.0005274220335991855,2.627288247446479,28.375,6.44,28.42,250.0,250.0,250.0,0.0,0.0,550.0,277.0,277.0,1.0,0.0,,70.82096669631851,93.8593536732236,101.37146145414685,99.1105852422946,2.627288247446479,2.435375754237147,2.41535666817478,0.0488848156571552,32101016.222021617,29768613.875755757,0.0311356992798001,2.1421417255323143,0.6596745348940829,0.6037603132570629,0.0,0.14596045819147105,0.1571658016515701,65.54543277770371,0.168098078648947,,,,,,,,,,,,,,,,,,,,,,,,,,,,,,,,,,,,,,,,,,,,,,,,,,,,,,,,,,,,,,,,,
balanced_agentic,nominal,PPO_CMDP,PPO_CMDP,14,1103526060,1905340783,1823775964,dadb88684cb84768bf3a,stochastic,150,300,250,1,500,1,800,1,150-step training / 300-step arrival window + >= 250-step no-arrival drain adaptively extended to cohort maturity (cap 500),361046798,1,264.74071779998485,balanced_agentic,200,0.0,0.929407883140201,0.8999481312957874,0.945,1.0,0.07059211685979896,0.10005186870421241,0.10772808040260062,14.118423371959793,0.07059211685979896,-0.07292798702527035,-0.0975244629153198,0.0009653767058200719,0.0078125,0.010356333239687208,0.2729279870252704,0.2975244629153198,0.30654178350324934,0.5505799174949467,0.8306446664394901,,0.9990346232941799,0.0,0.0,0.0,0.9403757482802785,0.5340412363377951,0.05887716705169887,0.04706504037425036,0.0007470846680226795,3.0896704434132105,8.08,2.325,8.11,250.0,250.0,250.0,0.0,0.0,550.0,277.0,277.0,1.0,0.0,,34.67462783168392,51.31566091954023,56.23418367346937,55.863845220694394,3.0896704434132105,2.6656356952615288,2.6643485326642944,0.06936471184354043,26728588.536683597,25592905.413591284,0.037391923982217766,1.2607530959099729,0.6530725472554966,0.5913451292928575,0.0,0.17164835796740058,0.1893505088875065,60.27556067073647,0.17123930427270184,,,,,,,,,,,,,,,,,,,,,,,,,,,,,,,,,,,,,,,,,,,,,,,,,,,,,,,,,,,,,,,,,
balanced_agentic,nominal,Intent-PPO-CMDP-NoRisk,Intent-PPO-CMDP-NoRisk,14,1103526060,1905340783,1823775964,72924e27f6df7ecb428f,stochastic,150,300,250,1,500,1,800,1,150-step training / 300-step arrival window + >= 250-step no-arrival drain adaptively extended to cohort maturity (cap 500),361046798,1,270.7660398000153,balanced_agentic,200,0.0,0.9291190622114653,0.9024721081063127,0.97,1.0,0.07088093778853458,0.09752789189368725,0.10258190990251828,14.176187557706914,0.07088093778853458,-0.0744724042976599,-0.09941308718303461,0.0012368688926693602,0.008067794387621294,0.009282138721978635,0.2744724042976599,0.2994130871830346,0.30695413651692205,0.523809993521272,0.8270963210083055,,0.9987631311073306,0.0,0.0,0.0,0.9461047427171436,0.510694367898131,0.05280288747339089,0.0438243711028009,0.0010923698094654883,3.0956245298464085,7.29,1.87,7.31,250.0,250.0,250.0,0.0,0.0,550.0,277.0,277.0,1.0,0.0,,33.75569855630699,49.70237807606264,57.92184448256146,55.58736282147022,3.0956245298464085,2.702323969451269,2.6677870139985953,0.07353106078977387,26266530.08370273,24991908.92628779,0.03804446763749443,1.2438419875607618,0.6576908924225247,0.6072587258115828,0.0,0.17197914054702268,0.19067128760144975,59.95205967606606,0.1676927868323107,,,,,,,,,,,,,,,,,,,,,,,,,,,,,,,,,,,,,,,,,,,,,,,,,,,,,,,,,,,,,,,,,
balanced_agentic,nominal,Intent-PPO-CMDP,Intent-PPO-CMDP,14,1103526060,1905340783,1823775964,fd2a9bdca11bd34bca64,stochastic,150,300,250,1,500,1,800,1,150-step training / 300-step arrival window + >= 250-step no-arrival drain adaptively extended to cohort maturity (cap 500),361046798,1,319.06714920001104,balanced_agentic,200,0.005,0.9527720636692874,0.9233864186643557,1.0,0.995,0.04722793633071255,0.07661358133564428,0.08400845006925642,9.44558726614251,0.047465262643932214,-0.011188853486159693,-0.03773520757609473,0.03209323180210068,0.05128205128205128,0.0546630787126204,0.21111037561022383,0.23773520757609473,0.24558720485825666,0.8276980238535435,0.9231527581556233,,0.9679067681978992,0.0,0.0,0.0,0.8366415629165934,0.7845013442648185,0.1314802296999717,0.06416334963278865,0.03187820738343488,2.788467020731789,17.7,5.77,17.73,250.0,250.0,250.0,0.0,0.0,550.0,277.0,277.0,1.0,0.0,,59.31217610518398,76.6074145033049,82.51296042242397,80.99777987266945,2.788467020731789,2.506891924687347,2.4827764651753257,0.060850206483836614,29224783.595469233,27580744.30826331,0.03418238892844062,1.9214179516515433,0.6335783972575086,0.5706016178049301,0.0,0.15491483448509935,0.1685830957641499,65.0263225498771,0.15967145271103428,,,,,,,,,,,,,,,,,,,,,,,,,,,,,,,,,,,,,,,,,,,,,,,,,,,,,,,,,,,,,,,,,
balanced_agentic,nominal,Intent-PPO-CMDP-FullPolicy-NoShield,Intent-PPO-CMDP,14,1103526060,1905340783,1823775964,fd2a9bdca11bd34bca64,stochastic,150,300,250,1,500,1,800,1,150-step training / 300-step arrival window + >= 250-step no-arrival drain adaptively extended to cohort maturity (cap 500),361046798,1,319.06714920001104,balanced_agentic,200,0.0,0.7268578014758386,0.6664042085604033,0.0,1.0,1.1675645605389418,1.3999206517614742,1.4919991515071174,233.51291210778837,1.1675645605389418,-0.40345818701367575,-0.4762797939873039,0.4634581870136757,0.5362797939873039,0.5622638003945061,0.2400970511979474,0.27671798195201874,0.28851384068803465,0.7505935636185568,0.8856959936115816,,0.5365418129863243,0.0,0.0,0.0,0.5063937169870953,0.7367237530881581,0.0366194049372589,0.030137141302763175,0.4569868780756458,1.7726528990175776,4.07,1.89,4.955,250.0,250.0,250.0,0.0,0.0,550.0,277.0,277.0,1.0,0.0,,32.12165001803376,45.25844155844154,52.41971521436305,52.111317765135276,1.7726528990175776,1.4681176347030904,1.4332189666711064,0.11397158270306873,25836963.20548817,23501156.974327184,0.03868758970881546,0.6873549906848238,0.5303231902732969,0.4489686250150013,0.009261495543006875,0.09848071661208765,0.11711350375451439,13.778268121857945,0.7655446646228318,,,,,,,,,,,,,,,,,,,,,,,,,,,,,,,,,,,,,,,,,,,,,,,,,,,,,,,,,,,,,,,,,
balanced_agentic,nominal,MaxWeight,MaxWeight,15,1481178426,1997781942,559070905,,stochastic,150,300,250,1,500,1,800,1,150-step training / 300-step arrival window + >= 250-step no-arrival drain adaptively extended to cohort maturity (cap 500),1073916742,0,1.2499978765845299e-05,balanced_agentic,200,0.02,0.9378973414202219,0.9163062351969496,1.0,0.98,0.06210265857977808,0.0836937648030502,0.0863533226766474,12.420531715955615,0.06337005977528375,0.03134922906418178,-0.06720863276211535,0.0,0.0,0.0,0.16030281548399108,0.26720863276211526,0.28255205621878543,0.7643814814643106,0.9607055375418438,,0.9968863236535576,0.0031136763464424634,0.0,0.0031136763464424634,0.7235022521215535,0.6767035260420212,0.27649774787844655,0.1037886732637957,0.0,2.4536740300479396,36.81,11.8,36.81,250.0,250.245,270.0,0.245,20.0,550.245,298.0,298.0,1.0,0.0,,88.06634488266606,131.22856262934857,140.18304631348462,138.8536204118373,2.4536740300479396,2.165693348829155,2.151436280672867,0.11652374525814667,20421346.76465516,18612811.422496196,0.04954015996586126,4.140004531176302,0.6669430273492811,0.6123380160838316,0.0,0.13631522389155218,0.1723793369797522,-86.81160593414933,1.1667207342350323,,,,,,,,,,,,,,,,,,,,,,,,,,,,,,,,,,,,,,,,,,,,,,,,,,,,,,,,,,,,,,,,,
balanced_agentic,nominal,PPO,PPO,15,1481178426,1997781942,1596015111,461e22a59e6f436fac36,stochastic,150,300,250,1,500,1,800,1,150-step training / 300-step arrival window + >= 250-step no-arrival drain adaptively extended to cohort maturity (cap 500),1073916742,1,258.87767640000675,balanced_agentic,200,0.14,0.983640697493625,0.9618500933997508,1.0,0.86,0.01635930250637499,0.03814990660024907,0.04277042716656859,3.2718605012749977,0.019022444774854638,0.032405416150508425,-0.0008480314960629843,0.0006435386172663989,0.00752164502164502,0.007931589705935866,0.16683399336099286,0.20084803149606298,0.2116532031707603,0.7514815840445435,0.8499824022717484,,0.9993564613827337,0.0,0.0,0.0,0.8802849635915284,0.713327888498595,0.1192194696009461,0.06175131054259583,0.0004955668075254244,2.84288785018384,15.94,5.07,15.96,250.0,250.0,250.0,0.0,0.0,550.0,298.0,298.0,1.0,0.0,,55.01997084387651,72.42385122247269,79.86013076168682,76.78006924753475,2.84288785018384,2.558468559638695,2.5326233424327946,0.06162582457650882,31298983.54075125,29736072.298725236,0.03193465917262269,1.66388565720922,0.6676114811468836,0.6174750293579611,0.0,0.1579382138991022,0.17340174219912138,87.00945686649624,0.12333997512881814,,,,,,,,,,,,,,,,,,,,,,,,,,,,,,,,,,,,,,,,,,,,,,,,,,,,,,,,,,,,,,,,,
balanced_agentic,nominal,PPO-Lagrangian,PPO-Lagrangian,15,1481178426,1997781942,1596015111,c54dc7a9b9a68be549b7,stochastic,150,300,250,1,500,1,800,1,150-step training / 300-step arrival window + >= 250-step no-arrival drain adaptively extended to cohort maturity (cap 500),1073916742,1,254.7300168000511,balanced_agentic,200,0.0,0.9662408788977956,0.9433871480321164,1.0,1.0,0.033759121102204324,0.056612851967883446,0.06604313756667958,6.751824220440865,0.033759121102204324,0.050921198607058,0.014726465107491232,0.0017087265818686807,0.008130081300813009,0.011148086118790078,0.1285656154727345,0.18527353489250878,0.19775640607169215,0.7936215694366404,0.8811553827750382,,0.9982609703878282,3.0303030303030302e-05,0.0,3.0303030303030302e-05,0.7275083548237695,0.7479307339019146,0.2720132780670432,0.060758246708974235,0.0004783671091873191,2.387908361035865,36.315,6.105,36.475,250.0,250.0,250.0,0.0,0.0,550.0,298.0,298.0,1.0,0.0,,88.00446577653446,111.80751748251747,117.64469802867379,117.12254390562741,2.387908361035865,2.1182902154632792,2.085918332308798,0.07219647065686016,33409892.23079665,30724006.547812186,0.029948407372896873,2.513833691656685,0.6654380388718932,0.6060991178705013,0.0,0.1326615756131036,0.1483318265668756,58.58537252762017,0.4303641134896276,,,,,,,,,,,,,,,,,,,,,,,,,,,,,,,,,,,,,,,,,,,,,,,,,,,,,,,,,,,,,,,,,
balanced_agentic,nominal,PPO_CMDP,PPO_CMDP,15,1481178426,1997781942,1596015111,fc83225982e20e56ecdd,stochastic,150,300,250,1,500,1,800,1,150-step training / 300-step arrival window + >= 250-step no-arrival drain adaptively extended to cohort maturity (cap 500),1073916742,1,273.55554740002844,balanced_agentic,200,0.01,0.9764136152972381,0.960557388716356,1.0,0.99,0.023586384702761875,0.039442611283643896,0.04410028296535574,4.717276940552375,0.023824631012890778,0.051137399677054704,0.02314621574050794,0.0011217672917954195,0.007883540767081532,0.009867930219409737,0.14023602314170658,0.17685378425949205,0.1860530437040894,0.7842064512637594,0.8642355444202116,,0.9988782327082046,0.0,0.0,0.0,0.8208318894624103,0.7403229079077468,0.17846127208560525,0.06677697166223556,0.0007068384519844989,2.685485273615699,23.93,5.88,23.985,250.0,250.0,250.0,0.0,0.0,550.0,298.0,298.0,1.0,0.0,,69.19012591795986,85.57001034971128,91.41104729729729,89.1948901570664,2.685485273615699,2.412165204181772,2.3865974564763546,0.0626105471130162,33200193.938058253,31430899.74168766,0.030113373164527016,1.9850990079422934,0.665058527913728,0.5955343933597341,0.0,0.14919362631198324,0.16369558607391188,83.29931108377879,0.13004978624827676,,,,,,,,,,,,,,,,,,,,,,,,,,,,,,,,,,,,,,,,,,,,,,,,,,,,,,,,,,,,,,,,,
balanced_agentic,nominal,Intent-PPO-CMDP-NoRisk,Intent-PPO-CMDP-NoRisk,15,1481178426,1997781942,1596015111,8c806f3e428ad93e5ba2,stochastic,150,300,250,1,500,1,800,1,150-step training / 300-step arrival window + >= 250-step no-arrival drain adaptively extended to cohort maturity (cap 500),1073916742,1,275.68097020004643,balanced_agentic,200,0.0,0.9525710889160195,0.9276796591871562,0.995,1.0,0.04742891108398047,0.07232034081284376,0.08138950211610599,9.485782216796094,0.04742891108398047,0.03768198873196246,-0.0020866717759353243,0.001473036821006337,0.007949518605256306,0.00997360719393351,0.1539876983486645,0.2020866717759353,0.20786834961710215,0.8180840415212515,0.897127291174959,,0.9984586648106952,6.82983682983683e-05,0.0,6.82983682983683e-05,0.6854818059494926,0.7633478686043049,0.3144761772437846,0.06903609829912155,4.201680672268908e-05,2.2473780882517933,41.82,7.265,42.01,250.0,250.0,250.0,0.0,0.0,550.0,298.0,298.0,1.0,0.0,,99.44162674048931,125.28645249317788,141.7149897435897,134.92507448073349,2.2473780882517933,1.994768145504413,1.9873987707543765,0.07478584272301833,32395526.369770054,30138491.504186757,0.030917244593621263,2.929854082479803,0.6657417879483956,0.6117501822188568,0.0,0.12485433823621073,0.1406996800138768,29.060198632734547,1.140937565825156,,,,,,,,,,,,,,,,,,,,,,,,,,,,,,,,,,,,,,,,,,,,,,,,,,,,,,,,,,,,,,,,,
balanced_agentic,nominal,Intent-PPO-CMDP,Intent-PPO-CMDP,15,1481178426,1997781942,1596015111,618554fca77aa7604c32,stochastic,150,300,250,1,500,1,800,1,150-step training / 300-step arrival window + >= 250-step no-arrival drain adaptively extended to cohort maturity (cap 500),1073916742,1,332.33217309997417,balanced_agentic,200,0.0,0.9707715150442308,0.9493850188151448,1.0,1.0,0.02922848495576926,0.050614981184855114,0.057412140822959014,5.8456969911538526,0.02922848495576926,0.05091654243271438,0.023086956521739154,0.0038530085498499813,0.015054945054945049,0.020167165571439577,0.12610453999524943,0.17691304347826084,0.1900944140742024,0.7884702383025628,0.8693670104387307,,0.99614699145015,0.0,0.0,0.0,0.753405634670614,0.7435213820783259,0.2427801164694585,0.060425321563251415,0.0038142488599275004,2.4689300724208403,32.285,5.955,32.29,250.0,250.0,250.0,0.0,0.0,550.0,298.0,298.0,1.0,0.0,,81.66219266869837,101.31617313832525,115.68569160997733,110.12988186450036,2.4689300724208403,2.1777644327834413,2.164761000088297,0.0709788536641801,33557718.12716572,31025868.749679755,0.029814323083917498,2.311028222003991,0.6622709058383219,0.6031202503167281,0.0,0.1371627818011578,0.15220502196146007,68.486722962967,0.309474616415554,,,,,,,,,,,,,,,,,,,,,,,,,,,,,,,,,,,,,,,,,,,,,,,,,,,,,,,,,,,,,,,,,
balanced_agentic,nominal,Intent-PPO-CMDP-FullPolicy-NoShield,Intent-PPO-CMDP,15,1481178426,1997781942,1596015111,618554fca77aa7604c32,stochastic,150,300,250,1,500,1,800,1,150-step training / 300-step arrival window + >= 250-step no-arrival drain adaptively extended to cohort maturity (cap 500),1073916742,1,332.33217309997417,balanced_agentic,200,0.0,0.9297347938888155,0.8411528135882993,0.775,1.0,0.07031908542152922,0.15884718641170056,0.18314510091058595,14.063817084305844,0.07031908542152922,-0.007374576267859883,-0.0441030303030303,0.06722301836438682,0.10410303030303027,0.1137441690989659,0.1288911157575255,0.17517490620172146,0.19058721226088113,0.7983994894159864,0.8785160018036489,,0.9327769816356131,0.0,0.0,0.0,0.7107094463516731,0.7533050151370674,0.23962538295287658,0.05973193312616336,0.049665170695450386,2.3695002626686277,29.945,6.055,32.32,250.0,250.0,250.0,0.0,0.0,550.0,298.0,298.0,1.0,0.0,,81.18759700568478,101.6756800445931,115.5918377281947,112.1390633363706,2.3695002626686277,2.087272979535911,2.0633253071698325,0.07400960528895838,33484547.814770937,30644241.072725575,0.0298673025351669,2.1987727654892115,0.6629051786734421,0.6045108032167974,0.0,0.1316389034815904,0.1490630160354301,58.37110024342166,0.3168477835183652,,,,,,,,,,,,,,,,,,,,,,,,,,,,,,,,,,,,,,,,,,,,,,,,,,,,,,,,,,,,,,,,,
balanced_agentic,congestion_burst,MaxWeight,MaxWeight,11,471540437,1073362871,28237267,,stochastic,150,300,250,1,500,1,800,1,150-step training / 300-step arrival window + >= 250-step no-arrival drain adaptively extended to cohort maturity (cap 500),546558637,0,1.3299984857439995e-05,balanced_agentic,200,0.0,0.8905500606554352,0.8764916264472883,0.065,1.0,0.10944993934456475,0.1235083735527117,0.12784625115875795,21.88998786891295,0.10944993934456475,0.059894563815544595,0.06,0.0,0.0,0.0,0.1113328246025531,0.1348353709850858,0.1406243765922082,0.9743879012613818,0.9923299591385643,,0.6794295945624735,0.3205704054375266,0.0,0.3205704054375266,0.3762205544624769,0.872313151074384,0.6237794455375232,0.10207475018699771,0.0,1.903892721643753,57.225,19.335,57.225,250.0,250.02,252.0,0.02,2.0,550.02,252.0,252.0,1.0,0.0,,155.201774418963,170.05757575757573,173.18787583282858,173.05918541460113,1.903892721643753,1.7299553213033476,1.7190864133978654,0.05799248673756483,18738815.471986033,17715645.85769828,0.05337649923182797,8.32197177620416,0.528463164254657,0.49146722139925764,0.001296123088918974,0.10577181786909738,0.11416938289599432,-150.18954190375436,0.15023313683215103,,,,,,,,,,,,,,,,,,,,,,,,,,,,,,,,,,,,,,,,,,,,,,,,,,,,,,,,,,,,,,,,,
balanced_agentic,congestion_burst,PPO,PPO,11,471540437,1073362871,1897045420,b9c1e1a3273f0ff06c77,stochastic,150,300,250,1,500,1,800,1,150-step training / 300-step arrival window + >= 250-step no-arrival drain adaptively extended to cohort maturity (cap 500),546558637,1,259.96485530002974,balanced_agentic,200,0.0,0.9490013028482374,0.938234330008227,1.0,1.0,0.05099869715176262,0.06176566999177295,0.06413089835060927,10.199739430352524,0.05099869715176262,0.0497483567789517,0.027675342724525053,0.00026241724200451206,0.00023923444976068394,0.005248344840090242,0.14736904441485607,0.17232465727547494,0.1817668806883483,0.8886810869799079,0.9385927277227646,,0.9990657840339482,0.0006717987240472947,0.0,0.0006717987240472947,0.5686188018626593,0.8322333955153148,0.431355687933259,0.06809846872966467,2.551020408163265e-05,2.68044838993451,82.545,10.83,82.59,250.0,250.0,250.0,0.0,0.0,550.0,252.0,252.0,1.0,0.0,,133.34461069235883,155.88947930004267,164.57311694522755,162.25653145292728,2.68044838993451,2.4273610921445252,2.423819342306285,0.05494195786793019,33517676.02395575,32284592.50983263,0.029840194270039765,5.325572152328583,0.678336015255649,0.631186226491167,0.0,0.14891379944080613,0.16151409284417825,27.490113856641514,0.7715634096868103,,,,,,,,,,,,,,,,,,,,,,,,,,,,,,,,,,,,,,,,,,,,,,,,,,,,,,,,,,,,,,,,,
balanced_agentic,congestion_burst,PPO-Lagrangian,PPO-Lagrangian,11,471540437,1073362871,1897045420,97597eec01eed730a745,stochastic,150,300,250,1,500,1,800,1,150-step training / 300-step arrival window + >= 250-step no-arrival drain adaptively extended to cohort maturity (cap 500),546558637,1,273.0232358999783,balanced_agentic,200,0.0,0.9198022947796445,0.9003046894182299,0.95,1.0,0.0801977052203555,0.09969531058176999,0.10269680329183077,16.0395410440711,0.0801977052203555,0.05772686178042814,0.04405797942291329,2.8089887640449436e-05,0.0,2.8089887640449436e-05,0.11035456093572002,0.1559420205770867,0.1650946189777582,0.9006670636395242,0.9459713138957797,,0.8169417319276215,0.1830301781847379,0.0,0.1830301781847379,0.43907229286031696,0.8413806424898794,0.5609277071396831,0.06752142849569007,0.0,2.0548352516979276,71.905,11.34,71.91,250.0,250.0,250.0,0.0,0.0,550.0,252.0,252.0,1.0,0.0,,167.59122093115434,188.6398658008658,198.99634736842106,194.26177312285634,2.0548352516979276,1.8153968585146654,1.807869318966913,0.0758353132805811,34438857.344246104,32152451.95388724,0.0290190324129191,5.453850587745163,0.6689883468708038,0.6159110611927345,0.0,0.1141575139832182,0.12930129809873694,-57.41754149570854,0.3982416968592295,,,,,,,,,,,,,,,,,,,,,,,,,,,,,,,,,,,,,,,,,,,,,,,,,,,,,,,,,,,,,,,,,
balanced_agentic,congestion_burst,PPO_CMDP,PPO_CMDP,11,471540437,1073362871,1897045420,3e02143445d692cb208a,stochastic,150,300,250,1,500,1,800,1,150-step training / 300-step arrival window + >= 250-step no-arrival drain adaptively extended to cohort maturity (cap 500),546558637,1,273.6423236000119,balanced_agentic,200,0.0,0.9422055909649072,0.9228125363774616,1.0,1.0,0.057794409035092704,0.07718746362253834,0.08179854674085571,11.55888180701854,0.057794409035092704,-0.0015722241082075131,-0.021450838810100292,0.0005459668555638747,0.0053777971519907005,0.006778461490842562,0.20157222410820755,0.22145083881010028,0.22724317314866055,0.8947155296097106,0.943269348058083,,0.9994540331444361,0.0,0.0,0.0,0.6480022984244349,0.8354464862134069,0.35179941101691303,0.07438667608666308,0.00019829055865193678,3.06276171662831,67.395,11.335,67.46,250.0,250.0,250.0,0.0,0.0,550.0,252.0,252.0,1.0,0.0,,107.78235826135911,127.7685975609756,135.74064897877452,132.95703297402164,3.06276171662831,2.827982869042374,2.809253709407764,0.045183744639594875,31058850.373543855,30221228.76800368,0.03220084619326546,4.630664330884738,0.6822454669922757,0.6370181609943485,0.0,0.17015342870157277,0.18319747070069226,41.75745245744389,0.38826298949364896,,,,,,,,,,,,,,,,,,,,,,,,,,,,,,,,,,,,,,,,,,,,,,,,,,,,,,,,,,,,,,,,,
balanced_agentic,congestion_burst,Intent-PPO-CMDP-NoRisk,Intent-PPO-CMDP-NoRisk,11,471540437,1073362871,1897045420,7d2ee40999bb1a6afe16,stochastic,150,300,250,1,500,1,800,1,150-step training / 300-step arrival window + >= 250-step no-arrival drain adaptively extended to cohort maturity (cap 500),546558637,1,275.69379829999525,balanced_agentic,200,0.0,0.9244576983652436,0.905982676815147,0.99,1.0,0.07554230163475624,0.09401732318485301,0.09801220389299097,15.10846032695125,0.07554230163475624,0.05700747833517376,0.041576436738093456,0.00021594801035115934,0.0,0.00021594801035115934,0.108703322885074,0.15842356326190654,0.17476979988374433,0.8916126153244277,0.9459846016141942,,0.827709699400677,0.17207435258897186,0.0,0.17207435258897186,0.44974512896769675,0.8364429960775438,0.5500927469757761,0.062142926930970406,0.0001621240565272055,2.092362860737805,71.965,10.54,71.975,250.0,250.0,250.0,0.0,0.0,550.0,252.0,252.0,1.0,0.0,,165.01436981807862,182.58230361429713,188.5175486775071,186.4945567819541,2.092362860737805,1.8376221168213005,1.8400907161767468,0.07143527248033694,34611994.57143975,32363691.390408296,0.028873876133537743,5.398877729753734,0.6727210515225046,0.6145312232599769,0.0,0.11624238115210028,0.12973251569433555,-53.47840108282795,0.43686051934930703,,,,,,,,,,,,,,,,,,,,,,,,,,,,,,,,,,,,,,,,,,,,,,,,,,,,,,,,,,,,,,,,,
balanced_agentic,congestion_burst,Intent-PPO-CMDP,Intent-PPO-CMDP,11,471540437,1073362871,1897045420,b12c9f3440d9c22ff923,stochastic,150,300,250,1,500,1,800,1,150-step training / 300-step arrival window + >= 250-step no-arrival drain adaptively extended to cohort maturity (cap 500),546558637,1,319.3185737999738,balanced_agentic,200,0.0,0.9352843700467502,0.9203880705170568,1.0,1.0,0.06471562995324959,0.07961192948294311,0.0842542586930041,12.943125990649916,0.06471562995324959,0.03964489905440082,0.02314814814814815,0.020355100945599173,0.036851851851851844,0.04260080818593148,0.10202332359151528,0.13801197795763012,0.14334091103353186,0.8936183881888822,0.9559457561325392,,0.9124180382019589,0.067226860852442,0.0,0.067226860852442,0.48933353353323894,0.8447772800830988,0.4906034878007445,0.055496076012581164,0.02006297866601658,2.2851654690353485,80.2,9.325,80.255,250.0,250.0,250.0,0.0,0.0,550.0,252.0,252.0,1.0,0.0,,155.8095968850018,174.677219022301,180.37808757485027,178.9720514639428,2.2851654690353485,2.0638802622430537,2.0502802313393107,0.05573334597319436,34531662.37141637,33200951.67438179,0.02895527304164358,5.586869083529052,0.6736021646133178,0.6147830886599293,0.0,0.12695363716863045,0.13769061724837742,-17.192075550678027,1.0310812216258929,,,,,,,,,,,,,,,,,,,,,,,,,,,,,,,,,,,,,,,,,,,,,,,,,,,,,,,,,,,,,,,,,
balanced_agentic,congestion_burst,Intent-PPO-CMDP-FullPolicy-NoShield,Intent-PPO-CMDP,11,471540437,1073362871,1897045420,b12c9f3440d9c22ff923,stochastic,150,300,250,1,500,1,800,1,150-step training / 300-step arrival window + >= 250-step no-arrival drain adaptively extended to cohort maturity (cap 500),546558637,1,319.3185737999738,balanced_agentic,200,0.0,0.7617408752779425,0.7418278217314374,0.0,1.0,0.6607077554743782,0.8628241249119813,0.934144086966399,132.14155109487564,0.6607077554743782,-0.2222202742088912,-0.2897311827956989,0.2822202742088912,0.34973118279569887,0.38117812032001125,0.12575782666923468,0.16274369455705,0.17397426284416168,0.8855970294869369,0.9390033210526922,,0.7035913548533417,0.01418837093776713,0.0,0.01418837093776713,0.41168344033157067,0.8451878676543493,0.4210168684149606,0.04727429256454301,0.1672996912534687,1.9630521539881065,55.68,7.72,77.565,250.0,250.0,250.0,0.0,0.0,550.0,252.0,252.0,1.0,0.0,,132.87278497472485,157.28251446435237,166.92016774193547,164.67346665840023,1.9630521539881065,1.6674759819746783,1.6528616957585722,0.08250722294430202,33008962.635532606,31122637.43250078,0.03027079765124304,3.9388469197284075,0.6460462963290116,0.5814444215334762,0.0,0.10905845299933926,0.1234551805661098,-55.11803305007745,0.5821438401771929,,,,,,,,,,,,,,,,,,,,,,,,,,,,,,,,,,,,,,,,,,,,,,,,,,,,,,,,,,,,,,,,,
balanced_agentic,congestion_burst,MaxWeight,MaxWeight,12,1729653623,2128646545,1855510644,,stochastic,150,300,250,1,500,1,800,1,150-step training / 300-step arrival window + >= 250-step no-arrival drain adaptively extended to cohort maturity (cap 500),2003409612,0,1.3199984095990658e-05,balanced_agentic,200,0.005,0.8991038890580875,0.889442106361581,0.415,0.995,0.10089611094191245,0.11055789363841902,0.1141927243091824,20.17922218838249,0.10140312657478641,0.05965528323565327,0.06,0.0,0.0,0.0,0.10804289764828556,0.1312467214547998,0.14432049105472633,0.9740630739118444,0.9907148497355152,,0.6896203458528376,0.31037965414716245,0.0,0.31037965414716245,0.37845191249249277,0.8708237368290976,0.6215480875075073,0.10323933708274652,0.0,2.040097106722277,58.305,19.315,58.305,250.0,251.7,278.0,1.7,28.0,551.7,278.0,278.0,1.0,0.0,,153.49871815133628,167.6007633587786,173.19293226176808,171.43560280129878,2.040097106722277,1.883519281557487,1.869470792955898,0.05373646488161798,15216056.94180114,14398041.18910873,0.0657222042042758,10.933310619826779,0.5316973847970778,0.49656384761934746,0.0007240992795023888,0.1133387281512376,0.12251626709014735,-144.14777072263442,0.17926907853034071,,,,,,,,,,,,,,,,,,,,,,,,,,,,,,,,,,,,,,,,,,,,,,,,,,,,,,,,,,,,,,,,,
balanced_agentic,congestion_burst,PPO,PPO,12,1729653623,2128646545,1621075116,2fb07c1ee95b181950c4,stochastic,150,300,250,1,500,1,800,1,150-step training / 300-step arrival window + >= 250-step no-arrival drain adaptively extended to cohort maturity (cap 500),2003409612,1,284.739809300052,balanced_agentic,200,0.0,0.9503682437015286,0.9367206410589252,1.0,1.0,0.04963175629847125,0.06327935894107482,0.06630353587504127,9.926351259694249,0.04963175629847125,0.05880786811026896,0.053810263106118875,0.0004641547830158299,0.005350484174013585,0.005687967440352249,0.11329642468293588,0.14227275863853564,0.154030962624588,0.8756752059532819,0.9321225978625909,,0.9529042241417846,0.04663162107519962,0.0,0.04663162107519962,0.5229724928378328,0.8259272026770458,0.476782057400487,0.06030243762651329,0.0002454497616801484,2.5365675053025454,80.495,9.34,80.535,250.0,250.0,250.0,0.0,0.0,550.0,278.0,278.0,1.0,0.0,,147.8462880372465,167.05678694158073,177.625791005291,173.58710191722412,2.5365675053025454,2.295535421032788,2.2702786812517615,0.05929489261667434,29082018.14304083,27736250.28229473,0.03438242873878886,6.789526331640537,0.6842552094456561,0.634070138423193,0.0,0.1409204169612525,0.15495396875617973,0.40234415024587267,45.54594556627701,,,,,,,,,,,,,,,,,,,,,,,,,,,,,,,,,,,,,,,,,,,,,,,,,,,,,,,,,,,,,,,,,
balanced_agentic,congestion_burst,PPO-Lagrangian,PPO-Lagrangian,12,1729653623,2128646545,1621075116,5ff4062933b4dfa3978e,stochastic,150,300,250,1,500,1,800,1,150-step training / 300-step arrival window + >= 250-step no-arrival drain adaptively extended to cohort maturity (cap 500),2003409612,1,266.70855040004244,balanced_agentic,200,0.0,0.9289341175138739,0.9142267401035434,1.0,1.0,0.07106588248612612,0.08577325989645639,0.08921662607398781,14.213176497225225,0.07106588248612612,0.058776777848935494,0.05443813131313131,0.0012232221510645133,0.0055618686868686845,0.006906683499310032,0.061699988100066196,0.08824381724276993,0.09811117102186852,0.898783946438092,0.9437630668148007,,0.8868633822209947,0.11191339562794093,0.0,0.11191339562794093,0.44821591939794836,0.8400853715169998,0.5513386109905085,0.06890534235441267,0.00044546961154327147,2.2004325606232213,82.08,11.04,82.225,250.0,250.015,253.0,0.015,3.0,550.015,278.0,278.0,1.0,0.0,,174.00657150560173,189.41020125692054,193.78877868617326,193.11699787348635,2.2004325606232213,1.9927585837176003,1.9737332448851703,0.06363111134722461,28660197.64142868,27539815.37771535,0.034903343413750704,7.760889004236966,0.6834573231549161,0.6350952026549479,0.0,0.12224625336795675,0.1346204001973017,-19.317354461978177,0.8979686523738006,,,,,,,,,,,,,,,,,,,,,,,,,,,,,,,,,,,,,,,,,,,,,,,,,,,,,,,,,,,,,,,,,
balanced_agentic,congestion_burst,PPO_CMDP,PPO_CMDP,12,1729653623,2128646545,1621075116,c2c338dd9800f45e9834,stochastic,150,300,250,1,500,1,800,1,150-step training / 300-step arrival window + >= 250-step no-arrival drain adaptively extended to cohort maturity (cap 500),2003409612,1,270.83158040000126,balanced_agentic,200,0.0,0.94112053073157,0.9201220787561569,1.0,1.0,0.05887946926842984,0.07987792124384298,0.08446296715483147,11.775893853685968,0.05887946926842984,-0.007110722017778019,-0.028451767603123682,8.377404201258605e-05,0.0,8.377404201258605e-05,0.20711072201777803,0.22845176760312366,0.23357261090149056,0.8859679807490656,0.9357565865526258,,0.9999162259579875,0.0,0.0,0.0,0.6623391815107046,0.8312437423871711,0.33766081848929547,0.0721390074678195,0.0,3.265248776232219,63.38,10.2,63.395,250.0,250.0,250.0,0.0,0.0,550.0,278.0,278.0,1.0,0.0,,101.89965857769663,127.12240413614822,134.15586140724943,132.5773370177654,3.265248776232219,2.9788518567802402,2.9814269274575413,0.04839994664288526,25303243.01198219,24443749.7755555,0.03951802379258852,5.619681319024215,0.6711340188725151,0.6091401093341936,0.0,0.18140270979067882,0.19502352139297832,56.15628881430602,0.30699835758575333,,,,,,,,,,,,,,,,,,,,,,,,,,,,,,,,,,,,,,,,,,,,,,,,,,,,,,,,,,,,,,,,,
balanced_agentic,congestion_burst,Intent-PPO-CMDP-NoRisk,Intent-PPO-CMDP-NoRisk,12,1729653623,2128646545,1621075116,53b75815fc19ab3c700d,stochastic,150,300,250,1,500,1,800,1,150-step training / 300-step arrival window + >= 250-step no-arrival drain adaptively extended to cohort maturity (cap 500),2003409612,1,267.30905749998055,balanced_agentic,200,0.0,0.949396876924647,0.9384160298164013,1.0,1.0,0.05060312307535291,0.0615839701835987,0.06374832081936269,10.120624615070582,0.05060312307535291,0.05749875916651715,0.04034150184940654,0.00016533352109637526,0.0,0.00016533352109637526,0.1268899310282695,0.15965849815059346,0.16322938219573374,0.882490939926158,0.9314394302920945,,0.9785401128992873,0.02129455357961614,0.0,0.02129455357961614,0.5254495553878615,0.8297814080051079,0.47455044461213847,0.06483044782402356,0.0,2.5828977890488165,85.365,9.95,85.395,250.0,250.0,250.0,0.0,0.0,550.0,278.0,278.0,1.0,0.0,,149.0199677120712,171.94784817944466,178.5274325824873,176.59574763174035,2.5828977890488165,2.3281123441371263,2.3218202918746003,0.05733373498995771,28601559.843248148,27586244.395087,0.034954105066816676,7.1997007861074405,0.6774133989893353,0.6224543701081893,0.0,0.1434943216138231,0.15611930705638294,9.167746814407574,1.9686541466279426,,,,,,,,,,,,,,,,,,,,,,,,,,,,,,,,,,,,,,,,,,,,,,,,,,,,,,,,,,,,,,,,,
balanced_agentic,congestion_burst,Intent-PPO-CMDP,Intent-PPO-CMDP,12,1729653623,2128646545,1621075116,fc604e43c5d11a5118bd,stochastic,150,300,250,1,500,1,800,1,150-step training / 300-step arrival window + >= 250-step no-arrival drain adaptively extended to cohort maturity (cap 500),2003409612,1,320.63457950000884,balanced_agentic,200,0.0,0.9132990357941051,0.8899455983025594,0.8,1.0,0.08670096420589493,0.11005440169744048,0.11517855779976745,17.340192841178986,0.08670096420589493,-0.042340759988966824,-0.06215160725034869,0.012974501066102793,0.0270723237203684,0.03198495734166432,0.24234075998896684,0.2621516072503487,0.2673123379658822,0.8816656339056814,0.9396595319574995,,0.9870254989338971,0.0,0.0,0.0,0.6865101409247643,0.822905363215749,0.30152897028495096,0.07474007179052919,0.011960888790284807,3.401609939282624,56.505,11.01,56.695,250.0,250.0,250.0,0.0,0.0,550.0,278.0,278.0,1.0,0.0,,88.34482603899097,110.03395348837208,114.77474246043589,114.59566259966553,3.401609939282624,3.1967901125274225,3.177233137880647,0.03915934474017787,22617139.2019657,21814913.48217278,0.04420799600684068,5.407411435562975,0.6683298169709022,0.6151892443939161,0.0,0.18897832996014574,0.20128490383284595,38.020233242306475,0.4649466601003732,,,,,,,,,,,,,,,,,,,,,,,,,,,,,,,,,,,,,,,,,,,,,,,,,,,,,,,,,,,,,,,,,
balanced_agentic,congestion_burst,Intent-PPO-CMDP-FullPolicy-NoShield,Intent-PPO-CMDP,12,1729653623,2128646545,1621075116,fc604e43c5d11a5118bd,stochastic,150,300,250,1,500,1,800,1,150-step training / 300-step arrival window + >= 250-step no-arrival drain adaptively extended to cohort maturity (cap 500),2003409612,1,320.63457950000884,balanced_agentic,200,0.0,0.8029469215511239,0.7406255671810663,0.02,1.0,0.20786211945462515,0.3090421142979638,0.3442677974222592,41.57242389092503,0.20786211945462515,-0.05601968935572552,-0.08460328360072414,0.10584015172627848,0.14369300406044064,0.15699678271245698,0.24467570329770374,0.2677983422588823,0.2761361859278266,0.8796536638386382,0.9404983448323196,,0.8941598482737214,0.0,0.0,0.0,0.6436424369319957,0.8250379511882187,0.2729648734303005,0.07057124129678016,0.08339268963770383,3.238455659778284,47.425,10.3,51.695,250.0,250.0,250.0,0.0,0.0,550.0,278.0,278.0,1.0,0.0,,81.37819887023161,102.10374526981494,110.19563153686228,106.42280479184387,3.238455659778284,3.007179380528015,2.976989060461954,0.04519827540495574,22417854.9596976,21559431.218380023,0.04458969873336272,4.658834187210473,0.6510181086980505,0.5986574392325599,0.0,0.17991420332101576,0.19411111225904376,31.664592660875407,0.49020121883115697,,,,,,,,,,,,,,,,,,,,,,,,,,,,,,,,,,,,,,,,,,,,,,,,,,,,,,,,,,,,,,,,,
balanced_agentic,congestion_burst,MaxWeight,MaxWeight,13,1025721121,372372750,1935381396,,stochastic,150,300,250,1,500,1,800,1,150-step training / 300-step arrival window + >= 250-step no-arrival drain adaptively extended to cohort maturity (cap 500),1279880031,0,1.0399962775409222e-05,balanced_agentic,200,0.0,0.9050145321871625,0.8927102913807959,0.715,1.0,0.09498546781283741,0.10728970861920392,0.11037957410540962,18.997093562567482,0.09498546781283741,0.05968735389710551,0.06,0.0,0.0,0.0,0.11324239897866145,0.1382306598407281,0.1458264956314636,0.9666862473972722,0.9884625664526198,,0.7364625753439884,0.2635374246560115,0.0,0.2635374246560115,0.40446788688698004,0.8584472723657778,0.5955321131130199,0.10827042157237499,0.0,2.105984568879155,61.375,20.03,61.375,250.0,261.98,325.0,11.98,75.0,561.98,326.0,326.0,1.0,0.0,,148.75544467554778,169.99058165548098,178.56466082207524,176.48726456156163,2.105984568879155,1.9160758232809505,1.9118922434516505,0.057340052057607296,17158528.424002312,16338666.41496044,0.05828156391341407,9.644295870431,0.5352628794622304,0.497358041064649,0.0006428447293006793,0.11699914271550864,0.12804987465754444,-160.49365951167132,0.24435792217712818,,,,,,,,,,,,,,,,,,,,,,,,,,,,,,,,,,,,,,,,,,,,,,,,,,,,,,,,,,,,,,,,,
balanced_agentic,congestion_burst,PPO,PPO,13,1025721121,372372750,535536204,3cabdc2e2c3a75659a16,stochastic,150,300,250,1,500,1,800,1,150-step training / 300-step arrival window + >= 250-step no-arrival drain adaptively extended to cohort maturity (cap 500),1279880031,1,262.1022107999888,balanced_agentic,200,0.0,0.8910282672181262,0.8653306536592177,0.26,1.0,0.1089717327818737,0.13466934634078231,0.14072989054547658,21.79434655637474,0.1089717327818737,-0.07209355154547031,-0.0936924692604769,0.0010050225475906197,0.0056179775280898875,0.0068288061004357905,0.2720935515454703,0.2936924692604769,0.2993013442799753,0.8650140149102302,0.9200212052889365,,0.9989949774524095,0.0,0.0,0.0,0.719728243702553,0.817401505501016,0.2800797601168834,0.058312146740537696,0.00019199618056372394,3.318437487870932,52.13,8.83,52.28,250.0,250.0,250.0,0.0,0.0,550.0,326.0,326.0,1.0,0.0,,84.86466606142174,109.95469177758893,124.56875425665896,120.19646838624485,3.318437487870932,3.1055966399081387,3.0901550115691854,0.04159524293215259,23958440.809233934,23163276.967033643,0.04173943795291991,4.7666207636973965,0.6700637502005153,0.6203687074359843,0.0,0.18435763821505177,0.19627673674965349,15.955130666510902,1.516045962882433,,,,,,,,,,,,,,,,,,,,,,,,,,,,,,,,,,,,,,,,,,,,,,,,,,,,,,,,,,,,,,,,,
balanced_agentic,congestion_burst,PPO-Lagrangian,PPO-Lagrangian,13,1025721121,372372750,535536204,454f28c68eb87e33907f,stochastic,150,300,250,1,500,1,800,1,150-step training / 300-step arrival window + >= 250-step no-arrival drain adaptively extended to cohort maturity (cap 500),1279880031,1,254.03850810002768,balanced_agentic,200,0.0,0.9489399706634832,0.9374950670876085,1.0,1.0,0.051060029336516786,0.06250493291239148,0.06486133907752276,10.212005867303358,0.051060029336516786,0.03293024451343646,0.009806102987921178,0.00038594585861771334,0.005186830057296377,0.005707563893876706,0.16700197700158953,0.1901938970120788,0.198685197981811,0.8903326327124339,0.9421489992227515,,0.99929294290444,0.0003211112369421938,0.0,0.0003211112369421938,0.6184053836610792,0.8323577043069617,0.38154053700307344,0.07157632633321465,5.407933584729164e-05,2.9294456819693697,70.685,10.76,70.745,250.0,250.0,250.0,0.0,0.0,550.0,326.0,326.0,1.0,0.0,,117.33777369975851,140.86649746192893,148.91973010281797,145.42197540621473,2.9294456819693697,2.672299868878571,2.65309227652791,0.053119319404798374,28897568.42878013,27877717.462232046,0.03459713379851876,5.459002708754573,0.6709567739362666,0.6247489141915231,0.0,0.16274698233163165,0.17549625681853806,36.26216969361105,0.5855152591306321,,,,,,,,,,,,,,,,,,,,,,,,,,,,,,,,,,,,,,,,,,,,,,,,,,,,,,,,,,,,,,,,,
balanced_agentic,congestion_burst,PPO_CMDP,PPO_CMDP,13,1025721121,372372750,535536204,a070e26e29e031606ad8,stochastic,150,300,250,1,500,1,800,1,150-step training / 300-step arrival window + >= 250-step no-arrival drain adaptively extended to cohort maturity (cap 500),1279880031,1,277.9400926999515,balanced_agentic,200,0.0,0.9556301455955585,0.9433494855048831,1.0,1.0,0.04436985440444134,0.0566505144951168,0.059676864808052454,8.873970880888269,0.04436985440444134,0.05323858436099352,0.026884254829406696,0.0002717247504560075,0.0002450980392156027,0.005434495009120151,0.1405640263396133,0.1731157451705933,0.18004170191242297,0.8655275251295461,0.9227936286167291,,0.9940344970986661,0.005693778150877995,0.0,0.005693778150877995,0.6049346512574743,0.8148335971799818,0.39496088345594244,0.061841795399423936,0.00010446528658323686,2.8372590198343683,72.15,9.395,72.18,250.0,250.0,250.0,0.0,0.0,550.0,326.0,326.0,1.0,0.0,,119.93065208301607,145.95864746945898,154.5442299775001,151.30873744826025,2.8372590198343683,2.591980083172882,2.5658969185286433,0.055687688197681454,31222391.955234498,29992081.499011602,0.03202345439590915,5.151258651342328,0.6736933616570485,0.6307424351580248,0.0,0.15762550110190934,0.1722394587938656,31.407434472819368,0.8418090247178455,,,,,,,,,,,,,,,,,,,,,,,,,,,,,,,,,,,,,,,,,,,,,,,,,,,,,,,,,,,,,,,,,
balanced_agentic,congestion_burst,Intent-PPO-CMDP-NoRisk,Intent-PPO-CMDP-NoRisk,13,1025721121,372372750,535536204,4606dec7f3efe1c94a9c,stochastic,150,300,250,1,500,1,800,1,150-step training / 300-step arrival window + >= 250-step no-arrival drain adaptively extended to cohort maturity (cap 500),1279880031,1,283.62103929999284,balanced_agentic,200,0.0,0.9176579132039031,0.8947842872041167,0.88,1.0,0.0823420867960969,0.10521571279588322,0.11350313199044686,16.46841735921938,0.0823420867960969,-0.047915640818918616,-0.06867488415870254,0.000326873611935109,0.005103349031920459,0.005532218652119032,0.24791564081891862,0.26867488415870255,0.2748226678968527,0.8458763249179151,0.9076758005303074,,0.9996731263880647,0.0,0.0,0.0,0.7668926550681189,0.7946972426831468,0.23288814350826328,0.07012099516107577,0.0002192014236177594,3.584193545908988,43.64,9.575,43.66,250.0,250.0,250.0,0.0,0.0,550.0,326.0,326.0,1.0,0.0,,72.59764366811142,93.95635559824639,100.19707501349158,98.85031785218669,3.584193545908988,3.328498996672902,3.304050557678919,0.04262432676285241,25314862.3702407,24436555.267947968,0.03948641412346061,3.8589462263877015,0.6758403998671599,0.6166033716555692,0.0,0.19912186366161042,0.2132693561775588,53.122131775678355,0.27791785931179963,,,,,,,,,,,,,,,,,,,,,,,,,,,,,,,,,,,,,,,,,,,,,,,,,,,,,,,,,,,,,,,,,
balanced_agentic,congestion_burst,Intent-PPO-CMDP,Intent-PPO-CMDP,13,1025721121,372372750,535536204,09d0d30da2ff448dad2f,stochastic,150,300,250,1,500,1,800,1,150-step training / 300-step arrival window + >= 250-step no-arrival drain adaptively extended to cohort maturity (cap 500),1279880031,1,309.3859143999871,balanced_agentic,200,0.0,0.9090897813157491,0.8864896493104448,0.7,1.0,0.0909102186842507,0.11351035068955513,0.12082545749852716,18.18204373685014,0.0909102186842507,-0.04752088170462047,-0.06730465320456541,0.03652433785778041,0.053475935828877004,0.05603098063259662,0.2475208817046205,0.2673046532045654,0.2728118828635739,0.8800051923702881,0.9465917895404659,,0.9634756621422196,0.0,0.0,0.0,0.7425972048050901,0.8317107292918337,0.22112573804191732,0.060411795311507144,0.03627705715299258,3.486833557481497,40.93,8.905,40.975,250.0,250.0,250.0,0.0,0.0,550.0,326.0,326.0,1.0,0.0,,72.61253262515858,93.80686977299881,98.66632307692306,97.99311243389498,3.486833557481497,3.247400030646189,3.21743182671145,0.04480502061400504,25346294.704888124,24254793.044570703,0.03942593463344311,3.7420997048718396,0.6534817215602972,0.6042358629515527,0.0,0.1937129754156387,0.20865007176265377,58.889292771482175,0.20602599404390262,,,,,,,,,,,,,,,,,,,,,,,,,,,,,,,,,,,,,,,,,,,,,,,,,,,,,,,,,,,,,,,,,
balanced_agentic,congestion_burst,Intent-PPO-CMDP-FullPolicy-NoShield,Intent-PPO-CMDP,13,1025721121,372372750,535536204,09d0d30da2ff448dad2f,stochastic,150,300,250,1,500,1,800,1,150-step training / 300-step arrival window + >= 250-step no-arrival drain adaptively extended to cohort maturity (cap 500),1279880031,1,309.3859143999871,balanced_agentic,200,0.0,0.7239679687891452,0.6613415492947285,0.0,1.0,1.0617848153596063,1.400701481896721,1.508847418063946,212.35696307192126,1.0617848153596063,-0.36172906911312064,-0.470630081300813,0.4217290691131205,0.530630081300813,0.5697975468644325,0.2581502333374861,0.28688557313239177,0.29588656324541907,0.8776208599495351,0.9529041139276968,,0.5782709308868794,0.0,0.0,0.0,0.4959505682737583,0.8489054815982356,0.10561485407846699,0.03750536162978791,0.3984345776477747,2.433384080264097,15.66,5.425,20.11,250.0,250.0,250.0,0.0,0.0,550.0,326.0,326.0,1.0,0.0,,51.34863969761809,72.51821476682274,82.91371851547237,78.26804630974229,2.433384080264097,1.93992936207614,1.8882828732151193,0.12531895997632136,23996939.74991243,22481684.38048261,0.04156755117445271,1.7763535379612434,0.5693061782649383,0.49043689172125937,0.0018813911411968318,0.1351880044591165,0.1643263665842925,7.657471189201028,2.097437932644457,,,,,,,,,,,,,,,,,,,,,,,,,,,,,,,,,,,,,,,,,,,,,,,,,,,,,,,,,,,,,,,,,
balanced_agentic,congestion_burst,MaxWeight,MaxWeight,14,1103526060,1905340783,5320529,,stochastic,150,300,250,1,500,1,800,1,150-step training / 300-step arrival window + >= 250-step no-arrival drain adaptively extended to cohort maturity (cap 500),501583040,0,1.1400086805224419e-05,balanced_agentic,200,0.0,0.9096818887612915,0.8959945480637381,0.88,1.0,0.0903181112387085,0.10400545193626173,0.1076724400719737,18.0636222477417,0.0903181112387085,0.05945544703801936,0.056581146286924816,0.0,0.0,0.0,0.11589953676928808,0.14341885371307517,0.15032969915513975,0.9640717228245523,0.986105711520667,,0.7460408573598355,0.25395914264016445,0.0,0.25395914264016445,0.40923427845755783,0.8556219871205414,0.5907657215424422,0.10844973570401102,0.0,2.1732502398568267,63.475,20.485,63.475,250.0,253.28,276.0,3.28,26.0,553.28,277.0,277.0,1.0,0.0,,147.46682352952047,162.88270942083022,166.64026368159202,165.607458780051,2.1732502398568267,1.9838472379378898,1.9632349957812554,0.06240045751406016,20232792.636582986,18945316.79641418,0.049434287924629484,8.381047147218574,0.5405277850360085,0.5053420171454837,0.00012533437222088134,0.12073612443649036,0.1343539290482587,-138.31546240484371,0.24125610437631312,,,,,,,,,,,,,,,,,,,,,,,,,,,,,,,,,,,,,,,,,,,,,,,,,,,,,,,,,,,,,,,,,
balanced_agentic,congestion_burst,PPO,PPO,14,1103526060,1905340783,1823775964,0a65909e93fb2c778ea0,stochastic,150,300,250,1,500,1,800,1,150-step training / 300-step arrival window + >= 250-step no-arrival drain adaptively extended to cohort maturity (cap 500),501583040,1,272.0849051999976,balanced_agentic,200,0.0,0.9333652563005127,0.9121487462550301,0.995,1.0,0.06663474369948723,0.08785125374496991,0.09591943675022671,13.326948739897444,0.06663474369948723,-0.02599528790018212,-0.04784079764628964,0.0014276285856284028,0.005917159763313609,0.008738332284822507,0.22599528790018217,0.24784079764628963,0.25329796941080607,0.8610667203038024,0.9185196377864436,,0.9985723714143717,0.0,0.0,0.0,0.6722833558859346,0.8085198993852584,0.3271530215296842,0.06339768298834789,0.0005636225843813707,3.2086733883605167,62.115,9.955,62.28,250.0,250.0,250.0,0.0,0.0,550.0,277.0,277.0,1.0,0.0,,94.81137945408038,118.84431338028169,128.58679425837317,126.37173073065155,3.2086733883605167,2.980550592761601,2.9526027883444703,0.044893889489400186,27308024.5460757,26335404.803074457,0.036610138672381526,4.7865398960757,0.6704462838448653,0.6220705995783461,0.0,0.17825963268669537,0.19018120122844182,34.36266293927342,0.6063244656851592,,,,,,,,,,,,,,,,,,,,,,,,,,,,,,,,,,,,,,,,,,,,,,,,,,,,,,,,,,,,,,,,,
balanced_agentic,congestion_burst,PPO-Lagrangian,PPO-Lagrangian,14,1103526060,1905340783,1823775964,337f5a10e02765106fee,stochastic,150,300,250,1,500,1,800,1,150-step training / 300-step arrival window + >= 250-step no-arrival drain adaptively extended to cohort maturity (cap 500),501583040,1,284.58887489995686,balanced_agentic,200,0.0,0.9549084766134639,0.942847525915128,1.0,1.0,0.04509152338653589,0.05715247408487203,0.05934660944739752,9.018304677307178,0.04509152338653589,0.053004611652754725,0.0272681780690426,0.000612161338372075,0.005376344086021506,0.005651447898554575,0.13811688100118066,0.17273182193095737,0.18269353302410055,0.8683069889617001,0.921560675270284,,0.9934236984928775,0.005964140168750382,0.0,0.005964140168750382,0.5866874485465672,0.811501769854379,0.4130202819186461,0.06902656310013795,0.0002922695347866928,2.8350270323356326,77.07,10.77,77.13,250.0,250.0,250.0,0.0,0.0,550.0,277.0,277.0,1.0,0.0,,126.06959522894081,150.72431519699813,157.55458348452646,154.20644313677548,2.8350270323356326,2.5714023324325357,2.5703069222619908,0.05007684878323066,34789552.79804615,33078022.53428971,0.0287362695920706,4.97005758472471,0.6717493405445976,0.6183588123923615,0.0,0.157501501796424,0.17094217007533324,31.470957250389333,0.6358395406317663,,,,,,,,,,,,,,,,,,,,,,,,,,,,,,,,,,,,,,,,,,,,,,,,,,,,,,,,,,,,,,,,,
balanced_agentic,congestion_burst,PPO_CMDP,PPO_CMDP,14,1103526060,1905340783,1823775964,dadb88684cb84768bf3a,stochastic,150,300,250,1,500,1,800,1,150-step training / 300-step arrival window + >= 250-step no-arrival drain adaptively extended to cohort maturity (cap 500),501583040,1,264.74071779998485,balanced_agentic,200,0.0,0.9198247463491449,0.8955608365678278,0.89,1.0,0.08017525365085504,0.10443916343217201,0.10936377048816719,16.035050730171008,0.08017525365085504,-0.05739740501899782,-0.0800398006597931,0.0005292904175865249,0.005405405405405406,0.005599508546078011,0.2573974050189978,0.2800398006597931,0.28474781853024594,0.8045343786399525,0.8759725967553518,,0.9994707095824134,0.0,0.0,0.0,0.7570984341523272,0.7612839741958379,0.24266009595536717,0.05580244042466305,0.00024146989230558593,3.5722420695321744,46.405,8.24,46.46,250.0,250.0,250.0,0.0,0.0,550.0,277.0,277.0,1.0,0.0,,71.77568343345996,91.91925,101.30754854368932,97.63198134958289,3.5722420695321744,3.3574139244098533,3.3283136438936785,0.03921688174027135,28535976.43259182,27624772.626519587,0.03503229477172303,3.479123007633355,0.6700454727342752,0.6210828835446982,0.0,0.19845789275178746,0.2114807975947009,58.44776782196429,0.2538514148729725,,,,,,,,,,,,,,,,,,,,,,,,,,,,,,,,,,,,,,,,,,,,,,,,,,,,,,,,,,,,,,,,,
balanced_agentic,congestion_burst,Intent-PPO-CMDP-NoRisk,Intent-PPO-CMDP-NoRisk,14,1103526060,1905340783,1823775964,72924e27f6df7ecb428f,stochastic,150,300,250,1,500,1,800,1,150-step training / 300-step arrival window + >= 250-step no-arrival drain adaptively extended to cohort maturity (cap 500),501583040,1,270.7660398000153,balanced_agentic,200,0.0,0.9166876473154321,0.8917859168142102,0.845,1.0,0.08331235268456809,0.1082140831857898,0.11353631897334178,16.662470536913617,0.08331235268456809,-0.05875069429805747,-0.08151414238988593,0.0004489316277189727,0.005264550264550264,0.005539248089762915,0.25875069429805747,0.2815141423898859,0.28747943903455253,0.8116995242941502,0.8877624186874143,,0.999551068372281,0.0,0.0,0.0,0.7578439923999934,0.763471136009596,0.24186340188628763,0.06136437317663062,0.0002926057137190458,3.5885246110544666,46.065,9.145,46.095,250.0,250.0,250.0,0.0,0.0,550.0,277.0,277.0,1.0,0.0,,70.70310507635588,90.83931800714316,100.01211006260773,96.6779172053309,3.5885246110544666,3.3891943772348325,3.353754822017926,0.039387665717449186,28056746.362885352,27144753.70849001,0.035636202327050545,3.4723151527419556,0.6696777428100289,0.6267461775500095,0.0,0.19936247839191484,0.21258746510456145,56.19060028251459,0.25066515876011936,,,,,,,,,,,,,,,,,,,,,,,,,,,,,,,,,,,,,,,,,,,,,,,,,,,,,,,,,,,,,,,,,
balanced_agentic,congestion_burst,Intent-PPO-CMDP,Intent-PPO-CMDP,14,1103526060,1905340783,1823775964,fd2a9bdca11bd34bca64,stochastic,150,300,250,1,500,1,800,1,150-step training / 300-step arrival window + >= 250-step no-arrival drain adaptively extended to cohort maturity (cap 500),501583040,1,319.06714920001104,balanced_agentic,200,0.0,0.9385265952029144,0.9255366928260843,1.0,1.0,0.06147340479708558,0.07446330717391561,0.08144166166467648,12.294680959417116,0.06147340479708558,0.006570763161691613,-0.013678491530840518,0.035734018128619635,0.053837699756430796,0.057029565882826136,0.19138770081752576,0.2136784915308405,0.22048407797440744,0.9227173896869283,0.9600251185477576,,0.9642659818713804,0.0,0.0,0.0,0.630744977665408,0.8610421305569185,0.3353460501398587,0.067780596447258,0.03390897219473338,3.1477728315082585,63.585,11.73,63.935,250.0,250.0,250.0,0.0,0.0,550.0,277.0,277.0,1.0,0.0,,103.94348551242786,122.60321651212739,133.36137426900586,128.73105398669662,3.1477728315082585,2.906710058170051,2.881781360217375,0.0447090731862873,31901314.937323436,30644768.713637017,0.03133776114105526,4.432845326136085,0.6526388103097669,0.6160247860720905,0.0,0.1748762684171254,0.1872100860646981,62.192277527888635,0.23930194094829552,,,,,,,,,,,,,,,,,,,,,,,,,,,,,,,,,,,,,,,,,,,,,,,,,,,,,,,,,,,,,,,,,
balanced_agentic,congestion_burst,Intent-PPO-CMDP-FullPolicy-NoShield,Intent-PPO-CMDP,14,1103526060,1905340783,1823775964,fd2a9bdca11bd34bca64,stochastic,150,300,250,1,500,1,800,1,150-step training / 300-step arrival window + >= 250-step no-arrival drain adaptively extended to cohort maturity (cap 500),501583040,1,319.06714920001104,balanced_agentic,200,0.0,0.7159235053545657,0.6803110762794491,0.0,1.0,1.325437143304336,1.5159985122797464,1.5931197176434009,265.0874286608672,1.325437143304336,-0.4598824890850184,-0.5178268118073942,0.5198824890850183,0.5778268118073943,0.6036426374035908,0.21012271579606506,0.24131417067987287,0.24803606433970565,0.9086164320667706,0.9487950087297227,,0.4801175109149816,0.0,0.0,0.0,0.3969524627421594,0.8744849748584196,0.1394148171660022,0.04059998716770357,0.4636327200918383,2.0586562835040554,16.005,6.545,26.95,250.0,250.0,250.0,0.0,0.0,550.0,277.0,277.0,1.0,0.0,,61.652588218998375,80.89133432034792,86.44042692307688,85.3089727492787,2.0586562835040554,1.8137004560112926,1.761412504196283,0.08235270913184156,29250187.647667497,27382860.079470713,0.03417133781172573,1.530656181822684,0.5471027240364327,0.46086218131256435,0.005070753550402789,0.11436979352800308,0.12943571432848938,-9.545915667756235,1.6081283087869818,,,,,,,,,,,,,,,,,,,,,,,,,,,,,,,,,,,,,,,,,,,,,,,,,,,,,,,,,,,,,,,,,
balanced_agentic,congestion_burst,MaxWeight,MaxWeight,15,1481178426,1997781942,448460546,,stochastic,150,300,250,1,500,1,800,1,150-step training / 300-step arrival window + >= 250-step no-arrival drain adaptively extended to cohort maturity (cap 500),1853986158,0,1.109996810555458e-05,balanced_agentic,200,0.05,0.9423060990797703,0.9200484110793274,1.0,0.95,0.057693900920229746,0.07995158892067246,0.08265620199999471,11.53878018404595,0.06073042202129447,0.05444448192316461,0.03014439464290509,0.0,0.0,0.0,0.1339396358007531,0.1698556053570949,0.18143517294304762,0.9014630594476408,0.9758511242552126,,0.8788999283409418,0.12110007165905824,0.0,0.12110007165905824,0.5236885299770434,0.7956311345928881,0.47631147002295665,0.10747206673553517,0.0,2.634375761567955,66.715,19.915,66.715,250.0,256.135,297.0,6.135,47.0,556.135,298.0,298.0,1.0,0.0,,125.25705536765366,151.49907407407406,157.61697402946913,155.5142291503619,2.634375761567955,2.3280780172659146,2.3121208221211598,0.11310413759101341,19916663.395022646,18282309.385640044,0.05038428954388868,7.931881635525176,0.6010653466342306,0.5280870493103209,0.0,0.14635420897599746,0.17935029010234183,-123.312817651905,0.5806665204033444,,,,,,,,,,,,,,,,,,,,,,,,,,,,,,,,,,,,,,,,,,,,,,,,,,,,,,,,,,,,,,,,,
balanced_agentic,congestion_burst,PPO,PPO,15,1481178426,1997781942,1596015111,461e22a59e6f436fac36,stochastic,150,300,250,1,500,1,800,1,150-step training / 300-step arrival window + >= 250-step no-arrival drain adaptively extended to cohort maturity (cap 500),1853986158,1,258.87767640000675,balanced_agentic,200,0.0,0.9563028303667491,0.9442435942435942,1.0,1.0,0.043697169633250814,0.05575640575640577,0.05893273102062648,8.739433926650163,0.043697169633250814,0.0395564468912143,0.014181076068377912,0.0006400995824642435,0.005527948393468933,0.006634479126229118,0.1597316078254235,0.18581892393162205,0.1948235862192595,0.863092436023868,0.920015529143672,,0.9993599004175358,0.0,0.0,0.0,0.6920943606364384,0.7979814902629321,0.30769099588505516,0.0803882791011849,0.00021464347850653137,3.317434214353022,58.515,12.35,58.595,250.0,250.0,250.0,0.0,0.0,550.0,298.0,298.0,1.0,0.0,,92.89020909031323,112.02729955730447,117.9043339738424,115.93802994416967,3.317434214353022,3.053177479977446,3.02464795255338,0.05072517360495736,32778000.494667992,31635894.92646968,0.030508164760034356,3.8608818794444093,0.6856004765262179,0.6333834319067976,0.0,0.18430190079739014,0.199432858560219,86.79869847434931,0.16895192226689956,,,,,,,,,,,,,,,,,,,,,,,,,,,,,,,,,,,,,,,,,,,,,,,,,,,,,,,,,,,,,,,,,
balanced_agentic,congestion_burst,PPO-Lagrangian,PPO-Lagrangian,15,1481178426,1997781942,1596015111,c54dc7a9b9a68be549b7,stochastic,150,300,250,1,500,1,800,1,150-step training / 300-step arrival window + >= 250-step no-arrival drain adaptively extended to cohort maturity (cap 500),1853986158,1,254.7300168000511,balanced_agentic,200,0.0,0.9557353158394457,0.9372099104762489,1.0,1.0,0.04426468416055405,0.06279008952375098,0.06746332595433713,8.85293683211081,0.04426468416055405,0.05644129080327126,0.04315840124312442,0.0016744749471752601,0.006045472211426344,0.010207057328805731,0.10417692500033277,0.1568415987568756,0.16668461982988297,0.8527550549636524,0.9093476094280437,,0.9866374032693571,0.011688121783467622,0.0,0.011688121783467622,0.5509893172428432,0.8013471109452207,0.44877872685284004,0.06120861292983383,0.00023195590431672006,2.5611380206110756,81.615,9.635,81.885,250.0,250.0,250.0,0.0,0.0,550.0,298.0,298.0,1.0,0.0,,136.9261913508512,163.3894252974363,170.7143455402465,169.6272464406,2.5611380206110756,2.2424426263065675,2.210449995491768,0.08082060865444832,35361002.21715419,33103494.761950687,0.028286469335991667,5.163325105508596,0.678076279333429,0.6199124475262806,0.0,0.14228544558950418,0.16181473438271424,35.81125316543967,0.8553321000177689,,,,,,,,,,,,,,,,,,,,,,,,,,,,,,,,,,,,,,,,,,,,,,,,,,,,,,,,,,,,,,,,,
balanced_agentic,congestion_burst,PPO_CMDP,PPO_CMDP,15,1481178426,1997781942,1596015111,fc83225982e20e56ecdd,stochastic,150,300,250,1,500,1,800,1,150-step training / 300-step arrival window + >= 250-step no-arrival drain adaptively extended to cohort maturity (cap 500),1853986158,1,273.55554740002844,balanced_agentic,200,0.0,0.9545676359208141,0.9432270594237997,1.0,1.0,0.045432364079185925,0.05677294057620031,0.05858244528443692,9.086472815837185,0.045432364079185925,0.05101506648614592,0.028645383174877567,0.0005849900438112674,0.005320571168506086,0.006606937313553207,0.14368706437971604,0.17135461682512243,0.17520719217364683,0.8695560858398744,0.9187077957285645,,0.9994150099561887,0.0,0.0,0.0,0.639507689382418,0.8081233461551269,0.36017160105275553,0.07219580382628504,0.000320709564826425,3.0203555938860744,67.395,11.49,67.445,250.0,250.0,250.0,0.0,0.0,550.0,298.0,298.0,1.0,0.0,,109.08180462791461,129.65984472352022,135.76260761353936,134.26121032014973,3.0203555938860744,2.6878548098166086,2.6489079959462454,0.06509415204494619,34392466.43316681,32928670.70521271,0.029079561082408736,4.267048732284584,0.6788223449271635,0.6335966265808827,0.0,0.1677975329936708,0.18572406255059662,77.71491747001592,0.19162157418892187,,,,,,,,,,,,,,,,,,,,,,,,,,,,,,,,,,,,,,,,,,,,,,,,,,,,,,,,,,,,,,,,,
balanced_agentic,congestion_burst,Intent-PPO-CMDP-NoRisk,Intent-PPO-CMDP-NoRisk,15,1481178426,1997781942,1596015111,8c806f3e428ad93e5ba2,stochastic,150,300,250,1,500,1,800,1,150-step training / 300-step arrival window + >= 250-step no-arrival drain adaptively extended to cohort maturity (cap 500),1853986158,1,275.68097020004643,balanced_agentic,200,0.0,0.9490967136916093,0.9294829914341726,1.0,1.0,0.050903286308390625,0.07051700856582736,0.07502245077324927,10.180657261678125,0.050903286308390625,0.05143321998844561,0.023594463470319637,0.0008942899254400749,0.005663089626583755,0.009924696442133507,0.1289890114276038,0.17640553652968036,0.18657033448650745,0.8614944199115854,0.9175803543839465,,0.9587342260971888,0.04037148397737113,0.0,0.04037148397737113,0.5149123024578143,0.8084431873724083,0.4850876975421858,0.06174786673274466,0.0,2.4059565782097176,83.295,9.975,83.46,250.0,250.0,250.0,0.0,0.0,550.0,298.0,298.0,1.0,0.0,,147.95863540495483,166.81025584814174,173.08848971680135,171.42247167425938,2.4059565782097176,2.1373624577044192,2.1259263328141023,0.07227409631760061,34749948.715355866,32336615.167926136,0.028777621903496198,5.556244014805821,0.6752110530884865,0.624754520802313,0.0,0.1336642543449843,0.15017976210513082,5.355453315214414,6.277338828156472,,,,,,,,,,,,,,,,,,,,,,,,,,,,,,,,,,,,,,,,,,,,,,,,,,,,,,,,,,,,,,,,,
balanced_agentic,congestion_burst,Intent-PPO-CMDP,Intent-PPO-CMDP,15,1481178426,1997781942,1596015111,618554fca77aa7604c32,stochastic,150,300,250,1,500,1,800,1,150-step training / 300-step arrival window + >= 250-step no-arrival drain adaptively extended to cohort maturity (cap 500),1853986158,1,332.33217309997417,balanced_agentic,200,0.0,0.9578884919923186,0.9432715464234475,1.0,1.0,0.04211150800768137,0.056728453576552575,0.06031821776563118,8.422301601536274,0.04211150800768137,0.05574072297784028,0.04621299405838287,0.003383132652787085,0.011176322892473792,0.014973860998967687,0.10410742843219917,0.14630252100840335,0.15710562410301834,0.850406025737827,0.9045284827537692,,0.9936573598947861,0.002959507452426906,0.0,0.002959507452426906,0.5663127250527177,0.7970312008149676,0.4303536472449903,0.06342371150482301,0.0033336277022920353,2.637842495010308,79.775,9.95,79.785,250.0,250.0,250.0,0.0,0.0,550.0,298.0,298.0,1.0,0.0,,130.50619508284078,154.71644383576503,161.1062518853695,159.03772851547188,2.637842495010308,2.3109707519537497,2.293511566687191,0.0760669765303171,35494783.886569895,33717832.13671011,0.028179159406441116,4.920059589342777,0.6786840861249714,0.6256756086860623,0.0,0.1465468052783504,0.16530031215934307,49.79813378213192,0.5547445887504306,,,,,,,,,,,,,,,,,,,,,,,,,,,,,,,,,,,,,,,,,,,,,,,,,,,,,,,,,,,,,,,,,
balanced_agentic,congestion_burst,Intent-PPO-CMDP-FullPolicy-NoShield,Intent-PPO-CMDP,15,1481178426,1997781942,1596015111,618554fca77aa7604c32,stochastic,150,300,250,1,500,1,800,1,150-step training / 300-step arrival window + >= 250-step no-arrival drain adaptively extended to cohort maturity (cap 500),1853986158,1,332.33217309997417,balanced_agentic,200,0.0,0.9220580815631447,0.844015731292517,0.735,1.0,0.07800702260352199,0.15598426870748297,0.17122094122628814,15.6014045207044,0.07800702260352199,-0.009870997835461798,-0.04223426758328927,0.0698709978354618,0.10223426758328924,0.11062196082033146,0.10371028668975586,0.14558226154641368,0.15827396628277282,0.8530752026617512,0.9096200593755419,,0.9296927110206596,0.0004362911438787203,0.0,0.0004362911438787203,0.5505757025443021,0.8037517507142976,0.4093277575899779,0.05947850701147511,0.040096539865720066,2.5974378343292988,71.04,9.215,76.625,250.0,250.0,250.0,0.0,0.0,550.0,298.0,298.0,1.0,0.0,,124.73102461942476,145.78147982635338,156.28108077123503,153.03416749808596,2.5974378343292988,2.2681736039742524,2.27113422186007,0.0711071182246466,35397108.44477843,33505772.165171456,0.028258354856168035,4.476751849950421,0.6812000149122608,0.6323790939324212,0.0,0.14430210190718326,0.1615370358970311,40.81674139467757,0.637760520653818,,,,,,,,,,,,,,,,,,,,,,,,,,,,,,,,,,,,,,,,,,,,,,,,,,,,,,,,,,,,,,,,,
balanced_agentic,mixed_stress,MaxWeight,MaxWeight,11,471540437,1073362871,1422107241,,stochastic,150,300,250,1,500,1,800,1,150-step training / 300-step arrival window + >= 250-step no-arrival drain adaptively extended to cohort maturity (cap 500),982698968,0,2.3799948394298553e-05,balanced_agentic,200,0.0,0.8755022612846105,0.852080816087334,0.005,1.0,0.12449773871538941,0.14791918391266587,0.153510092363847,24.899547743077882,0.12449773871538941,0.05644538294400842,0.040762171482797344,0.0,0.0,0.0,0.13407426807729064,0.15923782851720264,0.1678171288063172,0.9790107253870483,0.992449308272228,,0.5982800421561066,0.40171995784389336,0.0,0.40171995784389336,0.3068235971262879,0.9020395316323777,0.6931764028737122,0.07697119375467051,0.0,1.7778245039150717,62.16,16.495,62.16,250.0,250.03,252.0,0.03,2.0,550.03,252.0,252.0,1.0,0.0,,176.1885346472982,187.43703106433543,195.091147664965,192.16995156096917,1.7778245039150717,1.6094972681642816,1.6050164525673793,0.05768391581570113,19110588.329616223,18257956.807823945,0.05233301259708505,9.332434382295634,0.5110313222749189,0.46606911587703836,0.004985439177792227,0.09876802799528177,0.1090986856563403,-104.10854176945413,0.15771470066923074,,,,,,,,,,,,,,,,,,,,,,,,,,,,,,,,,,,,,,,,,,,,,,,,,,,,,,,,,,,,,,,,,
balanced_agentic,mixed_stress,PPO,PPO,11,471540437,1073362871,1897045420,b9c1e1a3273f0ff06c77,stochastic,150,300,250,1,500,1,800,1,150-step training / 300-step arrival window + >= 250-step no-arrival drain adaptively extended to cohort maturity (cap 500),982698968,1,259.96485530002974,balanced_agentic,200,0.0,0.9356590068677565,0.9251152557730791,1.0,1.0,0.06434099313224344,0.07488474422692079,0.08114427583306913,12.868198626448688,0.06434099313224344,0.02461569223613723,0.003545260425389398,4.842925827381786e-05,0.0,4.842925827381786e-05,0.17532275812628575,0.1964547395746106,0.2050591179504583,0.9243219660966168,0.963204976425837,,0.9693969629390591,0.030554607802667055,0.0,0.030554607802667055,0.4603615198155815,0.8731139019725052,0.5396384801844184,0.06015964165851349,0.0,2.4828598703099263,108.605,10.945,108.615,250.0,250.0,250.0,0.0,0.0,550.0,252.0,252.0,1.0,0.0,,169.68673442136296,187.15063559322033,191.49352812304392,190.23955292575417,2.4828598703099263,2.2111995420626727,2.203606240182066,0.05931620647935841,33008406.97005239,32140015.942574535,0.030292437435359754,7.704911923986339,0.6496226334947147,0.603823645401205,0.0,0.13793665946166256,0.15068106013838165,35.467444738391116,0.48427612053979074,,,,,,,,,,,,,,,,,,,,,,,,,,,,,,,,,,,,,,,,,,,,,,,,,,,,,,,,,,,,,,,,,
balanced_agentic,mixed_stress,PPO-Lagrangian,PPO-Lagrangian,11,471540437,1073362871,1897045420,97597eec01eed730a745,stochastic,150,300,250,1,500,1,800,1,150-step training / 300-step arrival window + >= 250-step no-arrival drain adaptively extended to cohort maturity (cap 500),982698968,1,273.0232358999783,balanced_agentic,200,0.0,0.9072798895967634,0.8915565585946963,0.79,1.0,0.09272011040323658,0.10844344140530372,0.11306509466180392,18.544022080647316,0.09272011040323658,0.05606951634479888,0.03567968729709374,2.336448598130841e-05,0.0,2.336448598130841e-05,0.12164871609673346,0.16432031270290626,0.17629936120683243,0.926523320016762,0.9652988949639418,,0.7199295339785128,0.2800471015355059,0.0,0.2800471015355059,0.3657319167629612,0.8788297974819542,0.6342447187510575,0.05519101328259229,2.336448598130841e-05,1.9619475259319938,75.405,10.205,75.405,250.0,250.0,250.0,0.0,0.0,550.0,252.0,252.0,1.0,0.0,,183.02116396686418,198.2019751082251,204.08462649313603,201.78990859593515,1.9619475259319938,1.761374208569269,1.7519850392905663,0.06263281989820639,34240609.64619262,32613181.146697897,0.0291944365596061,6.064629354614635,0.6359492049220496,0.5808262553059859,0.0,0.10899708477399964,0.12038011855482011,-28.76429734884367,0.7373564352096823,,,,,,,,,,,,,,,,,,,,,,,,,,,,,,,,,,,,,,,,,,,,,,,,,,,,,,,,,,,,,,,,,
balanced_agentic,mixed_stress,PPO_CMDP,PPO_CMDP,11,471540437,1073362871,1897045420,3e02143445d692cb208a,stochastic,150,300,250,1,500,1,800,1,150-step training / 300-step arrival window + >= 250-step no-arrival drain adaptively extended to cohort maturity (cap 500),982698968,1,273.6423236000119,balanced_agentic,200,0.0,0.8992489791348387,0.876134935944016,0.485,1.0,0.10075102086516115,0.12386506405598394,0.1305323313145374,20.15020417303223,0.10075102086516115,-0.04511401921949277,-0.06970272937271522,0.00039646080751952863,0.004609361665813278,0.005690169705173018,0.2451140192194928,0.2697027293727152,0.27485988643255543,0.9246474091821258,0.9607395634888977,,0.9989072297034336,0.0006963094890469426,0.0,0.0006963094890469426,0.5221065735557111,0.8707973496395297,0.47775009125802453,0.06490923910927103,0.00014333518626440784,2.81148813482974,101.5,11.455,101.555,250.0,250.005,251.0,0.005,1.0,550.005,252.0,252.0,1.0,0.0,,145.1637587793743,167.43816391567248,177.24297306069457,173.65971369403724,2.81148813482974,2.5907388817216424,2.5781180751576427,0.05140977873648518,30182946.36760603,29328000.790852204,0.03313002606368279,7.329467647574643,0.6432461342876635,0.6038412059137727,0.0,0.15619378526831892,0.1696094172066798,40.59865840194962,0.5262066523925414,,,,,,,,,,,,,,,,,,,,,,,,,,,,,,,,,,,,,,,,,,,,,,,,,,,,,,,,,,,,,,,,,
balanced_agentic,mixed_stress,Intent-PPO-CMDP-NoRisk,Intent-PPO-CMDP-NoRisk,11,471540437,1073362871,1897045420,7d2ee40999bb1a6afe16,stochastic,150,300,250,1,500,1,800,1,150-step training / 300-step arrival window + >= 250-step no-arrival drain adaptively extended to cohort maturity (cap 500),982698968,1,275.69379829999525,balanced_agentic,200,0.0,0.9105984895595899,0.8956538921259931,0.875,1.0,0.0894015104404102,0.1043461078740069,0.10674860374955457,17.88030208808204,0.0894015104404102,0.05602132889905745,0.030326740911418335,7.20714722545445e-05,0.0,7.20714722545445e-05,0.11650883704006809,0.16967325908858166,0.17729409649545486,0.9221504931526259,0.9607882924809775,,0.7368467457059862,0.2630811828217593,0.0,0.2630811828217593,0.37574349304895,0.877569824117693,0.6242087073234557,0.05144062271373894,4.779962759435034e-05,1.997751595898004,76.705,9.51,76.71,250.0,250.0,250.0,0.0,0.0,550.0,252.0,252.0,1.0,0.0,,181.01957853624018,194.06019574147035,207.5940053082891,201.56134142542172,1.997751595898004,1.7686608012062373,1.7583232544587069,0.07090706174768309,34394742.54259644,32742212.995669987,0.029053239737780744,6.080939225091631,0.6378023768359316,0.5803000102690751,0.0,0.11098619977211133,0.12447090270978955,-21.40643655400328,1.0563970334109585,,,,,,,,,,,,,,,,,,,,,,,,,,,,,,,,,,,,,,,,,,,,,,,,,,,,,,,,,,,,,,,,,
balanced_agentic,mixed_stress,Intent-PPO-CMDP,Intent-PPO-CMDP,11,471540437,1073362871,1897045420,b12c9f3440d9c22ff923,stochastic,150,300,250,1,500,1,800,1,150-step training / 300-step arrival window + >= 250-step no-arrival drain adaptively extended to cohort maturity (cap 500),982698968,1,319.3185737999738,balanced_agentic,200,0.0,0.9178742005116498,0.9046240410627567,0.98,1.0,0.08212579948834994,0.0953759589372432,0.09925090185510096,16.42515989766999,0.08212579948834994,0.041144995445034915,0.026009044892540037,0.018042970133785703,0.03302669230081373,0.03696291007477219,0.1149655318233164,0.1536123076923077,0.16698778405636266,0.9235271751030177,0.9689104755903782,,0.8129077732770881,0.1690492565891263,0.0,0.1690492565891263,0.39908181916080415,0.8838793318627299,0.5831042629912822,0.04642264559338118,0.017813917847913682,2.125605734752162,87.28,8.43,87.33,250.0,250.0,250.0,0.0,0.0,550.0,252.0,252.0,1.0,0.0,,177.66667486407286,191.51815573770492,198.41197545562778,196.90907609916945,2.125605734752162,1.919698449282081,1.8926411968216201,0.0629989823547918,34461987.89621695,32850962.258125797,0.029012327339402424,6.54762941331563,0.6445811793720566,0.5940543721723958,0.0,0.11808920748623124,0.13016065974198945,9.792017787802049,1.9458573072869523,,,,,,,,,,,,,,,,,,,,,,,,,,,,,,,,,,,,,,,,,,,,,,,,,,,,,,,,,,,,,,,,,
balanced_agentic,mixed_stress,Intent-PPO-CMDP-FullPolicy-NoShield,Intent-PPO-CMDP,11,471540437,1073362871,1897045420,b12c9f3440d9c22ff923,stochastic,150,300,250,1,500,1,800,1,150-step training / 300-step arrival window + >= 250-step no-arrival drain adaptively extended to cohort maturity (cap 500),982698968,1,319.3185737999738,balanced_agentic,200,0.0,0.7430993627047203,0.7198167985001683,0.0,1.0,0.6210906452403196,0.8086418099891896,0.8835213554628745,124.21812904806393,0.6210906452403196,-0.19984896305089542,-0.2662437590288162,0.25984896305089544,0.3262437590288162,0.35491602714992027,0.14109788318514913,0.1845089282702699,0.19455580437280545,0.9250312522476524,0.962286857049247,,0.6630529489282793,0.0770980880208254,0.0,0.0770980880208254,0.33445500278354695,0.8894859997152476,0.5272201045250113,0.04171862628670176,0.13832489269144177,1.849134519366479,69.905,7.585,95.72,250.0,250.0,250.0,0.0,0.0,550.0,252.0,252.0,1.0,0.0,,164.74827975522896,181.95506491915725,188.08861480075902,186.72545442594082,1.849134519366479,1.6141375862577119,1.6066928038586368,0.08263471836774146,33089704.63399214,31477675.220447555,0.03020391826074763,5.344596695223467,0.6018644906649834,0.5465835992067116,0.0,0.10272969552035996,0.11721097732678018,-40.21300995410427,0.600946846443392,,,,,,,,,,,,,,,,,,,,,,,,,,,,,,,,,,,,,,,,,,,,,,,,,,,,,,,,,,,,,,,,,
balanced_agentic,mixed_stress,MaxWeight,MaxWeight,12,1729653623,2128646545,1775211512,,stochastic,150,300,250,1,500,1,800,1,150-step training / 300-step arrival window + >= 250-step no-arrival drain adaptively extended to cohort maturity (cap 500),270404651,0,1.209997572004795e-05,balanced_agentic,200,0.0,0.8914713786271892,0.8766518166090463,0.14,1.0,0.10852862137281064,0.12334818339095355,0.13135520496953937,21.705724274562126,0.10852862137281064,0.058697570954790716,0.05169848466770077,0.0,0.0,0.0,0.12244376603672741,0.14830151533229924,0.1594376857448613,0.9759884507497242,0.9942810718546408,,0.6414741116182583,0.3585258883817417,0.0,0.3585258883817417,0.3184518630240049,0.8943160559416813,0.681548136975995,0.0816723948080427,0.0,1.9415062892105777,67.4,17.1,67.4,250.0,251.83,278.0,1.83,28.0,551.83,278.0,278.0,1.0,0.0,,177.99861235646014,192.62683823529412,197.4450733568075,195.65146909896868,1.9415062892105777,1.7598324641822034,1.7478331720489213,0.05853408651605439,15951101.150235755,15141147.022067484,0.0626921076241725,12.679660245292771,0.5327228334949445,0.49488762978597417,0.0008579430498335033,0.10786146051169876,0.11808835372804989,-72.20993036033,0.260101128649818,,,,,,,,,,,,,,,,,,,,,,,,,,,,,,,,,,,,,,,,,,,,,,,,,,,,,,,,,,,,,,,,,
balanced_agentic,mixed_stress,PPO,PPO,12,1729653623,2128646545,1621075116,2fb07c1ee95b181950c4,stochastic,150,300,250,1,500,1,800,1,150-step training / 300-step arrival window + >= 250-step no-arrival drain adaptively extended to cohort maturity (cap 500),270404651,1,284.739809300052,balanced_agentic,200,0.0,0.936190148800878,0.9216627408799358,1.0,1.0,0.06380985119912207,0.07833725912006419,0.08047557032494937,12.761970239824414,0.06380985119912207,0.05571926342597983,0.03450979127012293,0.0005151677795978658,0.004928559174570497,0.006085841037167265,0.12734471049520024,0.16549020872987708,0.17331199566700986,0.9067590832184532,0.9477819965660578,,0.8517631728105483,0.14772165940985402,0.0,0.14772165940985402,0.428053038776636,0.8657293860507949,0.5715542113454486,0.05173569959446239,0.00039274987791546083,2.3726403838428656,88.195,8.575,88.22,250.0,250.0,250.0,0.0,0.0,550.0,278.0,278.0,1.0,0.0,,170.80612017609448,185.09719336613816,190.42150387457195,189.1635704650514,2.3726403838428656,2.114075608567286,2.098105888468054,0.06281509155266855,28853701.5280199,27551063.412872873,0.03465222985647769,8.183732852151849,0.6491038404518733,0.6014719034107314,0.0,0.13181335465793698,0.14526370953845794,29.865720308460222,0.649184600675528,,,,,,,,,,,,,,,,,,,,,,,,,,,,,,,,,,,,,,,,,,,,,,,,,,,,,,,,,,,,,,,,,
balanced_agentic,mixed_stress,PPO-Lagrangian,PPO-Lagrangian,12,1729653623,2128646545,1621075116,5ff4062933b4dfa3978e,stochastic,150,300,250,1,500,1,800,1,150-step training / 300-step arrival window + >= 250-step no-arrival drain adaptively extended to cohort maturity (cap 500),270404651,1,266.70855040004244,balanced_agentic,200,0.0,0.9145387843223645,0.9011310007899379,0.97,1.0,0.08546121567763533,0.09886899921006205,0.10271850036505167,17.092243135527067,0.08546121567763533,0.059113277664665856,0.05504950495049505,0.0008867223353341536,0.0049504950495049506,0.006468484885447124,0.0814754416289069,0.10937889329729936,0.11746791903298962,0.9271939250949726,0.9601850830976952,,0.7691941102458828,0.229919167418783,0.0,0.229919167418783,0.36763079387414194,0.8778971698275939,0.6319712241426577,0.058035061692721476,0.0003979819832003996,2.085630646423181,84.46,10.445,84.56,250.0,250.08,265.0,0.08,15.0,550.08,278.0,278.0,1.0,0.0,,191.4154542071039,205.24197115384615,211.58576381277146,209.54529669892548,2.085630646423181,1.8489476211726417,1.853167989823928,0.06864858857146941,27916453.272029143,26460678.037022214,0.0358456042364592,8.797052692213384,0.6566936874153063,0.6091318942163918,0.0,0.11586836924573227,0.12886456810724425,3.6997819774847382,5.0230778465135035,,,,,,,,,,,,,,,,,,,,,,,,,,,,,,,,,,,,,,,,,,,,,,,,,,,,,,,,,,,,,,,,,
balanced_agentic,mixed_stress,PPO_CMDP,PPO_CMDP,12,1729653623,2128646545,1621075116,c2c338dd9800f45e9834,stochastic,150,300,250,1,500,1,800,1,150-step training / 300-step arrival window + >= 250-step no-arrival drain adaptively extended to cohort maturity (cap 500),270404651,1,270.83158040000126,balanced_agentic,200,0.0,0.8997990331792866,0.8783032283840227,0.47,1.0,0.10020096682071326,0.12169677161597726,0.1280804804007763,20.040193364142652,0.10020096682071326,-0.04500857556190551,-0.06679609024536504,5.053727762321652e-05,0.0,5.053727762321652e-05,0.24500857556190553,0.26679609024536505,0.27130428938652085,0.9231173456001048,0.9567554315328135,,0.9991202307385325,0.0008292319838442087,0.0,0.0008292319838442087,0.517982704789248,0.8700001707897578,0.482017295210752,0.06480916237734623,0.0,2.955504501307202,101.64,11.225,101.65,250.0,250.0,250.0,0.0,0.0,550.0,278.0,278.0,1.0,0.0,,146.36323439173992,170.44973203652242,180.86189741326032,176.61803234510785,2.955504501307202,2.725555789373397,2.7100643280602927,0.04876789974123662,24763524.61042982,23924973.37735708,0.04038626040224173,9.548702972914173,0.6399812798014183,0.5990776349020589,0.0,0.16419469451706675,0.17738175021482763,50.59511620436182,0.4440437422820546,,,,,,,,,,,,,,,,,,,,,,,,,,,,,,,,,,,,,,,,,,,,,,,,,,,,,,,,,,,,,,,,,
balanced_agentic,mixed_stress,Intent-PPO-CMDP-NoRisk,Intent-PPO-CMDP-NoRisk,12,1729653623,2128646545,1621075116,53b75815fc19ab3c700d,stochastic,150,300,250,1,500,1,800,1,150-step training / 300-step arrival window + >= 250-step no-arrival drain adaptively extended to cohort maturity (cap 500),270404651,1,267.30905749998055,balanced_agentic,200,0.0,0.9341537394616927,0.9204917418146596,1.0,1.0,0.06584626053830724,0.07950825818534034,0.0816632227703745,13.169252107661446,0.06584626053830724,0.048889035696573185,0.023651685393258445,9.219478939609702e-05,0.0,9.219478939609702e-05,0.14733354697552517,0.17634831460674155,0.18339992055906193,0.912708541871485,0.956217261084196,,0.8775238309420571,0.12238397426854672,0.0,0.12238397426854672,0.42205585124912437,0.8708431829279485,0.5778734131889474,0.05215964159546388,7.073556192828585e-05,2.3645971669838852,95.72,8.825,95.725,250.0,250.12,274.0,0.12,24.0,550.12,278.0,278.0,1.0,0.0,,177.54468910566698,191.813419137912,199.36472727272727,196.58206336439991,2.3645971669838852,2.129643928783047,2.115108410705345,0.06114161174317061,28370650.563501667,27308645.728690594,0.035252503506411174,9.003934861137646,0.6591889978783405,0.6097012758090168,0.0,0.1313665092768825,0.1447844315165222,28.0858977784954,0.5530243496349802,,,,,,,,,,,,,,,,,,,,,,,,,,,,,,,,,,,,,,,,,,,,,,,,,,,,,,,,,,,,,,,,,
balanced_agentic,mixed_stress,Intent-PPO-CMDP,Intent-PPO-CMDP,12,1729653623,2128646545,1621075116,fc604e43c5d11a5118bd,stochastic,150,300,250,1,500,1,800,1,150-step training / 300-step arrival window + >= 250-step no-arrival drain adaptively extended to cohort maturity (cap 500),270404651,1,320.63457950000884,balanced_agentic,200,0.0,0.8651010022000076,0.8435491246917225,0.01,1.0,0.13489899779999223,0.15645087530827742,0.16200418806458794,26.979799559998444,0.13489899779999223,-0.0836686851485144,-0.10463059217203559,0.0088248101345355,0.02134912959381042,0.024742707106531307,0.2836686851485144,0.3046305921720356,0.31061686540309774,0.9229842103509956,0.9588446502093652,,0.9879380368573556,0.0032371530081088673,0.0,0.0032371530081088673,0.531590924700483,0.8669263530430316,0.460591803198062,0.06522765559635779,0.007817272101455006,3.0497927119167034,96.02,11.78,96.235,250.0,250.0,250.0,0.0,0.0,550.0,278.0,278.0,1.0,0.0,,137.71214456581365,162.74867984594493,167.25528324460126,166.68371804337428,3.0497927119167034,2.8094560541688334,2.7912593569039705,0.04494266955854997,22276598.41238128,21525123.651272964,0.04488474005616385,9.903360370778575,0.6301162999233747,0.5774574879174424,0.0,0.16943292843981692,0.18123659447360407,15.193937822348184,1.433229658574704,,,,,,,,,,,,,,,,,,,,,,,,,,,,,,,,,,,,,,,,,,,,,,,,,,,,,,,,,,,,,,,,,
balanced_agentic,mixed_stress,Intent-PPO-CMDP-FullPolicy-NoShield,Intent-PPO-CMDP,12,1729653623,2128646545,1621075116,fc604e43c5d11a5118bd,stochastic,150,300,250,1,500,1,800,1,150-step training / 300-step arrival window + >= 250-step no-arrival drain adaptively extended to cohort maturity (cap 500),270404651,1,320.63457950000884,balanced_agentic,200,0.0,0.7494085271286629,0.6894607530922864,0.0,1.0,0.2612533985368394,0.3700458190340339,0.3883658015983397,52.25067970736787,0.2612533985368394,-0.0894529007211521,-0.10787951017866965,0.10657034086361142,0.14669275828106365,0.1548716646312875,0.28906370420451827,0.30787951017866966,0.31512992354872915,0.9238180342346025,0.9646612952787429,,0.8927261689153795,0.0007034902210090565,0.0,0.0007034902210090565,0.5002779842600884,0.8706484098287746,0.4315464848495236,0.06385359359962349,0.06817553089038801,2.9168550386765744,82.945,11.225,91.045,250.0,250.0,250.0,0.0,0.0,550.0,278.0,278.0,1.0,0.0,,128.52238883671396,151.35705128205126,163.1859393200596,158.96876625519457,2.9168550386765744,2.6973818552586777,2.6766895669215316,0.04793417625854528,22117206.309399705,21267098.683357883,0.04520239402362529,8.570763446849266,0.6189145589958944,0.5685745564970898,0.0,0.16204750214869856,0.1743396251053679,10.00391066991021,2.133369271320892,,,,,,,,,,,,,,,,,,,,,,,,,,,,,,,,,,,,,,,,,,,,,,,,,,,,,,,,,,,,,,,,,
balanced_agentic,mixed_stress,MaxWeight,MaxWeight,13,1025721121,372372750,51736825,,stochastic,150,300,250,1,500,1,800,1,150-step training / 300-step arrival window + >= 250-step no-arrival drain adaptively extended to cohort maturity (cap 500),630784621,0,1.0600080713629723e-05,balanced_agentic,200,0.0,0.8959924544188211,0.8822378774841787,0.275,1.0,0.10400754558117871,0.11776212251582117,0.12240481038813811,20.801509116235742,0.10400754558117871,0.05701132506136032,0.04288342280636802,0.0,0.0,0.0,0.12967369501917334,0.15711657719363198,0.1657704949050555,0.9708956510718316,0.9891465226847072,,0.684599228880108,0.3154007711198919,0.0,0.3154007711198919,0.33676145836939514,0.8841923296391784,0.6632385416306047,0.08670332143265327,0.0,1.9781280462873472,71.555,17.885,71.555,250.0,261.3,325.0,11.3,75.0,561.3,326.0,326.0,1.0,0.0,,174.5288845284382,193.34772727272727,201.54955279503105,199.16372474307292,1.9781280462873472,1.7864577231326562,1.7780973391812132,0.062304274570293895,17891412.524756897,17124545.767224558,0.05589548978827463,11.417733138622639,0.5289272050595746,0.49053553641008885,0.0011982770123954308,0.10989600257151927,0.12113947330377062,-84.60518872113367,0.3605398129040193,,,,,,,,,,,,,,,,,,,,,,,,,,,,,,,,,,,,,,,,,,,,,,,,,,,,,,,,,,,,,,,,,
balanced_agentic,mixed_stress,PPO,PPO,13,1025721121,372372750,535536204,3cabdc2e2c3a75659a16,stochastic,150,300,250,1,500,1,800,1,150-step training / 300-step arrival window + >= 250-step no-arrival drain adaptively extended to cohort maturity (cap 500),630784621,1,262.1022107999888,balanced_agentic,200,0.0,0.8336888280169519,0.8124895670817416,0.0,1.0,0.166311171983048,0.1875104329182583,0.19345905786537165,33.2622343966096,0.166311171983048,-0.12502566180036823,-0.1441768429705716,0.0004699206905161387,0.0048543689320388345,0.0056011448862732585,0.32502566180036824,0.34417684297057155,0.35304912974889724,0.9014059935051216,0.9453655973870662,,0.9962447762110006,0.00328530309848323,0.0,0.00328530309848323,0.5318951901091701,0.8636314986656081,0.46800845332614566,0.04941051690600144,9.635656468428826e-05,2.7777056603115136,95.805,7.775,95.88,250.0,250.0,250.0,0.0,0.0,550.0,326.0,326.0,1.0,0.0,,139.29438529246892,164.0305780334858,171.44508154253754,169.40139010695418,2.7777056603115136,2.596076902064003,2.569644188017649,0.04635851135827746,23073639.865257345,22276421.257061154,0.04333156602742784,9.284773310582201,0.6365051960202848,0.590173842793046,0.0,0.1543169811284174,0.16763663149398966,-32.6282711890016,0.7883623885097337,,,,,,,,,,,,,,,,,,,,,,,,,,,,,,,,,,,,,,,,,,,,,,,,,,,,,,,,,,,,,,,,,
balanced_agentic,mixed_stress,PPO-Lagrangian,PPO-Lagrangian,13,1025721121,372372750,535536204,454f28c68eb87e33907f,stochastic,150,300,250,1,500,1,800,1,150-step training / 300-step arrival window + >= 250-step no-arrival drain adaptively extended to cohort maturity (cap 500),630784621,1,254.03850810002768,balanced_agentic,200,0.0,0.9350159697941061,0.917442806581071,1.0,1.0,0.06498403020589398,0.08255719341892905,0.08860606534462005,12.996806041178797,0.06498403020589398,0.0034335164318312576,-0.0251345935138308,0.00014733628479678124,0.0,0.00014733628479678124,0.19656648356816875,0.2251345935138308,0.22953822996294418,0.9255557991553998,0.9633014416663441,,0.97940322076981,0.020449442945393127,0.0,0.020449442945393127,0.497948115798658,0.8737556056098051,0.5019577094827018,0.06320427926288526,9.417471864016559e-05,2.713944808042519,99.14,10.695,99.15,250.0,250.0,250.0,0.0,0.0,550.0,326.0,326.0,1.0,0.0,,155.7463969783247,176.19518668615467,180.3814286648929,178.96573433463718,2.713944808042519,2.458763787878659,2.4401785412507815,0.059249945873623165,28560867.00890127,27603914.60348019,0.03500490767649133,8.28639068221325,0.6405602335185889,0.6013380319817826,0.0,0.1507747115579177,0.16467384881728495,38.49067438490561,0.5029941721994665,,,,,,,,,,,,,,,,,,,,,,,,,,,,,,,,,,,,,,,,,,,,,,,,,,,,,,,,,,,,,,,,,
balanced_agentic,mixed_stress,PPO_CMDP,PPO_CMDP,13,1025721121,372372750,535536204,a070e26e29e031606ad8,stochastic,150,300,250,1,500,1,800,1,150-step training / 300-step arrival window + >= 250-step no-arrival drain adaptively extended to cohort maturity (cap 500),630784621,1,277.9400926999515,balanced_agentic,200,0.0,0.943757100398461,0.9349469969334884,1.0,1.0,0.05624289960153896,0.06505300306651159,0.06671689408722556,11.248579920307792,0.05624289960153896,0.03415853294226255,0.00735271329841636,0.00026521492110754446,0.004135709364467528,0.004892775788406034,0.1655714824585484,0.19264728670158363,0.20161858100012942,0.9068077883826285,0.9468598686068728,,0.943356363913814,0.056378421165078414,0.0,0.056378421165078414,0.4890026468754945,0.8601458221828596,0.5108033246368442,0.0574956583964153,0.00019402848766135564,2.660819475188936,94.205,9.68,94.22,250.0,250.0,250.0,0.0,0.0,550.0,326.0,326.0,1.0,0.0,,155.23751190190552,172.1857500911411,178.58800269555752,176.41619195941325,2.660819475188936,2.4102268058550886,2.3902835571082144,0.05697498971479262,31249407.3527612,30125810.441665,0.03200006851491606,7.361516194329626,0.646371248698992,0.6078529019270743,0.0,0.1478233041771631,0.1611112064123449,47.24767488298614,0.32351182287503133,,,,,,,,,,,,,,,,,,,,,,,,,,,,,,,,,,,,,,,,,,,,,,,,,,,,,,,,,,,,,,,,,
balanced_agentic,mixed_stress,Intent-PPO-CMDP-NoRisk,Intent-PPO-CMDP-NoRisk,13,1025721121,372372750,535536204,4606dec7f3efe1c94a9c,stochastic,150,300,250,1,500,1,800,1,150-step training / 300-step arrival window + >= 250-step no-arrival drain adaptively extended to cohort maturity (cap 500),630784621,1,283.62103929999284,balanced_agentic,200,0.0,0.8569881782946217,0.8391434586394232,0.0,1.0,0.14301182170537832,0.16085654136057673,0.16846184860589092,28.602364341075663,0.14301182170537832,-0.09693282744588544,-0.11720419732171114,0.00019065033418131643,0.0,0.00019065033418131643,0.29693282744588545,0.3172041973217112,0.32384749663874757,0.9087819423086717,0.9473001263681416,,0.9997643046207736,4.5045045045045046e-05,0.0,4.5045045045045046e-05,0.5966303742486272,0.8592255533941028,0.40327325251822194,0.06117180157397323,9.637323315080202e-05,3.253429711237284,83.78,10.255,83.8,250.0,250.0,250.0,0.0,0.0,550.0,326.0,326.0,1.0,0.0,,115.83145201441353,137.19386717191864,146.75184358872568,143.11659838817076,3.253429711237284,3.0086212181776704,2.988298985360665,0.047256157374593113,24843760.652067944,24030400.418990865,0.04024166819859979,7.260090424891064,0.6316563278321435,0.5853021759090538,0.0,0.18074609506873798,0.19399395936139988,41.49535867148468,0.45846147286873773,,,,,,,,,,,,,,,,,,,,,,,,,,,,,,,,,,,,,,,,,,,,,,,,,,,,,,,,,,,,,,,,,
balanced_agentic,mixed_stress,Intent-PPO-CMDP,Intent-PPO-CMDP,13,1025721121,372372750,535536204,09d0d30da2ff448dad2f,stochastic,150,300,250,1,500,1,800,1,150-step training / 300-step arrival window + >= 250-step no-arrival drain adaptively extended to cohort maturity (cap 500),630784621,1,309.3859143999871,balanced_agentic,200,0.0,0.8517401915305268,0.8294846938119138,0.0,1.0,0.14825980846947304,0.1705153061880861,0.17481913385951514,29.651961693894606,0.14825980846947304,-0.09474799066838605,-0.11861511678371338,0.028504363915532713,0.04591133491311213,0.05073924329893629,0.2947479906683861,0.31861511678371335,0.3247092361292899,0.9357027329191544,0.9742964578200077,,0.9714956360844673,0.0,0.0,0.0,0.5798182697465916,0.886532694546656,0.3922623253372043,0.052837383186320405,0.02791940491620414,3.2029175156336964,81.58,10.215,81.7,250.0,250.0,250.0,0.0,0.0,550.0,326.0,326.0,1.0,0.0,,116.45322669753779,138.82212348938762,145.86112214668233,144.53118859590165,3.2029175156336964,2.9678555030206057,2.9330481587816957,0.049642243720637656,25038272.197505787,24255446.409809157,0.039931175399069846,7.146602655363693,0.6222927550859538,0.5792540438306872,0.0,0.17793986197964984,0.1933516237475826,50.045731611057775,0.41228039359171315,,,,,,,,,,,,,,,,,,,,,,,,,,,,,,,,,,,,,,,,,,,,,,,,,,,,,,,,,,,,,,,,,
balanced_agentic,mixed_stress,Intent-PPO-CMDP-FullPolicy-NoShield,Intent-PPO-CMDP,13,1025721121,372372750,535536204,09d0d30da2ff448dad2f,stochastic,150,300,250,1,500,1,800,1,150-step training / 300-step arrival window + >= 250-step no-arrival drain adaptively extended to cohort maturity (cap 500),630784621,1,309.3859143999871,balanced_agentic,200,0.0,0.6665034186329446,0.6343080820358886,0.0,1.0,0.9561873595895065,1.2023926648149237,1.3152417272929608,191.2374719179013,0.9561873595895065,-0.29911325883742124,-0.38798779368575625,0.35911325883742123,0.44798779368575625,0.47931803492954217,0.314830167555145,0.3396579172594853,0.3479397702917949,0.9387597247789498,0.9766600955141455,,0.6408867411625786,0.0,0.0,0.0,0.4271914447330719,0.9055794583501827,0.2722623608675112,0.03793633028939091,0.3005461943994169,2.4282012502996158,44.37,6.87,56.515,250.0,250.0,250.0,0.0,0.0,550.0,326.0,326.0,1.0,0.0,,92.98756079498311,116.71381382698719,122.12499905499904,120.78307901273665,2.4282012502996158,2.041264109943709,2.042677414312759,0.0868621553333218,23893959.835647333,22738803.314665906,0.04178424006237393,4.09639054130523,0.5328968039525506,0.4755757359257642,0.003317499593239281,0.13490006946108973,0.1535849586510898,4.347462171725335,4.294265247139436,,,,,,,,,,,,,,,,,,,,,,,,,,,,,,,,,,,,,,,,,,,,,,,,,,,,,,,,,,,,,,,,,
balanced_agentic,mixed_stress,MaxWeight,MaxWeight,14,1103526060,1905340783,408848433,,stochastic,150,300,250,1,500,1,800,1,150-step training / 300-step arrival window + >= 250-step no-arrival drain adaptively extended to cohort maturity (cap 500),955564766,0,1.209997572004795e-05,balanced_agentic,200,0.0,0.9009763220915823,0.8876884843285495,0.495,1.0,0.09902367790841776,0.11231151567145033,0.11662981551902232,19.804735581683552,0.09902367790841776,0.057166795772919825,0.043135564570655864,0.0,0.0,0.0,0.1308415784118132,0.15686443542934414,0.1607364653187414,0.9678905217661976,0.9865885627980195,,0.6868947133774868,0.3131052866225133,0.0,0.3131052866225133,0.3384654096328943,0.8832838580240218,0.6615345903671057,0.08460666374217578,0.0,2.045223245179298,73.725,17.97,73.725,250.0,254.75,277.0,4.75,27.0,554.75,277.0,277.0,1.0,0.0,,175.03889707813144,190.2229406130268,192.9749002849003,192.10070473077698,2.045223245179298,1.8355578406128652,1.8218664484922642,0.06937413717664268,21442603.475791585,20494009.180664707,0.0466417544161058,9.862460511339634,0.536248500359436,0.5066625751861109,0.0003469047317377902,0.1136235136210721,0.12508905749543034,-63.47231360995653,0.39600028961732453,,,,,,,,,,,,,,,,,,,,,,,,,,,,,,,,,,,,,,,,,,,,,,,,,,,,,,,,,,,,,,,,,
balanced_agentic,mixed_stress,PPO,PPO,14,1103526060,1905340783,1823775964,0a65909e93fb2c778ea0,stochastic,150,300,250,1,500,1,800,1,150-step training / 300-step arrival window + >= 250-step no-arrival drain adaptively extended to cohort maturity (cap 500),955564766,1,272.0849051999976,balanced_agentic,200,0.0,0.8844871619753668,0.8613731466232318,0.12,1.0,0.1155128380246331,0.13862685337676817,0.1449210613279574,23.10256760492662,0.1155128380246331,-0.06890079160941759,-0.09146884822756912,0.0015218156646187486,0.00851063829787234,0.009447977545402839,0.2689007916094176,0.29146884822756913,0.2989128608157178,0.899882344932093,0.941247197838272,,0.9924849556353605,0.005993228700020718,0.0,0.005993228700020718,0.5113541468809517,0.8570174163485629,0.4880643924427534,0.052239691921524375,0.000581460676294889,2.7812960061609466,101.92,9.085,102.12,250.0,250.0,250.0,0.0,0.0,550.0,277.0,277.0,1.0,0.0,,145.8551932146179,167.27546253229974,174.5014687359424,173.1676581175065,2.7812960061609466,2.586406022865019,2.5484205985805635,0.050098049984913115,26873568.483741373,26030789.73475739,0.03720031070860949,8.580928883444445,0.6377663026018923,0.5993386281815202,0.0,0.15451644478671928,0.1672556004748268,12.692592709102037,1.9584402813398054,,,,,,,,,,,,,,,,,,,,,,,,,,,,,,,,,,,,,,,,,,,,,,,,,,,,,,,,,,,,,,,,,
balanced_agentic,mixed_stress,PPO-Lagrangian,PPO-Lagrangian,14,1103526060,1905340783,1823775964,337f5a10e02765106fee,stochastic,150,300,250,1,500,1,800,1,150-step training / 300-step arrival window + >= 250-step no-arrival drain adaptively extended to cohort maturity (cap 500),955564766,1,284.58887489995686,balanced_agentic,200,0.0,0.945550742690803,0.9369072742638234,1.0,1.0,0.05444925730919703,0.0630927257361765,0.06744107433934415,10.889851461839406,0.05444925730919703,0.040130814886809925,0.00901111284478427,0.00032657557820302095,0.004145884151891356,0.005726131560819452,0.15795449932423936,0.1909888871552157,0.2005459855914241,0.8994064536515103,0.9354281894696174,,0.9243050332842334,0.07536839113756354,0.0,0.07536839113756354,0.47106630434413105,0.8532619201619452,0.5286965529700347,0.05764951836839951,0.00023714268583412829,2.6189204202553396,95.9,9.815,95.92,250.0,250.0,250.0,0.0,0.0,550.0,277.0,277.0,1.0,0.0,,159.44698733670174,174.17429312507124,179.40726829268291,177.01449635080047,2.6189204202553396,2.4151115008942896,2.3693445858786735,0.05202882364454382,35232878.20609175,33562372.59188285,0.028385996688836082,6.749145413939271,0.640655940558081,0.5982943389671007,0.0,0.1454955789030744,0.15712961084980173,51.47588687513745,0.27596295677930927,,,,,,,,,,,,,,,,,,,,,,,,,,,,,,,,,,,,,,,,,,,,,,,,,,,,,,,,,,,,,,,,,
balanced_agentic,mixed_stress,PPO_CMDP,PPO_CMDP,14,1103526060,1905340783,1823775964,dadb88684cb84768bf3a,stochastic,150,300,250,1,500,1,800,1,150-step training / 300-step arrival window + >= 250-step no-arrival drain adaptively extended to cohort maturity (cap 500),955564766,1,264.74071779998485,balanced_agentic,200,0.0,0.8588854939678301,0.8383398884631514,0.0,1.0,0.1411145060321699,0.1616601115368485,0.16726105279259967,28.22290120643398,0.1411145060321699,-0.10878854140444076,-0.12983558516469454,0.0005132415589355964,0.004695942953317388,0.0048849270195158515,0.3087885414044408,0.3298355851646945,0.33406733695895346,0.8619325898927059,0.9067588003480871,,0.9991946541096587,0.00029210433140564143,0.0,0.00029210433140564143,0.5713295267306082,0.8266407771619473,0.4285067998782213,0.046383425058578724,0.00016367339117046655,3.063613463397404,91.05,7.49,91.125,250.0,250.0,250.0,0.0,0.0,550.0,277.0,277.0,1.0,0.0,,121.49262389676218,145.97135714911127,150.39620833333333,149.5372478654763,3.063613463397404,2.862194294637846,2.846681937313208,0.04628608261143342,27870613.77046244,27061432.068453353,0.035870610146583604,6.931353261097302,0.6377711666904236,0.5952514732013195,0.0,0.17020074796652246,0.18332834594224284,30.52850321667971,0.6665388100475036,,,,,,,,,,,,,,,,,,,,,,,,,,,,,,,,,,,,,,,,,,,,,,,,,,,,,,,,,,,,,,,,,
balanced_agentic,mixed_stress,Intent-PPO-CMDP-NoRisk,Intent-PPO-CMDP-NoRisk,14,1103526060,1905340783,1823775964,72924e27f6df7ecb428f,stochastic,150,300,250,1,500,1,800,1,150-step training / 300-step arrival window + >= 250-step no-arrival drain adaptively extended to cohort maturity (cap 500),955564766,1,270.7660398000153,balanced_agentic,200,0.0,0.8546328264549284,0.8308869645781612,0.005,1.0,0.14536717354507153,0.1691130354218387,0.1736062869626856,29.073434709014307,0.14536717354507153,-0.10995783837382608,-0.13198201487491548,0.0005551261802860129,0.004788172992056486,0.006411580002263956,0.30995783837382607,0.33198201487491547,0.33517373491032837,0.8738871983560589,0.9223799734417059,,0.999444873819714,0.0,0.0,0.0,0.5774812338591828,0.8344702764250408,0.4222283052899837,0.05068703313995586,0.00029046085083343374,3.1209985136495053,89.245,8.32,89.3,250.0,250.0,250.0,0.0,0.0,550.0,277.0,277.0,1.0,0.0,,119.73781758664865,141.18950317144055,150.39850669951105,148.6788900648441,3.1209985136495053,2.9125310886329836,2.89657670037589,0.04295835688153262,27549488.0541508,26773069.566980224,0.036297567615800476,6.8826356046357855,0.6367795315754597,0.5989937196639316,0.0,0.17338880631386147,0.18666938585643106,32.59238519274526,0.6126852116545032,,,,,,,,,,,,,,,,,,,,,,,,,,,,,,,,,,,,,,,,,,,,,,,,,,,,,,,,,,,,,,,,,
balanced_agentic,mixed_stress,Intent-PPO-CMDP,Intent-PPO-CMDP,14,1103526060,1905340783,1823775964,fd2a9bdca11bd34bca64,stochastic,150,300,250,1,500,1,800,1,150-step training / 300-step arrival window + >= 250-step no-arrival drain adaptively extended to cohort maturity (cap 500),955564766,1,319.06714920001104,balanced_agentic,200,0.0,0.914329222169047,0.8932587835619329,0.87,1.0,0.08567077783095291,0.10674121643806708,0.1178459438774315,17.134155566190582,0.08567077783095291,-0.021820928301804397,-0.04503894583017632,0.024498966112897848,0.04246922611240035,0.047795176095559326,0.22182092830180442,0.24503894583017632,0.25612493263185676,0.94607459733377,0.9774468808350806,,0.9737672766039844,0.0017337572831175906,0.0,0.0017337572831175906,0.504577329808858,0.892971387075384,0.4726018177142828,0.05852398757858593,0.0228208524768592,2.8929084537949876,100.08,11.305,100.43,250.0,250.0,250.0,0.0,0.0,550.0,277.0,277.0,1.0,0.0,,146.76016750773582,168.96317621006008,173.93163962635197,174.12452272615917,2.8929084537949876,2.686016572604607,2.6752101534582033,0.04240037841078807,31830795.98678092,30612323.90236277,0.031411077231087894,7.2739095885859815,0.6245415860196263,0.5905452348872705,0.0,0.1607171363219438,0.1720151569266758,63.82325039985151,0.306112999140606,,,,,,,,,,,,,,,,,,,,,,,,,,,,,,,,,,,,,,,,,,,,,,,,,,,,,,,,,,,,,,,,,
balanced_agentic,mixed_stress,Intent-PPO-CMDP-FullPolicy-NoShield,Intent-PPO-CMDP,14,1103526060,1905340783,1823775964,fd2a9bdca11bd34bca64,stochastic,150,300,250,1,500,1,800,1,150-step training / 300-step arrival window + >= 250-step no-arrival drain adaptively extended to cohort maturity (cap 500),955564766,1,319.06714920001104,balanced_agentic,200,0.0,0.6507768323620701,0.597686469865709,0.0,1.0,1.4525744769335507,1.6509085728503763,1.6987050469324996,290.5148953867101,1.4525744769335507,-0.4836869027695183,-0.5457999181669394,0.5436869027695184,0.6057999181669393,0.6227020786545426,0.25537352375810124,0.2958409879567258,0.3056303290279332,0.9431724662050607,0.9703733713248426,,0.45631309723048163,0.0,0.0,0.0,0.31047361084039965,0.9067207547391308,0.28781033966050246,0.041253235300783765,0.4017160494990979,1.879648718105998,31.375,7.84,62.08,250.0,250.0,250.0,0.0,0.0,550.0,277.0,277.0,1.0,0.0,,94.823203826489,113.10243548387096,126.54158567980687,121.3190750838747,1.879648718105998,1.6227321773653929,1.6016774184706457,0.08401558428425425,29241837.12412042,27625288.96186098,0.03418242606254239,2.5928808972124515,0.5387733699617325,0.45899395414886707,0.006945403910163296,0.10442492878366653,0.11892107889325192,-31.207172116901255,0.6895691486659162,,,,,,,,,,,,,,,,,,,,,,,,,,,,,,,,,,,,,,,,,,,,,,,,,,,,,,,,,,,,,,,,,
balanced_agentic,mixed_stress,MaxWeight,MaxWeight,15,1481178426,1997781942,533834020,,stochastic,150,300,250,1,500,1,800,1,150-step training / 300-step arrival window + >= 250-step no-arrival drain adaptively extended to cohort maturity (cap 500),615353400,0,2.2399937734007835e-05,balanced_agentic,200,0.0,0.9319863880778412,0.9108570029219106,0.995,1.0,0.06801361192215868,0.0891429970780893,0.09290179277230323,13.602722384431736,0.06801361192215868,0.04414740264714408,0.016455658144857825,0.0,0.0,0.0,0.1537441472680514,0.18354434185514218,0.19076670044250943,0.9288564415415336,0.9755664129024754,,0.8242507167768145,0.17574928322318548,0.0,0.17574928322318548,0.4280343666033933,0.8422842437289242,0.5719656333966067,0.08670087926239106,0.0,2.4704141325998488,83.605,18.325,83.605,250.0,255.435,298.0,5.435,48.0,555.435,298.0,298.0,1.0,0.0,,150.91679171798415,172.10740302370354,177.64033918595368,176.44558231876368,2.4704141325998488,2.184671751273679,2.161296986290225,0.09551793311827365,20409736.577279236,19030012.546447676,0.04901223165434086,10.155375586367262,0.5648007534727689,0.5253946896996978,1.742958597008182e-05,0.1372452295888805,0.16570238645128707,-42.154357448719836,1.0954615747328214,,,,,,,,,,,,,,,,,,,,,,,,,,,,,,,,,,,,,,,,,,,,,,,,,,,,,,,,,,,,,,,,,
balanced_agentic,mixed_stress,PPO,PPO,15,1481178426,1997781942,1596015111,461e22a59e6f436fac36,stochastic,150,300,250,1,500,1,800,1,150-step training / 300-step arrival window + >= 250-step no-arrival drain adaptively extended to cohort maturity (cap 500),615353400,1,258.87767640000675,balanced_agentic,200,0.0,0.9403267614199362,0.9244132004262121,1.0,1.0,0.05967323858006371,0.07558679957378789,0.07960180717540595,11.934647716012742,0.05967323858006371,0.005357788110441691,-0.01847695915562492,0.0004674556641447418,0.004612621968369354,0.004876140526939335,0.19464221188955833,0.21847695915562493,0.22348520403564226,0.9095281981519518,0.9476915421737843,,0.9994292385507313,0.00010330578512396694,0.0,0.00010330578512396694,0.5625081814479579,0.8538421937626087,0.43723096544607915,0.06675088116865409,0.00026085310596296563,3.1241650051208523,93.395,11.855,93.44,250.0,250.0,250.0,0.0,0.0,550.0,298.0,298.0,1.0,0.0,,129.27162918044198,149.37589455136887,160.06800547026353,157.53276798826352,3.1241650051208523,2.875548201322516,2.8536762620783147,0.05019270497755025,32143317.15809012,31194762.760773152,0.031113937011468057,6.333335338963483,0.6456923661761302,0.6031318188766202,0.0,0.17356472250671398,0.1883731787409267,103.19711704847556,0.17246492713888667,,,,,,,,,,,,,,,,,,,,,,,,,,,,,,,,,,,,,,,,,,,,,,,,,,,,,,,,,,,,,,,,,
balanced_agentic,mixed_stress,PPO-Lagrangian,PPO-Lagrangian,15,1481178426,1997781942,1596015111,c54dc7a9b9a68be549b7,stochastic,150,300,250,1,500,1,800,1,150-step training / 300-step arrival window + >= 250-step no-arrival drain adaptively extended to cohort maturity (cap 500),615353400,1,254.7300168000511,balanced_agentic,200,0.0,0.938373600154832,0.9201581444068296,0.995,1.0,0.061626399845168024,0.0798418555931703,0.08769030413282974,12.325279969033605,0.061626399845168024,0.05435876863698695,0.02885678534865204,0.0008707012658043771,0.005076142131979695,0.008264922099006521,0.12340526657395866,0.17114321465134796,0.18858683044648322,0.8974456625390772,0.946702698982687,,0.9226192462378703,0.07651005249632542,0.0,0.07651005249632542,0.44592681614012136,0.8548193708496805,0.5538636472695647,0.05123110752808702,0.00020953659031378878,2.3985194091612323,100.44,9.015,100.575,250.0,250.0,250.0,0.0,0.0,550.0,298.0,298.0,1.0,0.0,,169.2701519557408,187.85696839512107,192.53169214041625,191.398662929906,2.3985194091612323,2.123430527457401,2.0993334429880415,0.0825392898177836,35247935.265589274,33370128.28108514,0.02836038384570243,6.978103769291218,0.6464613193255632,0.6036075644039547,0.0,0.1332510782867351,0.15452277769977957,51.5374040920799,0.5687547698706443,,,,,,,,,,,,,,,,,,,,,,,,,,,,,,,,,,,,,,,,,,,,,,,,,,,,,,,,,,,,,,,,,
balanced_agentic,mixed_stress,PPO_CMDP,PPO_CMDP,15,1481178426,1997781942,1596015111,fc83225982e20e56ecdd,stochastic,150,300,250,1,500,1,800,1,150-step training / 300-step arrival window + >= 250-step no-arrival drain adaptively extended to cohort maturity (cap 500),615353400,1,273.55554740002844,balanced_agentic,200,0.0,0.9431927822433273,0.9348958333333333,1.0,1.0,0.056807217756672766,0.06510416666666669,0.06800910710394951,11.361443551334553,0.056807217756672766,0.02084224375731174,-0.0024094173005370727,0.0005181232170096553,0.004695942953317388,0.005881249539175202,0.17915775624268826,0.20240941730053705,0.21042669360075758,0.9099991596422745,0.9457040053395966,,0.9992600019276284,0.00022187485536202245,0.0,0.00022187485536202245,0.5247217477104497,0.8586726787574059,0.4750408774331939,0.06013586369854156,0.00023737485635645628,2.8839173382325622,100.81,10.89,100.87,250.0,250.0,250.0,0.0,0.0,550.0,298.0,298.0,1.0,0.0,,142.4080365006681,161.21534441112775,168.8373384615384,166.32414964451087,2.8839173382325622,2.582226238419065,2.5589848201667813,0.06300407304482886,33426577.644369893,32209573.831606504,0.02991903201687728,6.680396098203769,0.6438434155100872,0.6023928777194968,0.0,0.16021762990180904,0.17557321023088215,94.49945295362431,0.20448388532209816,,,,,,,,,,,,,,,,,,,,,,,,,,,,,,,,,,,,,,,,,,,,,,,,,,,,,,,,,,,,,,,,,
balanced_agentic,mixed_stress,Intent-PPO-CMDP-NoRisk,Intent-PPO-CMDP-NoRisk,15,1481178426,1997781942,1596015111,8c806f3e428ad93e5ba2,stochastic,150,300,250,1,500,1,800,1,150-step training / 300-step arrival window + >= 250-step no-arrival drain adaptively extended to cohort maturity (cap 500),615353400,1,275.68097020004643,balanced_agentic,200,0.0,0.9324241406302235,0.9148192680535382,1.0,1.0,0.06757585936977643,0.08518073194646168,0.08980171335550709,13.515171873955286,0.06757585936977643,0.04670297941712576,0.010523222511277144,9.58259631579862e-05,0.0,9.58259631579862e-05,0.14274900045751562,0.18947677748872285,0.19836824903589242,0.9010957480367915,0.9494892467234657,,0.8694731579744474,0.13043101606239474,0.0,0.13043101606239474,0.42417524248335253,0.8540634755917759,0.5758032982891796,0.05488643636277698,2.145922746781116e-05,2.281540117936534,93.84,9.985,93.855,250.0,250.0,250.0,0.0,0.0,550.0,298.0,298.0,1.0,0.0,,172.78322310464128,188.7109832872226,192.60702308927026,191.18192722776013,2.281540117936534,2.0095302348546316,1.9944313176952793,0.07497597705455494,34821616.848151945,32893218.613177415,0.028710264439503433,6.82217264924428,0.6444340157198031,0.5934468681080832,0.0,0.12675222877425188,0.1438536835514782,23.9665696065637,1.0633020229884793,,,,,,,,,,,,,,,,,,,,,,,,,,,,,,,,,,,,,,,,,,,,,,,,,,,,,,,,,,,,,,,,,
balanced_agentic,mixed_stress,Intent-PPO-CMDP,Intent-PPO-CMDP,15,1481178426,1997781942,1596015111,618554fca77aa7604c32,stochastic,150,300,250,1,500,1,800,1,150-step training / 300-step arrival window + >= 250-step no-arrival drain adaptively extended to cohort maturity (cap 500),615353400,1,332.33217309997417,balanced_agentic,200,0.0,0.9419783201750712,0.9257107208693015,1.0,1.0,0.058021679824928604,0.07428927913069851,0.07769026055994768,11.60433596498572,0.058021679824928604,0.054417475630847825,0.039454127587214706,0.003031553460316524,0.010111423513485367,0.014000693812634177,0.12390915124986616,0.16054587241278528,0.17214736916018486,0.8946253035465881,0.9368153240483018,,0.9565264050478569,0.04044204149182644,0.0,0.04044204149182644,0.45882173721487896,0.8524348642998346,0.538262937749054,0.05156079361671058,0.00291532503606711,2.471942241571566,104.665,8.91,104.69,250.0,250.0,250.0,0.0,0.0,550.0,298.0,298.0,1.0,0.0,,164.65702980123683,182.4378294036061,191.06401579244215,188.3941708208945,2.471942241571566,2.112621223555933,2.1239349570782173,0.08165807473510266,35200430.52500671,33546937.483286176,0.028403744658217957,7.015012931255387,0.6447231176172766,0.6035163777624335,0.0,0.13733012453175367,0.15530465845553956,65.58248925972838,0.34974446719706215,,,,,,,,,,,,,,,,,,,,,,,,,,,,,,,,,,,,,,,,,,,,,,,,,,,,,,,,,,,,,,,,,
balanced_agentic,mixed_stress,Intent-PPO-CMDP-FullPolicy-NoShield,Intent-PPO-CMDP,15,1481178426,1997781942,1596015111,618554fca77aa7604c32,stochastic,150,300,250,1,500,1,800,1,150-step training / 300-step arrival window + >= 250-step no-arrival drain adaptively extended to cohort maturity (cap 500),615353400,1,332.33217309997417,balanced_agentic,200,0.0,0.9012503827479228,0.8230944097529744,0.59,1.0,0.09874961725207712,0.17690559024702554,0.1892453349334246,19.749923450415423,0.09874961725207712,-0.010847189866679104,-0.04205505457997153,0.07070387998685795,0.10205505457997152,0.10804910351345823,0.1305071001764033,0.17627118644067796,0.1853478330758622,0.8952116288653593,0.938285232908936,,0.8953199648246095,0.033976155188532545,0.0,0.033976155188532545,0.43826334078424467,0.8541383602858119,0.5296191280597803,0.04961554949214508,0.03211753115597516,2.3922765359162863,96.465,8.705,104.62,250.0,250.0,250.0,0.0,0.0,550.0,298.0,298.0,1.0,0.0,,161.775130330061,179.5617709213863,184.7431854246253,183.2558493587885,2.3922765359162863,2.0682157925831577,2.0685511561666727,0.08530636023879808,34855975.67464431,32821104.57314675,0.028680005455278334,6.623726558953518,0.6444274841791845,0.6058617552672868,0.0,0.13290425199534922,0.1504818826841165,46.758958958476924,0.5514521214986676,,,,,,,,,,,,,,,,,,,,,,,,,,,,,,,,,,,,,,,,,,,,,,,,,,,,,,,,,,,,,,,,,
reliability_first,nominal,MaxWeight,MaxWeight,11,471540437,1073362871,25100091,,stochastic,150,300,250,1,500,1,800,1,150-step training / 300-step arrival window + >= 250-step no-arrival drain adaptively extended to cohort maturity (cap 500),377296230,0,1.1100084520876408e-05,reliability_first,200,0.0,0.9230360492339503,0.9137847193189396,1.0,1.0,0.07696395076604973,0.08621528068106045,0.08850113786297467,15.392790153209944,0.07696395076604973,0.027736194368635562,0.01690206664344597,0.0,0.0,0.0,0.11939973096456212,0.14309793335655405,0.14888808913506463,0.966075724338669,0.9867460920914052,,0.9044508268787683,0.09554917312123162,0.0,0.09554917312123162,0.5235146718296311,0.8476941201082724,0.4764853281703689,0.11896986925515447,0.0,1.838322376889315,50.63,15.81,50.63,250.0,250.01,252.0,0.01,2.0,550.01,252.0,252.0,1.0,0.0,,142.0789127682558,158.52323062558355,165.1747693480747,163.14761655720898,1.838322376889315,1.6752773801722036,1.6672569270764985,0.058983114547006006,17993581.045215722,17035535.24015488,0.05560790816593459,6.979139152494231,0.6062166205787284,0.5263118962567194,0.00023268413701717033,0.1021290209382953,0.11240508855234055,-223.06206565084543,0.11304504435083518,,,,,,,,,,,,,,,,,,,,,,,,,,,,,,,,,,,,,,,,,,,,,,,,,,,,,,,,,,,,,,,,,
reliability_first,nominal,PPO,PPO,11,471540437,1073362871,1897045420,b9c1e1a3273f0ff06c77,stochastic,150,300,250,1,500,1,800,1,150-step training / 300-step arrival window + >= 250-step no-arrival drain adaptively extended to cohort maturity (cap 500),377296230,1,259.96485530002974,reliability_first,200,0.0,0.9679878988530204,0.9300128995007452,0.985,1.0,0.03201210114697958,0.0699871004992548,0.08890916732578334,6.402420229395917,0.03201210114697958,0.007635353902326809,-0.02154123323338145,0.0005156320120729868,0.007042253521126761,0.007596403823560301,0.151345970010945,0.18154123323338145,0.19219598251207776,0.8251044333670285,0.9130062368376113,,0.999484367987927,0.0,0.0,0.0,0.7615689276067841,0.7796976803588792,0.2383917023144758,0.06569444026919212,3.937007874015748e-05,2.4476057627864765,32.105,6.11,32.17,250.0,250.0,250.0,0.0,0.0,550.0,252.0,252.0,1.0,0.0,,84.94688530330666,103.46256775401588,114.52081219512189,114.83539653002917,2.4476057627864765,2.1862678719432775,2.1753606513172152,0.06090676421530563,32435015.54471556,31155911.131180614,0.03082340178294958,2.4399716163495353,0.6658592665202394,0.6148670977416844,0.0,0.135978097932582,0.14889603222878858,54.932530213834944,0.2400766435302353,,,,,,,,,,,,,,,,,,,,,,,,,,,,,,,,,,,,,,,,,,,,,,,,,,,,,,,,,,,,,,,,,
reliability_first,nominal,PPO-Lagrangian,PPO-Lagrangian,11,471540437,1073362871,1897045420,97597eec01eed730a745,stochastic,150,300,250,1,500,1,800,1,150-step training / 300-step arrival window + >= 250-step no-arrival drain adaptively extended to cohort maturity (cap 500),377296230,1,273.0232358999783,reliability_first,200,0.0,0.9390117927927655,0.8851135050451686,0.905,1.0,0.06098820720723452,0.11488649495483136,0.13637758470024375,12.197641441446903,0.06098820720723452,0.007939510214347663,-0.02855229424998692,0.001599676114935632,0.008067794387621294,0.010474485417110612,0.14328821091048938,0.18855229424998687,0.19684008754109425,0.8644436965747495,0.929975802327173,,0.9745319362009213,0.023868387684143157,0.0,0.023868387684143157,0.6005030640015849,0.8035558700317043,0.3994622137761928,0.07327389393704241,3.472222222222222e-05,1.95532204323342,50.41,8.205,50.615,250.0,250.0,250.0,0.0,0.0,550.0,252.0,252.0,1.0,0.0,,130.73004091035614,153.9904978922183,163.3867176119403,159.94464207461675,1.95532204323342,1.7302465309182726,1.7026974955459597,0.0737047422787646,31640730.22052584,29168806.60836296,0.031623953138555726,3.794034260891865,0.6605892829672458,0.6095910996942417,0.0,0.10862900240185666,0.1211828880296355,-44.142394117909774,0.8149290805040975,,,,,,,,,,,,,,,,,,,,,,,,,,,,,,,,,,,,,,,,,,,,,,,,,,,,,,,,,,,,,,,,,
reliability_first,nominal,PPO_CMDP,PPO_CMDP,11,471540437,1073362871,1897045420,3e02143445d692cb208a,stochastic,150,300,250,1,500,1,800,1,150-step training / 300-step arrival window + >= 250-step no-arrival drain adaptively extended to cohort maturity (cap 500),377296230,1,273.6423236000119,reliability_first,200,0.0,0.9029693661853486,0.8414853247714972,0.52,1.0,0.09703063381465148,0.1585146752285028,0.1757598984981104,19.406126762930295,0.09703063381465148,-0.03761292074928441,-0.06664141414141414,0.0004033671135622427,0.006184710351377014,0.00745005832062757,0.1976129207492844,0.22664141414141414,0.23416077369449298,0.8176857125602051,0.8984055639394288,,0.9995966328864379,0.0,0.0,0.0,0.8425972837845669,0.7747600320255283,0.15707474592726775,0.06536329454988271,0.0003279702881654173,2.7015847497854133,21.35,5.775,21.36,250.0,250.0,250.0,0.0,0.0,550.0,252.0,252.0,1.0,0.0,,66.58418723330222,84.83960026460025,90.09462312161891,90.11962615750562,2.7015847497854133,2.4381346003629374,2.4293698352877326,0.05865584692141982,30034443.03672986,28757871.332332343,0.03328789609839969,2.076106272318772,0.6600443323865224,0.5950724554826938,0.0,0.15008804165474518,0.16366746310982372,58.52140143598012,0.1777838586246541,,,,,,,,,,,,,,,,,,,,,,,,,,,,,,,,,,,,,,,,,,,,,,,,,,,,,,,,,,,,,,,,,
reliability_first,nominal,Intent-PPO-CMDP-NoRisk,Intent-PPO-CMDP-NoRisk,11,471540437,1073362871,1897045420,7d2ee40999bb1a6afe16,stochastic,150,300,250,1,500,1,800,1,150-step training / 300-step arrival window + >= 250-step no-arrival drain adaptively extended to cohort maturity (cap 500),377296230,1,275.69379829999525,reliability_first,200,0.0,0.9436414096147037,0.8853466850356082,0.915,1.0,0.05635859038529642,0.11465331496439178,0.13368084094538238,11.271718077059283,0.05635859038529642,0.00994092410927199,-0.0314931009983921,0.0017240298659562058,0.008267906336088154,0.010030208154517292,0.1394568818563555,0.1914931009983921,0.19864742248675968,0.8523542027496199,0.9355158461275483,,0.985789334572914,0.012486635561129791,0.0,0.012486635561129791,0.6169373347059621,0.7964257163143409,0.3826470304918806,0.06948365715426111,0.00041563480215730766,2.002756615981919,49.64,7.535,49.81,250.0,250.0,250.0,0.0,0.0,550.0,252.0,252.0,1.0,0.0,,126.53816774913179,151.0409107737875,159.85685837728644,155.83188724655128,2.002756615981919,1.7749617151901835,1.7532297176845222,0.07428614755040379,32037456.607724074,29944747.59127361,0.031234495086999096,3.656431655962388,0.6680318791616042,0.5982716052807625,0.0,0.11126425644343994,0.12552582119165717,-35.735554239926984,1.0833600350151853,,,,,,,,,,,,,,,,,,,,,,,,,,,,,,,,,,,,,,,,,,,,,,,,,,,,,,,,,,,,,,,,,
reliability_first,nominal,Intent-PPO-CMDP,Intent-PPO-CMDP,11,471540437,1073362871,1897045420,b12c9f3440d9c22ff923,stochastic,150,300,250,1,500,1,800,1,150-step training / 300-step arrival window + >= 250-step no-arrival drain adaptively extended to cohort maturity (cap 500),377296230,1,319.3185737999738,reliability_first,200,0.0,0.9629171005730777,0.9336292204037066,0.995,1.0,0.03708289942692233,0.06637077959629356,0.0828010738044667,7.416579885384467,0.03708289942692233,0.011668587260441034,-0.014429140645952264,0.011217878851924355,0.023255813953488372,0.025139595676389494,0.12970630373238895,0.17442914064595227,0.1824403818748615,0.8315456429264543,0.9108199158216627,,0.9874363292081638,0.001345791939911859,0.0,0.001345791939911859,0.6762722541719915,0.7829372960952312,0.3126171448571688,0.06540908528726563,0.011110600970839667,2.1761166029573467,41.54,6.5,41.555,250.0,250.0,250.0,0.0,0.0,550.0,252.0,252.0,1.0,0.0,,103.40332904549982,128.1088161439072,141.1913072855464,135.04849815590455,2.1761166029573467,1.9458541875799698,1.93553152801957,0.061692800776208416,32159446.06958233,30422003.1405812,0.031112384358748996,2.959553193490972,0.6594299190200885,0.5989496993975006,0.0,0.12089536683096369,0.13315843134289929,14.936197988751308,2.172511190120674,,,,,,,,,,,,,,,,,,,,,,,,,,,,,,,,,,,,,,,,,,,,,,,,,,,,,,,,,,,,,,,,,
reliability_first,nominal,Intent-PPO-CMDP-FullPolicy-NoShield,Intent-PPO-CMDP,11,471540437,1073362871,1897045420,b12c9f3440d9c22ff923,stochastic,150,300,250,1,500,1,800,1,150-step training / 300-step arrival window + >= 250-step no-arrival drain adaptively extended to cohort maturity (cap 500),377296230,1,319.3185737999738,reliability_first,200,0.0,0.7505476481685665,0.6950294099418309,0.0,1.0,1.7113122486442254,2.2690462187010128,2.4544829973756,342.26244972884507,1.7113122486442254,-0.26277307587711374,-0.34807491289198605,0.29277307587711376,0.3780749128919861,0.404905350344808,0.1462457756929174,0.18958845761593376,0.2020981907868386,0.8395471681267621,0.908117412176449,,0.7072269241228863,0.0,0.0,0.0,0.5335326024568684,0.7990403529645479,0.2372579352019872,0.05180113504223962,0.22920946234114437,1.799466697527946,23.705,5.465,32.415,250.0,250.0,250.0,0.0,0.0,550.0,252.0,252.0,1.0,0.0,,80.31174107509874,103.84227272727271,117.67820297349706,112.66883792669145,1.799466697527946,1.5617026974789259,1.5324286890914092,0.08814448354288211,31123070.80195116,29117996.081027124,0.03209724787625044,1.7835351528394157,0.6491624074552991,0.5779616929790993,0.0,0.09997037208488589,0.11235635072386943,0.9273605784473355,25.72512724188971,,,,,,,,,,,,,,,,,,,,,,,,,,,,,,,,,,,,,,,,,,,,,,,,,,,,,,,,,,,,,,,,,
reliability_first,nominal,MaxWeight,MaxWeight,12,1729653623,2128646545,1216872919,,stochastic,150,300,250,1,500,1,800,1,150-step training / 300-step arrival window + >= 250-step no-arrival drain adaptively extended to cohort maturity (cap 500),1300659026,0,1.2300093658268452e-05,reliability_first,200,0.0,0.9287090313355094,0.9194004193591448,1.0,1.0,0.0712909686644905,0.08059958064085511,0.08462873033473226,14.2581937328981,0.0712909686644905,0.028271751973485245,0.015806051587301605,0.0,0.0,0.0,0.11838230373284056,0.14419394841269836,0.15083868369861614,0.959304219216613,0.9879823768063318,,0.8980711373494046,0.10192886265059542,0.0,0.10192886265059542,0.5266414794609525,0.8410209966570321,0.47335852053904737,0.1193824213045902,0.0,1.9445545136032678,48.73,15.6,48.73,250.0,252.34,277.0,2.34,27.0,552.34,278.0,278.0,1.0,0.0,,139.69268591879612,159.82916222340708,165.02447947214074,163.1936313303702,1.9445545136032678,1.7635035144715305,1.7487423602210985,0.056215217483435775,14591212.850645643,13662289.15297219,0.06862052065513684,8.866972550261506,0.6027032390626825,0.525441302798998,0.0003091677382069047,0.10803080631129268,0.11744548113546233,-218.5390249123651,0.15830618897481913,,,,,,,,,,,,,,,,,,,,,,,,,,,,,,,,,,,,,,,,,,,,,,,,,,,,,,,,,,,,,,,,,
reliability_first,nominal,PPO,PPO,12,1729653623,2128646545,1621075116,2fb07c1ee95b181950c4,stochastic,150,300,250,1,500,1,800,1,150-step training / 300-step arrival window + >= 250-step no-arrival drain adaptively extended to cohort maturity (cap 500),1300659026,1,284.739809300052,reliability_first,200,0.0,0.9674304876599393,0.9116251476869721,0.975,1.0,0.0325695123400605,0.08837485231302776,0.11150888292576659,6.5139024680121,0.0325695123400605,0.01010681912891692,-0.02912373252946012,0.0010780020385794452,0.007939682539682538,0.009318684230588365,0.1460816366436047,0.1891237325294601,0.20072190261703532,0.8158361359101989,0.8839695688624397,,0.9980784564972143,0.0008435414642062877,0.0,0.0008435414642062877,0.7085126245008637,0.7751126210184873,0.2911746553962533,0.056598366573673946,0.00031272010288304014,2.3879565119193926,38.445,5.375,38.545,250.0,250.0,250.0,0.0,0.0,550.0,278.0,278.0,1.0,0.0,,95.5539981524404,124.23725257501118,131.2627502396931,130.81440676417955,2.3879565119193926,2.1682905835608293,2.1577513667696735,0.056267262109005886,26761645.247614108,24888884.85077232,0.037366608004212716,3.508260812102381,0.6502729871663777,0.5896278912996517,0.0,0.13266425066218848,0.14411633153176323,28.76493053216918,1.0811013799572788,,,,,,,,,,,,,,,,,,,,,,,,,,,,,,,,,,,,,,,,,,,,,,,,,,,,,,,,,,,,,,,,,
reliability_first,nominal,PPO-Lagrangian,PPO-Lagrangian,12,1729653623,2128646545,1621075116,5ff4062933b4dfa3978e,stochastic,150,300,250,1,500,1,800,1,150-step training / 300-step arrival window + >= 250-step no-arrival drain adaptively extended to cohort maturity (cap 500),1300659026,1,266.70855040004244,reliability_first,200,0.0,0.9558218682758889,0.9413078146342182,1.0,1.0,0.04417813172411114,0.05869218536578189,0.06275521567180133,8.835626344822229,0.04417813172411114,0.02680407687335701,0.013827811834268068,0.0016035218463653993,0.008200108386397507,0.012378388227778902,0.09805357078583196,0.14423008608166654,0.1546357705544064,0.8641967820669701,0.9265545824744512,,0.9961952761360285,0.002201202017606075,0.0,0.002201202017606075,0.6080421137795217,0.8101117048681948,0.3913820645420854,0.07029973680369503,0.0005758216783928384,2.09224411238926,51.67,7.205,51.805,250.0,250.0,250.0,0.0,0.0,550.0,278.0,278.0,1.0,0.0,,128.9280695404426,154.18194333066023,164.95379267791031,160.29746057398881,2.09224411238926,1.8619794114082122,1.8426147544899039,0.06749335640374378,27088342.676663056,25379330.497295093,0.03693046355206303,4.701033580148713,0.6595722217505289,0.5988582006924866,0.0,0.11623578402162554,0.12819919851314585,1.8271414805117498,16.02680076866087,,,,,,,,,,,,,,,,,,,,,,,,,,,,,,,,,,,,,,,,,,,,,,,,,,,,,,,,,,,,,,,,,
reliability_first,nominal,PPO_CMDP,PPO_CMDP,12,1729653623,2128646545,1621075116,c2c338dd9800f45e9834,stochastic,150,300,250,1,500,1,800,1,150-step training / 300-step arrival window + >= 250-step no-arrival drain adaptively extended to cohort maturity (cap 500),1300659026,1,270.83158040000126,reliability_first,200,0.0,0.8710741982594981,0.8154757484546624,0.235,1.0,0.12892580174050192,0.1845242515453376,0.20589248545089464,25.785160348100383,0.12892580174050192,-0.05530449841605263,-0.08470913295826013,3.968253968253968e-05,0.0,3.968253968253968e-05,0.21530449841605262,0.2447091329582601,0.25207762239803555,0.8005538855824358,0.890692983613431,,0.9999603174603174,0.0,0.0,0.0,0.8692890064775608,0.7620239386316539,0.1307109935224392,0.06296647977945687,0.0,2.9040448534713943,17.505,5.125,17.51,250.0,250.0,250.0,0.0,0.0,550.0,278.0,278.0,1.0,0.0,,60.581574559825896,76.47956961766509,84.01185863386449,82.25543015601868,2.9040448534713943,2.6551593777949405,2.6228664584311,0.05270369085283677,24112023.054113828,22903939.681160763,0.04146114770328412,2.4639797075770433,0.6514089779605037,0.5776768339731055,2.6656786943182463e-05,0.16133582519285525,0.17417076294921488,64.41237585066769,0.16317510055774903,,,,,,,,,,,,,,,,,,,,,,,,,,,,,,,,,,,,,,,,,,,,,,,,,,,,,,,,,,,,,,,,,
reliability_first,nominal,Intent-PPO-CMDP-NoRisk,Intent-PPO-CMDP-NoRisk,12,1729653623,2128646545,1621075116,53b75815fc19ab3c700d,stochastic,150,300,250,1,500,1,800,1,150-step training / 300-step arrival window + >= 250-step no-arrival drain adaptively extended to cohort maturity (cap 500),1300659026,1,267.30905749998055,reliability_first,200,0.0,0.9684106460631494,0.9338970030599741,0.99,1.0,0.03158935393685042,0.06610299694002574,0.08852450153402215,6.317870787370084,0.03158935393685042,0.01035244572632363,-0.019671365441628903,0.0003450351784765993,0.0,0.0003450351784765993,0.14801368909151663,0.1796713654416289,0.18898303029800506,0.8237160320155986,0.8999665044276494,,0.9996549648215235,0.0,0.0,0.0,0.720457823947853,0.773597912742116,0.2794605093854804,0.0685894591261423,8.166666666666665e-05,2.4205196220078458,36.99,6.635,37.025,250.0,250.0,250.0,0.0,0.0,550.0,278.0,278.0,1.0,0.0,,92.83127847928526,114.72965658295281,133.69107382550337,123.34700869697326,2.4205196220078458,2.1659268841010006,2.168195344846526,0.056428670656695525,26890356.814570595,25538215.774949882,0.03716692727824534,3.3697706622295214,0.6559773139030112,0.5914918092885783,0.0,0.1344733123337692,0.146274015271742,45.02450074776225,0.43543929834540285,,,,,,,,,,,,,,,,,,,,,,,,,,,,,,,,,,,,,,,,,,,,,,,,,,,,,,,,,,,,,,,,,
reliability_first,nominal,Intent-PPO-CMDP,Intent-PPO-CMDP,12,1729653623,2128646545,1621075116,fc604e43c5d11a5118bd,stochastic,150,300,250,1,500,1,800,1,150-step training / 300-step arrival window + >= 250-step no-arrival drain adaptively extended to cohort maturity (cap 500),1300659026,1,320.63457950000884,reliability_first,200,0.0,0.7918713776329198,0.7414330354806609,0.0,1.0,0.2081286223670802,0.2585669645193391,0.26372259529049497,41.62572447341604,0.2081286223670802,-0.09920529983705688,-0.12162229757352763,0.008416795264080538,0.021444099378881983,0.022683046260929048,0.25920529983705687,0.2816222975735276,0.2890275801053258,0.7041892964575927,0.8887485447348759,,0.9915832047359194,0.0,0.0,0.0,0.900809361425088,0.6713548410862632,0.09097044251798873,0.06108284771740356,0.008220196056923288,3.036192243986609,12.4,4.475,12.43,250.0,250.0,250.0,0.0,0.0,550.0,278.0,278.0,1.0,0.0,,44.23582512508597,62.97688972109981,76.5678010835913,72.69801545128075,3.036192243986609,2.764443715428206,2.745013683993796,0.055135585184341605,20965220.935661398,19814487.361223634,0.04766132303253263,2.077542982451714,0.647448845251978,0.5845741256831445,0.0,0.16867734688814487,0.1833543895940815,52.20808071187853,0.17915128228592617,,,,,,,,,,,,,,,,,,,,,,,,,,,,,,,,,,,,,,,,,,,,,,,,,,,,,,,,,,,,,,,,,
reliability_first,nominal,Intent-PPO-CMDP-FullPolicy-NoShield,Intent-PPO-CMDP,12,1729653623,2128646545,1621075116,fc604e43c5d11a5118bd,stochastic,150,300,250,1,500,1,800,1,150-step training / 300-step arrival window + >= 250-step no-arrival drain adaptively extended to cohort maturity (cap 500),1300659026,1,320.63457950000884,reliability_first,200,0.0,0.5929902749445202,0.544297793010779,0.0,1.0,0.7546178054340851,1.0942038347822498,1.1820622915217442,150.92356108681702,0.7546178054340851,-0.11106486183672605,-0.14395176630434783,0.11525438334024915,0.17124266144814088,0.18105198518435778,0.2658528143414183,0.290803123257111,0.297747288307843,0.6891268663978587,0.8765709813305202,,0.8847456166597507,0.0,0.0,0.0,0.8278049063714912,0.6676681046300982,0.06056472441526291,0.045769048044596056,0.11163036921324586,2.819504621381591,7.715,2.94,8.21,250.0,250.0,250.0,0.0,0.0,550.0,278.0,278.0,1.0,0.0,,38.86587124468884,56.39261494252873,59.77973333333332,59.08034149465239,2.819504621381591,2.446824895854697,2.3841919559222706,0.0773789727373141,20586245.260302458,19552460.744282186,0.04853954110854844,1.6806057118987499,0.6304195368717492,0.5665601579980575,0.0,0.15663914563231057,0.17477501556626177,43.45157742948717,0.24211656701181714,,,,,,,,,,,,,,,,,,,,,,,,,,,,,,,,,,,,,,,,,,,,,,,,,,,,,,,,,,,,,,,,,
reliability_first,nominal,MaxWeight,MaxWeight,13,1025721121,372372750,71371985,,stochastic,150,300,250,1,500,1,800,1,150-step training / 300-step arrival window + >= 250-step no-arrival drain adaptively extended to cohort maturity (cap 500),1186372877,0,1.109996810555458e-05,reliability_first,200,0.0,0.9319809152523162,0.9223103325499369,1.0,1.0,0.0680190847476838,0.07768966745006307,0.08040596778423921,13.603816949536759,0.0680190847476838,0.027443311557165426,0.013500439270810464,0.0,0.0,0.0,0.12140113173044093,0.14649956072918954,0.15072030973826964,0.9486687254063247,0.9836153588036284,,0.9433743631835213,0.05662563681647855,0.0,0.05662563681647855,0.5513075575965357,0.825694061511643,0.4486924424034642,0.12654227100500448,0.0,1.9586167376157275,50.56,15.94,50.56,250.0,257.18,321.0,7.18,71.0,557.18,326.0,326.0,1.0,0.0,,138.56196495495314,163.4502632040708,177.9815287255759,175.23488246575752,1.9586167376157275,1.7979044118393726,1.7824285231947428,0.05687892881527451,16768887.754946647,15813050.77948136,0.05970050310847355,7.554967365972978,0.6182508978439398,0.5304152352157144,0.0002904590898994011,0.10881204097865155,0.11988168613817177,-219.4860440692385,0.18665475801679038,,,,,,,,,,,,,,,,,,,,,,,,,,,,,,,,,,,,,,,,,,,,,,,,,,,,,,,,,,,,,,,,,
reliability_first,nominal,PPO,PPO,13,1025721121,372372750,535536204,3cabdc2e2c3a75659a16,stochastic,150,300,250,1,500,1,800,1,150-step training / 300-step arrival window + >= 250-step no-arrival drain adaptively extended to cohort maturity (cap 500),1186372877,1,262.1022107999888,reliability_first,200,0.0,0.7493247873197566,0.6967189843880244,0.0,1.0,0.2508910587792921,0.30328101561197557,0.3286480310007211,50.17821175585842,0.2508910587792921,-0.12033566086086112,-0.14718311195445918,0.00139162943571918,0.00819672131147541,0.012526069454408857,0.2803356608608611,0.30718311195445913,0.31639486089541846,0.7096072274857211,0.8774358246084282,,0.9986083705642806,0.0,0.0,0.0,0.9187128047888871,0.6854860421939749,0.08018679554159983,0.05474378974065197,0.001100399669513042,2.9591840610655935,10.765,3.28,10.805,250.0,250.0,250.0,0.0,0.0,550.0,326.0,326.0,1.0,0.0,,46.99093457640875,67.12502532928063,75.29836953642382,74.4072628049969,2.9591840610655935,2.623747965254898,2.6199941635803263,0.061439608609712384,23095978.277623285,21967099.28514104,0.043283202876522146,1.927427830034454,0.6570634050338987,0.5813650669801548,0.0,0.16439911450364408,0.17921519539020098,38.68473691360429,0.3628467775485521,,,,,,,,,,,,,,,,,,,,,,,,,,,,,,,,,,,,,,,,,,,,,,,,,,,,,,,,,,,,,,,,,
reliability_first,nominal,PPO-Lagrangian,PPO-Lagrangian,13,1025721121,372372750,535536204,454f28c68eb87e33907f,stochastic,150,300,250,1,500,1,800,1,150-step training / 300-step arrival window + >= 250-step no-arrival drain adaptively extended to cohort maturity (cap 500),1186372877,1,254.03850810002768,reliability_first,200,0.0,0.9304782225906468,0.8764678345656951,0.81,1.0,0.06952177740935307,0.1235321654343049,0.13939887401360265,13.904355481870613,0.06952177740935307,-0.023632408924049456,-0.051836317097304005,0.000553127645087286,0.0074741676234213504,0.008911928277748334,0.18363240892404945,0.211836317097304,0.2188601101342012,0.8157551132186162,0.908869837906769,,0.9994468723549127,0.0,0.0,0.0,0.8157387940121404,0.7734619838576848,0.18410333959818523,0.06487137686281728,0.00015786638967434167,2.6579077118536962,24.44,5.595,24.49,250.0,250.0,250.0,0.0,0.0,550.0,326.0,326.0,1.0,0.0,,70.33130380671457,91.75722216714583,96.29275719407921,96.1337184791137,2.6579077118536962,2.4286926269839557,2.401006398545415,0.05390395763067092,27023825.07623616,25436322.38105637,0.03698265720736779,2.475272634156026,0.6536636436164036,0.5810727668458979,0.0,0.14766153954742758,0.1606376993697629,57.671489704700555,0.22111167666209133,,,,,,,,,,,,,,,,,,,,,,,,,,,,,,,,,,,,,,,,,,,,,,,,,,,,,,,,,,,,,,,,,
reliability_first,nominal,PPO_CMDP,PPO_CMDP,13,1025721121,372372750,535536204,a070e26e29e031606ad8,stochastic,150,300,250,1,500,1,800,1,150-step training / 300-step arrival window + >= 250-step no-arrival drain adaptively extended to cohort maturity (cap 500),1186372877,1,277.9400926999515,reliability_first,200,0.005,0.9565535395459398,0.8877182846685356,0.935,0.995,0.04344646045406019,0.11228171533146432,0.12690276176047216,8.689292090812039,0.043664784375939895,-0.010003246473108206,-0.050723914310696595,0.00044540280494802855,0.0,0.00044540280494802855,0.16989637551099726,0.21072391431069656,0.21883725130166823,0.7799611914063362,0.8732830464780589,,0.999554597195052,0.0,0.0,0.0,0.7976120796907702,0.7396421378527694,0.20220368876149947,0.05867909197342048,0.00018423154773035196,2.5664312035203602,26.665,5.29,26.7,250.0,250.0,250.0,0.0,0.0,550.0,326.0,326.0,1.0,0.0,,69.47051978032852,92.61650480947095,97.64781185998879,96.96039461543226,2.5664312035203602,2.319266544490334,2.294148224004733,0.05805394770296303,29000001.336657085,26963138.514341544,0.03445874234960144,2.257904803679406,0.6557781176264139,0.5900749613440616,0.0,0.1425795113066867,0.15541362883506246,57.90978622095792,0.3533960086145215,,,,,,,,,,,,,,,,,,,,,,,,,,,,,,,,,,,,,,,,,,,,,,,,,,,,,,,,,,,,,,,,,
reliability_first,nominal,Intent-PPO-CMDP-NoRisk,Intent-PPO-CMDP-NoRisk,13,1025721121,372372750,535536204,4606dec7f3efe1c94a9c,stochastic,150,300,250,1,500,1,800,1,150-step training / 300-step arrival window + >= 250-step no-arrival drain adaptively extended to cohort maturity (cap 500),1186372877,1,283.62103929999284,reliability_first,200,0.0,0.7871836326210306,0.7358256190989811,0.0,1.0,0.21281636737896925,0.26417438090101886,0.2766902466774738,42.56327347579385,0.21281636737896925,-0.10532480060530569,-0.13206992056856187,0.0008554928551607923,0.007751937984496124,0.00832196156810739,0.26532480060530567,0.2920699205685619,0.2980308635013632,0.6033491952582424,0.8225890065024464,,0.9991445071448392,0.0,0.0,0.0,0.9420036132386579,0.5865522997912131,0.05725103136484991,0.04729056349748732,0.000745355396492122,2.999493011783876,7.535,2.25,7.55,250.0,250.0,250.0,0.0,0.0,550.0,326.0,326.0,1.0,0.0,,37.49989368084043,51.55145985401458,56.930448979591816,56.181087823436584,2.999493011783876,2.646349245383126,2.5664562723360245,0.07677487775327695,23354148.635350533,22222458.044404745,0.04279153834671529,1.5090489125747208,0.6576060316515755,0.5904190003227175,0.0,0.16663850065465977,0.1867326440053999,54.59722403989913,0.16164387248767473,,,,,,,,,,,,,,,,,,,,,,,,,,,,,,,,,,,,,,,,,,,,,,,,,,,,,,,,,,,,,,,,,
reliability_first,nominal,Intent-PPO-CMDP,Intent-PPO-CMDP,13,1025721121,372372750,535536204,09d0d30da2ff448dad2f,stochastic,150,300,250,1,500,1,800,1,150-step training / 300-step arrival window + >= 250-step no-arrival drain adaptively extended to cohort maturity (cap 500),1186372877,1,309.3859143999871,reliability_first,200,0.0,0.7959535217690262,0.7400110708534622,0.0,1.0,0.20404647823097372,0.2599889291465378,0.2729699164877581,40.80929564619474,0.20404647823097372,-0.09962916916737939,-0.12389209107873159,0.014046793288764205,0.02631578947368421,0.027359493438989912,0.2596291691673794,0.2838920910787316,0.2920407379344442,0.6594989188186511,0.8613587464936094,,0.9859532067112358,0.0,0.0,0.0,0.9237674286235185,0.640065717423623,0.06225988875965409,0.047529477231139705,0.013972682616827445,2.9959184273890838,8.325,2.615,8.335,250.0,250.0,250.0,0.0,0.0,550.0,326.0,326.0,1.0,0.0,,40.13600157382366,55.324869084324376,63.007527707563675,59.81759779988433,2.9959184273890838,2.602597560345146,2.5899976763489,0.07218362338883015,23493304.591974087,22344575.88600603,0.04253545981410099,1.6143477103962793,0.6450492445780853,0.5816961363822104,0.0,0.1664399126327269,0.1844637318307497,56.49336166826515,0.15438694800407857,,,,,,,,,,,,,,,,,,,,,,,,,,,,,,,,,,,,,,,,,,,,,,,,,,,,,,,,,,,,,,,,,
reliability_first,nominal,Intent-PPO-CMDP-FullPolicy-NoShield,Intent-PPO-CMDP,13,1025721121,372372750,535536204,09d0d30da2ff448dad2f,stochastic,150,300,250,1,500,1,800,1,150-step training / 300-step arrival window + >= 250-step no-arrival drain adaptively extended to cohort maturity (cap 500),1186372877,1,309.3859143999871,reliability_first,200,0.0,0.5208299084155518,0.4344818315106962,0.0,1.0,3.098030665945828,3.668410877556612,3.7823132461604887,619.6061331891656,3.098030665945828,-0.4469542298741358,-0.5326008064516129,0.4769542298741359,0.5626008064516129,0.5808253665142742,0.27897410174438747,0.31126131096888104,0.32003723287267094,0.689096259086869,0.824393642198714,,0.5230457701258642,0.0,0.0,0.0,0.5013873934150602,0.6816357713586991,0.0254042398742263,0.023436974671160248,0.4732083667107135,1.6562718815968005,2.845,0.99,3.34,250.0,250.0,250.0,0.0,0.0,550.0,326.0,326.0,1.0,0.0,,24.57980814468986,35.2249420289855,43.62285670731708,40.82623335136835,1.6562718815968005,1.2872223868568735,1.2740041735067724,0.1392786417884009,21690242.215475198,20248066.393888816,0.046036541644535564,0.5775000705951882,0.5836244318499857,0.48784704735800793,0.002348714504486448,0.0920151045331556,0.11275518770890225,2.5202371674771302,3.8600238099246944,,,,,,,,,,,,,,,,,,,,,,,,,,,,,,,,,,,,,,,,,,,,,,,,,,,,,,,,,,,,,,,,,
reliability_first,nominal,MaxWeight,MaxWeight,14,1103526060,1905340783,1583094611,,stochastic,150,300,250,1,500,1,800,1,150-step training / 300-step arrival window + >= 250-step no-arrival drain adaptively extended to cohort maturity (cap 500),727285505,0,1.0200077667832375e-05,reliability_first,200,0.0,0.9348325079667265,0.9247629143896303,0.995,1.0,0.0651674920332734,0.07523708561036963,0.08072082845836238,13.033498406654681,0.0651674920332734,0.026272010339122867,0.013130574881812507,0.0,0.0,0.0,0.12365212973517627,0.14686942511818749,0.1682103216462269,0.9450349238989156,0.9809692955132099,,0.9541667058862163,0.04583329411378374,0.0,0.04583329411378374,0.5611847658813911,0.8220382257699496,0.4388152341186089,0.12652238280231173,0.0,2.0619037078971263,52.35,16.45,52.35,250.0,253.045,277.0,3.045,27.0,553.045,277.0,277.0,1.0,0.0,,136.70541914250322,154.8,166.2325064526989,160.72927448162835,2.0619037078971263,1.8737316544984395,1.8574953369681837,0.06357242779970992,19567863.48454663,18540063.72034015,0.0511524990828812,6.654559303041575,0.6328720840022547,0.5671565173324841,0.0,0.1145502059942848,0.12394833933493705,-204.8676656792924,0.21902102690515582,,,,,,,,,,,,,,,,,,,,,,,,,,,,,,,,,,,,,,,,,,,,,,,,,,,,,,,,,,,,,,,,,
reliability_first,nominal,PPO,PPO,14,1103526060,1905340783,1823775964,0a65909e93fb2c778ea0,stochastic,150,300,250,1,500,1,800,1,150-step training / 300-step arrival window + >= 250-step no-arrival drain adaptively extended to cohort maturity (cap 500),727285505,1,272.0849051999976,reliability_first,200,0.0,0.8229232150735944,0.7711355786117186,0.01,1.0,0.17707678492640555,0.22886442138828142,0.23998821024654812,35.41535698528111,0.17707678492640555,-0.08082015734254787,-0.10616661341640377,0.001650677647624285,0.008333333333333333,0.011504520594966122,0.24082015734254789,0.2661666134164037,0.27431015561162725,0.7581305681537525,0.8819880439122663,,0.9983493223523757,0.0,0.0,0.0,0.8771782110721051,0.7212190103241525,0.12160287424288146,0.0654719679926402,0.0012189146850134314,2.914763827868809,16.76,5.08,16.82,250.0,250.0,250.0,0.0,0.0,550.0,277.0,277.0,1.0,0.0,,51.280916521422085,74.07988677988678,83.90194108677052,81.1525877565494,2.914763827868809,2.6415302611221207,2.6060969656318838,0.057002452461318784,25549311.037838735,24164973.76246506,0.03909951350744942,1.9589524423502476,0.6521995672855307,0.5992218809581148,0.0,0.16193132377048935,0.17723949209646364,49.25178599255867,0.2866975898491096,,,,,,,,,,,,,,,,,,,,,,,,,,,,,,,,,,,,,,,,,,,,,,,,,,,,,,,,,,,,,,,,,
reliability_first,nominal,PPO-Lagrangian,PPO-Lagrangian,14,1103526060,1905340783,1823775964,337f5a10e02765106fee,stochastic,150,300,250,1,500,1,800,1,150-step training / 300-step arrival window + >= 250-step no-arrival drain adaptively extended to cohort maturity (cap 500),727285505,1,284.58887489995686,reliability_first,200,0.01,0.9553108783906411,0.89732972347933,0.94,0.99,0.04468912160935895,0.1026702765206699,0.1269121897182584,8.93782432187179,0.04514052687814036,-0.008853256289362024,-0.04620749060318596,0.0007980282013739745,0.00752164502164502,0.008746259080510929,0.16877048969651967,0.20620749060318594,0.2198984312740627,0.7937178544996715,0.8752956082848137,,0.999201971798626,0.0,0.0,0.0,0.795515628348206,0.7452807004259726,0.20398834900976057,0.06848326416087376,0.0004960226420335847,2.6302639792232525,27.32,6.46,27.36,250.0,250.0,250.0,0.0,0.0,550.0,277.0,277.0,1.0,0.0,,69.32162012110193,90.85325163398691,101.3778299809132,95.28794249546041,2.6302639792232525,2.4428076204635976,2.4187553919083817,0.04509368626454363,32143819.286161996,29893995.568353515,0.031103645328693925,2.07621301354859,0.6588872816850255,0.5986340658875793,0.0,0.14612577662351403,0.15660712371488725,66.94042109188563,0.1698372805254652,,,,,,,,,,,,,,,,,,,,,,,,,,,,,,,,,,,,,,,,,,,,,,,,,,,,,,,,,,,,,,,,,
reliability_first,nominal,PPO_CMDP,PPO_CMDP,14,1103526060,1905340783,1823775964,dadb88684cb84768bf3a,stochastic,150,300,250,1,500,1,800,1,150-step training / 300-step arrival window + >= 250-step no-arrival drain adaptively extended to cohort maturity (cap 500),727285505,1,264.74071779998485,reliability_first,200,0.0,0.7754847629857932,0.7222326559321889,0.0,1.0,0.2245152370142068,0.2777673440678111,0.28546110815218106,44.90304740284136,0.2245152370142068,-0.11160214969742578,-0.13762457668118044,0.000975365025054497,0.007936507936507936,0.009218709690552716,0.2716021496974258,0.2976245766811804,0.3029074164636275,0.5542901354186456,0.812549756260611,,0.9990246349749455,0.0,0.0,0.0,0.9413120854581762,0.5388814636239272,0.057826000985078084,0.04797473664442675,0.0008619135567456704,3.0890163924566183,7.89,2.155,7.905,250.0,250.0,250.0,0.0,0.0,550.0,277.0,277.0,1.0,0.0,,34.1801040436327,46.96463157894737,56.39140688775506,53.42733007640494,3.0890163924566183,2.7154033893815144,2.665077580041456,0.07012251403138514,26678780.84055107,25481134.628124565,0.03746352842009318,1.2423640888626788,0.6528933025043807,0.5947338546077814,0.0,0.17161202180314547,0.19103403886386605,60.74205175934853,0.15272205744494455,,,,,,,,,,,,,,,,,,,,,,,,,,,,,,,,,,,,,,,,,,,,,,,,,,,,,,,,,,,,,,,,,
reliability_first,nominal,Intent-PPO-CMDP-NoRisk,Intent-PPO-CMDP-NoRisk,14,1103526060,1905340783,1823775964,72924e27f6df7ecb428f,stochastic,150,300,250,1,500,1,800,1,150-step training / 300-step arrival window + >= 250-step no-arrival drain adaptively extended to cohort maturity (cap 500),727285505,1,270.7660398000153,reliability_first,200,0.0,0.7711114724119935,0.7199387922933288,0.0,1.0,0.22888852758800657,0.28006120770667126,0.2932472183377349,45.77770551760131,0.22888852758800657,-0.11365569217565814,-0.14013170417078238,0.0012099195131502352,0.008136800376268224,0.010859978579414318,0.2736556921756581,0.3001317041707824,0.30427600126535664,0.5301556941219914,0.8194991779978806,,0.9987900804868498,0.0,0.0,0.0,0.9438645675095616,0.5149403038584168,0.05503278727118084,0.04714837063067527,0.001102645219257663,3.0959271901510554,7.55,2.16,7.565,250.0,250.0,250.0,0.0,0.0,550.0,277.0,277.0,1.0,0.0,,34.0808536401305,49.57882177991305,55.64316129032256,54.337233241679165,3.0959271901510554,2.7694727199683977,2.702282561433809,0.06889639758971061,26302343.764942847,25078546.037828565,0.03799660746436447,1.2553764390543805,0.6575739853898702,0.5984201184198362,0.0,0.17199595500839193,0.1890818235129225,59.58641208340121,0.18842229609551414,,,,,,,,,,,,,,,,,,,,,,,,,,,,,,,,,,,,,,,,,,,,,,,,,,,,,,,,,,,,,,,,,
reliability_first,nominal,Intent-PPO-CMDP,Intent-PPO-CMDP,14,1103526060,1905340783,1823775964,fd2a9bdca11bd34bca64,stochastic,150,300,250,1,500,1,800,1,150-step training / 300-step arrival window + >= 250-step no-arrival drain adaptively extended to cohort maturity (cap 500),727285505,1,319.06714920001104,reliability_first,200,0.0,0.8851383215941113,0.8334760628502638,0.33,1.0,0.11486167840588864,0.16652393714973626,0.18163317839954018,22.97233568117773,0.11486167840588864,-0.04605871848249853,-0.070438470995061,0.018883652957149003,0.028179003096593744,0.029174848255189057,0.20605871848249852,0.23043847099506098,0.24059783149059885,0.8213066528373625,0.903848910440505,,0.9811163470428511,0.0,0.0,0.0,0.8392692903283168,0.7768328995467317,0.14237886919600767,0.06966859046539214,0.018351840475675542,2.8151218561281555,19.275,5.985,19.35,250.0,250.0,250.0,0.0,0.0,550.0,277.0,277.0,1.0,0.0,,60.817916768140805,79.8941263096905,85.93616881298992,83.74798796590328,2.8151218561281555,2.589429679197155,2.5550033349627976,0.05203217342067843,29490580.837377496,27836985.65334398,0.03388957491638169,1.9848494200732913,0.6460656958434676,0.5833365781259497,0.0,0.15639565867378638,0.17089567739806025,65.28024171411195,0.14558769295413365,,,,,,,,,,,,,,,,,,,,,,,,,,,,,,,,,,,,,,,,,,,,,,,,,,,,,,,,,,,,,,,,,
reliability_first,nominal,Intent-PPO-CMDP-FullPolicy-NoShield,Intent-PPO-CMDP,14,1103526060,1905340783,1823775964,fd2a9bdca11bd34bca64,stochastic,150,300,250,1,500,1,800,1,150-step training / 300-step arrival window + >= 250-step no-arrival drain adaptively extended to cohort maturity (cap 500),727285505,1,319.06714920001104,reliability_first,200,0.0,0.5998460450231845,0.5126585552542164,0.0,1.0,2.9030282687880824,3.4645122317079924,3.5792154413027033,580.6056537576164,2.9030282687880824,-0.42853460227610163,-0.5116960093896713,0.4585346022761017,0.5416960093896713,0.5571146014089869,0.24018452252653646,0.2773416751787538,0.2834331177894524,0.7561585218458552,0.8879875822906934,,0.5414653977238983,0.0,0.0,0.0,0.5121366058741504,0.7422119767708152,0.03670491889978237,0.02893025804736385,0.4511584752260671,1.7899920244156748,3.975,1.92,4.995,250.0,250.0,250.0,0.0,0.0,550.0,277.0,277.0,1.0,0.0,,33.36534258572636,46.32377289377289,54.66197701532309,50.91028433942181,1.7899920244156748,1.4500828026478079,1.433368941718262,0.11329229860960423,25986999.62904543,24097875.96921368,0.03843789504478923,0.7156994892283317,0.5369894793590452,0.46869986537887864,0.005850820850908858,0.09944400135642636,0.11818040070918992,13.673709655560483,0.7330737796613586,,,,,,,,,,,,,,,,,,,,,,,,,,,,,,,,,,,,,,,,,,,,,,,,,,,,,,,,,,,,,,,,,
reliability_first,nominal,MaxWeight,MaxWeight,15,1481178426,1997781942,662787489,,stochastic,150,300,250,1,500,1,800,1,150-step training / 300-step arrival window + >= 250-step no-arrival drain adaptively extended to cohort maturity (cap 500),1321376352,0,1.100008375942707e-05,reliability_first,200,0.0,0.922205541375114,0.7863596086262195,0.8,1.0,0.07779445862488601,0.21364039137378044,0.24421605405917393,15.558891724977203,0.07779445862488601,-0.004262812664745543,-0.10720863276211536,0.0,0.0,0.0,0.16030281548399108,0.26720863276211526,0.28255205621878543,0.7643814814643106,0.9607055375418438,,0.9968863236535576,0.0031136763464424634,0.0,0.0031136763464424634,0.7235022521215535,0.6767035260420212,0.27649774787844655,0.1037886732637957,0.0,2.4536740300479396,36.81,11.8,36.81,250.0,250.245,270.0,0.245,20.0,550.245,298.0,298.0,1.0,0.0,,88.06634488266606,131.22856262934857,140.18304631348462,138.8536204118373,2.4536740300479396,2.165693348829155,2.151436280672867,0.11652374525814667,20421346.76465516,18612811.422496196,0.04954015996586126,4.140004531176302,0.6669430273492811,0.6123380160838316,0.0,0.13631522389155218,0.1723793369797522,-86.81160593414933,1.1667207342350323,,,,,,,,,,,,,,,,,,,,,,,,,,,,,,,,,,,,,,,,,,,,,,,,,,,,,,,,,,,,,,,,,
reliability_first,nominal,PPO,PPO,15,1481178426,1997781942,1596015111,461e22a59e6f436fac36,stochastic,150,300,250,1,500,1,800,1,150-step training / 300-step arrival window + >= 250-step no-arrival drain adaptively extended to cohort maturity (cap 500),1321376352,1,258.87767640000675,reliability_first,200,0.05,0.9673638829566567,0.9127382427271159,0.965,0.95,0.03263611704334338,0.08726175727288403,0.10818274115044624,6.527223408668675,0.03435380741404566,-0.007405112279602015,-0.037475416562352204,0.0007990235532170853,0.0075845665961945,0.008799507619243991,0.16727799514409747,0.1974754165623522,0.20403600590602705,0.7576354129700371,0.8513312413380335,,0.999200976446783,0.0,0.0,0.0,0.8723836863009993,0.7182756015800049,0.12707985619332096,0.06400919590209603,0.000536457505679732,2.850873044667881,17.09,5.27,17.125,250.0,250.0,250.0,0.0,0.0,550.0,298.0,298.0,1.0,0.0,,55.19145213287106,69.86651785714285,78.87285714285711,74.47558740056238,2.850873044667881,2.520600733458121,2.498347237858817,0.06595682846102315,31273198.320671286,29672815.964746285,0.03195699420536168,1.6877624947939949,0.6636308844596732,0.6022016732369495,0.0,0.15838183581488227,0.17484998765305018,87.52746585936193,0.12132332621824632,,,,,,,,,,,,,,,,,,,,,,,,,,,,,,,,,,,,,,,,,,,,,,,,,,,,,,,,,,,,,,,,,
reliability_first,nominal,PPO-Lagrangian,PPO-Lagrangian,15,1481178426,1997781942,1596015111,c54dc7a9b9a68be549b7,stochastic,150,300,250,1,500,1,800,1,150-step training / 300-step arrival window + >= 250-step no-arrival drain adaptively extended to cohort maturity (cap 500),1321376352,1,254.7300168000511,reliability_first,200,0.01,0.9761362188268567,0.9396216392876838,0.985,0.99,0.023863781173143216,0.06037836071231623,0.09293399128117452,4.772756234628643,0.024104829467821425,0.01869372800002129,-0.01618530020703934,0.002050846294297885,0.008340395480225986,0.013601970727425822,0.125771466012682,0.17618530020703932,0.19063344427183204,0.7935316334077944,0.8695233886707721,,0.9979136927127942,3.546099290780142e-05,0.0,3.546099290780142e-05,0.7266720431698447,0.748348186778291,0.27287073600244144,0.06171974319202629,0.0004572208277138941,2.4003381067451794,36.44,6.05,36.65,250.0,250.0,250.0,0.0,0.0,550.0,298.0,298.0,1.0,0.0,,88.52160973608949,115.16515049199305,130.99015629139072,122.55107921881503,2.4003381067451794,2.0876275121179764,2.07984177730835,0.07359244849937954,33573585.26802868,30882441.937067118,0.029813988623170674,2.529089032085995,0.6637969852907212,0.6067523567055777,0.0,0.13335211704139888,0.14901167678488794,58.47742998013122,0.4673324666295789,,,,,,,,,,,,,,,,,,,,,,,,,,,,,,,,,,,,,,,,,,,,,,,,,,,,,,,,,,,,,,,,,
reliability_first,nominal,PPO_CMDP,PPO_CMDP,15,1481178426,1997781942,1596015111,fc83225982e20e56ecdd,stochastic,150,300,250,1,500,1,800,1,150-step training / 300-step arrival window + >= 250-step no-arrival drain adaptively extended to cohort maturity (cap 500),1321376352,1,273.55554740002844,reliability_first,200,0.03,0.980021330433194,0.9499919759836092,0.995,0.97,0.019978669566806172,0.050008024016390665,0.0717107213806005,3.9957339133612346,0.020596566563717708,0.013459173752678182,-0.01625077481625784,0.0008371206667179651,0.007695289206917113,0.008221239465885679,0.14235405066027948,0.17625077481625784,0.18732858886118847,0.7849421538500523,0.8748144462537205,,0.9991628793332821,0.0,0.0,0.0,0.8237546294682523,0.7414623554277798,0.17579643747043733,0.06508290920544015,0.0004489330613104667,2.6739938534896526,23.39,5.76,23.44,250.0,250.0,250.0,0.0,0.0,550.0,298.0,298.0,1.0,0.0,,69.54644563719873,85.8445266728338,96.48139898132428,91.58300472658144,2.6739938534896526,2.417545049099159,2.3962236997035773,0.058828933849319434,33125009.52669079,31296914.146672007,0.030179277225599255,1.983371245674417,0.6649018253034167,0.6144179406974987,0.0,0.14855521408275846,0.1620304222154816,82.2115007795448,0.12321096027770895,,,,,,,,,,,,,,,,,,,,,,,,,,,,,,,,,,,,,,,,,,,,,,,,,,,,,,,,,,,,,,,,,
reliability_first,nominal,Intent-PPO-CMDP-NoRisk,Intent-PPO-CMDP-NoRisk,15,1481178426,1997781942,1596015111,8c806f3e428ad93e5ba2,stochastic,150,300,250,1,500,1,800,1,150-step training / 300-step arrival window + >= 250-step no-arrival drain adaptively extended to cohort maturity (cap 500),1321376352,1,275.68097020004643,reliability_first,200,0.0,0.9466790408369498,0.8767875610047683,0.84,1.0,0.053320959163050255,0.12321243899523168,0.14953145434259085,10.66419183261005,0.053320959163050255,-0.0026784425737516704,-0.04435045127553658,0.0023344236125582007,0.00918144355644347,0.015576081601653547,0.15799553098137228,0.20435045127553658,0.21383315136029504,0.8185873751111211,0.8954142004241277,,0.9976655763874419,0.0,0.0,0.0,0.6897716696179523,0.7680853996301866,0.3099246066198081,0.06459346328378002,0.0003037237622395527,2.251374774322454,40.83,6.66,41.1,250.0,250.0,250.0,0.0,0.0,550.0,298.0,298.0,1.0,0.0,,98.65396347607826,127.42512570245489,137.239610042735,134.14837582726724,2.251374774322454,2.0307400928135277,2.0125734518224876,0.07292572689222716,32390795.05112396,30164474.97313552,0.03091182517387517,2.890659482868396,0.662749142645859,0.6095548644276246,0.0,0.1250763763512474,0.1421088617327196,30.340038530076036,1.0605548707910746,,,,,,,,,,,,,,,,,,,,,,,,,,,,,,,,,,,,,,,,,,,,,,,,,,,,,,,,,,,,,,,,,
reliability_first,nominal,Intent-PPO-CMDP,Intent-PPO-CMDP,15,1481178426,1997781942,1596015111,618554fca77aa7604c32,stochastic,150,300,250,1,500,1,800,1,150-step training / 300-step arrival window + >= 250-step no-arrival drain adaptively extended to cohort maturity (cap 500),1321376352,1,332.33217309997417,reliability_first,200,0.025,0.9816250697317611,0.9634120592010926,1.0,0.975,0.018374930268239047,0.036587940798907356,0.06168949197629527,3.6749860536478094,0.018846082326399023,0.020524177975854804,-0.003453976488995942,0.004064789448713595,0.014609353879426868,0.017184548292560643,0.12123249233693877,0.16345397648899593,0.1759155381204535,0.7881690251347214,0.8623435388009675,,0.9959352105512863,0.0,0.0,0.0,0.7559496160239224,0.742034871610185,0.24006419929277784,0.06481871617730602,0.003986184683299691,2.488293040954509,32.175,6.145,32.185,250.0,250.0,250.0,0.0,0.0,550.0,298.0,298.0,1.0,0.0,,81.03011546833227,105.47160414890594,112.9943702359346,111.95634468599067,2.488293040954509,2.1827760600618227,2.1750393837632807,0.06967246442177567,33798236.447703466,31182639.553684395,0.029597193497855175,2.2826722578331395,0.6682338952538927,0.605645597081924,0.0,0.1382385022752505,0.15655519830597453,70.71590624053479,0.28081455383288817,,,,,,,,,,,,,,,,,,,,,,,,,,,,,,,,,,,,,,,,,,,,,,,,,,,,,,,,,,,,,,,,,
reliability_first,nominal,Intent-PPO-CMDP-FullPolicy-NoShield,Intent-PPO-CMDP,15,1481178426,1997781942,1596015111,618554fca77aa7604c32,stochastic,150,300,250,1,500,1,800,1,150-step training / 300-step arrival window + >= 250-step no-arrival drain adaptively extended to cohort maturity (cap 500),1321376352,1,332.33217309997417,reliability_first,200,0.0,0.8159585411371697,0.7715814166442522,0.125,1.0,0.28491377921504324,0.5323615461085522,0.6417553660810429,56.98275584300865,0.28491377921504324,-0.04168637573730731,-0.08269442743417024,0.07167992692296375,0.11269442743417024,0.12716286165701568,0.12491208800700501,0.1695577262123128,0.18349739840063445,0.7917714164939891,0.8701174738016721,,0.9283200730770363,0.0,0.0,0.0,0.7192071457274701,0.7483377691944475,0.22638471824391776,0.058788280945119384,0.054408136028612074,2.404457531985209,28.315,5.855,30.675,250.0,250.0,250.0,0.0,0.0,550.0,298.0,298.0,1.0,0.0,,78.22411549875628,99.16180124223601,104.88025951219511,103.60056276792409,2.404457531985209,2.1231006782333854,2.088377717376839,0.0715018747274413,33482039.605184764,31415588.17690845,0.029866522044370132,2.1141432902990265,0.6594151880151041,0.5933281980323246,0.0,0.13358097399917826,0.1490744092503154,62.16326690628739,0.3047574821166751,,,,,,,,,,,,,,,,,,,,,,,,,,,,,,,,,,,,,,,,,,,,,,,,,,,,,,,,,,,,,,,,,
reliability_first,congestion_burst,MaxWeight,MaxWeight,11,471540437,1073362871,958348009,,stochastic,150,300,250,1,500,1,800,1,150-step training / 300-step arrival window + >= 250-step no-arrival drain adaptively extended to cohort maturity (cap 500),1856632149,0,1.0800082236528397e-05,reliability_first,200,0.0,0.9237999426158271,0.9135486000978895,1.0,1.0,0.07620005738417292,0.0864513999021105,0.08953559413753254,15.240011476834583,0.07620005738417292,0.02937752638482426,0.025164629014914206,0.0,0.0,0.0,0.1113328246025531,0.1348353709850858,0.1406243765922082,0.9743879012613818,0.9923299591385643,,0.6794295945624735,0.3205704054375266,0.0,0.3205704054375266,0.3762205544624769,0.872313151074384,0.6237794455375232,0.10207475018699771,0.0,1.903892721643753,57.225,19.335,57.225,250.0,250.02,252.0,0.02,2.0,550.02,252.0,252.0,1.0,0.0,,155.201774418963,170.05757575757573,173.18787583282858,173.05918541460113,1.903892721643753,1.7299553213033476,1.7190864133978654,0.05799248673756483,18738815.471986033,17715645.85769828,0.05337649923182797,8.32197177620416,0.528463164254657,0.49146722139925764,0.001296123088918974,0.10577181786909738,0.11416938289599432,-150.18954190375436,0.15023313683215103,,,,,,,,,,,,,,,,,,,,,,,,,,,,,,,,,,,,,,,,,,,,,,,,,,,,,,,,,,,,,,,,,
reliability_first,congestion_burst,PPO,PPO,11,471540437,1073362871,1897045420,b9c1e1a3273f0ff06c77,stochastic,150,300,250,1,500,1,800,1,150-step training / 300-step arrival window + >= 250-step no-arrival drain adaptively extended to cohort maturity (cap 500),1856632149,1,259.96485530002974,reliability_first,200,0.0,0.9581799414868031,0.9334670957883012,0.995,1.0,0.04182005851319679,0.06653290421169879,0.07511863539568955,8.364011702639358,0.04182005851319679,0.009188286034167232,-0.01360131255127152,0.00015826320626583513,0.0,0.00015826320626583513,0.15026357056409897,0.1736013125512715,0.17829853853626124,0.8904302943357939,0.9493918225842473,,0.9991707272575076,0.0006710095362265247,0.0,0.0006710095362265247,0.5737453474690142,0.8342636617915764,0.426228056786305,0.06715527455020819,2.6595744680851064e-05,2.7025800466454823,81.575,10.77,81.6,250.0,250.0,250.0,0.0,0.0,550.0,252.0,252.0,1.0,0.0,,132.5131796470365,157.08702394419302,171.22947867298578,166.65617749482863,2.7025800466454823,2.43078704841543,2.4252092944012476,0.056455499735177384,33457673.718574304,32565447.536758747,0.029895070776680868,5.304927208358945,0.6797608549649362,0.6253801548182739,0.0,0.15014333592474902,0.1646982740221879,28.009589439274972,0.731118492624795,,,,,,,,,,,,,,,,,,,,,,,,,,,,,,,,,,,,,,,,,,,,,,,,,,,,,,,,,,,,,,,,,
reliability_first,congestion_burst,PPO-Lagrangian,PPO-Lagrangian,11,471540437,1073362871,1897045420,97597eec01eed730a745,stochastic,150,300,250,1,500,1,800,1,150-step training / 300-step arrival window + >= 250-step no-arrival drain adaptively extended to cohort maturity (cap 500),1856632149,1,273.0232358999783,reliability_first,200,0.0,0.9473310688598243,0.9332813394495488,0.995,1.0,0.05266893114017561,0.06671866055045103,0.07591516756303439,10.533786228035122,0.05266893114017561,0.025555420133721477,0.000543607199958756,3.205128205128205e-05,0.0,3.205128205128205e-05,0.11134823058100388,0.15945639280004123,0.1651877752407263,0.894663611936629,0.9462993819409524,,0.8197458997107643,0.18022204900718447,0.0,0.18022204900718447,0.4440607674562175,0.8377377449810265,0.5559071812617313,0.06479190588275373,3.205128205128205e-05,2.0586392231682917,71.035,10.83,71.035,250.0,250.0,250.0,0.0,0.0,550.0,252.0,252.0,1.0,0.0,,165.29509719053127,184.3658225881622,192.93248475609752,190.10167032872255,2.0586392231682917,1.810690380310187,1.8196537013238214,0.06881990983927667,34450043.71305324,32199968.406793896,0.029012896311517027,5.363145095365211,0.6650712689460334,0.6005705437765355,0.0,0.11436884573157176,0.12711586565151062,-56.4101823469765,0.39252739714001555,,,,,,,,,,,,,,,,,,,,,,,,,,,,,,,,,,,,,,,,,,,,,,,,,,,,,,,,,,,,,,,,,
reliability_first,congestion_burst,PPO_CMDP,PPO_CMDP,11,471540437,1073362871,1897045420,3e02143445d692cb208a,stochastic,150,300,250,1,500,1,800,1,150-step training / 300-step arrival window + >= 250-step no-arrival drain adaptively extended to cohort maturity (cap 500),1856632149,1,273.6423236000119,reliability_first,200,0.0,0.8776206431378069,0.8304958023042897,0.18,1.0,0.12237935686219321,0.16950419769571032,0.17880672636162462,24.475871372438643,0.12237935686219321,-0.042179080565531796,-0.06430179255896795,0.000478801135367287,0.005084115130092749,0.0056093890311937275,0.20217908056553177,0.22430179255896793,0.227973251995344,0.8930979520841917,0.9380778055573634,,0.9995211988646326,0.0,0.0,0.0,0.6573392268574146,0.8323195580293066,0.3424182281757078,0.07679322481091784,0.00024254496687765428,3.089809012654098,65.33,11.57,65.375,250.0,250.0,250.0,0.0,0.0,550.0,252.0,252.0,1.0,0.0,,104.29313983837476,122.63007462686566,130.29733632249759,128.30296903227213,3.089809012654098,2.8458492162430553,2.827059548651726,0.05102690314153482,30929390.774549786,30066146.826124087,0.03233634230366471,4.4855986883491905,0.6831936337434448,0.6387770227699455,0.0,0.17165605625856098,0.18830869942060405,45.94817208568858,0.33247156664962385,,,,,,,,,,,,,,,,,,,,,,,,,,,,,,,,,,,,,,,,,,,,,,,,,,,,,,,,,,,,,,,,,
reliability_first,congestion_burst,Intent-PPO-CMDP-NoRisk,Intent-PPO-CMDP-NoRisk,11,471540437,1073362871,1897045420,7d2ee40999bb1a6afe16,stochastic,150,300,250,1,500,1,800,1,150-step training / 300-step arrival window + >= 250-step no-arrival drain adaptively extended to cohort maturity (cap 500),1856632149,1,275.69379829999525,reliability_first,200,0.0,0.9510213429651142,0.9370929990178504,1.0,1.0,0.04897865703488589,0.06290700098214967,0.06790142031291505,9.795731406977177,0.04897865703488589,0.02713346092460779,0.012310121509409773,0.00016668858894572467,0.0,0.00016668858894572467,0.10710128944072546,0.14768987849059023,0.1532934410920576,0.8887817475529153,0.9406201093689226,,0.8361266262903813,0.16370668512067296,0.0,0.16370668512067296,0.45612038405212857,0.8326456290738616,0.5437729960088113,0.06361808863353707,0.00010661993906014112,2.1070052964464763,72.07,10.7,72.08,250.0,250.0,250.0,0.0,0.0,550.0,252.0,252.0,1.0,0.0,,163.26036779647637,177.95326567596953,182.10113061435206,181.68095108567428,2.1070052964464763,1.8585446631873597,1.8482687291172346,0.0713491333392752,34616719.26065835,32722851.535079535,0.028872677609986824,5.366476234904118,0.6708150134404633,0.6113741871968197,0.0,0.11705584980258202,0.13182728006668465,-49.64579999942944,0.44533419534030044,,,,,,,,,,,,,,,,,,,,,,,,,,,,,,,,,,,,,,,,,,,,,,,,,,,,,,,,,,,,,,,,,
reliability_first,congestion_burst,Intent-PPO-CMDP,Intent-PPO-CMDP,11,471540437,1073362871,1897045420,b12c9f3440d9c22ff923,stochastic,150,300,250,1,500,1,800,1,150-step training / 300-step arrival window + >= 250-step no-arrival drain adaptively extended to cohort maturity (cap 500),1856632149,1,319.3185737999738,reliability_first,200,0.0,0.9583294194818055,0.9490808790878478,1.0,1.0,0.0416705805181945,0.0509191209121522,0.05835125968813761,8.3341161036389,0.0416705805181945,0.015228261942344444,0.0028027761024909965,0.013812319425133043,0.025550483351235217,0.027623240805199907,0.10196214944833067,0.13552624177307754,0.15569521035278983,0.8826777367389832,0.9408931911800613,,0.9193211185915098,0.06686656198335719,0.0,0.06686656198335719,0.4912532737043456,0.835407435535992,0.49508858675099676,0.056103076488658206,0.013658139544657657,2.2756907184933226,80.9,8.995,80.93,250.0,250.0,250.0,0.0,0.0,550.0,252.0,252.0,1.0,0.0,,155.01803883474093,173.70438571697755,176.79425643896977,176.19015126338405,2.2756907184933226,2.05577513171202,2.025816956823461,0.05975888064999116,34566226.31038552,32920299.662143733,0.028924911535066766,5.5555139734153896,0.6794285900039227,0.6235629027763863,0.0,0.1264272621385179,0.13837103949923515,-16.342218006930015,1.096852847677648,,,,,,,,,,,,,,,,,,,,,,,,,,,,,,,,,,,,,,,,,,,,,,,,,,,,,,,,,,,,,,,,,
reliability_first,congestion_burst,Intent-PPO-CMDP-FullPolicy-NoShield,Intent-PPO-CMDP,11,471540437,1073362871,1897045420,b12c9f3440d9c22ff923,stochastic,150,300,250,1,500,1,800,1,150-step training / 300-step arrival window + >= 250-step no-arrival drain adaptively extended to cohort maturity (cap 500),1856632149,1,319.3185737999738,reliability_first,200,0.0,0.7553589540351229,0.7370675427230048,0.0,1.0,1.6003240522755668,2.100457588805779,2.3409929499920716,320.0648104551134,1.6003240522755668,-0.24586644792793286,-0.32696798493408663,0.27586644792793286,0.35696798493408655,0.3901861315171574,0.12402570174815385,0.1619047619047618,0.17644174435547758,0.8862569568007931,0.9369429588913765,,0.7107354712803491,0.01339808079171812,0.0,0.01339808079171812,0.40910363622237,0.8444735406396228,0.425035736675145,0.04925957190011309,0.16586062710248506,1.956375700088691,57.595,7.975,78.59,250.0,250.0,250.0,0.0,0.0,550.0,252.0,252.0,1.0,0.0,,135.35509454329375,156.77967557251907,165.61723458904106,162.68096404265978,1.956375700088691,1.7167491033831663,1.678586989411383,0.07708693086227895,33177186.906747464,31434586.64776992,0.030120730921653627,4.0388895291454,0.6468842219094176,0.5797877876969764,0.0,0.10868753889381616,0.12118374027586604,-54.44434528807142,0.5481657377114726,,,,,,,,,,,,,,,,,,,,,,,,,,,,,,,,,,,,,,,,,,,,,,,,,,,,,,,,,,,,,,,,,
reliability_first,congestion_burst,MaxWeight,MaxWeight,12,1729653623,2128646545,2047986418,,stochastic,150,300,250,1,500,1,800,1,150-step training / 300-step arrival window + >= 250-step no-arrival drain adaptively extended to cohort maturity (cap 500),157504053,0,2.259993925690651e-05,reliability_first,200,0.0,0.9293002969439308,0.9226787862779193,1.0,1.0,0.07069970305606915,0.07732121372208069,0.07962318502129995,14.13994061121383,0.07069970305606915,0.02927265685406859,0.028753278545200215,0.0,0.0,0.0,0.10804289764828556,0.1312467214547998,0.14432049105472633,0.9740630739118444,0.9907148497355152,,0.6896203458528376,0.31037965414716245,0.0,0.31037965414716245,0.37845191249249277,0.8708237368290976,0.6215480875075073,0.10323933708274652,0.0,2.040097106722277,58.305,19.315,58.305,250.0,251.7,278.0,1.7,28.0,551.7,278.0,278.0,1.0,0.0,,153.49871815133628,167.6007633587786,173.19293226176808,171.43560280129878,2.040097106722277,1.883519281557487,1.869470792955898,0.05373646488161798,15216056.94180114,14398041.18910873,0.0657222042042758,10.933310619826779,0.5316973847970778,0.49656384761934746,0.0007240992795023888,0.1133387281512376,0.12251626709014735,-144.14777072263442,0.17926907853034071,,,,,,,,,,,,,,,,,,,,,,,,,,,,,,,,,,,,,,,,,,,,,,,,,,,,,,,,,,,,,,,,,
reliability_first,congestion_burst,PPO,PPO,12,1729653623,2128646545,1621075116,2fb07c1ee95b181950c4,stochastic,150,300,250,1,500,1,800,1,150-step training / 300-step arrival window + >= 250-step no-arrival drain adaptively extended to cohort maturity (cap 500),157504053,1,284.739809300052,reliability_first,200,0.0,0.965652983200329,0.9547128931504666,1.0,1.0,0.034347016799670956,0.04528710684953343,0.048672351272408584,6.869403359934191,0.034347016799670956,0.027546117149205615,0.015662801904150012,0.0005515386692938288,0.005465982105326367,0.005797545536082234,0.11329470791733012,0.14433719809585,0.1529773632637622,0.8722197532656731,0.9282486216626967,,0.9567065511405773,0.0427419101901288,0.0,0.0427419101901288,0.5240818359018816,0.8225636566333908,0.4756722590481282,0.06022762315854358,0.0002459050499902487,2.538019541311993,80.76,9.285,80.815,250.0,250.0,250.0,0.0,0.0,550.0,278.0,278.0,1.0,0.0,,146.63212270996047,167.42540627362055,172.14490923441198,170.12658371638412,2.538019541311993,2.3027123880437257,2.2853614414115944,0.054376105861390044,29014580.090793945,27796849.085095428,0.03445873846174921,6.7725609142775625,0.6802518093569677,0.6238638723578201,0.0,0.14100108562844407,0.15311676348943984,4.466884434358303,4.098592785408182,,,,,,,,,,,,,,,,,,,,,,,,,,,,,,,,,,,,,,,,,,,,,,,,,,,,,,,,,,,,,,,,,
reliability_first,congestion_burst,PPO-Lagrangian,PPO-Lagrangian,12,1729653623,2128646545,1621075116,5ff4062933b4dfa3978e,stochastic,150,300,250,1,500,1,800,1,150-step training / 300-step arrival window + >= 250-step no-arrival drain adaptively extended to cohort maturity (cap 500),157504053,1,266.70855040004244,reliability_first,200,0.0,0.9518345311251274,0.9387700468494664,1.0,1.0,0.04816546887487262,0.06122995315053359,0.06554415481597328,9.633093774974524,0.04816546887487262,0.028679025064513572,0.024375565026475525,0.0013209749354864263,0.005624434973524471,0.008043298163397931,0.0630963474083045,0.09303159123114112,0.10031441627879845,0.9020942208327072,0.9481627983095503,,0.8905631721588761,0.10811585290563737,0.0,0.10811585290563737,0.4499335429276756,0.8436437178817675,0.5494441949127097,0.06795336173911215,0.0006222621596148298,2.206733302851434,81.88,10.92,82.01,250.0,250.07,263.0,0.07,13.0,550.07,278.0,278.0,1.0,0.0,,174.15883125864883,190.3029339197597,195.6004027149321,194.20601396617752,2.206733302851434,1.9549596229298711,1.927490791249752,0.07117735950380065,28509257.857203007,27379067.35412379,0.03508374997258007,7.77505887473938,0.6811206640628749,0.6293624945583813,0.0,0.12259629460285743,0.13602961633536184,-20.866116817241828,0.8082110501650309,,,,,,,,,,,,,,,,,,,,,,,,,,,,,,,,,,,,,,,,,,,,,,,,,,,,,,,,,,,,,,,,,
reliability_first,congestion_burst,PPO_CMDP,PPO_CMDP,12,1729653623,2128646545,1621075116,c2c338dd9800f45e9834,stochastic,150,300,250,1,500,1,800,1,150-step training / 300-step arrival window + >= 250-step no-arrival drain adaptively extended to cohort maturity (cap 500),157504053,1,270.83158040000126,reliability_first,200,0.0,0.8621276910926783,0.817723049053914,0.09,1.0,0.13787230890732172,0.18227695094608595,0.20041140247613934,27.574461781464343,0.13787230890732172,-0.049911014908570125,-0.07071312014892531,9.990178890984932e-05,0.0,9.990178890984932e-05,0.20991101490857011,0.2307131201489253,0.23880097797869776,0.8934823482333911,0.9373061491977623,,0.9999000982110902,0.0,0.0,0.0,0.654170531532057,0.8386660472197178,0.345829468467943,0.07189102468990559,0.0,3.267422441429478,65.525,10.355,65.545,250.0,250.0,250.0,0.0,0.0,550.0,278.0,278.0,1.0,0.0,,105.10523570727491,127.396658259773,136.63327178876312,134.1858624354916,3.267422441429478,3.038431256801849,3.0028542058311403,0.04500192039343812,25301991.27216986,24497176.11926476,0.03952675288803742,5.87093421347898,0.6673770146202744,0.6150400173446205,0.0,0.1815234689683043,0.19542981406340085,52.409278436092606,0.33067279272261235,,,,,,,,,,,,,,,,,,,,,,,,,,,,,,,,,,,,,,,,,,,,,,,,,,,,,,,,,,,,,,,,,
reliability_first,congestion_burst,Intent-PPO-CMDP-NoRisk,Intent-PPO-CMDP-NoRisk,12,1729653623,2128646545,1621075116,53b75815fc19ab3c700d,stochastic,150,300,250,1,500,1,800,1,150-step training / 300-step arrival window + >= 250-step no-arrival drain adaptively extended to cohort maturity (cap 500),157504053,1,267.30905749998055,reliability_first,200,0.0,0.9629832151084392,0.9535320107818165,1.0,1.0,0.037016784891560864,0.046467989218183584,0.04937167645267855,7.403356978312173,0.037016784891560864,0.02364237298719079,0.0029418676438372512,7.94281777451306e-05,0.0,7.94281777451306e-05,0.130150405460075,0.15705813235616276,0.16287982590275038,0.8839191530173618,0.934787410486934,,0.9784594745136072,0.021461097308647707,0.0,0.021461097308647707,0.5273063610373255,0.8311741601831129,0.47264261987583844,0.06438518796995887,5.1019086836039675e-05,2.57128476087198,84.47,9.88,84.475,250.0,250.0,250.0,0.0,0.0,550.0,278.0,278.0,1.0,0.0,,148.8474047601226,170.38023862481805,177.6039055330634,176.51473496102625,2.57128476087198,2.323777548798954,2.3092170375060257,0.05893894912938406,28470921.369834017,27343067.622698624,0.035113327208410754,7.172147765598292,0.6784464083599576,0.6257220878984389,0.0,0.14284915338177664,0.1578490554239843,5.879935297293773,3.183166352979631,,,,,,,,,,,,,,,,,,,,,,,,,,,,,,,,,,,,,,,,,,,,,,,,,,,,,,,,,,,,,,,,,
reliability_first,congestion_burst,Intent-PPO-CMDP,Intent-PPO-CMDP,12,1729653623,2128646545,1621075116,fc604e43c5d11a5118bd,stochastic,150,300,250,1,500,1,800,1,150-step training / 300-step arrival window + >= 250-step no-arrival drain adaptively extended to cohort maturity (cap 500),157504053,1,320.63457950000884,reliability_first,200,0.0,0.8009673508430163,0.7593039722727735,0.0,1.0,0.1990326491569838,0.24069602772722662,0.24715081600370897,39.80652983139676,0.1990326491569838,-0.08158374979079781,-0.10178956852740491,0.011723674363576105,0.02440225880091313,0.02798405926863142,0.2415837497907978,0.2617895685274049,0.26642693305280624,0.8846500709845428,0.9393778288957157,,0.9882763256364239,0.0,0.0,0.0,0.6781412834550328,0.8273627760637402,0.31110862933223654,0.07369862773142496,0.010750087212730755,3.395297806567107,58.93,10.835,59.115,250.0,250.0,250.0,0.0,0.0,550.0,278.0,278.0,1.0,0.0,,91.80237040116236,116.31936353829556,125.57064356435639,123.46862250473441,3.395297806567107,3.1908744067340664,3.169895092309632,0.039706287349526484,22626673.41931236,22014129.572926667,0.044186279928064356,5.6812261555129,0.6666501548882507,0.6175946436040075,0.0,0.18862765592039485,0.20063912837847905,35.181524549710936,0.5079673247386499,,,,,,,,,,,,,,,,,,,,,,,,,,,,,,,,,,,,,,,,,,,,,,,,,,,,,,,,,,,,,,,,,
reliability_first,congestion_burst,Intent-PPO-CMDP-FullPolicy-NoShield,Intent-PPO-CMDP,12,1729653623,2128646545,1621075116,fc604e43c5d11a5118bd,stochastic,150,300,250,1,500,1,800,1,150-step training / 300-step arrival window + >= 250-step no-arrival drain adaptively extended to cohort maturity (cap 500),157504053,1,320.63457950000884,reliability_first,200,0.0,0.6095460558004265,0.5644624111776458,0.0,1.0,0.6993488867512414,0.9417020085249116,0.9975593636964639,139.86977735024828,0.6993488867512414,-0.09151044708338255,-0.11815203106332138,0.10914331127275922,0.14740740740740738,0.15720277675539865,0.2431972749767145,0.26507583732990214,0.269403458967565,0.8849463049096411,0.9376524847788545,,0.8908566887272409,0.0,0.0,0.0,0.637257340477658,0.8285589687776121,0.27670462548047586,0.07095508778631107,0.08603803404186607,3.2337620855890052,48.41,10.68,52.845,250.0,250.0,250.0,0.0,0.0,550.0,278.0,278.0,1.0,0.0,,81.82463998047606,108.74169833615431,119.38438281764317,113.56204517825918,3.2337620855890052,3.0336228251894375,3.0205374654581254,0.040691912282406664,22432538.6059671,21625658.761736955,0.044563647446634,4.7028543122796975,0.651785437948152,0.6080914593111071,0.0,0.1796534491993892,0.1922119343790627,31.55487291777024,0.5413918404584485,,,,,,,,,,,,,,,,,,,,,,,,,,,,,,,,,,,,,,,,,,,,,,,,,,,,,,,,,,,,,,,,,
reliability_first,congestion_burst,MaxWeight,MaxWeight,13,1025721121,372372750,287179648,,stochastic,150,300,250,1,500,1,800,1,150-step training / 300-step arrival window + >= 250-step no-arrival drain adaptively extended to cohort maturity (cap 500),1805977525,0,1.0799849405884743e-05,reliability_first,200,0.0,0.9336755453740393,0.9253192906711345,1.0,1.0,0.06632445462596075,0.07468070932886549,0.07678158436771085,13.26489092519215,0.06632445462596075,0.028886741473759005,0.0217693401592719,0.0,0.0,0.0,0.11324239897866145,0.1382306598407281,0.1458264956314636,0.9666862473972722,0.9884625664526198,,0.7364625753439884,0.2635374246560115,0.0,0.2635374246560115,0.40446788688698004,0.8584472723657778,0.5955321131130199,0.10827042157237499,0.0,2.105984568879155,61.375,20.03,61.375,250.0,261.98,325.0,11.98,75.0,561.98,326.0,326.0,1.0,0.0,,148.75544467554778,169.99058165548098,178.56466082207524,176.48726456156163,2.105984568879155,1.9160758232809505,1.9118922434516505,0.057340052057607296,17158528.424002312,16338666.41496044,0.05828156391341407,9.644295870431,0.5352628794622304,0.497358041064649,0.0006428447293006793,0.11699914271550864,0.12804987465754444,-160.49365951167132,0.24435792217712818,,,,,,,,,,,,,,,,,,,,,,,,,,,,,,,,,,,,,,,,,,,,,,,,,,,,,,,,,,,,,,,,,
reliability_first,congestion_burst,PPO,PPO,13,1025721121,372372750,535536204,3cabdc2e2c3a75659a16,stochastic,150,300,250,1,500,1,800,1,150-step training / 300-step arrival window + >= 250-step no-arrival drain adaptively extended to cohort maturity (cap 500),1805977525,1,262.1022107999888,reliability_first,200,0.0,0.7443017186283827,0.6997908586603635,0.0,1.0,0.25569828137161743,0.3002091413396365,0.3149191007523116,51.139656274323485,0.25569828137161743,-0.11209448472497666,-0.13411166732406782,0.0009975343209334313,0.005651322547508987,0.008039927561728008,0.2720944847249766,0.29411166732406785,0.30026365731931065,0.8659760573426604,0.9209065851725065,,0.9990024656790665,0.0,0.0,0.0,0.7047665336776288,0.8149080510658838,0.2951007313655656,0.062249601206284,0.0001327349568056042,3.267942416728202,55.05,9.475,55.21,250.0,250.0,250.0,0.0,0.0,550.0,326.0,326.0,1.0,0.0,,87.95944852812562,109.75158474664991,117.79105751529923,115.93752237171608,3.267942416728202,3.0344967478399525,3.0314505199759023,0.04300966054130434,24066945.51289902,23333963.095420003,0.04155277162237341,4.9346170504062465,0.6731997236850781,0.6194248473266829,0.0,0.18155235648490012,0.19488559810716585,12.509833435813317,1.721207653325815,,,,,,,,,,,,,,,,,,,,,,,,,,,,,,,,,,,,,,,,,,,,,,,,,,,,,,,,,,,,,,,,,
reliability_first,congestion_burst,PPO-Lagrangian,PPO-Lagrangian,13,1025721121,372372750,535536204,454f28c68eb87e33907f,stochastic,150,300,250,1,500,1,800,1,150-step training / 300-step arrival window + >= 250-step no-arrival drain adaptively extended to cohort maturity (cap 500),1805977525,1,254.03850810002768,reliability_first,200,0.0,0.9459300175139813,0.906666229688463,0.975,1.0,0.054069982486018714,0.09333377031153696,0.10297830159536588,10.813996497203743,0.054069982486018714,-0.005530959685473562,-0.028116629609649273,0.00038618283277575135,0.00534903110804439,0.00567057010517974,0.1654893512938652,0.18811662960964928,0.19278076160740362,0.8867047517518073,0.9383790148186222,,0.9990000513326326,0.0006137658345915689,0.0,0.0006137658345915689,0.622241394170768,0.8280366355914333,0.37768015970772495,0.07182249853164314,7.844612150708774e-05,2.9367650904556295,69.83,10.85,69.885,250.0,250.0,250.0,0.0,0.0,550.0,326.0,326.0,1.0,0.0,,115.5469891644454,138.0376490147783,153.32110072134648,149.03088515850317,2.9367650904556295,2.67026922903571,2.6740624302347884,0.05269727085238972,28884741.72078877,27864778.193961993,0.03461083599604508,5.359159706772459,0.6762761614439728,0.6281127547926614,0.0,0.16315361613642387,0.17673874582723,35.750576469119004,0.6706260198911235,,,,,,,,,,,,,,,,,,,,,,,,,,,,,,,,,,,,,,,,,,,,,,,,,,,,,,,,,,,,,,,,,
reliability_first,congestion_burst,PPO_CMDP,PPO_CMDP,13,1025721121,372372750,535536204,a070e26e29e031606ad8,stochastic,150,300,250,1,500,1,800,1,150-step training / 300-step arrival window + >= 250-step no-arrival drain adaptively extended to cohort maturity (cap 500),1805977525,1,277.9400926999515,reliability_first,200,0.0,0.9637021126319918,0.9395966352472689,0.99,1.0,0.03629788736800828,0.060403364752731045,0.07599543347896277,7.259577473601656,0.03629788736800828,0.014557110821737716,-0.015413472654840527,0.000422996531196765,0.005054390054390054,0.006481734709438594,0.14324468731636347,0.17541347265484053,0.1825412186283373,0.8673229760559533,0.9240551332128701,,0.9960039272298539,0.003573076238949221,0.0,0.003573076238949221,0.6053877046604503,0.8159084862617181,0.39448468717918045,0.06462288332424072,0.00012760816036916844,2.8576254032433415,72.65,9.57,72.705,250.0,250.0,250.0,0.0,0.0,550.0,326.0,326.0,1.0,0.0,,119.68948993846247,143.2472259255461,148.80697307692301,148.08660648197105,2.8576254032433415,2.6034458030143286,2.5696886778708596,0.05335259986420667,31223706.523916207,30003108.750012815,0.03201887242597198,5.14968929066098,0.675209921464059,0.6247131191431698,0.0,0.15875696684685234,0.1712110976720456,30.11934216467794,0.8003040542062321,,,,,,,,,,,,,,,,,,,,,,,,,,,,,,,,,,,,,,,,,,,,,,,,,,,,,,,,,,,,,,,,,
reliability_first,congestion_burst,Intent-PPO-CMDP-NoRisk,Intent-PPO-CMDP-NoRisk,13,1025721121,372372750,535536204,4606dec7f3efe1c94a9c,stochastic,150,300,250,1,500,1,800,1,150-step training / 300-step arrival window + >= 250-step no-arrival drain adaptively extended to cohort maturity (cap 500),1805977525,1,283.62103929999284,reliability_first,200,0.0,0.7977601118359349,0.7550493874171439,0.0,1.0,0.2022398881640652,0.24495061258285605,0.26063629402809446,40.44797763281304,0.2022398881640652,-0.08712083547303134,-0.10670016750418759,0.0002756460747698021,0.00023923444976068394,0.005512921495396042,0.24712083547303135,0.26670016750418757,0.2726660826423824,0.8490743453221128,0.9075001695357049,,0.9997243539252301,0.0,0.0,0.0,0.7611868611547075,0.7962010374565344,0.23861761606984244,0.07238752959526733,0.00019552277545007422,3.584219465932654,44.86,9.885,44.875,250.0,250.0,250.0,0.0,0.0,550.0,326.0,326.0,1.0,0.0,,72.96736876565234,92.93808856252781,97.00245091401489,95.18363187862163,3.584219465932654,3.361539187190958,3.3493005933137665,0.0428102675918287,25339898.6603369,24516946.905912817,0.039447033438362616,3.894192943879942,0.675601628374794,0.6184218636883265,0.0,0.19912330366292522,0.2134515696573584,53.8766370287809,0.25224680739670713,,,,,,,,,,,,,,,,,,,,,,,,,,,,,,,,,,,,,,,,,,,,,,,,,,,,,,,,,,,,,,,,,
reliability_first,congestion_burst,Intent-PPO-CMDP,Intent-PPO-CMDP,13,1025721121,372372750,535536204,09d0d30da2ff448dad2f,stochastic,150,300,250,1,500,1,800,1,150-step training / 300-step arrival window + >= 250-step no-arrival drain adaptively extended to cohort maturity (cap 500),1805977525,1,309.3859143999871,reliability_first,200,0.0,0.7966383364885281,0.7519915060975354,0.0,1.0,0.20336166351147184,0.2480084939024647,0.25980634850570616,40.67233270229437,0.20336166351147184,-0.08480257879339549,-0.10471074764600942,0.02192250277362908,0.028848932859048465,0.02950581709335786,0.24480257879339548,0.2647107476460094,0.2725374389759435,0.874835605787441,0.9322011052408257,,0.9780774972263709,0.0,0.0,0.0,0.7402018756874381,0.8236277284769632,0.23826776835310817,0.06457357560452837,0.021530355959453535,3.539018647491894,45.12,9.64,45.195,250.0,250.0,250.0,0.0,0.0,550.0,326.0,326.0,1.0,0.0,,75.68233252125545,95.51692708333333,104.38644403310103,101.18803189972695,3.539018647491894,3.314592765619386,3.305894399788058,0.04146173916208025,25488844.5342289,24505918.40341283,0.039210276594422604,4.003870073821083,0.6587056501680738,0.6146462410418344,0.0,0.196612147082883,0.21084130182206465,56.83189190264114,0.2385478968516261,,,,,,,,,,,,,,,,,,,,,,,,,,,,,,,,,,,,,,,,,,,,,,,,,,,,,,,,,,,,,,,,,
reliability_first,congestion_burst,Intent-PPO-CMDP-FullPolicy-NoShield,Intent-PPO-CMDP,13,1025721121,372372750,535536204,09d0d30da2ff448dad2f,stochastic,150,300,250,1,500,1,800,1,150-step training / 300-step arrival window + >= 250-step no-arrival drain adaptively extended to cohort maturity (cap 500),1805977525,1,309.3859143999871,reliability_first,200,0.0,0.5640970770858889,0.4980918985195416,0.0,1.0,2.6652681477243396,3.389355283168184,3.535017603517718,533.0536295448679,2.6652681477243396,-0.3849835396428594,-0.48574364723467867,0.41498353964285944,0.5157436472346787,0.5462473766597682,0.2600536046707984,0.28871732371118186,0.29877864218571537,0.8788478230150599,0.9500103411292564,,0.5850164603571405,0.0,0.0,0.0,0.49581286735504493,0.8496523171953794,0.11368190542134173,0.038881584160298514,0.3905052272236132,2.4427474730817176,16.865,5.475,21.48,250.0,250.0,250.0,0.0,0.0,550.0,326.0,326.0,1.0,0.0,,52.45184386389017,69.89305785123967,75.90312499999997,74.24615731619761,2.4427474730817176,1.9315555106233389,1.9374903792299345,0.12277779884394291,24026310.084163733,22655816.20307253,0.04155150856462702,1.834741534623984,0.5699979837294178,0.48646491181210916,0.0018398165238527001,0.13570819294898429,0.1644366913403863,7.269608784434849,2.188661098139779,,,,,,,,,,,,,,,,,,,,,,,,,,,,,,,,,,,,,,,,,,,,,,,,,,,,,,,,,,,,,,,,,
reliability_first,congestion_burst,MaxWeight,MaxWeight,14,1103526060,1905340783,1121976478,,stochastic,150,300,250,1,500,1,800,1,150-step training / 300-step arrival window + >= 250-step no-arrival drain adaptively extended to cohort maturity (cap 500),1459840339,0,1.1899974197149277e-05,reliability_first,200,0.0,0.9368022504949789,0.9273185770762568,1.0,1.0,0.06319774950502115,0.07268142292374316,0.07503540254385492,12.63954990100423,0.06319774950502115,0.0283781182358965,0.016581146286924805,0.0,0.0,0.0,0.11589953676928808,0.14341885371307517,0.15032969915513975,0.9640717228245523,0.986105711520667,,0.7460408573598355,0.25395914264016445,0.0,0.25395914264016445,0.40923427845755783,0.8556219871205414,0.5907657215424422,0.10844973570401102,0.0,2.1732502398568267,63.475,20.485,63.475,250.0,253.28,276.0,3.28,26.0,553.28,277.0,277.0,1.0,0.0,,147.46682352952047,162.88270942083022,166.64026368159202,165.607458780051,2.1732502398568267,1.9838472379378898,1.9632349957812554,0.06240045751406016,20232792.636582986,18945316.79641418,0.049434287924629484,8.381047147218574,0.5405277850360085,0.5053420171454837,0.00012533437222088134,0.12073612443649036,0.1343539290482587,-138.31546240484371,0.24125610437631312,,,,,,,,,,,,,,,,,,,,,,,,,,,,,,,,,,,,,,,,,,,,,,,,,,,,,,,,,,,,,,,,,
reliability_first,congestion_burst,PPO,PPO,14,1103526060,1905340783,1823775964,0a65909e93fb2c778ea0,stochastic,150,300,250,1,500,1,800,1,150-step training / 300-step arrival window + >= 250-step no-arrival drain adaptively extended to cohort maturity (cap 500),1459840339,1,272.0849051999976,reliability_first,200,0.0,0.8352587546109822,0.7825199128515175,0.01,1.0,0.16474124538901777,0.2174800871484825,0.22681440504622996,32.94824907780355,0.16474124538901777,-0.06696332349796374,-0.09057199248437052,0.0014573158807495669,0.005887636491722435,0.009342602501551462,0.22696332349796375,0.2505719924843705,0.25694701045134405,0.861106255780675,0.9054708354971858,,0.9985426841192505,0.0,0.0,0.0,0.6768222720232575,0.8043638595501912,0.322467837454342,0.06856584015627781,0.0007098905224005961,3.1915631130429323,60.42,10.595,60.56,250.0,250.0,250.0,0.0,0.0,550.0,277.0,277.0,1.0,0.0,,93.4508023639849,115.22260795622596,123.08618101802261,121.63274549044066,3.1915631130429323,2.9620711606594097,2.94354880649223,0.04545303114777357,27208830.01294551,26207662.021410216,0.03674357802368601,4.662091008924016,0.672727194045143,0.6305013200259241,0.0,0.17730906183571846,0.1919194172064114,34.70620974024971,0.57504568406218,,,,,,,,,,,,,,,,,,,,,,,,,,,,,,,,,,,,,,,,,,,,,,,,,,,,,,,,,,,,,,,,,
reliability_first,congestion_burst,PPO-Lagrangian,PPO-Lagrangian,14,1103526060,1905340783,1823775964,337f5a10e02765106fee,stochastic,150,300,250,1,500,1,800,1,150-step training / 300-step arrival window + >= 250-step no-arrival drain adaptively extended to cohort maturity (cap 500),1459840339,1,284.58887489995686,reliability_first,200,0.0,0.9652417294320957,0.9508331850078728,1.0,1.0,0.03475827056790423,0.049166814992127106,0.05944893576169721,6.951654113580846,0.03475827056790423,0.01823944743419083,-0.007196457234579212,0.0008734168644574325,0.005476971116315375,0.006774555790885451,0.13778195456372422,0.16719645723457918,0.17570121256839716,0.8680097027626633,0.9179955103031741,,0.9939917600751939,0.005134823060348681,0.0,0.005134823060348681,0.5881497840711731,0.8132343361421666,0.4114719729495056,0.06732091334948598,0.00037824297932132183,2.8246613662548588,76.695,10.33,76.79,250.0,250.0,250.0,0.0,0.0,550.0,277.0,277.0,1.0,0.0,,125.50475404628033,149.94977827050997,156.88889006144174,154.00943863206098,2.8246613662548588,2.5973663601551578,2.5782803454669705,0.04872547470777468,34870543.00105082,33082792.29481078,0.028664072629613815,4.918535867130224,0.6707861180711072,0.6247414966523113,0.0,0.15692563145860328,0.1690791653189902,32.78769297158656,0.6474370809600092,,,,,,,,,,,,,,,,,,,,,,,,,,,,,,,,,,,,,,,,,,,,,,,,,,,,,,,,,,,,,,,,,
reliability_first,congestion_burst,PPO_CMDP,PPO_CMDP,14,1103526060,1905340783,1823775964,dadb88684cb84768bf3a,stochastic,150,300,250,1,500,1,800,1,150-step training / 300-step arrival window + >= 250-step no-arrival drain adaptively extended to cohort maturity (cap 500),1459840339,1,264.74071779998485,reliability_first,200,0.0,0.7877125280210551,0.7450239800583761,0.0,1.0,0.21228747197894487,0.25497601994162394,0.26570598761449243,42.45749439578898,0.21228747197894487,-0.09628994718702671,-0.11635178063556488,0.00044203283523797516,0.005077437066197036,0.006409446631664882,0.2562899471870267,0.27635178063556487,0.28296164229633486,0.8099973265701667,0.8744492310432594,,0.999557967164762,0.0,0.0,0.0,0.7583963610643625,0.7663063186864576,0.24141843077882277,0.056444925690540215,0.00018520815681473448,3.550581120851622,45.895,8.225,45.945,250.0,250.0,250.0,0.0,0.0,550.0,277.0,277.0,1.0,0.0,,71.8886552369982,90.02116590486249,97.46136877828053,95.7027885656327,3.550581120851622,3.3287189593873108,3.296915129579024,0.042627920238796135,28513187.274798628,27548502.810006496,0.035059846848488604,3.457153037776994,0.670685282007562,0.6189898062240771,0.0,0.19725450671397893,0.21071714441294445,57.191843816472336,0.24895869678823665,,,,,,,,,,,,,,,,,,,,,,,,,,,,,,,,,,,,,,,,,,,,,,,,,,,,,,,,,,,,,,,,,
reliability_first,congestion_burst,Intent-PPO-CMDP-NoRisk,Intent-PPO-CMDP-NoRisk,14,1103526060,1905340783,1823775964,72924e27f6df7ecb428f,stochastic,150,300,250,1,500,1,800,1,150-step training / 300-step arrival window + >= 250-step no-arrival drain adaptively extended to cohort maturity (cap 500),1459840339,1,270.7660398000153,reliability_first,200,0.0,0.7789698322719975,0.733690387430751,0.0,1.0,0.22103016772800263,0.26630961256924907,0.2788547121424051,44.206033545600526,0.22103016772800263,-0.09939588181532798,-0.12075237006656354,0.0006007024845678166,0.0054068742655699175,0.006909645022337088,0.25939588181532797,0.2807523700665635,0.28779839151570824,0.8198963974534166,0.890068419104226,,0.9993992975154322,0.0,0.0,0.0,0.7585218378102789,0.7701170238929244,0.24106879541534787,0.06432459460961218,0.00040936677437316036,3.57580219190715,45.66,9.4,45.695,250.0,250.0,250.0,0.0,0.0,550.0,277.0,277.0,1.0,0.0,,71.60622132249512,90.6564832535885,94.89703346203333,95.9476531829167,3.57580219190715,3.315720593025614,3.3050154112841845,0.04214287405407732,28078870.606364075,27189677.9790235,0.03560134674806077,3.487224719575748,0.6681584183648082,0.6206946906327093,0.0,0.198655677328175,0.21231238483209394,54.370615479102426,0.2555644459666333,,,,,,,,,,,,,,,,,,,,,,,,,,,,,,,,,,,,,,,,,,,,,,,,,,,,,,,,,,,,,,,,,
reliability_first,congestion_burst,Intent-PPO-CMDP,Intent-PPO-CMDP,14,1103526060,1905340783,1823775964,fd2a9bdca11bd34bca64,stochastic,150,300,250,1,500,1,800,1,150-step training / 300-step arrival window + >= 250-step no-arrival drain adaptively extended to cohort maturity (cap 500),1459840339,1,319.06714920001104,reliability_first,200,0.0,0.8986103788968757,0.8461301915120719,0.515,1.0,0.10138962110312441,0.15386980848792803,0.16274036775203235,20.277924220624882,0.10138962110312441,-0.029992578023285043,-0.055276987859564704,0.023511976670340804,0.028848932859048465,0.029516932226166987,0.18999257802328504,0.2152769878595647,0.22068607067676801,0.9070457268166927,0.9569380328777874,,0.9764880233296591,0.0,0.0,0.0,0.6402638889895038,0.8471313448983662,0.33728999821602473,0.06976360890563936,0.022446112794471295,3.132922661996225,63.65,11.295,63.855,250.0,250.0,250.0,0.0,0.0,550.0,277.0,277.0,1.0,0.0,,103.21432386290248,125.12423989002174,130.54132285791027,129.16020246423935,3.132922661996225,2.885819398819703,2.879526529046204,0.044564916261944566,31781273.421533827,30528109.38424132,0.03144518223908361,4.397682580401912,0.6587039544915467,0.6130041025135584,0.0,0.1740512589997903,0.18713059587886083,60.46045890365559,0.25181127026019057,,,,,,,,,,,,,,,,,,,,,,,,,,,,,,,,,,,,,,,,,,,,,,,,,,,,,,,,,,,,,,,,,
reliability_first,congestion_burst,Intent-PPO-CMDP-FullPolicy-NoShield,Intent-PPO-CMDP,14,1103526060,1905340783,1823775964,fd2a9bdca11bd34bca64,stochastic,150,300,250,1,500,1,800,1,150-step training / 300-step arrival window + >= 250-step no-arrival drain adaptively extended to cohort maturity (cap 500),1459840339,1,319.06714920001104,reliability_first,200,0.0,0.6310384617106718,0.5571760993980285,0.0,1.0,3.2023718332713544,3.6186857500666187,3.7565110990602313,640.4743666542709,3.2023718332713544,-0.4811661008163688,-0.5441901776384535,0.5111661008163688,0.5741901776384535,0.5896657948087116,0.20977279188125636,0.239716389961188,0.24537278348058167,0.9053633052168765,0.9511043897264757,,0.48883389918363124,0.0,0.0,0.0,0.4029843428052885,0.8709035292766986,0.14398303589932498,0.04109502458403586,0.45303262129538646,2.0693884132288924,16.395,6.565,27.62,250.0,250.0,250.0,0.0,0.0,550.0,277.0,277.0,1.0,0.0,,62.06888267493005,80.86051412480697,91.41984106305367,86.98395278983743,2.0693884132288924,1.8114520360842243,1.7738684315895548,0.08185686505596243,29287525.5384313,27469798.005182937,0.03413177403312285,1.5502652628751923,0.5582457320473133,0.47581737780778727,0.003569492905175248,0.11496602295716066,0.1295531259403789,-7.529819581896377,1.9149652493092861,,,,,,,,,,,,,,,,,,,,,,,,,,,,,,,,,,,,,,,,,,,,,,,,,,,,,,,,,,,,,,,,,
reliability_first,congestion_burst,MaxWeight,MaxWeight,15,1481178426,1997781942,571129856,,stochastic,150,300,250,1,500,1,800,1,150-step training / 300-step arrival window + >= 250-step no-arrival drain adaptively extended to cohort maturity (cap 500),437302725,0,2.3899832740426064e-05,reliability_first,200,0.015,0.9554553945448027,0.9421653930619871,1.0,0.985,0.04454460545519725,0.057834606938012775,0.0653403503172796,8.90892109103945,0.045222949700707865,0.01999079161427331,-0.009855605357094916,0.0,0.0,0.0,0.1339396358007531,0.1698556053570949,0.18143517294304762,0.9014630594476408,0.9758511242552126,,0.8788999283409418,0.12110007165905824,0.0,0.12110007165905824,0.5236885299770434,0.7956311345928881,0.47631147002295665,0.10747206673553517,0.0,2.634375761567955,66.715,19.915,66.715,250.0,256.135,297.0,6.135,47.0,556.135,298.0,298.0,1.0,0.0,,125.25705536765366,151.49907407407406,157.61697402946913,155.5142291503619,2.634375761567955,2.3280780172659146,2.3121208221211598,0.11310413759101341,19916663.395022646,18282309.385640044,0.05038428954388868,7.931881635525176,0.6010653466342306,0.5280870493103209,0.0,0.14635420897599746,0.17935029010234183,-123.312817651905,0.5806665204033444,,,,,,,,,,,,,,,,,,,,,,,,,,,,,,,,,,,,,,,,,,,,,,,,,,,,,,,,,,,,,,,,,
reliability_first,congestion_burst,PPO,PPO,15,1481178426,1997781942,1596015111,461e22a59e6f436fac36,stochastic,150,300,250,1,500,1,800,1,150-step training / 300-step arrival window + >= 250-step no-arrival drain adaptively extended to cohort maturity (cap 500),437302725,1,258.87767640000675,reliability_first,200,0.0,0.9545225003569888,0.9123834941243092,0.985,1.0,0.04547749964301109,0.08761650587569077,0.09767975392595975,9.09549992860222,0.04547749964301109,-0.0006619211504360745,-0.026486651722029752,0.0005710382636455797,0.005209696771378708,0.006410958412452611,0.16044589643036744,0.18648665172202974,0.19103136318333008,0.8671964163230926,0.9158912117741288,,0.9994289617363543,0.0,0.0,0.0,0.6990824375564543,0.801790651235621,0.3005044744166019,0.07968086067941609,0.0004130880269438313,3.3486522876608675,56.88,12.34,56.91,250.0,250.0,250.0,0.0,0.0,550.0,298.0,298.0,1.0,0.0,,91.33753524043392,107.9105404040404,118.3422222222222,113.37062668423928,3.3486522876608675,3.0567339303272028,3.038237905859552,0.0493305528978505,32732734.489151012,31794678.023188375,0.030553535991178115,3.792228103706811,0.6808059674116208,0.6371786096347595,0.0,0.18603623820338153,0.200916686315291,88.33288472069336,0.15251549294405117,,,,,,,,,,,,,,,,,,,,,,,,,,,,,,,,,,,,,,,,,,,,,,,,,,,,,,,,,,,,,,,,,
reliability_first,congestion_burst,PPO-Lagrangian,PPO-Lagrangian,15,1481178426,1997781942,1596015111,c54dc7a9b9a68be549b7,stochastic,150,300,250,1,500,1,800,1,150-step training / 300-step arrival window + >= 250-step no-arrival drain adaptively extended to cohort maturity (cap 500),437302725,1,254.7300168000511,reliability_first,200,0.0,0.9699847210271402,0.9594274589479455,1.0,1.0,0.030015278972859816,0.04057254105205461,0.05653974250463375,6.003055794571964,0.030015278972859816,0.02616070945332492,0.006626001852211789,0.00118657575230789,0.00574878745598299,0.006799041073874991,0.10530803601800014,0.1533739981477882,0.16624630850318317,0.8478267075798329,0.9001159120326371,,0.9874779131060586,0.011335511141633399,0.0,0.011335511141633399,0.5433630890371113,0.795415910304703,0.45641546408819694,0.06282483691642056,0.00022144687469185007,2.541946756445506,83.61,9.88,83.79,250.0,250.0,250.0,0.0,0.0,550.0,298.0,298.0,1.0,0.0,,139.266913775141,164.23616867120705,173.33541997832364,170.7952868784513,2.541946756445506,2.217129863474039,2.2118789574341626,0.07544042035492543,35332998.78684714,33171193.61191469,0.028306430845318482,5.290642482633977,0.678856996586787,0.6325528511113632,0.0,0.14121926424697254,0.15810093467224764,34.15834092395812,0.9164684541288219,,,,,,,,,,,,,,,,,,,,,,,,,,,,,,,,,,,,,,,,,,,,,,,,,,,,,,,,,,,,,,,,,
reliability_first,congestion_burst,PPO_CMDP,PPO_CMDP,15,1481178426,1997781942,1596015111,fc83225982e20e56ecdd,stochastic,150,300,250,1,500,1,800,1,150-step training / 300-step arrival window + >= 250-step no-arrival drain adaptively extended to cohort maturity (cap 500),437302725,1,273.55554740002844,reliability_first,200,0.0,0.9633661576258712,0.9405454064106059,0.995,1.0,0.03663384237412884,0.05945459358939413,0.0743503592942735,7.3267684748257675,0.03663384237412884,0.014873514156977794,-0.013327708376653482,0.0004349005870787775,0.005082751692047375,0.006233840231376883,0.14321172264491547,0.17332770837665346,0.1795778531569638,0.8699042755381662,0.9242721023692365,,0.9995650994129213,0.0,0.0,0.0,0.6443579555734279,0.8086965016507531,0.3553407641109292,0.0735309907454789,0.00030128031564301895,3.071641607219801,67.205,11.59,67.23,250.0,250.0,250.0,0.0,0.0,550.0,298.0,298.0,1.0,0.0,,108.99219319700404,127.4572875316849,140.34806740389678,134.20121305266966,3.071641607219801,2.720613541633152,2.695036826179069,0.06333511501653517,34457859.841067605,33364988.980680265,0.029023463791776834,4.288291259037341,0.6861008765037897,0.6335734892283438,0.0,0.1706467559566556,0.18968488406902773,78.10937363690458,0.1993199932554934,,,,,,,,,,,,,,,,,,,,,,,,,,,,,,,,,,,,,,,,,,,,,,,,,,,,,,,,,,,,,,,,,
reliability_first,congestion_burst,Intent-PPO-CMDP-NoRisk,Intent-PPO-CMDP-NoRisk,15,1481178426,1997781942,1596015111,8c806f3e428ad93e5ba2,stochastic,150,300,250,1,500,1,800,1,150-step training / 300-step arrival window + >= 250-step no-arrival drain adaptively extended to cohort maturity (cap 500),437302725,1,275.68097020004643,reliability_first,200,0.0,0.9631725933934979,0.9266417385067602,0.99,1.0,0.0368274066065021,0.07335826149323961,0.09401270589002905,7.36548132130042,0.0368274066065021,0.019338544455650277,-0.01689933876710458,0.0008715807109831331,0.005469034608378869,0.006902913323272826,0.12503549428860775,0.1768993387671046,0.18590219312380712,0.8592184800284279,0.91725937681086,,0.9664191480118088,0.0327092712772081,0.0,0.0327092712772081,0.5229924389356806,0.8047339345726856,0.47686906443996224,0.06400402673846395,0.0001384966243571275,2.440304068264781,82.985,10.22,83.12,250.0,250.0,250.0,0.0,0.0,550.0,298.0,298.0,1.0,0.0,,145.2306798579002,168.4599875930521,174.4969639761125,173.0911793075661,2.440304068264781,2.1502105219281455,2.1428518612809326,0.07906632457483034,34809303.92707688,32522313.546883564,0.02873197361388089,5.466400599958797,0.6746185221332821,0.6216099710158591,0.0,0.13557244823693226,0.15585792453326008,9.243085330149508,3.5194722426862413,,,,,,,,,,,,,,,,,,,,,,,,,,,,,,,,,,,,,,,,,,,,,,,,,,,,,,,,,,,,,,,,,
reliability_first,congestion_burst,Intent-PPO-CMDP,Intent-PPO-CMDP,15,1481178426,1997781942,1596015111,618554fca77aa7604c32,stochastic,150,300,250,1,500,1,800,1,150-step training / 300-step arrival window + >= 250-step no-arrival drain adaptively extended to cohort maturity (cap 500),437302725,1,332.33217309997417,reliability_first,200,0.0,0.9700619452784377,0.9591321082510422,1.0,1.0,0.02993805472156232,0.04086789174895772,0.04794085355855318,5.987610944312464,0.02993805472156232,0.02473224361383276,0.014443280690372293,0.004287390454794844,0.011560693641618497,0.015168107938541025,0.10519469793586676,0.13811767813545062,0.1506842757174593,0.8517794471856875,0.9039577492436633,,0.9928038066086919,0.0029088029365131295,0.0,0.0029088029365131295,0.5690047884646201,0.7999824575919606,0.4267613950671199,0.0625532087450035,0.004233816468259964,2.673594586549633,79.64,9.755,79.65,250.0,250.0,250.0,0.0,0.0,550.0,298.0,298.0,1.0,0.0,,129.77851813227903,154.74757602253956,166.59326049410527,161.6857228117879,2.673594586549633,2.3278867372442447,2.295768193795026,0.07236030085778351,35363627.66146367,33557194.55362308,0.028282222991960065,4.94041134169684,0.6779201462787511,0.6272719246483286,0.0,0.1485330325860907,0.16349451610846719,49.556009857083026,0.5568404235583715,,,,,,,,,,,,,,,,,,,,,,,,,,,,,,,,,,,,,,,,,,,,,,,,,,,,,,,,,,,,,,,,,
reliability_first,congestion_burst,Intent-PPO-CMDP-FullPolicy-NoShield,Intent-PPO-CMDP,15,1481178426,1997781942,1596015111,618554fca77aa7604c32,stochastic,150,300,250,1,500,1,800,1,150-step training / 300-step arrival window + >= 250-step no-arrival drain adaptively extended to cohort maturity (cap 500),437302725,1,332.33217309997417,reliability_first,200,0.0,0.7950137609967014,0.7697141689938073,0.035,1.0,0.3158921459902783,0.5150455987942251,0.5737816939024306,63.17842919805567,0.3158921459902783,-0.045351674278596085,-0.07660611418468032,0.07535167427859608,0.10660611418468031,0.11645559268326908,0.10697653963065692,0.15197666016988773,0.1666775328859969,0.852790585809283,0.9101203860205382,,0.9236919576785507,0.0009563680428532503,0.0,0.0009563680428532503,0.5468539000276837,0.8033608451480516,0.4106305725279357,0.0598251159255558,0.042515527444380474,2.583345839776649,70.69,9.285,76.855,250.0,250.0,250.0,0.0,0.0,550.0,298.0,298.0,1.0,0.0,,124.64510953728032,146.16351911561492,154.40823919603704,152.57872340224992,2.583345839776649,2.269320067813077,2.2423361395515697,0.07460795050377086,35169701.61401024,32790226.55753044,0.028438663821627415,4.494444598817587,0.6719941190576271,0.621400564279045,0.0,0.1435192133209249,0.16072178730911812,41.75364903784558,0.6680479150272784,,,,,,,,,,,,,,,,,,,,,,,,,,,,,,,,,,,,,,,,,,,,,,,,,,,,,,,,,,,,,,,,,
reliability_first,mixed_stress,MaxWeight,MaxWeight,11,471540437,1073362871,436711722,,stochastic,150,300,250,1,500,1,800,1,150-step training / 300-step arrival window + >= 250-step no-arrival drain adaptively extended to cohort maturity (cap 500),945565844,0,1.0800082236528397e-05,reliability_first,200,0.0,0.9117176051687417,0.8932937194174476,0.875,1.0,0.08828239483125831,0.1067062805825524,0.120036698651345,17.65647896625166,0.08828239483125831,0.021941265629684934,0.0007621714827973372,0.0,0.0,0.0,0.13407426807729064,0.15923782851720264,0.1678171288063172,0.9790107253870483,0.992449308272228,,0.5982800421561066,0.40171995784389336,0.0,0.40171995784389336,0.3068235971262879,0.9020395316323777,0.6931764028737122,0.07697119375467051,0.0,1.7778245039150717,62.16,16.495,62.16,250.0,250.03,252.0,0.03,2.0,550.03,252.0,252.0,1.0,0.0,,176.1885346472982,187.43703106433543,195.091147664965,192.16995156096917,1.7778245039150717,1.6094972681642816,1.6050164525673793,0.05768391581570113,19110588.329616223,18257956.807823945,0.05233301259708505,9.332434382295634,0.5110313222749189,0.46606911587703836,0.004985439177792227,0.09876802799528177,0.1090986856563403,-104.10854176945413,0.15771470066923074,,,,,,,,,,,,,,,,,,,,,,,,,,,,,,,,,,,,,,,,,,,,,,,,,,,,,,,,,,,,,,,,,
reliability_first,mixed_stress,PPO,PPO,11,471540437,1073362871,1897045420,b9c1e1a3273f0ff06c77,stochastic,150,300,250,1,500,1,800,1,150-step training / 300-step arrival window + >= 250-step no-arrival drain adaptively extended to cohort maturity (cap 500),945565844,1,259.96485530002974,reliability_first,200,0.0,0.9167262182258125,0.871851503993401,0.71,1.0,0.08327378177418746,0.12814849600659903,0.1410729763490774,16.65475635483749,0.08327378177418746,-0.018181579358816702,-0.04134365634365635,0.0003161471520622289,0.004486334029990057,0.005874512547971033,0.17818157935881668,0.20134365634365634,0.20678522949076825,0.9210835227448112,0.9604560694163957,,0.9687579534684122,0.030925899379525515,0.0,0.030925899379525515,0.4600886627068405,0.8713869641308482,0.5398648773069573,0.0575800516567227,4.645998620213867e-05,2.465797073282608,108.41,10.61,108.465,250.0,250.0,250.0,0.0,0.0,550.0,252.0,252.0,1.0,0.0,,169.4654436693058,186.8582969984202,191.71158932038836,190.5844260658343,2.465797073282608,2.225141030353578,2.191933077338466,0.0655356417705213,32840702.929896973,31983639.337402176,0.03044881031929641,7.717978261956447,0.6468335712107904,0.6029357851645764,0.0,0.13698872629347825,0.15200560797172197,34.45327987520029,0.5053898378833785,,,,,,,,,,,,,,,,,,,,,,,,,,,,,,,,,,,,,,,,,,,,,,,,,,,,,,,,,,,,,,,,,
reliability_first,mixed_stress,PPO-Lagrangian,PPO-Lagrangian,11,471540437,1073362871,1897045420,97597eec01eed730a745,stochastic,150,300,250,1,500,1,800,1,150-step training / 300-step arrival window + >= 250-step no-arrival drain adaptively extended to cohort maturity (cap 500),945565844,1,273.0232358999783,reliability_first,200,0.0,0.9357318768164977,0.920887193871407,0.98,1.0,0.06426812318350225,0.07911280612859278,0.10763530061323376,12.85362463670045,0.06426812318350225,0.022460366998320304,-0.00675724637681158,2.403846153846154e-05,0.0,2.403846153846154e-05,0.1184577230838596,0.16675724637681155,0.17800798912062493,0.9260363200890981,0.9645669162414576,,0.7244467576091372,0.2755292039293241,0.0,0.2755292039293241,0.36911597767540516,0.8778385028072134,0.6308599838630563,0.05558665196642881,2.403846153846154e-05,1.9800394345886085,75.775,10.345,75.775,250.0,250.0,250.0,0.0,0.0,550.0,252.0,252.0,1.0,0.0,,182.22420098160248,196.29069512195122,202.16132301947184,200.17835022828706,1.9800394345886085,1.75238118677118,1.7458639577766797,0.0672143160223323,34387462.60895581,32641464.546192054,0.029066510429659742,6.056060101963051,0.636837782769018,0.5852220632388496,0.0,0.11000219081047824,0.12227005639212196,-26.453943170770735,0.8509342348210894,,,,,,,,,,,,,,,,,,,,,,,,,,,,,,,,,,,,,,,,,,,,,,,,,,,,,,,,,,,,,,,,,
reliability_first,mixed_stress,PPO_CMDP,PPO_CMDP,11,471540437,1073362871,1897045420,3e02143445d692cb208a,stochastic,150,300,250,1,500,1,800,1,150-step training / 300-step arrival window + >= 250-step no-arrival drain adaptively extended to cohort maturity (cap 500),945565844,1,273.6423236000119,reliability_first,200,0.0,0.7801813092850705,0.7272374890305177,0.0,1.0,0.21981869071492952,0.27276251096948223,0.27733756042154345,43.9637381429859,0.21981869071492952,-0.08735361202926473,-0.11220061021213082,0.00039539619104651444,0.004370693837942745,0.005777359806853869,0.24735361202926473,0.2722006102121308,0.2749949027859502,0.9265969772778087,0.9613246320586759,,0.9989246241170002,0.0006799796919531993,0.0,0.0006799796919531993,0.5243199694158573,0.8707735933606446,0.47549582343531893,0.06638870780413297,0.00018420714882375064,2.822494923327122,101.205,11.885,101.25,250.0,250.0,250.0,0.0,0.0,550.0,252.0,252.0,1.0,0.0,,144.63208293318516,168.03886722558002,176.71814977973565,173.6549401763405,2.822494923327122,2.565302263202515,2.5519909579894104,0.05173269557066144,30137354.15640419,29301040.02101971,0.033180957455743135,7.316207722901554,0.6460015733299351,0.6062122846023571,0.0,0.15680527351817347,0.16964853291160556,39.38265812260844,0.5499310141728512,,,,,,,,,,,,,,,,,,,,,,,,,,,,,,,,,,,,,,,,,,,,,,,,,,,,,,,,,,,,,,,,,
reliability_first,mixed_stress,Intent-PPO-CMDP-NoRisk,Intent-PPO-CMDP-NoRisk,11,471540437,1073362871,1897045420,7d2ee40999bb1a6afe16,stochastic,150,300,250,1,500,1,800,1,150-step training / 300-step arrival window + >= 250-step no-arrival drain adaptively extended to cohort maturity (cap 500),945565844,1,275.69379829999525,reliability_first,200,0.0,0.937841324673316,0.920170479764651,0.995,1.0,0.062158675326684086,0.07982952023534884,0.09763042281967398,12.431735065336817,0.062158675326684086,0.02372843492074651,-0.0019835175126428186,7.444464003329627e-05,0.0,7.444464003329627e-05,0.11546564415106632,0.1619835175126428,0.1720023161035147,0.9223247354534894,0.9604962613647137,,0.734016351609638,0.26590920375032884,0.0,0.26590920375032884,0.3731756618110097,0.8776691175484094,0.626749893548957,0.05124855032686613,7.444464003329627e-05,1.9931648136970659,77.095,9.565,77.095,250.0,250.0,250.0,0.0,0.0,550.0,252.0,252.0,1.0,0.0,,181.78463404214696,195.7650179856115,202.14701798201796,199.5075231091856,1.9931648136970659,1.7336159701335245,1.713969666973793,0.07710556728495505,34407629.09673806,32527504.245910376,0.029041733218083184,6.107301564195965,0.641445283888647,0.5895721746054439,0.0,0.11073137853872587,0.12412348076407878,-21.365192386215785,1.1903405713248438,,,,,,,,,,,,,,,,,,,,,,,,,,,,,,,,,,,,,,,,,,,,,,,,,,,,,,,,,,,,,,,,,
reliability_first,mixed_stress,Intent-PPO-CMDP,Intent-PPO-CMDP,11,471540437,1073362871,1897045420,b12c9f3440d9c22ff923,stochastic,150,300,250,1,500,1,800,1,150-step training / 300-step arrival window + >= 250-step no-arrival drain adaptively extended to cohort maturity (cap 500),945565844,1,319.3185737999738,reliability_first,200,0.0,0.9442941352517767,0.9333466130504016,0.985,1.0,0.05570586474822314,0.06665338694959838,0.08814142223380152,11.141172949644627,0.05570586474822314,0.015727796094213167,0.0023373700567999116,0.01174388464197496,0.023485303606790818,0.02566515218334972,0.11430642830069299,0.15358958831167413,0.17131405308688763,0.9183219401947383,0.9673989580851066,,0.8122596107117357,0.1759965046462893,0.0,0.1759965046462893,0.39966554633019213,0.8774736831046536,0.5888986541504122,0.04741142988695704,0.011435799519395617,2.1327364385566714,87.695,8.745,87.76,250.0,250.0,250.0,0.0,0.0,550.0,252.0,252.0,1.0,0.0,,178.02025069893452,191.9978309684978,198.725272255834,196.91279040574605,2.1327364385566714,1.913106267120668,1.881444200741835,0.06486060415121703,34451560.89935521,33051506.23297927,0.02901939581962592,6.589510693097248,0.6459527046731293,0.5987191118910954,0.0,0.11848535769759287,0.13110211677924866,8.523884109314457,2.1104030245888885,,,,,,,,,,,,,,,,,,,,,,,,,,,,,,,,,,,,,,,,,,,,,,,,,,,,,,,,,,,,,,,,,
reliability_first,mixed_stress,Intent-PPO-CMDP-FullPolicy-NoShield,Intent-PPO-CMDP,11,471540437,1073362871,1897045420,b12c9f3440d9c22ff923,stochastic,150,300,250,1,500,1,800,1,150-step training / 300-step arrival window + >= 250-step no-arrival drain adaptively extended to cohort maturity (cap 500),945565844,1,319.3185737999738,reliability_first,200,0.0,0.7367157578605681,0.6836382149306349,0.0,1.0,1.4891920687135025,2.022298965018119,2.2772179915449615,297.8384137427005,1.4891920687135025,-0.22520224623140966,-0.30683037830662746,0.2552022462314097,0.33683037830662743,0.3746980080932599,0.13849038061114619,0.1863179660371276,0.1943395239511373,0.925361146199545,0.9655645698865598,,0.6637986162414182,0.08099913752717207,0.0,0.08099913752717207,0.337617296813994,0.890741336414726,0.5272371231151457,0.0405978316157017,0.13514558007086014,1.8629605970761471,69.625,7.425,95.155,250.0,250.0,250.0,0.0,0.0,550.0,252.0,252.0,1.0,0.0,,164.6553156022736,182.59858651911466,186.08488738738737,185.29057563513047,1.8629605970761471,1.6076965829569632,1.570624468885831,0.08805828791088796,33138271.475880347,31320814.975313865,0.030153627195025186,5.342959423634103,0.6017838104023882,0.5491115128320622,0.0,0.10349781094867484,0.11778795586261481,-39.36080149334336,0.6741858852345642,,,,,,,,,,,,,,,,,,,,,,,,,,,,,,,,,,,,,,,,,,,,,,,,,,,,,,,,,,,,,,,,,
reliability_first,mixed_stress,MaxWeight,MaxWeight,12,1729653623,2128646545,2079233514,,stochastic,150,300,250,1,500,1,800,1,150-step training / 300-step arrival window + >= 250-step no-arrival drain adaptively extended to cohort maturity (cap 500),1084266339,0,1.1499971151351929e-05,reliability_first,200,0.0,0.9238530721308461,0.9106402087642349,1.0,1.0,0.07614692786915389,0.08935979123576507,0.09450618992563918,15.229385573830779,0.07614692786915389,0.0265827149266363,0.011698484667700765,0.0,0.0,0.0,0.12244376603672741,0.14830151533229924,0.1594376857448613,0.9759884507497242,0.9942810718546408,,0.6414741116182583,0.3585258883817417,0.0,0.3585258883817417,0.3184518630240049,0.8943160559416813,0.681548136975995,0.0816723948080427,0.0,1.9415062892105777,67.4,17.1,67.4,250.0,251.83,278.0,1.83,28.0,551.83,278.0,278.0,1.0,0.0,,177.99861235646014,192.62683823529412,197.4450733568075,195.65146909896868,1.9415062892105777,1.7598324641822034,1.7478331720489213,0.05853408651605439,15951101.150235755,15141147.022067484,0.0626921076241725,12.679660245292771,0.5327228334949445,0.49488762978597417,0.0008579430498335033,0.10786146051169876,0.11808835372804989,-72.20993036033,0.260101128649818,,,,,,,,,,,,,,,,,,,,,,,,,,,,,,,,,,,,,,,,,,,,,,,,,,,,,,,,,,,,,,,,,
reliability_first,mixed_stress,PPO,PPO,12,1729653623,2128646545,1621075116,2fb07c1ee95b181950c4,stochastic,150,300,250,1,500,1,800,1,150-step training / 300-step arrival window + >= 250-step no-arrival drain adaptively extended to cohort maturity (cap 500),1084266339,1,284.739809300052,reliability_first,200,0.0,0.9540261490114694,0.9384231702218855,1.0,1.0,0.045973850988530546,0.06157682977811453,0.07593335342103683,9.19477019770611,0.045973850988530546,0.020693593273699663,-0.0070836722520470664,0.000495473091780816,0.004833274419700718,0.005711386734265206,0.13184625412865297,0.167083672252047,0.1742595823970337,0.9064963593549566,0.9507317019178305,,0.847027904444059,0.15247662246416027,0.0,0.15247662246416027,0.4277221901962747,0.8664363245054812,0.5719094011138444,0.05015668744185371,0.00036840868988090135,2.370216458100299,87.655,8.405,87.68,250.0,250.0,250.0,0.0,0.0,550.0,278.0,278.0,1.0,0.0,,170.82308832756047,187.00569232220334,195.92818681318678,191.76088263702587,2.370216458100299,2.143454676961262,2.119167995708387,0.060705379060709504,28843035.539645463,27482971.17151651,0.03466783234010613,8.166346245806139,0.6545665673353853,0.60940758132479,0.0,0.13167869211668326,0.14576501609850612,27.135188116369918,0.6784988494324224,,,,,,,,,,,,,,,,,,,,,,,,,,,,,,,,,,,,,,,,,,,,,,,,,,,,,,,,,,,,,,,,,
reliability_first,mixed_stress,PPO-Lagrangian,PPO-Lagrangian,12,1729653623,2128646545,1621075116,5ff4062933b4dfa3978e,stochastic,150,300,250,1,500,1,800,1,150-step training / 300-step arrival window + >= 250-step no-arrival drain adaptively extended to cohort maturity (cap 500),1084266339,1,266.70855040004244,reliability_first,200,0.0,0.9409061275922244,0.931374138716541,1.0,1.0,0.059093872407775534,0.06862586128345904,0.07107400218807089,11.818774481555106,0.059093872407775534,0.02884292995850706,0.02483571310436077,0.0010801196868830119,0.005129526830557758,0.008503850909771474,0.08194027658622889,0.11071459954807933,0.1230849621639464,0.9287225214987462,0.961632587521669,,0.7689490940477492,0.22997078626536774,0.0,0.22997078626536774,0.36628245099879814,0.879176674739474,0.633310907161488,0.05783295250989202,0.00040664183971395593,2.073270023741703,84.32,10.43,84.465,250.0,250.235,270.0,0.235,20.0,550.235,278.0,278.0,1.0,0.0,,191.54812971038533,204.01151948051947,209.62551113360323,207.7920890257721,2.073270023741703,1.835041519536092,1.8273649126568106,0.07163046111842042,27757359.336399946,26770850.413784932,0.036042031624337834,8.828872360099771,0.6548645051710333,0.5996204587711019,0.0,0.11518166798565019,0.12945501171551774,3.013679372532032,6.213238255514946,,,,,,,,,,,,,,,,,,,,,,,,,,,,,,,,,,,,,,,,,,,,,,,,,,,,,,,,,,,,,,,,,
reliability_first,mixed_stress,PPO_CMDP,PPO_CMDP,12,1729653623,2128646545,1621075116,c2c338dd9800f45e9834,stochastic,150,300,250,1,500,1,800,1,150-step training / 300-step arrival window + >= 250-step no-arrival drain adaptively extended to cohort maturity (cap 500),1084266339,1,270.83158040000126,reliability_first,200,0.0,0.7833718613779064,0.7366002176292943,0.0,1.0,0.21662813862209368,0.2633997823707057,0.2737215351203197,43.32562772441874,0.21662813862209368,-0.08608874001644697,-0.10944791092492559,2.4875621890547263e-05,0.0,2.4875621890547263e-05,0.246088740016447,0.2694479109249256,0.2743613969571131,0.923572787737942,0.9592774025980007,,0.9988025118552121,0.0011726125228974493,0.0,0.0011726125228974493,0.5195417058268247,0.871148157387747,0.4804334185512848,0.06451547629012308,2.4875621890547263e-05,2.9539348395272356,100.56,10.99,100.56,250.0,250.0,250.0,0.0,0.0,550.0,278.0,278.0,1.0,0.0,,145.20759024051773,167.52575306190002,178.8172937324256,173.49932280161724,2.9539348395272356,2.6875712032206525,2.6916633212648042,0.05038004685820165,24746751.318960637,23883509.73747254,0.04041087650106216,9.43632872418969,0.6367516634778585,0.5839538780078508,0.0,0.16410749108484646,0.17881272346583127,51.63022453610907,0.39661319409042145,,,,,,,,,,,,,,,,,,,,,,,,,,,,,,,,,,,,,,,,,,,,,,,,,,,,,,,,,,,,,,,,,
reliability_first,mixed_stress,Intent-PPO-CMDP-NoRisk,Intent-PPO-CMDP-NoRisk,12,1729653623,2128646545,1621075116,53b75815fc19ab3c700d,stochastic,150,300,250,1,500,1,800,1,150-step training / 300-step arrival window + >= 250-step no-arrival drain adaptively extended to cohort maturity (cap 500),1084266339,1,267.30905749998055,reliability_first,200,0.0,0.9485422727879381,0.9130171062683128,0.985,1.0,0.05145772721206181,0.08698289373168709,0.09950827405142991,10.291545442412362,0.05145772721206181,0.010029086438445028,-0.01926425211189234,7.18074926894989e-05,0.0,7.18074926894989e-05,0.1486386648736995,0.17926425211189234,0.1847796777262391,0.9135943122811895,0.9535912709364902,,0.8796209328282072,0.12030725967910329,0.0,0.12030725967910329,0.42544875325081755,0.8712097533456975,0.5745026950704464,0.05236757577014619,4.8551678736010534e-05,2.3758939210761443,95.055,8.945,95.06,250.0,250.0,250.0,0.0,0.0,550.0,278.0,278.0,1.0,0.0,,177.0100213202543,190.64539732252518,192.61210338199075,192.10280938077835,2.3758939210761443,2.125515457218107,2.1122219817348693,0.06195271898792138,28351693.829605132,27434908.750474352,0.03527621457187756,8.973430239193032,0.659273384424275,0.6104148066840087,0.0,0.13199410672645245,0.1459339500531479,27.717436953608367,0.5704772470896273,,,,,,,,,,,,,,,,,,,,,,,,,,,,,,,,,,,,,,,,,,,,,,,,,,,,,,,,,,,,,,,,,
reliability_first,mixed_stress,Intent-PPO-CMDP,Intent-PPO-CMDP,12,1729653623,2128646545,1621075116,fc604e43c5d11a5118bd,stochastic,150,300,250,1,500,1,800,1,150-step training / 300-step arrival window + >= 250-step no-arrival drain adaptively extended to cohort maturity (cap 500),1084266339,1,320.63457950000884,reliability_first,200,0.0,0.708788420642837,0.6611728011722658,0.0,1.0,0.29124762168726853,0.338827198827734,0.3480981125946985,58.24952433745371,0.29124762168726853,-0.1236650830270324,-0.14866030994830312,0.008532991070099569,0.019617549990293144,0.02228351625281147,0.28366508302703236,0.3086603099483031,0.3130278067706811,0.9223944205224811,0.9628229453735534,,0.9864508939599466,0.005016114969953942,0.0,0.005016114969953942,0.5348793631101869,0.8681207237157966,0.457756086060662,0.06427885394048614,0.007364550829150936,3.0606391189332554,95.075,11.4,95.32,250.0,250.0,250.0,0.0,0.0,550.0,278.0,278.0,1.0,0.0,,137.26512020599097,162.4264074074074,171.09117199605578,167.64704276585684,3.0606391189332554,2.8492334637380687,2.848414751462483,0.04125882928629769,22322650.558640603,21502734.889893316,0.04478508189895375,9.835219741882943,0.6300124981237895,0.5785735747324465,0.0,0.1700355066074031,0.1823464285315523,18.640163340655334,1.231368943742937,,,,,,,,,,,,,,,,,,,,,,,,,,,,,,,,,,,,,,,,,,,,,,,,,,,,,,,,,,,,,,,,,
reliability_first,mixed_stress,Intent-PPO-CMDP-FullPolicy-NoShield,Intent-PPO-CMDP,12,1729653623,2128646545,1621075116,fc604e43c5d11a5118bd,stochastic,150,300,250,1,500,1,800,1,150-step training / 300-step arrival window + >= 250-step no-arrival drain adaptively extended to cohort maturity (cap 500),1084266339,1,320.63457950000884,reliability_first,200,0.0,0.5120181561838864,0.4651863240722084,0.0,1.0,0.7636477044010636,1.0148473152065947,1.0727454127317682,152.7295408802127,0.7636477044010636,-0.12822666703353014,-0.1497436028310875,0.10382712800739163,0.14222201538843382,0.1519455495658495,0.28800110779467913,0.3097436028310875,0.3169964092024542,0.922894940424128,0.9634682339532793,,0.8951743625535739,0.0009985094390346063,0.0,0.0009985094390346063,0.5018629377500865,0.8690986103517298,0.43030488720610754,0.06436324651770901,0.06783217504380597,2.9053299027899517,82.835,11.265,90.405,250.0,250.0,250.0,0.0,0.0,550.0,278.0,278.0,1.0,0.0,,127.95172717332493,155.08527425229,164.28326742061563,162.57036126657408,2.9053299027899517,2.7089543075254157,2.68252847186036,0.046230858884689904,22138199.75574701,21340232.902243983,0.04515016872937879,8.485979118387545,0.6236132359713124,0.5739246061172237,0.0,0.16140721682166392,0.17399189383282482,10.557877229865134,2.1644942700916383,,,,,,,,,,,,,,,,,,,,,,,,,,,,,,,,,,,,,,,,,,,,,,,,,,,,,,,,,,,,,,,,,
reliability_first,mixed_stress,MaxWeight,MaxWeight,13,1025721121,372372750,74078924,,stochastic,150,300,250,1,500,1,800,1,150-step training / 300-step arrival window + >= 250-step no-arrival drain adaptively extended to cohort maturity (cap 500),1464908670,0,2.4900073185563087e-05,reliability_first,200,0.0,0.9269642111045926,0.9168739868700736,0.995,1.0,0.07303578889540727,0.08312601312992637,0.09348680123074468,14.607157779081454,0.07303578889540727,0.023013915444457453,0.002883422806368011,0.0,0.0,0.0,0.12967369501917334,0.15711657719363198,0.1657704949050555,0.9708956510718316,0.9891465226847072,,0.684599228880108,0.3154007711198919,0.0,0.3154007711198919,0.33676145836939514,0.8841923296391784,0.6632385416306047,0.08670332143265327,0.0,1.9781280462873472,71.555,17.885,71.555,250.0,261.3,325.0,11.3,75.0,561.3,326.0,326.0,1.0,0.0,,174.5288845284382,193.34772727272727,201.54955279503105,199.16372474307292,1.9781280462873472,1.7864577231326562,1.7780973391812132,0.062304274570293895,17891412.524756897,17124545.767224558,0.05589548978827463,11.417733138622639,0.5289272050595746,0.49053553641008885,0.0011982770123954308,0.10989600257151927,0.12113947330377062,-84.60518872113367,0.3605398129040193,,,,,,,,,,,,,,,,,,,,,,,,,,,,,,,,,,,,,,,,,,,,,,,,,,,,,,,,,,,,,,,,,
reliability_first,mixed_stress,PPO,PPO,13,1025721121,372372750,535536204,3cabdc2e2c3a75659a16,stochastic,150,300,250,1,500,1,800,1,150-step training / 300-step arrival window + >= 250-step no-arrival drain adaptively extended to cohort maturity (cap 500),1464908670,1,262.1022107999888,reliability_first,200,0.0,0.6456518134610727,0.6321871743866629,0.0,1.0,0.3708612697837904,0.4148486076201075,0.42225299452378157,74.17225395675808,0.3708612697837904,-0.16575590263361803,-0.1881303486970847,0.00047741744292878333,0.004878048780487805,0.006119136727601535,0.32575590263361803,0.34813034869708465,0.3522980699967401,0.9031344541471623,0.9499884620784179,,0.9962876454135747,0.003234937143496458,0.0,0.003234937143496458,0.530316795901799,0.8633191952430108,0.4695420378284416,0.0509453398169434,0.00014116626975936033,2.781339616005315,96.235,8.21,96.305,250.0,250.0,250.0,0.0,0.0,550.0,326.0,326.0,1.0,0.0,,139.7067271375463,163.01855731878666,170.45734802282115,167.7854317947966,2.781339616005315,2.572601217891695,2.5499715954523197,0.048999586770116045,23047396.16822461,22320433.44925185,0.04338337504492897,9.328900030590216,0.6409767324168364,0.5925347772154234,0.0,0.15451886755585081,0.16809438713008962,-33.822228639825234,0.8560772509915515,,,,,,,,,,,,,,,,,,,,,,,,,,,,,,,,,,,,,,,,,,,,,,,,,,,,,,,,,,,,,,,,,
reliability_first,mixed_stress,PPO-Lagrangian,PPO-Lagrangian,13,1025721121,372372750,535536204,454f28c68eb87e33907f,stochastic,150,300,250,1,500,1,800,1,150-step training / 300-step arrival window + >= 250-step no-arrival drain adaptively extended to cohort maturity (cap 500),1464908670,1,254.03850810002768,reliability_first,200,0.0,0.8865474362397614,0.833042182630925,0.325,1.0,0.11345256376023852,0.16695781736907492,0.17637684402157677,22.690512752047702,0.11345256376023852,-0.03431431603812766,-0.0613123644251627,0.0003016743442400261,0.00023696682464446897,0.006033486884800524,0.19431431603812768,0.2213123644251627,0.22732423704918353,0.9231147234182661,0.9592360294999898,,0.9758591054294078,0.023839220226352095,0.0,0.023839220226352095,0.49491702080516176,0.873144910615775,0.5049849627844826,0.06144637214838102,9.801641035561145e-05,2.7002726594032818,99.41,10.34,99.45,250.0,250.0,250.0,0.0,0.0,550.0,326.0,326.0,1.0,0.0,,156.55141703992277,175.82446733814345,180.76334546778298,179.32518417153864,2.7002726594032818,2.430583548819766,2.4182685811550213,0.05863114748337445,28642652.357912164,27653741.538499005,0.03490450432177761,8.295942263284797,0.6444735826450657,0.6011753601185308,0.0,0.15001514774462674,0.16320571203134682,37.193863805343874,0.5183219524241843,,,,,,,,,,,,,,,,,,,,,,,,,,,,,,,,,,,,,,,,,,,,,,,,,,,,,,,,,,,,,,,,,
reliability_first,mixed_stress,PPO_CMDP,PPO_CMDP,13,1025721121,372372750,535536204,a070e26e29e031606ad8,stochastic,150,300,250,1,500,1,800,1,150-step training / 300-step arrival window + >= 250-step no-arrival drain adaptively extended to cohort maturity (cap 500),1464908670,1,277.9400926999515,reliability_first,200,0.0,0.9377093871765336,0.8920377491740493,0.915,1.0,0.06229061282346617,0.10796225082595064,0.1284895171091602,12.458122564693234,0.06229061282346617,-0.005948823871738515,-0.03497173566878982,0.000269474925728029,0.0044444444444444444,0.004899544104145982,0.16581739784455998,0.1949717356687898,0.20577087723591547,0.9064739154801361,0.9502533035802218,,0.941376663269846,0.058353861804426053,0.0,0.058353861804426053,0.4883050882887343,0.8589986936106209,0.5115491394717403,0.05772080137017605,0.0001457722395253428,2.644066105629956,93.78,9.875,93.805,250.0,250.0,250.0,0.0,0.0,550.0,326.0,326.0,1.0,0.0,,155.03944138202837,173.76305555555555,182.40113492732252,179.05237008433704,2.644066105629956,2.366624645078561,2.353567364466028,0.06118424409098117,31189562.247020703,29748084.68859595,0.03205593689748111,7.3319066519570635,0.6456376008356886,0.6050026512418603,0.0,0.14689256142388643,0.16111875781201654,46.04044111829073,0.3950476137448866,,,,,,,,,,,,,,,,,,,,,,,,,,,,,,,,,,,,,,,,,,,,,,,,,,,,,,,,,,,,,,,,,
reliability_first,mixed_stress,Intent-PPO-CMDP-NoRisk,Intent-PPO-CMDP-NoRisk,13,1025721121,372372750,535536204,4606dec7f3efe1c94a9c,stochastic,150,300,250,1,500,1,800,1,150-step training / 300-step arrival window + >= 250-step no-arrival drain adaptively extended to cohort maturity (cap 500),1464908670,1,283.62103929999284,reliability_first,200,0.0,0.6843230701339972,0.6450621126611815,0.0,1.0,0.3161477956851983,0.3569129846804191,0.3693325241841252,63.22955913703966,0.3161477956851983,-0.1378558010585423,-0.15863063251680742,9.582642139925204e-05,0.0,9.582642139925204e-05,0.2978558010585423,0.3186306325168074,0.32449993014673584,0.9071361986222695,0.9450240974543724,,0.9999041735786008,0.0,0.0,0.0,0.5976631680568257,0.8568909496184047,0.40228898067133767,0.061127391942995005,4.785127183643566e-05,3.2528795581247714,83.735,10.43,83.745,250.0,250.0,250.0,0.0,0.0,550.0,326.0,326.0,1.0,0.0,,115.7476998038693,137.11327752864972,146.21506276150623,143.36604352840143,3.2528795581247714,3.0295159109959395,2.9834060046143107,0.04784546103616167,24917803.386471152,24010823.11609447,0.040121594977533814,7.233924117085284,0.6335134661316021,0.5770043531144724,0.0,0.18071553100693172,0.1947433323917916,41.361900099185384,0.46295485142077586,,,,,,,,,,,,,,,,,,,,,,,,,,,,,,,,,,,,,,,,,,,,,,,,,,,,,,,,,,,,,,,,,
reliability_first,mixed_stress,Intent-PPO-CMDP,Intent-PPO-CMDP,13,1025721121,372372750,535536204,09d0d30da2ff448dad2f,stochastic,150,300,250,1,500,1,800,1,150-step training / 300-step arrival window + >= 250-step no-arrival drain adaptively extended to cohort maturity (cap 500),1464908670,1,309.3859143999871,reliability_first,200,0.0,0.6858224985638444,0.647351425749266,0.0,1.0,0.3146135219078395,0.3526485742507341,0.3722498433243907,62.9227043815679,0.3146135219078395,-0.1348822259246381,-0.15492449637008765,0.018636804897656845,0.028037383177570093,0.028570504376977533,0.29488222592463814,0.3149244963700876,0.32333586986464674,0.9269690365311175,0.9660178200277627,,0.9813631951023432,0.0,0.0,0.0,0.5879946029289321,0.8763935033389241,0.3937342784227989,0.055331169715370575,0.018271118648268945,3.2054652364610856,81.445,10.415,81.52,250.0,250.0,250.0,0.0,0.0,550.0,326.0,326.0,1.0,0.0,,115.45105589630197,137.9256443663394,146.91026345291476,142.46701530636616,3.2054652364610856,2.985821592585388,2.966718716580348,0.04401775101003731,24993420.10170708,24211505.30006534,0.03999690334810645,7.090835590263786,0.6267736970000748,0.5933457113438396,0.0,0.17808140202561581,0.1896632134953539,47.54979560991796,0.39247813119580033,,,,,,,,,,,,,,,,,,,,,,,,,,,,,,,,,,,,,,,,,,,,,,,,,,,,,,,,,,,,,,,,,
reliability_first,mixed_stress,Intent-PPO-CMDP-FullPolicy-NoShield,Intent-PPO-CMDP,13,1025721121,372372750,535536204,09d0d30da2ff448dad2f,stochastic,150,300,250,1,500,1,800,1,150-step training / 300-step arrival window + >= 250-step no-arrival drain adaptively extended to cohort maturity (cap 500),1464908670,1,309.3859143999871,reliability_first,200,0.0,0.4571968337132115,0.4221843635153958,0.0,1.0,2.45350906540897,3.057568310654748,3.3389169593226846,490.701813081794,2.45350906540897,-0.33321431735522594,-0.42975419430355055,0.36321431735522597,0.4597541943035504,0.49598803408561887,0.3137526150509043,0.33723367490456096,0.3449750232961139,0.9363212275554886,0.9770548598721623,,0.636785682644774,0.0,0.0,0.0,0.4170011103701958,0.903953040070734,0.2768699477074695,0.03740107420159216,0.30612894192233464,2.3899309820841648,45.725,6.7,57.61,250.0,250.0,250.0,0.0,0.0,550.0,326.0,326.0,1.0,0.0,,94.26686514234709,115.22583226632521,123.10445535714284,122.14489404250969,2.3899309820841648,2.0125718082272264,1.9822945132356107,0.09567361109096667,23827216.70124482,22755146.290508088,0.04191696553838661,4.161374705984559,0.532540638660161,0.46672892497707746,0.0041288983129153835,0.13277394344912027,0.15335946112563395,3.463878309736746,5.622598522455757,,,,,,,,,,,,,,,,,,,,,,,,,,,,,,,,,,,,,,,,,,,,,,,,,,,,,,,,,,,,,,,,,
reliability_first,mixed_stress,MaxWeight,MaxWeight,14,1103526060,1905340783,1673315337,,stochastic,150,300,250,1,500,1,800,1,150-step training / 300-step arrival window + >= 250-step no-arrival drain adaptively extended to cohort maturity (cap 500),1537471703,0,1.0400079190731049e-05,reliability_first,200,0.0,0.9307602239026636,0.9211951167308053,1.0,1.0,0.06923977609733639,0.07880488326919456,0.08265991593629292,13.847955219467277,0.06923977609733639,0.023150803883526912,0.0031355645706558537,0.0,0.0,0.0,0.1308415784118132,0.15686443542934414,0.1607364653187414,0.9678905217661976,0.9865885627980195,,0.6868947133774868,0.3131052866225133,0.0,0.3131052866225133,0.3384654096328943,0.8832838580240218,0.6615345903671057,0.08460666374217578,0.0,2.045223245179298,73.725,17.97,73.725,250.0,254.75,277.0,4.75,27.0,554.75,277.0,277.0,1.0,0.0,,175.03889707813144,190.2229406130268,192.9749002849003,192.10070473077698,2.045223245179298,1.8355578406128652,1.8218664484922642,0.06937413717664268,21442603.475791585,20494009.180664707,0.0466417544161058,9.862460511339634,0.536248500359436,0.5066625751861109,0.0003469047317377902,0.1136235136210721,0.12508905749543034,-63.47231360995653,0.39600028961732453,,,,,,,,,,,,,,,,,,,,,,,,,,,,,,,,,,,,,,,,,,,,,,,,,,,,,,,,,,,,,,,,,
reliability_first,mixed_stress,PPO,PPO,14,1103526060,1905340783,1823775964,0a65909e93fb2c778ea0,stochastic,150,300,250,1,500,1,800,1,150-step training / 300-step arrival window + >= 250-step no-arrival drain adaptively extended to cohort maturity (cap 500),1537471703,1,272.0849051999976,reliability_first,200,0.0,0.7449318080143499,0.7010330818649962,0.0,1.0,0.25506819198565006,0.2989669181350038,0.308268966393417,51.01363839713001,0.25506819198565006,-0.10806534235712334,-0.12952311375136105,0.0010590843825089632,0.0050787452817909655,0.00835786916745536,0.2680653423571233,0.289523113751361,0.29482998389903936,0.8993844719342259,0.9373547993351214,,0.9921642484004431,0.006776667217047902,0.0,0.006776667217047902,0.5102233347133486,0.8544690981662362,0.48935400363415965,0.055556192438857684,0.0004226616524916294,2.7789995481834335,102.255,9.485,102.39,250.0,250.0,250.0,0.0,0.0,550.0,277.0,277.0,1.0,0.0,,146.07438879243512,169.10967528301495,179.758951701074,175.6009587511185,2.7789995481834335,2.5642113430959457,2.5426447181278835,0.04876959220381107,26921039.06925067,25951000.189134367,0.037133227934586024,8.566272329358386,0.6380208073803546,0.5926088548833446,0.0,0.1543888637879685,0.16629536680537574,13.01495800667525,1.8547546002041697,,,,,,,,,,,,,,,,,,,,,,,,,,,,,,,,,,,,,,,,,,,,,,,,,,,,,,,,,,,,,,,,,
reliability_first,mixed_stress,PPO-Lagrangian,PPO-Lagrangian,14,1103526060,1905340783,1823775964,337f5a10e02765106fee,stochastic,150,300,250,1,500,1,800,1,150-step training / 300-step arrival window + >= 250-step no-arrival drain adaptively extended to cohort maturity (cap 500),1537471703,1,284.58887489995686,reliability_first,200,0.0,0.9490204702492914,0.9104371320493435,0.97,1.0,0.05097952975070856,0.0895628679506564,0.10767557238395105,10.195905950141713,0.05097952975070856,0.0052347106178847426,-0.024747949551222538,0.00035648360791978943,0.004652249510975874,0.0048766068527013465,0.1539980133022317,0.18474794955122253,0.1950440700539214,0.9049612682597348,0.9390389704422268,,0.9233906026164876,0.07625291377559261,0.0,0.07625291377559261,0.4726375021553717,0.8585826617845729,0.5271483792873426,0.056298553167241215,0.00021411855728574244,2.6343481370465485,95.67,9.905,95.7,250.0,250.0,250.0,0.0,0.0,550.0,277.0,277.0,1.0,0.0,,159.6490953117973,176.2230452525838,181.2190716440422,179.28799464887857,2.6343481370465485,2.4281022897276525,2.410021141524238,0.05198386370724222,35323638.13573659,33561324.626727045,0.028311708864762683,6.7585817978075955,0.6400986269952545,0.5936365590875754,0.0,0.1463526742803638,0.15997522050841773,51.42120743583797,0.2832806920423848,,,,,,,,,,,,,,,,,,,,,,,,,,,,,,,,,,,,,,,,,,,,,,,,,,,,,,,,,,,,,,,,,
reliability_first,mixed_stress,PPO_CMDP,PPO_CMDP,14,1103526060,1905340783,1823775964,dadb88684cb84768bf3a,stochastic,150,300,250,1,500,1,800,1,150-step training / 300-step arrival window + >= 250-step no-arrival drain adaptively extended to cohort maturity (cap 500),1537471703,1,264.74071779998485,reliability_first,200,0.0,0.6744232304066946,0.644084921118053,0.0,1.0,0.32788739936986566,0.3744752761188936,0.3835922007456619,65.57747987397313,0.32788739936986566,-0.14832005548249513,-0.16851402644829303,0.0006404745632855896,0.004830917874396135,0.006574007479052898,0.30832005548249514,0.328514026448293,0.33428244213383906,0.8659782279934464,0.9102553030434285,,0.9991900667145265,0.0001694587221880271,0.0,0.0001694587221880271,0.5688545757016208,0.8305203873426581,0.43103118324786827,0.047552623268836476,0.00011424105051105503,3.0568835935171785,91.645,7.535,91.755,250.0,250.0,250.0,0.0,0.0,550.0,277.0,277.0,1.0,0.0,,122.7027482501245,145.47433669261562,158.78911675143888,153.74602795667434,3.0568835935171785,2.8351020067478117,2.811210767869803,0.043788287706882194,27905174.57472031,27146449.18700434,0.03582749542478182,6.990694606942969,0.6380895832001928,0.5953914812044205,0.0,0.1698268663065099,0.18145854422014193,29.886765560038558,0.7344986934831332,,,,,,,,,,,,,,,,,,,,,,,,,,,,,,,,,,,,,,,,,,,,,,,,,,,,,,,,,,,,,,,,,
reliability_first,mixed_stress,Intent-PPO-CMDP-NoRisk,Intent-PPO-CMDP-NoRisk,14,1103526060,1905340783,1823775964,72924e27f6df7ecb428f,stochastic,150,300,250,1,500,1,800,1,150-step training / 300-step arrival window + >= 250-step no-arrival drain adaptively extended to cohort maturity (cap 500),1537471703,1,270.7660398000153,reliability_first,200,0.0,0.673580993310586,0.640469282042845,0.0,1.0,0.32881176047529537,0.37270997912313086,0.3829438358406372,65.76235209505907,0.32881176047529537,-0.14755274145390598,-0.1689435252566303,0.0006103945211190905,0.004785839160839161,0.006451323516821687,0.307552741453906,0.3289435252566303,0.33279375770696756,0.8770588051341801,0.9263517964628921,,0.9992701581648313,0.00011944731404958677,0.0,0.00011944731404958677,0.5700739615667971,0.8341460140388532,0.4296662283436129,0.053325802359376305,0.00025981008959005203,3.107410946253353,91.625,9.135,91.7,250.0,250.0,250.0,0.0,0.0,550.0,277.0,277.0,1.0,0.0,,121.9812594854749,145.0231136381678,153.34360502881086,152.35817829267324,3.107410946253353,2.8691192129334633,2.852775865733725,0.04696497817857122,27537077.205595303,26641810.67113888,0.03630552230250153,7.06720816808741,0.6361200174809951,0.596114025341932,0.0,0.17263394145851962,0.1855280704517837,30.98859370154315,0.6983920658632519,,,,,,,,,,,,,,,,,,,,,,,,,,,,,,,,,,,,,,,,,,,,,,,,,,,,,,,,,,,,,,,,,
reliability_first,mixed_stress,Intent-PPO-CMDP,Intent-PPO-CMDP,14,1103526060,1905340783,1823775964,fd2a9bdca11bd34bca64,stochastic,150,300,250,1,500,1,800,1,150-step training / 300-step arrival window + >= 250-step no-arrival drain adaptively extended to cohort maturity (cap 500),1537471703,1,319.06714920001104,reliability_first,200,0.0,0.8216494067916236,0.7805029437305172,0.0,1.0,0.17835059320837637,0.21949705626948274,0.23408073385862874,35.67011864167527,0.17835059320837637,-0.06493079311640526,-0.08657074827026563,0.019393479899935603,0.02899254256366962,0.029340364057518258,0.2249307931164053,0.24657074827026565,0.2514700692023702,0.941118995642547,0.9775594688866889,,0.9782673835375135,0.0023391365625508877,0.0,0.0023391365625508877,0.5055032234292558,0.887976321172085,0.47623069604806106,0.058726122195316525,0.01826608052268316,2.8848778599172555,100.585,11.275,100.82,250.0,250.0,250.0,0.0,0.0,550.0,277.0,277.0,1.0,0.0,,147.46867791353995,171.84173622381945,178.9227971519907,177.05440082995108,2.8848778599172555,2.6317172599838243,2.6077865197324943,0.05212252952712591,31795972.49688222,30717296.189383756,0.03144388995772695,7.328387858940085,0.6258005346020109,0.5943634036726596,0.0,0.1602709922176253,0.1744259257638654,60.8087875615465,0.3236505466480131,,,,,,,,,,,,,,,,,,,,,,,,,,,,,,,,,,,,,,,,,,,,,,,,,,,,,,,,,,,,,,,,,
reliability_first,mixed_stress,Intent-PPO-CMDP-FullPolicy-NoShield,Intent-PPO-CMDP,14,1103526060,1905340783,1823775964,fd2a9bdca11bd34bca64,stochastic,150,300,250,1,500,1,800,1,150-step training / 300-step arrival window + >= 250-step no-arrival drain adaptively extended to cohort maturity (cap 500),1537471703,1,319.06714920001104,reliability_first,200,0.0,0.5175136852778321,0.4495698132768301,0.0,1.0,3.4897747802357237,3.9062704903523477,4.041181896599258,697.9549560471447,3.4897747802357237,-0.5088528556625431,-0.5720283175552233,0.5388528556625432,0.6020283175552233,0.6171854918831632,0.2560981786192283,0.2857457520453115,0.2974251634500396,0.9388304812874118,0.9681733815079065,,0.4611471443374569,0.0,0.0,0.0,0.31916855706169023,0.9019880193314713,0.27958392078145805,0.04229907261785956,0.4012475221568517,1.9004753236496015,30.175,7.77,59.48,250.0,250.0,250.0,0.0,0.0,550.0,277.0,277.0,1.0,0.0,,92.06025405788714,113.97479871175521,121.95308481406849,120.48389838214905,1.9004753236496015,1.6549977985001596,1.633729962436794,0.07945040808864455,29078720.421913374,26967776.65482516,0.03436053298836114,2.512770449906795,0.5367817334355863,0.45974388456794735,0.005970114045682329,0.10558196242497785,0.11874832121283681,-26.30824410888876,0.8128757919531107,,,,,,,,,,,,,,,,,,,,,,,,,,,,,,,,,,,,,,,,,,,,,,,,,,,,,,,,,,,,,,,,,
reliability_first,mixed_stress,MaxWeight,MaxWeight,15,1481178426,1997781942,1139931233,,stochastic,150,300,250,1,500,1,800,1,150-step training / 300-step arrival window + >= 250-step no-arrival drain adaptively extended to cohort maturity (cap 500),809382673,0,1.1699972674250603e-05,reliability_first,200,0.0,0.9428649351243104,0.9050697215518081,0.965,1.0,0.057135064875689576,0.09493027844819188,0.10805080646349238,11.427012975137915,0.057135064875689576,0.005701730946701001,-0.023544341855142183,0.0,0.0,0.0,0.1537441472680514,0.18354434185514218,0.19076670044250943,0.9288564415415336,0.9755664129024754,,0.8242507167768145,0.17574928322318548,0.0,0.17574928322318548,0.4280343666033933,0.8422842437289242,0.5719656333966067,0.08670087926239106,0.0,2.4704141325998488,83.605,18.325,83.605,250.0,255.435,298.0,5.435,48.0,555.435,298.0,298.0,1.0,0.0,,150.91679171798415,172.10740302370354,177.64033918595368,176.44558231876368,2.4704141325998488,2.184671751273679,2.161296986290225,0.09551793311827365,20409736.577279236,19030012.546447676,0.04901223165434086,10.155375586367262,0.5648007534727689,0.5253946896996978,1.742958597008182e-05,0.1372452295888805,0.16570238645128707,-42.154357448719836,1.0954615747328214,,,,,,,,,,,,,,,,,,,,,,,,,,,,,,,,,,,,,,,,,,,,,,,,,,,,,,,,,,,,,,,,,
reliability_first,mixed_stress,PPO,PPO,15,1481178426,1997781942,1596015111,461e22a59e6f436fac36,stochastic,150,300,250,1,500,1,800,1,150-step training / 300-step arrival window + >= 250-step no-arrival drain adaptively extended to cohort maturity (cap 500),809382673,1,258.87767640000675,reliability_first,200,0.0,0.8839169051423021,0.8336047033794569,0.3,1.0,0.11608309485769769,0.16639529662054298,0.18527684012969023,23.21661897153954,0.11608309485769769,-0.0375026637234477,-0.06361216194816392,0.0008699071745125217,0.004975124378109453,0.005808512273708718,0.1975026637234477,0.2236121619481639,0.23137919232215015,0.9063500012751868,0.9443307385884412,,0.9991300928254876,0.0,0.0,0.0,0.5698576977556814,0.8508125804993436,0.42981919203711966,0.06735468669629628,0.0003231102071989217,3.1518396435511558,91.34,11.78,91.455,250.0,250.0,250.0,0.0,0.0,550.0,298.0,298.0,1.0,0.0,,126.56750487524747,145.58036566950986,150.98294805194806,148.99405945083248,3.1518396435511558,2.9001003187275836,2.856401289452272,0.050152267328986075,32012821.5510386,31028795.173819914,0.0312382267443673,6.193347122623508,0.6454416860800218,0.6007078398341738,0.0,0.1751022024195086,0.1899264613384672,106.24338075123757,0.16455502940616296,,,,,,,,,,,,,,,,,,,,,,,,,,,,,,,,,,,,,,,,,,,,,,,,,,,,,,,,,,,,,,,,,
reliability_first,mixed_stress,PPO-Lagrangian,PPO-Lagrangian,15,1481178426,1997781942,1596015111,c54dc7a9b9a68be549b7,stochastic,150,300,250,1,500,1,800,1,150-step training / 300-step arrival window + >= 250-step no-arrival drain adaptively extended to cohort maturity (cap 500),809382673,1,254.7300168000511,reliability_first,200,0.0,0.9545706604907633,0.9211932007651649,0.965,1.0,0.045429339509236645,0.07880679923483508,0.10381928041921198,9.08586790184733,0.045429339509236645,0.02008529214100694,-0.01638470319634704,0.0012404635459322883,0.005320571168506086,0.008337615482564158,0.12510807240621666,0.17638470319634703,0.18711787392725118,0.8926172862188764,0.9347945497839696,,0.9235576046697974,0.0752019317842702,0.0,0.0752019317842702,0.4446020550572999,0.8491880794433814,0.5550620249424988,0.05245846288908598,0.00033592000020133366,2.379685441495568,100.48,9.135,100.665,250.0,250.0,250.0,0.0,0.0,550.0,298.0,298.0,1.0,0.0,,168.29286482425712,186.12266279038468,192.7989019914096,190.14208896022578,2.379685441495568,2.0953744060719743,2.0789784268826272,0.0817454769611165,35180013.4499786,33097484.31282889,0.028410482837935975,6.9186912780104475,0.6501282381824651,0.6086096700152898,0.0,0.13220474674975377,0.15159698819612058,50.408988165696066,0.5681154520272351,,,,,,,,,,,,,,,,,,,,,,,,,,,,,,,,,,,,,,,,,,,,,,,,,,,,,,,,,,,,,,,,,
reliability_first,mixed_stress,PPO_CMDP,PPO_CMDP,15,1481178426,1997781942,1596015111,fc83225982e20e56ecdd,stochastic,150,300,250,1,500,1,800,1,150-step training / 300-step arrival window + >= 250-step no-arrival drain adaptively extended to cohort maturity (cap 500),809382673,1,273.55554740002844,reliability_first,200,0.0,0.9153036484419179,0.8628514506906793,0.715,1.0,0.08469635155808217,0.13714854930932063,0.157429087713234,16.939270311616433,0.08469635155808217,-0.020493025170558826,-0.04587218698512438,0.0007855843530647925,0.004931059237072058,0.007452643270528421,0.18049302517055885,0.20587218698512436,0.21574120018415183,0.908974181511654,0.9470446153239053,,0.9987382798239293,0.00047613582300603494,0.0,0.00047613582300603494,0.5244189459345199,0.8575360228881088,0.4752414254152708,0.060590956044112555,0.0003396286502092919,2.8849311751347515,100.97,10.95,101.065,250.0,250.0,250.0,0.0,0.0,550.0,298.0,298.0,1.0,0.0,,142.68400964776333,165.88853074649967,171.50470899470898,169.54613285705622,2.8849311751347515,2.5471149240848256,2.5216115467149,0.06572578784579387,33343368.721430853,32061422.564330895,0.02999632708299553,6.711197442357102,0.6450913639986949,0.6057482031840083,0.0,0.16027395417415286,0.17730612465759313,93.2210770870497,0.21809085008330956,,,,,,,,,,,,,,,,,,,,,,,,,,,,,,,,,,,,,,,,,,,,,,,,,,,,,,,,,,,,,,,,,
reliability_first,mixed_stress,Intent-PPO-CMDP-NoRisk,Intent-PPO-CMDP-NoRisk,15,1481178426,1997781942,1596015111,8c806f3e428ad93e5ba2,stochastic,150,300,250,1,500,1,800,1,150-step training / 300-step arrival window + >= 250-step no-arrival drain adaptively extended to cohort maturity (cap 500),809382673,1,275.68097020004643,reliability_first,200,0.0,0.9458219788640805,0.8835480564287487,0.91,1.0,0.05417802113591946,0.11645194357125131,0.12972779757577468,10.835604227183893,0.05417802113591946,0.01226617837457472,-0.03197532757520733,0.00024521140858800464,0.00022321428571420957,0.004904228171760094,0.13866715723448148,0.1919753275752073,0.1973731095773211,0.8974894890671063,0.9407449130433114,,0.885789686245547,0.11396510234586504,0.0,0.11396510234586504,0.4285959445520128,0.8524218745493054,0.57133467285097,0.052927780255922145,6.938259701719196e-05,2.3010326297637014,96.31,9.515,96.345,250.0,250.0,250.0,0.0,0.0,550.0,298.0,298.0,1.0,0.0,,171.79904606945868,187.7748988843345,194.66507181942544,192.94017143262516,2.3010326297637014,2.0163477512969368,2.0090891928831303,0.07557347214625577,34949352.778340675,32559164.27607752,0.028595325766654325,6.867572394749857,0.6448302700124267,0.5975674050577536,0.0,0.1278351460979834,0.14482188676773938,30.976874082241064,0.936432883926213,,,,,,,,,,,,,,,,,,,,,,,,,,,,,,,,,,,,,,,,,,,,,,,,,,,,,,,,,,,,,,,,,
reliability_first,mixed_stress,Intent-PPO-CMDP,Intent-PPO-CMDP,15,1481178426,1997781942,1596015111,618554fca77aa7604c32,stochastic,150,300,250,1,500,1,800,1,150-step training / 300-step arrival window + >= 250-step no-arrival drain adaptively extended to cohort maturity (cap 500),809382673,1,332.33217309997417,reliability_first,200,0.0,0.9580476952720991,0.9484187323872046,0.995,1.0,0.04195230472790081,0.05158126761279537,0.07899024693377543,8.390460945580163,0.04195230472790081,0.021102595148138233,-0.004093970275563742,0.002491429960576928,0.00943845462713387,0.01129267395344434,0.12579304225957805,0.16409397027556372,0.17681154214288325,0.8959443131707109,0.938370372697042,,0.9622784195212932,0.03523015051812974,0.0,0.03523015051812974,0.46728464515729207,0.8534853205694647,0.5302932448399627,0.05133445443374817,0.00242211000274526,2.521071853018475,104.195,8.945,104.21,250.0,250.0,250.0,0.0,0.0,550.0,298.0,298.0,1.0,0.0,,162.6482462180753,182.64673369398795,188.47021806692217,186.9025233213893,2.521071853018475,2.2370660478212154,2.221849424163126,0.07392841484628543,35184996.582357146,33647296.1096013,0.028415537618740373,6.972336494093223,0.644047019552275,0.603593506165284,0.0,0.14005954738991527,0.1556823171920525,67.81066475674656,0.33876622790776284,,,,,,,,,,,,,,,,,,,,,,,,,,,,,,,,,,,,,,,,,,,,,,,,,,,,,,,,,,,,,,,,,
reliability_first,mixed_stress,Intent-PPO-CMDP-FullPolicy-NoShield,Intent-PPO-CMDP,15,1481178426,1997781942,1596015111,618554fca77aa7604c32,stochastic,150,300,250,1,500,1,800,1,150-step training / 300-step arrival window + >= 250-step no-arrival drain adaptively extended to cohort maturity (cap 500),809382673,1,332.33217309997417,reliability_first,200,0.0,0.7756029047841239,0.7458483710881085,0.015,1.0,0.33639071364163287,0.5546569753057076,0.6027373926668418,67.27814272832657,0.33639071364163287,-0.04657924366766224,-0.07814824725715816,0.07627587813780926,0.10814824725715814,0.1166867591244671,0.1305950640649022,0.17544351852104917,0.18649487755134764,0.8961850418272435,0.9358337393894336,,0.8944692460898094,0.02925487577238141,0.0,0.02925487577238141,0.44255194591573854,0.8534876563642348,0.5222671495559369,0.05057946400420087,0.035180904528324515,2.3989015425670352,95.04,8.99,103.71,250.0,250.0,250.0,0.0,0.0,550.0,298.0,298.0,1.0,0.0,,159.38077073623708,178.9118427648435,186.139162371134,182.70593167385616,2.3989015425670352,2.109234816868808,2.073856397205238,0.07837624959876938,34857639.11337355,33105919.26158128,0.02868666649358747,6.4863400700732265,0.6449471667751555,0.5944571856472327,0.0,0.13327230792039083,0.15061140639783288,47.769756933993094,0.5455673812210013,,,,,,,,,,,,,,,,,,,,,,,,,,,,,,,,,,,,,,,,,,,,,,,,,,,,,,,,,,,,,,,,,
latency_critical,nominal,MaxWeight,MaxWeight,11,471540437,1073362871,1491300144,,stochastic,150,300,250,1,500,1,800,1,150-step training / 300-step arrival window + >= 250-step no-arrival drain adaptively extended to cohort maturity (cap 500),1646165790,0,1.200009137392044e-05,latency_critical,200,0.0,0.7196782718689816,0.7023604552869042,0.0,1.0,0.28032172813101836,0.297639544713096,0.30113436138373434,56.064345626203675,0.28032172813101836,0.1,0.1,0.0,0.0,0.0,0.11939973096456212,0.14309793335655405,0.14888808913506463,0.966075724338669,0.9867460920914052,,0.9044508268787683,0.09554917312123162,0.0,0.09554917312123162,0.5235146718296311,0.8476941201082724,0.4764853281703689,0.11896986925515447,0.0,1.838322376889315,50.63,15.81,50.63,250.0,250.01,252.0,0.01,2.0,550.01,252.0,252.0,1.0,0.0,,142.0789127682558,158.52323062558355,165.1747693480747,163.14761655720898,1.838322376889315,1.6752773801722036,1.6672569270764985,0.058983114547006006,17993581.045215722,17035535.24015488,0.05560790816593459,6.979139152494231,0.6062166205787284,0.5263118962567194,0.00023268413701717033,0.1021290209382953,0.11240508855234055,-223.06206565084543,0.11304504435083518,,,,,,,,,,,,,,,,,,,,,,,,,,,,,,,,,,,,,,,,,,,,,,,,,,,,,,,,,,,,,,,,,
latency_critical,nominal,PPO,PPO,11,471540437,1073362871,1897045420,b9c1e1a3273f0ff06c77,stochastic,150,300,250,1,500,1,800,1,150-step training / 300-step arrival window + >= 250-step no-arrival drain adaptively extended to cohort maturity (cap 500),1646165790,1,259.96485530002974,latency_critical,200,0.0,0.8377980778522711,0.8036599908238663,0.01,1.0,0.16220192214772894,0.19634000917613376,0.20393480874288877,32.44038442954579,0.16220192214772894,0.09936310138231987,0.0927536231884058,0.000636898617680139,0.007246376811594203,0.007785023819339174,0.1489846347171936,0.18019109079951787,0.19238305010602913,0.8250690282523098,0.905124612768723,,0.9993631013823199,0.0,0.0,0.0,0.7594328719537832,0.7765325548685651,0.24049617393993664,0.06956360600964619,7.095410628019324e-05,2.4414277016896984,32.345,6.515,32.42,250.0,250.0,250.0,0.0,0.0,550.0,252.0,252.0,1.0,0.0,,85.00692922201786,106.45044189129473,114.64343448275861,112.03153087182577,2.4414277016896984,2.206459509727613,2.1503548507758286,0.0626731621298458,32355039.22118124,30885097.44016876,0.030897641786007887,2.448175963262158,0.668750957557831,0.6174351444141314,0.0,0.13563487231609436,0.14848598237870622,54.441114115485504,0.24453581728926796,,,,,,,,,,,,,,,,,,,,,,,,,,,,,,,,,,,,,,,,,,,,,,,,,,,,,,,,,,,,,,,,,
latency_critical,nominal,PPO-Lagrangian,PPO-Lagrangian,11,471540437,1073362871,1897045420,97597eec01eed730a745,stochastic,150,300,250,1,500,1,800,1,150-step training / 300-step arrival window + >= 250-step no-arrival drain adaptively extended to cohort maturity (cap 500),1646165790,1,273.0232358999783,latency_critical,200,0.0,0.7856236719569283,0.7546634960379514,0.0,1.0,0.21437632804307183,0.24533650396204865,0.25575364267680356,42.87526560861436,0.21437632804307183,0.09855681279260757,0.09173209366391186,0.0014431872073924251,0.008267906336088154,0.010550397249128162,0.14741941365997396,0.18902601722809717,0.19796650461413698,0.8606919247011274,0.9322019767645433,,0.9785759189415003,0.019980893851107195,0.0,0.019980893851107195,0.5997073056607054,0.7984704959234523,0.4002926943392945,0.07498660873509701,0.0,1.9367725641598321,50.4,8.295,50.585,250.0,250.0,250.0,0.0,0.0,550.0,252.0,252.0,1.0,0.0,,130.4731040235683,155.15043737689723,162.8396263031275,160.1488164354526,1.9367725641598321,1.7444790513688393,1.7314443329955669,0.06757973365445404,31506800.00258739,29207146.953182008,0.03175644390433438,3.7653695738802675,0.6642064172159367,0.6052301892272065,0.0,0.10759847578665735,0.12035681453612547,-43.55854053486002,0.8438118552355244,,,,,,,,,,,,,,,,,,,,,,,,,,,,,,,,,,,,,,,,,,,,,,,,,,,,,,,,,,,,,,,,,
latency_critical,nominal,PPO_CMDP,PPO_CMDP,11,471540437,1073362871,1897045420,3e02143445d692cb208a,stochastic,150,300,250,1,500,1,800,1,150-step training / 300-step arrival window + >= 250-step no-arrival drain adaptively extended to cohort maturity (cap 500),1646165790,1,273.6423236000119,latency_critical,200,0.0,0.859169037233578,0.8282312964776448,0.04,1.0,0.140830962766422,0.17176870352235518,0.17765869850459837,28.166192553284404,0.140830962766422,0.09911754449930978,0.0923016826923077,0.0008824555006902324,0.007698317307692306,0.00903001110365624,0.19508325332544685,0.22192187534376162,0.234120190505698,0.8152261719526375,0.8978142749669411,,0.9991175444993098,0.0,0.0,0.0,0.8427379702586724,0.7713406384223005,0.15675212924007975,0.06667803409505163,0.0005099005012478823,2.692902015686073,21.08,5.875,21.13,250.0,250.0,250.0,0.0,0.0,550.0,252.0,252.0,1.0,0.0,,66.96291735111568,83.33895924627515,89.0578026199153,87.1904591030238,2.692902015686073,2.4173747754809787,2.402472667485056,0.060488089918442366,30206822.0332419,28945101.44224081,0.0331094419852601,2.0666762438308703,0.666185668425424,0.6060182384001299,0.0,0.14960566753811516,0.16481880404835936,58.67286525051823,0.16933825656948448,,,,,,,,,,,,,,,,,,,,,,,,,,,,,,,,,,,,,,,,,,,,,,,,,,,,,,,,,,,,,,,,,
latency_critical,nominal,Intent-PPO-CMDP-NoRisk,Intent-PPO-CMDP-NoRisk,11,471540437,1073362871,1897045420,7d2ee40999bb1a6afe16,stochastic,150,300,250,1,500,1,800,1,150-step training / 300-step arrival window + >= 250-step no-arrival drain adaptively extended to cohort maturity (cap 500),1646165790,1,275.69379829999525,latency_critical,200,0.0,0.7898128641376144,0.7554499372323689,0.0,1.0,0.21018713586238566,0.2445500627676312,0.25248808369159886,42.03742717247713,0.21018713586238566,0.09919493459287604,0.0921875,0.0008050654071239671,0.0078125,0.009403001874306465,0.14003811854268008,0.1898533743116916,0.19762137770787364,0.8600875008688912,0.9272662516385678,,0.9820617364294938,0.01713319816338228,0.0,0.01713319816338228,0.6152842791495443,0.8030992569699458,0.38456016225820233,0.06911019775883351,0.0001555585922532903,1.9967133126311325,49.345,7.675,49.43,250.0,250.0,250.0,0.0,0.0,550.0,252.0,252.0,1.0,0.0,,126.49903367919512,153.5532254639657,159.43141562913908,158.34766432359612,1.9967133126311325,1.7713552061254354,1.7567150827333549,0.07144502457451049,31901981.402424663,29749621.260436,0.0313588544285119,3.669636179501325,0.659198401267359,0.606273534156503,0.0,0.11092851736839623,0.12323385602161839,-34.91801185971862,1.140799187985946,,,,,,,,,,,,,,,,,,,,,,,,,,,,,,,,,,,,,,,,,,,,,,,,,,,,,,,,,,,,,,,,,
latency_critical,nominal,Intent-PPO-CMDP,Intent-PPO-CMDP,11,471540437,1073362871,1897045420,b12c9f3440d9c22ff923,stochastic,150,300,250,1,500,1,800,1,150-step training / 300-step arrival window + >= 250-step no-arrival drain adaptively extended to cohort maturity (cap 500),1646165790,1,319.3185737999738,latency_critical,200,0.0,0.8079856100568192,0.7747775087612637,0.0,1.0,0.19201438994318087,0.22522249123873633,0.23536780999195422,38.40287798863618,0.19201438994318087,0.07700364183179728,0.052013030404276656,0.02299635816820273,0.047986969595723336,0.05358624973894296,0.1292824340474845,0.17515429363948065,0.18192458697992228,0.8475575599458205,0.9232670491418122,,0.9758518354005605,0.0011518064312369,0.0,0.0011518064312369,0.6611694008344807,0.8008355999263369,0.3159085147649221,0.061944637141673774,0.022922084400597093,2.1710261941067275,42.375,6.275,42.385,250.0,250.0,250.0,0.0,0.0,550.0,252.0,252.0,1.0,0.0,,105.08442778911264,132.51772911597726,142.89172390891835,139.27555213130574,2.1710261941067275,1.9388121840869394,1.9279367129851537,0.062265962662955476,32144248.12453921,29999421.075699612,0.031115925248024905,3.0228757289515924,0.6489763621917395,0.5962702318193901,0.0,0.12061256633926262,0.13235362768653736,15.465655671589925,2.040046775501331,,,,,,,,,,,,,,,,,,,,,,,,,,,,,,,,,,,,,,,,,,,,,,,,,,,,,,,,,,,,,,,,,
latency_critical,nominal,Intent-PPO-CMDP-FullPolicy-NoShield,Intent-PPO-CMDP,11,471540437,1073362871,1897045420,b12c9f3440d9c22ff923,stochastic,150,300,250,1,500,1,800,1,150-step training / 300-step arrival window + >= 250-step no-arrival drain adaptively extended to cohort maturity (cap 500),1646165790,1,319.3185737999738,latency_critical,200,0.0,0.694255897075443,0.6452391974822079,0.0,1.0,0.3828195228203669,0.5030128332220561,0.5348254912586701,76.56390456407338,0.3828195228203669,-0.1993243066273901,-0.2909440559440559,0.29932430662739007,0.39094405594405596,0.40674722358651305,0.14560215259123283,0.19028978464371576,0.20596893453032333,0.8380729148248653,0.9122323140454425,,0.7006756933726099,0.0,0.0,0.0,0.5328928193390449,0.7983970003450318,0.23054019714053958,0.05242341677849729,0.23656698352041544,1.7893806630359388,22.825,5.39,31.4,250.0,250.0,250.0,0.0,0.0,550.0,252.0,252.0,1.0,0.0,,78.79469037067109,102.73557774001698,114.14795894526033,110.99245396705615,1.7893806630359388,1.5340723031464094,1.5101351354606822,0.08675931817909786,31166313.139913835,29098514.440420426,0.032046972426561966,1.7188410542846722,0.6523758602063009,0.5743877712249519,0.0,0.09941003683532994,0.11243565020891558,2.26413336769351,10.455216155173847,,,,,,,,,,,,,,,,,,,,,,,,,,,,,,,,,,,,,,,,,,,,,,,,,,,,,,,,,,,,,,,,,
latency_critical,nominal,MaxWeight,MaxWeight,12,1729653623,2128646545,1526442148,,stochastic,150,300,250,1,500,1,800,1,150-step training / 300-step arrival window + >= 250-step no-arrival drain adaptively extended to cohort maturity (cap 500),1562662998,0,1.1499971151351929e-05,latency_critical,200,0.0,0.7303755443617681,0.7103410104530905,0.005,1.0,0.2696244556382321,0.28965898954690955,0.295071365881071,53.92489112764642,0.2696244556382321,0.1,0.1,0.0,0.0,0.0,0.11838230373284056,0.14419394841269836,0.15083868369861614,0.959304219216613,0.9879823768063318,,0.8980711373494046,0.10192886265059542,0.0,0.10192886265059542,0.5266414794609525,0.8410209966570321,0.47335852053904737,0.1193824213045902,0.0,1.9445545136032678,48.73,15.6,48.73,250.0,252.34,277.0,2.34,27.0,552.34,278.0,278.0,1.0,0.0,,139.69268591879612,159.82916222340708,165.02447947214074,163.1936313303702,1.9445545136032678,1.7635035144715305,1.7487423602210985,0.056215217483435775,14591212.850645643,13662289.15297219,0.06862052065513684,8.866972550261506,0.6027032390626825,0.525441302798998,0.0003091677382069047,0.10803080631129268,0.11744548113546233,-218.5390249123651,0.15830618897481913,,,,,,,,,,,,,,,,,,,,,,,,,,,,,,,,,,,,,,,,,,,,,,,,,,,,,,,,,,,,,,,,,
latency_critical,nominal,PPO,PPO,12,1729653623,2128646545,1621075116,2fb07c1ee95b181950c4,stochastic,150,300,250,1,500,1,800,1,150-step training / 300-step arrival window + >= 250-step no-arrival drain adaptively extended to cohort maturity (cap 500),1562662998,1,284.739809300052,latency_critical,200,0.0,0.8404329687846086,0.8049657825165552,0.01,1.0,0.1595670312153914,0.19503421748344496,0.20611153305909688,31.91340624307828,0.1595670312153914,0.09910035390676812,0.09247252747252747,0.0008996460932318817,0.007527472527472524,0.009332608502259195,0.14305663699064827,0.1866988926449159,0.19814745444578663,0.8092636589672699,0.8971757041011106,,0.9979914826499077,0.0011088712568604814,0.0,0.0011088712568604814,0.700329326650631,0.7639883771941592,0.2993902390496531,0.0611386255046206,0.00028043429971595993,2.342508253866223,39.37,5.985,39.45,250.0,250.0,250.0,0.0,0.0,550.0,278.0,278.0,1.0,0.0,,97.42409172289598,126.0312718728127,137.89075342465753,133.51084185315864,2.342508253866223,2.1158038980539207,2.1037126674002997,0.06029785197861556,26819516.254848756,25075106.81039955,0.03728958472805205,3.5433920619104287,0.6549918535225138,0.5927427847169726,0.0,0.1301393474370124,0.1436961206002309,24.909660821015407,1.3041360337249814,,,,,,,,,,,,,,,,,,,,,,,,,,,,,,,,,,,,,,,,,,,,,,,,,,,,,,,,,,,,,,,,,
latency_critical,nominal,PPO-Lagrangian,PPO-Lagrangian,12,1729653623,2128646545,1621075116,5ff4062933b4dfa3978e,stochastic,150,300,250,1,500,1,800,1,150-step training / 300-step arrival window + >= 250-step no-arrival drain adaptively extended to cohort maturity (cap 500),1562662998,1,266.70855040004244,latency_critical,200,0.0,0.7932568073440014,0.763329353875467,0.0,1.0,0.2067431926559987,0.23667064612453312,0.24362581160992186,41.34863853119974,0.2067431926559987,0.09787764624663108,0.09137931034482759,0.0021223537533689297,0.008620689655172414,0.013438231845493604,0.09941148633713606,0.14764621424409732,0.15683330792430256,0.8633259034803253,0.9233907890861933,,0.9956474609222506,0.002230185324380488,0.0,0.002230185324380488,0.6049829825878267,0.807978193640445,0.39387020314086074,0.07278530962781399,0.001146814271312714,2.079290025231251,52.025,7.41,52.155,250.0,250.0,250.0,0.0,0.0,550.0,278.0,278.0,1.0,0.0,,128.78025342138415,156.08736979166667,162.62496049613455,159.91997389237446,2.079290025231251,1.8338404033917417,1.816387260401309,0.07362880030513301,27079128.92780708,25287206.844781667,0.0369410475455399,4.681581836419583,0.6614913958979374,0.608876564397165,0.0,0.1155161125128473,0.1288335698295722,-0.3667513589394841,83.9369272062896,,,,,,,,,,,,,,,,,,,,,,,,,,,,,,,,,,,,,,,,,,,,,,,,,,,,,,,,,,,,,,,,,
latency_critical,nominal,PPO_CMDP,PPO_CMDP,12,1729653623,2128646545,1621075116,c2c338dd9800f45e9834,stochastic,150,300,250,1,500,1,800,1,150-step training / 300-step arrival window + >= 250-step no-arrival drain adaptively extended to cohort maturity (cap 500),1562662998,1,270.83158040000126,latency_critical,200,0.0,0.8859075626507746,0.8496208172992613,0.26,1.0,0.11409243734922551,0.15037918270073877,0.15859514441958406,22.818487469845103,0.11409243734922551,0.09964415758601691,0.1,0.00021208090958349564,0.0,0.00021208090958349564,0.2185451658026214,0.244964628183146,0.2515954628915482,0.7891210077781922,0.877148162364113,,0.9997879190904164,0.0,0.0,0.0,0.8751899123620653,0.7502546141136318,0.12471107773694452,0.0628823623097242,9.900990099009902e-05,2.9164991406934813,16.65,5.16,16.665,250.0,250.0,250.0,0.0,0.0,550.0,278.0,278.0,1.0,0.0,,58.37060602306939,77.17320558176101,84.52423460470852,82.32212144264139,2.9164991406934813,2.6197840065314613,2.5974913576596625,0.05454529179546967,23902600.86746478,22722089.520104773,0.041827663621831046,2.3899555256324105,0.655608463786487,0.5840270442626065,0.0,0.16202773003852675,0.17501745204371144,64.3478853812576,0.16620917267590873,,,,,,,,,,,,,,,,,,,,,,,,,,,,,,,,,,,,,,,,,,,,,,,,,,,,,,,,,,,,,,,,,
latency_critical,nominal,Intent-PPO-CMDP-NoRisk,Intent-PPO-CMDP-NoRisk,12,1729653623,2128646545,1621075116,53b75815fc19ab3c700d,stochastic,150,300,250,1,500,1,800,1,150-step training / 300-step arrival window + >= 250-step no-arrival drain adaptively extended to cohort maturity (cap 500),1562662998,1,267.30905749998055,latency_critical,200,0.0,0.8358686393108152,0.8022650020194283,0.0,1.0,0.1641313606891849,0.19773499798057173,0.20596549097427602,32.82627213783698,0.1641313606891849,0.0996192815008272,0.09966887417218544,0.0003807184991728044,0.0003311258278144566,0.0076143699834560884,0.14827810411250716,0.18333621683967705,0.190856738194706,0.8263870955009943,0.9028227608207832,,0.9995105858486534,0.00010869565217391303,0.0,0.00010869565217391303,0.7162414477959461,0.7777160478004126,0.2836794699334863,0.06655426684098255,7.908227056764191e-05,2.4227016024683663,37.675,6.45,37.715,250.0,250.0,250.0,0.0,0.0,550.0,278.0,278.0,1.0,0.0,,93.7631098700435,119.58353194726163,126.88766308724828,124.86143827282277,2.4227016024683663,2.1933716741239446,2.175579360294077,0.05707010726792489,26959998.904307097,25792531.789129682,0.037075462437381565,3.4166472678664963,0.6563851868216843,0.5949056878152605,0.0,0.13459453347046477,0.14689264248603148,44.3221882228398,0.4394841465136737,,,,,,,,,,,,,,,,,,,,,,,,,,,,,,,,,,,,,,,,,,,,,,,,,,,,,,,,,,,,,,,,,
latency_critical,nominal,Intent-PPO-CMDP,Intent-PPO-CMDP,12,1729653623,2128646545,1621075116,fc604e43c5d11a5118bd,stochastic,150,300,250,1,500,1,800,1,150-step training / 300-step arrival window + >= 250-step no-arrival drain adaptively extended to cohort maturity (cap 500),1562662998,1,320.63457950000884,latency_critical,200,0.045,0.9287164322833021,0.8546103122659233,0.65,0.955,0.07128356771669785,0.14538968773407665,0.1545773629481682,14.256713543339568,0.07464247928450038,0.07924061370583535,0.0600621748509072,0.012680962252304369,0.02986196835372012,0.03291468455781496,0.2627546743887194,0.28826109161667285,0.29438925778624514,0.6938146570795449,0.8743748192329985,,0.9873190377476956,0.0,0.0,0.0,0.8991503413593531,0.6639118921141126,0.08827176983218081,0.05899242108214291,0.012577888808466163,3.0085812298477266,11.96,4.05,11.975,250.0,250.0,250.0,0.0,0.0,550.0,278.0,278.0,1.0,0.0,,43.0860461876545,60.257857142857134,70.44375391236306,67.07263936338744,3.0085812298477266,2.7004084092226566,2.683046236235822,0.05811339051506102,20884523.029881705,19800461.34840805,0.047846334883503254,2.010917845456163,0.6492597881024517,0.5864217784853458,0.0,0.167143401658207,0.18340037088585717,50.62109609844451,0.19807475451815998,,,,,,,,,,,,,,,,,,,,,,,,,,,,,,,,,,,,,,,,,,,,,,,,,,,,,,,,,,,,,,,,,
latency_critical,nominal,Intent-PPO-CMDP-FullPolicy-NoShield,Intent-PPO-CMDP,12,1729653623,2128646545,1621075116,fc604e43c5d11a5118bd,stochastic,150,300,250,1,500,1,800,1,150-step training / 300-step arrival window + >= 250-step no-arrival drain adaptively extended to cohort maturity (cap 500),1562662998,1,320.63457950000884,latency_critical,200,0.01,0.9122534139914166,0.8249780927187172,0.57,0.99,0.08774658600858362,0.17502190728128283,0.18602603709762328,17.549317201716725,0.08863291516018548,-0.013510241759186857,-0.05873757602729564,0.11351024175918685,0.15873757602729563,0.17147660485773106,0.2656200207457698,0.2948207171314741,0.29695695595576455,0.6726786377385846,0.8710913431380889,,0.886489758240813,0.0,0.0,0.0,0.8286549937186897,0.6508635675290959,0.06174686443712901,0.04562613786059064,0.10959814184418133,2.806878681424273,7.875,3.01,8.42,250.0,250.0,250.0,0.0,0.0,550.0,278.0,278.0,1.0,0.0,,38.09091113859402,56.061791300097745,62.49995512035901,61.426308248564055,2.806878681424273,2.3875647648297145,2.337655744702446,0.07847194787828644,20541377.330104757,19427851.004293278,0.04863789820896206,1.6467564073656331,0.6249715285867312,0.5585729656503406,0.0,0.1559377045235707,0.17167635265169284,43.53689685118923,0.25251393584862336,,,,,,,,,,,,,,,,,,,,,,,,,,,,,,,,,,,,,,,,,,,,,,,,,,,,,,,,,,,,,,,,,
latency_critical,nominal,MaxWeight,MaxWeight,13,1025721121,372372750,1453610631,,stochastic,150,300,250,1,500,1,800,1,150-step training / 300-step arrival window + >= 250-step no-arrival drain adaptively extended to cohort maturity (cap 500),1740021080,0,1.729978248476982e-05,latency_critical,200,0.0,0.7375065195534332,0.7162202480584151,0.0,1.0,0.26249348044656684,0.28377975194158495,0.28748504478841536,52.49869608931336,0.26249348044656684,0.1,0.1,0.0,0.0,0.0,0.12140113173044093,0.14649956072918954,0.15072030973826964,0.9486687254063247,0.9836153588036284,,0.9433743631835213,0.05662563681647855,0.0,0.05662563681647855,0.5513075575965357,0.825694061511643,0.4486924424034642,0.12654227100500448,0.0,1.9586167376157275,50.56,15.94,50.56,250.0,257.18,321.0,7.18,71.0,557.18,326.0,326.0,1.0,0.0,,138.56196495495314,163.4502632040708,177.9815287255759,175.23488246575752,1.9586167376157275,1.7979044118393726,1.7824285231947428,0.05687892881527451,16768887.754946647,15813050.77948136,0.05970050310847355,7.554967365972978,0.6182508978439398,0.5304152352157144,0.0002904590898994011,0.10881204097865155,0.11988168613817177,-219.4860440692385,0.18665475801679038,,,,,,,,,,,,,,,,,,,,,,,,,,,,,,,,,,,,,,,,,,,,,,,,,,,,,,,,,,,,,,,,,
latency_critical,nominal,PPO,PPO,13,1025721121,372372750,535536204,3cabdc2e2c3a75659a16,stochastic,150,300,250,1,500,1,800,1,150-step training / 300-step arrival window + >= 250-step no-arrival drain adaptively extended to cohort maturity (cap 500),1740021080,1,262.1022107999888,latency_critical,200,0.045,0.9257750557896959,0.8510513658534791,0.59,0.955,0.07422494421030407,0.14894863414652096,0.1571095085644577,14.844988842060815,0.07772245467047546,0.06683858661403887,0.04136831473643706,0.0008058248902279036,0.007886819025670568,0.00957089934416037,0.2829386965460269,0.30863168526356294,0.3112186984087528,0.6950215234230472,0.8780130673452831,,0.9991941751097722,0.0,0.0,0.0,0.9179643506921643,0.6714161784958077,0.0813341118572213,0.05756722420685897,0.0007015374506143771,2.959677302681743,10.93,3.215,10.945,250.0,250.0,250.0,0.0,0.0,550.0,326.0,326.0,1.0,0.0,,44.542018560161175,61.85504797663745,68.54205844155842,65.97739258109982,2.959677302681743,2.6234600402750274,2.5808381399412186,0.06564682827576604,23002283.65944664,21808753.62831931,0.04346066760204812,1.8359560762325173,0.6579111290249233,0.5963326877907754,0.0,0.16442651681565237,0.18161981422227477,40.62598403792815,0.31958103686582495,,,,,,,,,,,,,,,,,,,,,,,,,,,,,,,,,,,,,,,,,,,,,,,,,,,,,,,,,,,,,,,,,
latency_critical,nominal,PPO-Lagrangian,PPO-Lagrangian,13,1025721121,372372750,535536204,454f28c68eb87e33907f,stochastic,150,300,250,1,500,1,800,1,150-step training / 300-step arrival window + >= 250-step no-arrival drain adaptively extended to cohort maturity (cap 500),1740021080,1,254.03850810002768,latency_critical,200,0.0,0.8587537822470754,0.8232562675296705,0.07,1.0,0.1412462177529245,0.17674373247032962,0.188022023520763,28.2492435505849,0.1412462177529245,0.09943724295139839,0.09295524922585156,0.0005627570486016073,0.007044750774148436,0.008551864682189287,0.1833065439754456,0.20797132344813427,0.21570682485145443,0.8121558398566827,0.9044502085614736,,0.9994372429513985,0.0,0.0,0.0,0.8219523468193566,0.7690354626097179,0.17801293095842113,0.06486482815612518,3.472222222222222e-05,2.657308188059328,23.58,5.69,23.65,250.0,250.0,250.0,0.0,0.0,550.0,326.0,326.0,1.0,0.0,,69.10765436927355,87.7066551212271,96.82963858933255,93.69349146854327,2.657308188059328,2.4365545883246726,2.4089496499982874,0.05269020922413177,26870544.775946397,25130831.468779534,0.03718084832498061,2.4368571519650595,0.6546085975397733,0.5916418131519069,0.0,0.14762823266996264,0.15978863787982314,58.707911211266435,0.2219341864584983,,,,,,,,,,,,,,,,,,,,,,,,,,,,,,,,,,,,,,,,,,,,,,,,,,,,,,,,,,,,,,,,,
latency_critical,nominal,PPO_CMDP,PPO_CMDP,13,1025721121,372372750,535536204,a070e26e29e031606ad8,stochastic,150,300,250,1,500,1,800,1,150-step training / 300-step arrival window + >= 250-step no-arrival drain adaptively extended to cohort maturity (cap 500),1740021080,1,277.9400926999515,latency_critical,200,0.0,0.8747617993296156,0.8406624821882248,0.17,1.0,0.1252382006703845,0.15933751781177521,0.1669973796684012,25.047640134076897,0.1252382006703845,0.09973091786589794,0.1,0.0002690821341020529,0.0,0.0002690821341020529,0.17085762087009435,0.20807000900961944,0.21990589258167428,0.7733599223370178,0.8553384064940314,,0.999730917865898,0.0,0.0,0.0,0.7902888708413665,0.7344003326183445,0.20959376961924042,0.05839195040264604,0.00011735953939319795,2.5657045525758617,27.715,5.13,27.735,250.0,250.0,250.0,0.0,0.0,550.0,326.0,326.0,1.0,0.0,,69.47844960323367,88.85972368120571,97.59419014084506,95.40000563331603,2.5657045525758617,2.3555457620233815,2.3322948904688294,0.052580376353919586,29168771.936773628,27134484.578228306,0.034270921841833876,2.262869624538415,0.6573619939735864,0.6002919456345837,0.0,0.14253914180977006,0.15732913571448998,58.41650599527825,0.2996178273584377,,,,,,,,,,,,,,,,,,,,,,,,,,,,,,,,,,,,,,,,,,,,,,,,,,,,,,,,,,,,,,,,,
latency_critical,nominal,Intent-PPO-CMDP-NoRisk,Intent-PPO-CMDP-NoRisk,13,1025721121,372372750,535536204,4606dec7f3efe1c94a9c,stochastic,150,300,250,1,500,1,800,1,150-step training / 300-step arrival window + >= 250-step no-arrival drain adaptively extended to cohort maturity (cap 500),1740021080,1,283.62103929999284,latency_critical,200,0.135,0.9670779367370582,0.8884549124814245,0.925,0.865,0.0329220632629419,0.11154508751857545,0.1286936795636816,6.584412652588379,0.038060188743285435,0.08344284190731187,0.055823529411764675,0.000689726929969767,0.007939682539682538,0.008569188352507875,0.2649062502160002,0.29417647058823526,0.2996493972802251,0.58739321981651,0.8284312812255348,,0.9993102730700302,0.0,0.0,0.0,0.9436564245509501,0.5709188239669349,0.055763388673814765,0.046020436746803645,0.0005801867752351042,2.9856933441246825,7.315,2.18,7.33,250.0,250.0,250.0,0.0,0.0,550.0,326.0,326.0,1.0,0.0,,37.2084037606647,50.11387716697079,53.681238963670566,53.654896798805986,2.9856933441246825,2.634237812976314,2.598806309308796,0.07034970906010687,23310769.06411132,22022369.038878396,0.04287479678103595,1.4920104384039694,0.6562333306263828,0.5980206362113175,0.0,0.1658718524513713,0.18405192891924133,54.71325832544153,0.1649608247663554,,,,,,,,,,,,,,,,,,,,,,,,,,,,,,,,,,,,,,,,,,,,,,,,,,,,,,,,,,,,,,,,,
latency_critical,nominal,Intent-PPO-CMDP,Intent-PPO-CMDP,13,1025721121,372372750,535536204,09d0d30da2ff448dad2f,stochastic,150,300,250,1,500,1,800,1,150-step training / 300-step arrival window + >= 250-step no-arrival drain adaptively extended to cohort maturity (cap 500),1740021080,1,309.3859143999871,latency_critical,200,0.035,0.9451870697032089,0.8631670620739361,0.785,0.965,0.05481293029679115,0.13683293792606385,0.14933907331792076,10.96258605935823,0.05680096403812555,0.06529696399414656,0.042777282309064385,0.03273919877386615,0.0556233062330623,0.06353288671824653,0.2631568739615571,0.287296522710047,0.2964874097551629,0.6598561062457498,0.8650768551393092,,0.9672608012261338,0.0,0.0,0.0,0.9083037372489855,0.6420179629996133,0.058957063977148325,0.04739476505003031,0.03273919877386615,2.9532827525288727,7.835,2.415,7.835,250.0,250.0,250.0,0.0,0.0,550.0,326.0,326.0,1.0,0.0,,37.677464478503246,48.9054184893555,53.21807082945013,51.817646518916135,2.9532827525288727,2.620984133310574,2.5830610815823425,0.07303845888657229,23344851.684495464,22063596.210656904,0.04280506647204287,1.498624296829532,0.6387852970360535,0.5865472640965363,0.0,0.16407126402938182,0.18405194367039038,57.56124738972912,0.17103001486455355,,,,,,,,,,,,,,,,,,,,,,,,,,,,,,,,,,,,,,,,,,,,,,,,,,,,,,,,,,,,,,,,,
latency_critical,nominal,Intent-PPO-CMDP-FullPolicy-NoShield,Intent-PPO-CMDP,13,1025721121,372372750,535536204,09d0d30da2ff448dad2f,stochastic,150,300,250,1,500,1,800,1,150-step training / 300-step arrival window + >= 250-step no-arrival drain adaptively extended to cohort maturity (cap 500),1740021080,1,309.3859143999871,latency_critical,200,0.0,0.7173118175735509,0.6470112661821835,0.0,1.0,0.4946270311151622,0.6309765784169404,0.6668660616327882,98.92540622303244,0.4946270311151622,-0.373593786489066,-0.4745325596389427,0.47359378648906597,0.5745325596389427,0.5887563017012113,0.27551185191953204,0.30740293356341675,0.31494068670928704,0.6837224697383598,0.7913681675854992,,0.526406213510934,0.0,0.0,0.0,0.5035660850721431,0.6764979630121257,0.026660635881111804,0.024852374628665935,0.46977327904674515,1.6579634094801419,2.99,0.965,3.505,250.0,250.0,250.0,0.0,0.0,550.0,326.0,326.0,1.0,0.0,,24.664118969616634,34.254256329113915,38.51802631578947,36.97001485515168,1.6579634094801419,1.3110275436494518,1.299217547685047,0.12854826209899062,21715267.287407685,20205424.326288156,0.04602902810045085,0.5804392259101807,0.5878259699078364,0.5011090726646776,0.0010060946343281615,0.0921090783044523,0.11478298378303574,3.838286837049899,2.692711562839323,,,,,,,,,,,,,,,,,,,,,,,,,,,,,,,,,,,,,,,,,,,,,,,,,,,,,,,,,,,,,,,,,
latency_critical,nominal,MaxWeight,MaxWeight,14,1103526060,1905340783,149774988,,stochastic,150,300,250,1,500,1,800,1,150-step training / 300-step arrival window + >= 250-step no-arrival drain adaptively extended to cohort maturity (cap 500),1362184486,0,2.7799978852272034e-05,latency_critical,200,0.0,0.7455937478139342,0.7217580640915252,0.015,1.0,0.254406252186066,0.2782419359084749,0.2821748167212967,50.8812504372132,0.254406252186066,0.1,0.1,0.0,0.0,0.0,0.12365212973517627,0.14686942511818749,0.1682103216462269,0.9450349238989156,0.9809692955132099,,0.9541667058862163,0.04583329411378374,0.0,0.04583329411378374,0.5611847658813911,0.8220382257699496,0.4388152341186089,0.12652238280231173,0.0,2.0619037078971263,52.35,16.45,52.35,250.0,253.045,277.0,3.045,27.0,553.045,277.0,277.0,1.0,0.0,,136.70541914250322,154.8,166.2325064526989,160.72927448162835,2.0619037078971263,1.8737316544984395,1.8574953369681837,0.06357242779970992,19567863.48454663,18540063.72034015,0.0511524990828812,6.654559303041575,0.6328720840022547,0.5671565173324841,0.0,0.1145502059942848,0.12394833933493705,-204.8676656792924,0.21902102690515582,,,,,,,,,,,,,,,,,,,,,,,,,,,,,,,,,,,,,,,,,,,,,,,,,,,,,,,,,,,,,,,,,
latency_critical,nominal,PPO,PPO,14,1103526060,1905340783,1823775964,0a65909e93fb2c778ea0,stochastic,150,300,250,1,500,1,800,1,150-step training / 300-step arrival window + >= 250-step no-arrival drain adaptively extended to cohort maturity (cap 500),1362184486,1,272.0849051999976,latency_critical,200,0.015,0.9085548929024776,0.84737487158821,0.45,0.985,0.09144510709752232,0.15262512841179,0.16058098733902082,18.289021419504465,0.0928376721802257,0.09508732188140762,0.0774719407752551,0.0009576035341588305,0.007648733793771957,0.009150196192564802,0.2442850250885481,0.2725280592247449,0.2780041396212874,0.7361960860242058,0.8736583610291546,,0.9990423964658413,0.0,0.0,0.0,0.8880890572523916,0.6999775703492014,0.11118256510871168,0.0685926210919984,0.0007283776388966809,2.9262814347006256,15.195,4.965,15.225,250.0,250.0,250.0,0.0,0.0,550.0,277.0,277.0,1.0,0.0,,48.80766823940793,69.44914285714285,76.59425622292073,75.31322950070826,2.9262814347006256,2.691147545723544,2.67587620268309,0.05004177228027729,25492593.6272026,24206305.7541438,0.03919871862741515,1.8523718006218626,0.6524316449518162,0.5916607173098578,0.0,0.16257119081670143,0.17533813771090512,49.67984428712773,0.2405732378241414,,,,,,,,,,,,,,,,,,,,,,,,,,,,,,,,,,,,,,,,,,,,,,,,,,,,,,,,,,,,,,,,,
latency_critical,nominal,PPO-Lagrangian,PPO-Lagrangian,14,1103526060,1905340783,1823775964,337f5a10e02765106fee,stochastic,150,300,250,1,500,1,800,1,150-step training / 300-step arrival window + >= 250-step no-arrival drain adaptively extended to cohort maturity (cap 500),1362184486,1,284.58887489995686,latency_critical,200,0.0,0.86534145418918,0.8308003923968481,0.075,1.0,0.13465854581081982,0.1691996076031519,0.18079136235213067,26.931709162163965,0.13465854581081982,0.09912943347833482,0.09236641221374046,0.0008705665216651919,0.007633587786259542,0.008022184409146739,0.17216445579929254,0.2072854433380749,0.2179710563002867,0.7962345106747989,0.8775522811444327,,0.9991294334783347,0.0,0.0,0.0,0.7871182489039523,0.749342097747353,0.21223953620828656,0.06701565061296215,0.0006422148877611475,2.619924034929416,28.715,6.285,28.745,250.0,250.0,250.0,0.0,0.0,550.0,277.0,277.0,1.0,0.0,,71.06311849245245,95.16754563004562,101.92409156348972,100.45139322336038,2.619924034929416,2.4231983259634355,2.400645728831136,0.04851431546646076,32023799.216874775,29333097.436480436,0.03120937213851097,2.151574356701714,0.6531956602578117,0.596734840552047,0.0,0.14555133527385644,0.1576317444335326,64.44128533968392,0.17859907738780506,,,,,,,,,,,,,,,,,,,,,,,,,,,,,,,,,,,,,,,,,,,,,,,,,,,,,,,,,,,,,,,,,
latency_critical,nominal,PPO_CMDP,PPO_CMDP,14,1103526060,1905340783,1823775964,dadb88684cb84768bf3a,stochastic,150,300,250,1,500,1,800,1,150-step training / 300-step arrival window + >= 250-step no-arrival drain adaptively extended to cohort maturity (cap 500),1362184486,1,264.74071779998485,latency_critical,200,0.315,0.971031358150347,0.8938603588100059,0.935,0.685,0.02896864184965293,0.10613964118999411,0.11876316907803249,5.793728369930586,0.04228998810168312,0.07430356012646479,0.050400818879892756,0.0006672082678509184,0.00742766203703703,0.009089057978061619,0.27539062215007504,0.2995991811201072,0.3070113034817068,0.5584091018031622,0.8108046251135077,,0.9993327917321492,0.0,0.0,0.0,0.9449268021537722,0.5443026807535404,0.05448190282038604,0.04611803604730382,0.000591295025841786,3.1017461579458985,7.42,1.975,7.43,250.0,250.0,250.0,0.0,0.0,550.0,277.0,277.0,1.0,0.0,,34.381911808139805,48.01928535732134,53.86830480777496,53.206853661082256,3.1017461579458985,2.748378991722268,2.7151905839477917,0.06895412811061116,26664661.91032996,25432246.07825666,0.03748894644955155,1.2515054225143951,0.655306304674553,0.596259499023331,0.0,0.17231923099699437,0.19014313410043904,59.54157993530849,0.17037848494683785,,,,,,,,,,,,,,,,,,,,,,,,,,,,,,,,,,,,,,,,,,,,,,,,,,,,,,,,,,,,,,,,,
latency_critical,nominal,Intent-PPO-CMDP-NoRisk,Intent-PPO-CMDP-NoRisk,14,1103526060,1905340783,1823775964,72924e27f6df7ecb428f,stochastic,150,300,250,1,500,1,800,1,150-step training / 300-step arrival window + >= 250-step no-arrival drain adaptively extended to cohort maturity (cap 500),1362184486,1,270.7660398000153,latency_critical,200,0.33,0.9750310293975444,0.8871422080872331,0.93,0.6699999999999999,0.024968970602455575,0.11285779191276692,0.12428538849468396,4.993794120491115,0.0372671203021725,0.07147415092404215,0.046008545133997485,0.0011052748895394274,0.008200108386397507,0.010416655109553283,0.27822211790330875,0.3039914548660025,0.31249762473870796,0.5124511199459734,0.820606564578064,,0.9988947251104605,0.0,0.0,0.0,0.9478687472768541,0.5004121842748421,0.05105999143904853,0.04369680253092057,0.0010712612840972505,3.0905503755902375,6.93,1.7,6.935,250.0,250.0,250.0,0.0,0.0,550.0,277.0,277.0,1.0,0.0,,32.80403402415612,48.532096321952814,53.56285994790621,52.66986931295023,3.0905503755902375,2.7400437623876406,2.709327485662215,0.07040651458399921,26297536.7732858,25030837.765374463,0.038007321939178815,1.2022863879158145,0.6504267997611076,0.5949942536550252,0.0,0.17169724308834652,0.1907903991628022,59.920099173690076,0.17687089422775015,,,,,,,,,,,,,,,,,,,,,,,,,,,,,,,,,,,,,,,,,,,,,,,,,,,,,,,,,,,,,,,,,
latency_critical,nominal,Intent-PPO-CMDP,Intent-PPO-CMDP,14,1103526060,1905340783,1823775964,fd2a9bdca11bd34bca64,stochastic,150,300,250,1,500,1,800,1,150-step training / 300-step arrival window + >= 250-step no-arrival drain adaptively extended to cohort maturity (cap 500),1362184486,1,319.06714920001104,latency_critical,200,0.0,0.8583214784590301,0.815435906251313,0.1,1.0,0.14167852154097,0.18456409374868707,0.1922178452962842,28.335704308193996,0.14167852154097,0.06306197039095589,0.03005080856643357,0.03693802960904411,0.06994919143356643,0.07480131371221725,0.21024430142719194,0.2381095166702363,0.24646138340140614,0.8281417055128323,0.9265138394134134,,0.963061970390956,0.0,0.0,0.0,0.8329947126553847,0.786118658079201,0.13036971767049915,0.06427765413429237,0.036635569674116034,2.801929919973643,17.75,5.67,17.79,250.0,250.0,250.0,0.0,0.0,550.0,277.0,277.0,1.0,0.0,,59.375294480352565,80.60540281329924,89.97411486486484,85.9797579573274,2.801929919973643,2.545355730393848,2.526677361499053,0.05453365897204406,29312152.76485051,27471715.208561216,0.03408229392448008,1.9249154891097593,0.6390946060197393,0.586359030831218,0.0,0.155662773331869,0.16938055817983247,65.87906051747186,0.1333674525448114,,,,,,,,,,,,,,,,,,,,,,,,,,,,,,,,,,,,,,,,,,,,,,,,,,,,,,,,,,,,,,,,,
latency_critical,nominal,Intent-PPO-CMDP-FullPolicy-NoShield,Intent-PPO-CMDP,14,1103526060,1905340783,1823775964,fd2a9bdca11bd34bca64,stochastic,150,300,250,1,500,1,800,1,150-step training / 300-step arrival window + >= 250-step no-arrival drain adaptively extended to cohort maturity (cap 500),1362184486,1,319.06714920001104,latency_critical,200,0.0,0.687108123345689,0.6151848995554525,0.0,1.0,0.5189627801662009,0.6554790955048119,0.6898930680187341,103.79255603324017,0.5189627801662009,-0.36601880271534853,-0.4581635926222935,0.4660188027153486,0.5581635926222935,0.5741225581316053,0.24054800377589566,0.27608981442670427,0.2816116084704524,0.755659733775225,0.8881876960072217,,0.5339811972846514,0.0,0.0,0.0,0.5060765480384356,0.7409666994655122,0.0354201704365123,0.029959096821884384,0.45850328152505215,1.7621192311894192,3.75,2.01,4.79,250.0,250.0,250.0,0.0,0.0,550.0,277.0,277.0,1.0,0.0,,32.919322337182564,47.111180555555556,49.50411392405063,48.42039122755596,1.7621192311894192,1.4193877841817426,1.3900839287559001,0.1118756620608515,25866014.41311017,23886829.183824517,0.03862745388328303,0.6982859051560003,0.5359681228569237,0.4470928123277179,0.00791106899517648,0.09789551284385661,0.1136820248721551,12.886180412773893,0.7849730941584571,,,,,,,,,,,,,,,,,,,,,,,,,,,,,,,,,,,,,,,,,,,,,,,,,,,,,,,,,,,,,,,,,
latency_critical,nominal,MaxWeight,MaxWeight,15,1481178426,1997781942,1990821832,,stochastic,150,300,250,1,500,1,800,1,150-step training / 300-step arrival window + >= 250-step no-arrival drain adaptively extended to cohort maturity (cap 500),196072327,0,2.4900073185563087e-05,latency_critical,200,0.08,0.8290809044834482,0.7550355292937716,0.235,0.92,0.17091909551655182,0.24496447070622848,0.2477115203176543,34.18381910331036,0.18578162556146935,0.09762366159636987,0.08279136723788462,0.0,0.0,0.0,0.16030281548399108,0.26720863276211526,0.28255205621878543,0.7643814814643106,0.9607055375418438,,0.9968863236535576,0.0031136763464424634,0.0,0.0031136763464424634,0.7235022521215535,0.6767035260420212,0.27649774787844655,0.1037886732637957,0.0,2.4536740300479396,36.81,11.8,36.81,250.0,250.245,270.0,0.245,20.0,550.245,298.0,298.0,1.0,0.0,,88.06634488266606,131.22856262934857,140.18304631348462,138.8536204118373,2.4536740300479396,2.165693348829155,2.151436280672867,0.11652374525814667,20421346.76465516,18612811.422496196,0.04954015996586126,4.140004531176302,0.6669430273492811,0.6123380160838316,0.0,0.13631522389155218,0.1723793369797522,-86.81160593414933,1.1667207342350323,,,,,,,,,,,,,,,,,,,,,,,,,,,,,,,,,,,,,,,,,,,,,,,,,,,,,,,,,,,,,,,,,
latency_critical,nominal,PPO,PPO,15,1481178426,1997781942,1596015111,461e22a59e6f436fac36,stochastic,150,300,250,1,500,1,800,1,150-step training / 300-step arrival window + >= 250-step no-arrival drain adaptively extended to cohort maturity (cap 500),196072327,1,258.87767640000675,latency_critical,200,0.0,0.901528707774894,0.8615736559081987,0.51,1.0,0.09847129222510599,0.1384263440918013,0.14699341364993912,19.694258445021198,0.09847129222510599,0.0993947603384501,0.09290009250693802,0.0006052396615499107,0.007099907493061977,0.009402862173263709,0.16411205602413417,0.19747170416533016,0.2048227727303747,0.7536340903593731,0.8526418895044447,,0.9993947603384501,0.0,0.0,0.0,0.8694862268267418,0.7135934756611139,0.130248896254405,0.06434070805911683,0.00026487691885316043,2.8313783200898683,17.515,5.375,17.56,250.0,250.0,250.0,0.0,0.0,550.0,298.0,298.0,1.0,0.0,,56.56546258232171,71.63823894456192,81.48006221719454,77.96252022129603,2.8313783200898683,2.5640200629992695,2.5335958204232902,0.06027798040793367,31619347.345175013,30128365.29374083,0.03161660654539699,1.7046177478495514,0.6690935256820617,0.6109747099726912,0.0,0.1572987955605482,0.17249752044694525,87.21012451594913,0.10789693648539905,,,,,,,,,,,,,,,,,,,,,,,,,,,,,,,,,,,,,,,,,,,,,,,,,,,,,,,,,,,,,,,,,
latency_critical,nominal,PPO-Lagrangian,PPO-Lagrangian,15,1481178426,1997781942,1596015111,c54dc7a9b9a68be549b7,stochastic,150,300,250,1,500,1,800,1,150-step training / 300-step arrival window + >= 250-step no-arrival drain adaptively extended to cohort maturity (cap 500),196072327,1,254.7300168000511,latency_critical,200,0.0,0.8473880579301664,0.8091765509961575,0.03,1.0,0.15261194206983364,0.1908234490038426,0.20482772713684608,30.52238841396673,0.15261194206983364,0.0978603233902354,0.09097563640336502,0.0021396766097646043,0.009024363596634923,0.014567200854908032,0.1346482181842297,0.1827615721866235,0.19856984434277153,0.7957341491336652,0.874451720468724,,0.9977688599756013,9.146341463414634e-05,0.0,9.146341463414634e-05,0.7109600609611241,0.748101699225051,0.28866867095122156,0.06403257724052328,0.0003712680876542753,2.331981795197426,38.34,6.34,38.575,250.0,250.0,250.0,0.0,0.0,550.0,298.0,298.0,1.0,0.0,,90.90182087544603,116.24674784820031,126.41735890410953,123.56331514164977,2.331981795197426,2.0482488897512146,2.041083662216447,0.07436161759954157,33164541.992770538,30335955.770487376,0.03017483889542401,2.6100772409082187,0.6635719988031838,0.6060081516442892,0.0,0.1295545441776348,0.14573019853936844,50.63922963863472,0.552030662502279,,,,,,,,,,,,,,,,,,,,,,,,,,,,,,,,,,,,,,,,,,,,,,,,,,,,,,,,,,,,,,,,,
latency_critical,nominal,PPO_CMDP,PPO_CMDP,15,1481178426,1997781942,1596015111,fc83225982e20e56ecdd,stochastic,150,300,250,1,500,1,800,1,150-step training / 300-step arrival window + >= 250-step no-arrival drain adaptively extended to cohort maturity (cap 500),196072327,1,273.55554740002844,latency_critical,200,0.0,0.8735578609252264,0.8410733685103517,0.09,1.0,0.12644213907477364,0.15892663148964828,0.17131993385736896,25.28842781495473,0.12644213907477364,0.09887227697303476,0.09218129960317462,0.001127723026965242,0.007818700396825395,0.009501521807916524,0.13982322769034838,0.17239553101975622,0.18513870582081987,0.7883630328851561,0.8755543527497418,,0.9988722769730347,0.0,0.0,0.0,0.8171598082636011,0.745000142973816,0.18211584801598776,0.0664723529723377,0.0007243437204111329,2.6809687569322036,24.445,5.795,24.5,250.0,250.0,250.0,0.0,0.0,550.0,298.0,298.0,1.0,0.0,,71.29591620833517,88.42155965701139,98.28190921284265,94.72652584423456,2.6809687569322036,2.379376688937723,2.363947557708214,0.06263511779712702,33318534.88299365,31485732.713371035,0.029998208001856715,2.040271926088908,0.6669760772524976,0.6060656289428775,0.0,0.14894270871845575,0.16179539795639555,81.42551550370749,0.13233536249169076,,,,,,,,,,,,,,,,,,,,,,,,,,,,,,,,,,,,,,,,,,,,,,,,,,,,,,,,,,,,,,,,,
latency_critical,nominal,Intent-PPO-CMDP-NoRisk,Intent-PPO-CMDP-NoRisk,15,1481178426,1997781942,1596015111,8c806f3e428ad93e5ba2,stochastic,150,300,250,1,500,1,800,1,150-step training / 300-step arrival window + >= 250-step no-arrival drain adaptively extended to cohort maturity (cap 500),196072327,1,275.68097020004643,latency_critical,200,0.0,0.8261241628436167,0.7873951702298247,0.0,1.0,0.17387583715638338,0.21260482977017522,0.22169823969525054,34.77516743127668,0.17387583715638338,0.09812788402929634,0.09198333333333333,0.0018721159707036506,0.008016666666666662,0.013135846071434143,0.15800190925513344,0.20435023836922572,0.2113064704763011,0.8222628789944955,0.8964596234387836,,0.9981278840292964,0.0,0.0,0.0,0.6834971192724951,0.7671646065842965,0.31627127991332854,0.06772363050519838,0.0002316008141762452,2.2322957159281334,41.825,7.29,42.04,250.0,250.0,250.0,0.0,0.0,550.0,298.0,298.0,1.0,0.0,,101.0238281258104,124.77801195090439,136.76418661257605,131.91685825050766,2.2322957159281334,2.00559061228571,1.9942398806723163,0.06991119778357087,32344374.516510867,30012882.423725978,0.030941172789782763,2.9672259025578134,0.6645387449230877,0.6102319033866073,0.0,0.1240164286626741,0.13948106240739383,26.344214940883443,1.0951459489668165,,,,,,,,,,,,,,,,,,,,,,,,,,,,,,,,,,,,,,,,,,,,,,,,,,,,,,,,,,,,,,,,,
latency_critical,nominal,Intent-PPO-CMDP,Intent-PPO-CMDP,15,1481178426,1997781942,1596015111,618554fca77aa7604c32,stochastic,150,300,250,1,500,1,800,1,150-step training / 300-step arrival window + >= 250-step no-arrival drain adaptively extended to cohort maturity (cap 500),196072327,1,332.33217309997417,latency_critical,200,0.0,0.8523507331285508,0.8130858231946602,0.04,1.0,0.1476492668714492,0.18691417680533992,0.19470302676583492,29.529853374289836,0.1476492668714492,0.09657960047973259,0.08567669172932331,0.0034203995202674088,0.014323308270676679,0.018924661017226042,0.12772848594261801,0.18562672125953547,0.19865886635722904,0.79639210696622,0.8753274172232575,,0.9965796004797326,0.0,0.0,0.0,0.7313140954496375,0.7516050119015277,0.26526550503009505,0.06182768778421414,0.0034203995202674088,2.4161302957279798,35.595,5.98,35.595,250.0,250.0,250.0,0.0,0.0,550.0,298.0,298.0,1.0,0.0,,88.09935650909763,111.41710684273707,123.61412708731152,121.66149967216374,2.4161302957279798,2.1096360183177847,2.072654447925971,0.07899832025638863,33439353.598125383,30833831.94403469,0.02992827549365664,2.520190427547548,0.6652564359580546,0.6171125030491548,0.0,0.1342294608737766,0.15227303863851208,59.75619637115706,0.45160142328708003,,,,,,,,,,,,,,,,,,,,,,,,,,,,,,,,,,,,,,,,,,,,,,,,,,,,,,,,,,,,,,,,,
latency_critical,nominal,Intent-PPO-CMDP-FullPolicy-NoShield,Intent-PPO-CMDP,15,1481178426,1997781942,1596015111,618554fca77aa7604c32,stochastic,150,300,250,1,500,1,800,1,150-step training / 300-step arrival window + >= 250-step no-arrival drain adaptively extended to cohort maturity (cap 500),196072327,1,332.33217309997417,latency_critical,200,0.0,0.8495956244503305,0.8101631333388611,0.045,1.0,0.15040437554966948,0.1898368666611389,0.1982608626670402,30.0808751099339,0.15040437554966948,0.03829249993667783,0.002957772115034587,0.061707500063322165,0.09704222788496542,0.10456663991324344,0.12576236648444827,0.17326388888888888,0.18339343884286358,0.7942510220640244,0.8715734246949914,,0.9382924999366777,0.0,0.0,0.0,0.7098033868974207,0.7513833319305496,0.2441800050537745,0.05908979502891984,0.046016608048804836,2.3568656820863363,30.72,5.74,32.83,250.0,250.0,250.0,0.0,0.0,550.0,298.0,298.0,1.0,0.0,,82.84256403385473,106.73589575891732,115.62512072434608,112.75762774392463,2.3568656820863363,2.078378086508579,2.0674787997624526,0.07247360910111225,33434032.027216643,30838699.56649129,0.029915312326000535,2.24671154484753,0.6649357667952964,0.6020839725436967,0.0,0.13093698233812978,0.14627612109274665,57.010155460108344,0.3540612045925483,,,,,,,,,,,,,,,,,,,,,,,,,,,,,,,,,,,,,,,,,,,,,,,,,,,,,,,,,,,,,,,,,
latency_critical,congestion_burst,MaxWeight,MaxWeight,11,471540437,1073362871,895348317,,stochastic,150,300,250,1,500,1,800,1,150-step training / 300-step arrival window + >= 250-step no-arrival drain adaptively extended to cohort maturity (cap 500),663160255,0,1.7900019884109497e-05,latency_critical,200,0.0,0.696750607822,0.6668595750238873,0.0,1.0,0.303249392178,0.3331404249761127,0.34062853663702736,60.6498784356,0.303249392178,0.1,0.1,0.0,0.0,0.0,0.1113328246025531,0.1348353709850858,0.1406243765922082,0.9743879012613818,0.9923299591385643,,0.6794295945624735,0.3205704054375266,0.0,0.3205704054375266,0.3762205544624769,0.872313151074384,0.6237794455375232,0.10207475018699771,0.0,1.903892721643753,57.225,19.335,57.225,250.0,250.02,252.0,0.02,2.0,550.02,252.0,252.0,1.0,0.0,,155.201774418963,170.05757575757573,173.18787583282858,173.05918541460113,1.903892721643753,1.7299553213033476,1.7190864133978654,0.05799248673756483,18738815.471986033,17715645.85769828,0.05337649923182797,8.32197177620416,0.528463164254657,0.49146722139925764,0.001296123088918974,0.10577181786909738,0.11416938289599432,-150.18954190375436,0.15023313683215103,,,,,,,,,,,,,,,,,,,,,,,,,,,,,,,,,,,,,,,,,,,,,,,,,,,,,,,,,,,,,,,,,
latency_critical,congestion_burst,PPO,PPO,11,471540437,1073362871,1897045420,b9c1e1a3273f0ff06c77,stochastic,150,300,250,1,500,1,800,1,150-step training / 300-step arrival window + >= 250-step no-arrival drain adaptively extended to cohort maturity (cap 500),663160255,1,259.96485530002974,latency_critical,200,0.0,0.8170419637933982,0.7919762529115075,0.0,1.0,0.18295803620660187,0.20802374708849264,0.21342481907941732,36.591607241320375,0.18295803620660187,0.09951692068676697,0.09473262032085562,0.00048307931323302836,0.005267379679144383,0.006676206104985813,0.14802633344876626,0.16977581737082822,0.17759410891026536,0.8892117100316846,0.9389708428375346,,0.998588017075663,0.0009289036111040968,0.0,0.0009289036111040968,0.5730883591557251,0.8322556198366502,0.42688676522238433,0.0679704047117191,2.4875621890547263e-05,2.686013295552133,81.345,10.87,81.43,250.0,250.0,250.0,0.0,0.0,550.0,252.0,252.0,1.0,0.0,,132.74029220075477,157.23802711636034,162.16021540762898,161.2148584814569,2.686013295552133,2.4314640194744275,2.4187554211967255,0.057700844423806026,33554946.09281202,32528366.18054288,0.02980132821092529,5.2688390863004475,0.6801648806012711,0.6362118762795578,0.0,0.14922296086400738,0.16243963109176457,28.193355617976096,0.6889510654920858,,,,,,,,,,,,,,,,,,,,,,,,,,,,,,,,,,,,,,,,,,,,,,,,,,,,,,,,,,,,,,,,,
latency_critical,congestion_burst,PPO-Lagrangian,PPO-Lagrangian,11,471540437,1073362871,1897045420,97597eec01eed730a745,stochastic,150,300,250,1,500,1,800,1,150-step training / 300-step arrival window + >= 250-step no-arrival drain adaptively extended to cohort maturity (cap 500),663160255,1,273.0232358999783,latency_critical,200,0.0,0.7750313537678758,0.7371144016176416,0.0,1.0,0.2249686462321242,0.2628855983823585,0.27178596016632256,44.99372924642484,0.2249686462321242,0.1,0.1,0.0,0.0,0.0,0.10653011117611484,0.15460803689064556,0.16255821173257382,0.8925481126438819,0.9430201727040435,,0.8263334044228433,0.17366659557715677,0.0,0.17366659557715677,0.4480704010729644,0.835538556702061,0.5519295989270355,0.0638844456269066,0.0,2.0743849437967743,71.6,10.855,71.6,250.0,250.0,250.0,0.0,0.0,550.0,252.0,252.0,1.0,0.0,,164.65707039317485,184.6435517241379,191.75130329924752,189.66113212488597,2.0743849437967743,1.8555004574225824,1.8448036488195434,0.06738485543430661,34576861.699035436,32145639.199708335,0.028905807433207517,5.364104544010257,0.6693609291672076,0.6133221483648669,0.0,0.1152436079887097,0.128408066219063,-53.10775108109396,0.4525921775471793,,,,,,,,,,,,,,,,,,,,,,,,,,,,,,,,,,,,,,,,,,,,,,,,,,,,,,,,,,,,,,,,,
latency_critical,congestion_burst,PPO_CMDP,PPO_CMDP,11,471540437,1073362871,1897045420,3e02143445d692cb208a,stochastic,150,300,250,1,500,1,800,1,150-step training / 300-step arrival window + >= 250-step no-arrival drain adaptively extended to cohort maturity (cap 500),663160255,1,273.6423236000119,latency_critical,200,0.0,0.8316629510901814,0.8111438867556529,0.0,1.0,0.1683370489098187,0.1888561132443472,0.19850536407259195,33.66740978196374,0.1683370489098187,0.0995748546536976,0.09547441530200151,0.00042514534630239034,0.004525584697998484,0.00760997859949116,0.20114436939431146,0.22390042708175253,0.22947644995504773,0.8951165828845791,0.9473175561679772,,0.9995748546536976,0.0,0.0,0.0,0.6535072899894421,0.83656487389896,0.3463042537285905,0.07385276847682971,0.00018845628196742915,3.0629209778738438,65.72,11.115,65.765,250.0,250.0,250.0,0.0,0.0,550.0,252.0,252.0,1.0,0.0,,106.08890485834141,123.31130710085934,137.3131792928205,130.9216646990619,3.0629209778738438,2.814585916677125,2.808895908270128,0.046232979489235236,30981278.17412754,30131017.12844949,0.032282092444786435,4.538426840822109,0.6768052038701657,0.6218657267925856,0.0,0.17016227654854688,0.18164179720636067,43.76410200419383,0.3404926405180113,,,,,,,,,,,,,,,,,,,,,,,,,,,,,,,,,,,,,,,,,,,,,,,,,,,,,,,,,,,,,,,,,
latency_critical,congestion_burst,Intent-PPO-CMDP-NoRisk,Intent-PPO-CMDP-NoRisk,11,471540437,1073362871,1897045420,7d2ee40999bb1a6afe16,stochastic,150,300,250,1,500,1,800,1,150-step training / 300-step arrival window + >= 250-step no-arrival drain adaptively extended to cohort maturity (cap 500),663160255,1,275.69379829999525,latency_critical,200,0.0,0.7756581273583404,0.7399134522165839,0.0,1.0,0.22434187264165967,0.2600865477834161,0.27562736335767213,44.868374528331934,0.22434187264165967,0.099835987067153,0.1,0.00016401293284699429,0.0,0.00016401293284699429,0.11145650624448258,0.1572962776659959,0.16819554965524114,0.8931149847625944,0.9481385763063253,,0.8295301249793163,0.1703058620878366,0.0,0.1703058620878366,0.45181336548389256,0.8344398225475211,0.548134278495165,0.06579459589154062,5.235602094240838e-05,2.0866690439149416,71.365,11.165,71.385,250.0,250.0,250.0,0.0,0.0,550.0,252.0,252.0,1.0,0.0,,164.4868493683506,181.89223484848483,185.81718749999996,185.4376983421081,2.0866690439149416,1.8439102121884337,1.8257558245115881,0.0730490086967606,34490665.854299866,32269019.2050132,0.02897797620728641,5.374370262579523,0.6714886395255494,0.6074633374902416,0.0,0.11592605799527453,0.12996043109689498,-54.17548548163686,0.419476090371795,,,,,,,,,,,,,,,,,,,,,,,,,,,,,,,,,,,,,,,,,,,,,,,,,,,,,,,,,,,,,,,,,
latency_critical,congestion_burst,Intent-PPO-CMDP,Intent-PPO-CMDP,11,471540437,1073362871,1897045420,b12c9f3440d9c22ff923,stochastic,150,300,250,1,500,1,800,1,150-step training / 300-step arrival window + >= 250-step no-arrival drain adaptively extended to cohort maturity (cap 500),663160255,1,319.3185737999738,latency_critical,200,0.0,0.7906676238213235,0.7673220467053303,0.0,1.0,0.2093323761786765,0.23267795329466967,0.23902627900345164,41.8664752357353,0.2093323761786765,0.07856410691258335,0.056272143157389064,0.021435893087416655,0.043727856842610935,0.04591939999615203,0.10299436938946631,0.13965517241379308,0.14821402628625246,0.8897564615138949,0.951140868676514,,0.9071736990192925,0.07139040789329097,0.0,0.07139040789329097,0.485528768356108,0.841228797444341,0.49313786136352933,0.056241223746850706,0.021333370280362692,2.272813278193281,79.955,9.28,79.975,250.0,250.0,250.0,0.0,0.0,550.0,252.0,252.0,1.0,0.0,,154.6852220205549,171.29840823970036,178.949629473274,176.104311694584,2.272813278193281,2.0553952743297446,2.0227034521483604,0.061201264780125886,34573043.99106476,32945136.019408185,0.028919370986662075,5.515602529321126,0.6716821987001032,0.6223675263456955,0.0,0.12626740434407113,0.13816243826216104,-16.024458299206294,1.1037956648533547,,,,,,,,,,,,,,,,,,,,,,,,,,,,,,,,,,,,,,,,,,,,,,,,,,,,,,,,,,,,,,,,,
latency_critical,congestion_burst,Intent-PPO-CMDP-FullPolicy-NoShield,Intent-PPO-CMDP,11,471540437,1073362871,1897045420,b12c9f3440d9c22ff923,stochastic,150,300,250,1,500,1,800,1,150-step training / 300-step arrival window + >= 250-step no-arrival drain adaptively extended to cohort maturity (cap 500),663160255,1,319.3185737999738,latency_critical,200,0.0,0.6800054087010372,0.6399988580715897,0.0,1.0,0.38724294154674993,0.48375488898861957,0.5349943322336295,77.44858830934999,0.38724294154674993,-0.18679088812680594,-0.27213978570421543,0.2867908881268059,0.37213978570421535,0.4012703933492687,0.12500719653937106,0.1695755077111009,0.17314243010311686,0.8848400022827816,0.9405805922712303,,0.7035664470756253,0.009642664797568654,0.0,0.009642664797568654,0.4120023959240278,0.8419106008600994,0.4171148673247035,0.05003648024036225,0.17088273675126872,1.9508100667854469,55.085,8.125,76.99,250.0,250.0,250.0,0.0,0.0,550.0,252.0,252.0,1.0,0.0,,131.26716753930245,154.54072153012552,158.27191304347824,157.43346277325085,1.9508100667854469,1.7044055005672722,1.6887547680798463,0.073189493004291,33053859.84564846,31383976.653752837,0.030235849332664308,3.8456916738787847,0.6470609029963325,0.5736565477259385,0.0,0.10837833704363593,0.12142959956987896,-54.57580701139504,0.6129095325094895,,,,,,,,,,,,,,,,,,,,,,,,,,,,,,,,,,,,,,,,,,,,,,,,,,,,,,,,,,,,,,,,,
latency_critical,congestion_burst,MaxWeight,MaxWeight,12,1729653623,2128646545,403823049,,stochastic,150,300,250,1,500,1,800,1,150-step training / 300-step arrival window + >= 250-step no-arrival drain adaptively extended to cohort maturity (cap 500),1165520472,0,2.040015533566475e-05,latency_critical,200,0.0,0.7089906158579419,0.6832279866843401,0.005,1.0,0.29100938414205824,0.31677201331566,0.3213257382264618,58.20187682841164,0.29100938414205824,0.1,0.1,0.0,0.0,0.0,0.10804289764828556,0.1312467214547998,0.14432049105472633,0.9740630739118444,0.9907148497355152,,0.6896203458528376,0.31037965414716245,0.0,0.31037965414716245,0.37845191249249277,0.8708237368290976,0.6215480875075073,0.10323933708274652,0.0,2.040097106722277,58.305,19.315,58.305,250.0,251.7,278.0,1.7,28.0,551.7,278.0,278.0,1.0,0.0,,153.49871815133628,167.6007633587786,173.19293226176808,171.43560280129878,2.040097106722277,1.883519281557487,1.869470792955898,0.05373646488161798,15216056.94180114,14398041.18910873,0.0657222042042758,10.933310619826779,0.5316973847970778,0.49656384761934746,0.0007240992795023888,0.1133387281512376,0.12251626709014735,-144.14777072263442,0.17926907853034071,,,,,,,,,,,,,,,,,,,,,,,,,,,,,,,,,,,,,,,,,,,,,,,,,,,,,,,,,,,,,,,,,
latency_critical,congestion_burst,PPO,PPO,12,1729653623,2128646545,1621075116,2fb07c1ee95b181950c4,stochastic,150,300,250,1,500,1,800,1,150-step training / 300-step arrival window + >= 250-step no-arrival drain adaptively extended to cohort maturity (cap 500),1165520472,1,284.739809300052,latency_critical,200,0.0,0.8168139141416515,0.793114923683002,0.0,1.0,0.18318608585834856,0.2068850763169981,0.2113584869402497,36.63721717166971,0.18318608585834856,0.09968574973480777,0.09521299956082566,0.00031425026519223034,0.004787000439174351,0.005806536404323076,0.1114579976409378,0.14163493605735142,0.14927884092509128,0.8709722872687736,0.9201821096062839,,0.9440242858333758,0.055661463901432,0.0,0.055661463901432,0.5178379286157734,0.8220236048689241,0.481980649268548,0.059431265617609405,0.00018142211567865804,2.518373198846267,80.195,9.23,80.22,250.0,250.0,250.0,0.0,0.0,550.0,278.0,278.0,1.0,0.0,,148.3327879657845,168.3146736257928,175.41298201798202,172.76688594423965,2.518373198846267,2.291354296486581,2.2539555229925776,0.059111732894508245,29242957.275873207,27844069.69973049,0.034194255277369884,6.760334058575314,0.6817468941279333,0.6117904355241879,0.0,0.13990962215812597,0.1529535185890872,-0.4254218926119366,39.682430095206456,,,,,,,,,,,,,,,,,,,,,,,,,,,,,,,,,,,,,,,,,,,,,,,,,,,,,,,,,,,,,,,,,
latency_critical,congestion_burst,PPO-Lagrangian,PPO-Lagrangian,12,1729653623,2128646545,1621075116,5ff4062933b4dfa3978e,stochastic,150,300,250,1,500,1,800,1,150-step training / 300-step arrival window + >= 250-step no-arrival drain adaptively extended to cohort maturity (cap 500),1165520472,1,266.70855040004244,latency_critical,200,0.0,0.7790309831245792,0.7499331431289529,0.0,1.0,0.22096901687542092,0.2500668568710471,0.25566355694420273,44.19380337508419,0.22096901687542092,0.09871913082258897,0.09381934677293327,0.0012808691774110275,0.006180653227066726,0.010945329512942897,0.06443527314718801,0.09590493970104204,0.10447073732982456,0.9004010287368038,0.948882061103245,,0.8894162480446518,0.10930288277793722,0.0,0.10930288277793722,0.4458406250397715,0.8451869318296927,0.5536960173152015,0.06391189247823047,0.0004633576450269605,2.184010971336737,82.445,10.355,82.595,250.0,250.0,250.0,0.0,0.0,550.0,278.0,278.0,1.0,0.0,,174.7869114656125,189.995581950729,198.1587369180801,195.89922106382136,2.184010971336737,1.9512282611804395,1.9306581310474875,0.06762849874335886,28602361.565949067,27350993.615481604,0.03497392202272183,7.801700946180081,0.6751228117202211,0.6235574074382267,0.0,0.12133394285204094,0.13520242295885213,-19.79659097230211,0.848032091000711,,,,,,,,,,,,,,,,,,,,,,,,,,,,,,,,,,,,,,,,,,,,,,,,,,,,,,,,,,,,,,,,,
latency_critical,congestion_burst,PPO_CMDP,PPO_CMDP,12,1729653623,2128646545,1621075116,c2c338dd9800f45e9834,stochastic,150,300,250,1,500,1,800,1,150-step training / 300-step arrival window + >= 250-step no-arrival drain adaptively extended to cohort maturity (cap 500),1165520472,1,270.83158040000126,latency_critical,200,0.0,0.8364359765823814,0.8140204065100782,0.0,1.0,0.1635640234176185,0.18597959348992182,0.191707947196941,32.7128046835237,0.1635640234176185,0.09993188600164801,0.1,5.305375738812271e-05,0.0,5.305375738812271e-05,0.21110772789378907,0.23236992461601966,0.2393305732314762,0.8900799734377992,0.9402816062745701,,0.9999469462426118,0.0,0.0,0.0,0.6654367113326367,0.83306271604073,0.33456328866736323,0.07467969521828377,0.0,3.2890403120217546,63.075,10.68,63.085,250.0,250.0,250.0,0.0,0.0,550.0,278.0,278.0,1.0,0.0,,101.95120202782847,125.73416381115553,135.64274779653817,130.06980463931473,3.2890403120217546,3.0338587380888398,3.015896037399431,0.045694367559971465,25199866.69254635,24424424.22606413,0.039679259440856464,5.663455042321553,0.6742664953092592,0.6211595276904222,0.0,0.18272446177898638,0.19558155557908796,53.749571591273195,0.30670211516115226,,,,,,,,,,,,,,,,,,,,,,,,,,,,,,,,,,,,,,,,,,,,,,,,,,,,,,,,,,,,,,,,,
latency_critical,congestion_burst,Intent-PPO-CMDP-NoRisk,Intent-PPO-CMDP-NoRisk,12,1729653623,2128646545,1621075116,53b75815fc19ab3c700d,stochastic,150,300,250,1,500,1,800,1,150-step training / 300-step arrival window + >= 250-step no-arrival drain adaptively extended to cohort maturity (cap 500),1165520472,1,267.30905749998055,latency_critical,200,0.0,0.8131003818357244,0.7921990156122191,0.0,1.0,0.18689961816427558,0.20780098438778102,0.21445746903245227,37.37992363285512,0.18689961816427558,0.0998645703556399,0.1,0.00013542964436011302,0.0,0.00013542964436011302,0.13016109318867752,0.15701139428014513,0.16491794698517498,0.8848557557207033,0.9407204175011922,,0.9764256153661806,0.023438954989459203,0.0,0.023438954989459203,0.5251511816469507,0.8319140429060031,0.4747943678749475,0.06477391047077695,5.445047810175894e-05,2.58319051981435,85.035,9.975,85.05,250.0,250.0,250.0,0.0,0.0,550.0,278.0,278.0,1.0,0.0,,149.50127342506946,170.20318561184908,176.21169506233548,173.04828539561765,2.58319051981435,2.3134825849598983,2.2968378055677694,0.06203239664340341,28561062.773773648,27475079.747618273,0.03500890483932708,7.225409663674948,0.6782645699071849,0.6275263001637841,0.0,0.14351058443413053,0.1584335367826201,6.305993987472859,3.244717912514159,,,,,,,,,,,,,,,,,,,,,,,,,,,,,,,,,,,,,,,,,,,,,,,,,,,,,,,,,,,,,,,,,
latency_critical,congestion_burst,Intent-PPO-CMDP,Intent-PPO-CMDP,12,1729653623,2128646545,1621075116,fc604e43c5d11a5118bd,stochastic,150,300,250,1,500,1,800,1,150-step training / 300-step arrival window + >= 250-step no-arrival drain adaptively extended to cohort maturity (cap 500),1165520472,1,320.63457950000884,latency_critical,200,0.0,0.8421427604535141,0.8107015961467535,0.03,1.0,0.15785723954648598,0.1892984038532465,0.19405803225925133,31.571447909297195,0.15785723954648598,0.08597246304359134,0.07267008947336817,0.01295346193059937,0.02718133760988358,0.03174219748437521,0.2432669359074541,0.26567481900401946,0.2727344321643857,0.8801966001950126,0.9444530072601711,,0.9870465380694006,0.0,0.0,0.0,0.6885114039851217,0.8196270577977677,0.3000031678516194,0.0753011901411364,0.011485428163258758,3.4247266347392964,56.455,11.39,56.73,250.0,250.0,250.0,0.0,0.0,550.0,278.0,278.0,1.0,0.0,,88.05519544175961,111.0251548380546,122.78336092633648,119.85071694380107,3.4247266347392964,3.2004253988672504,3.187264012696424,0.04072778205050696,22608644.589456968,21843365.140789736,0.044216258852947186,5.422696315277777,0.6660979991158567,0.6141211517969644,0.0,0.1902625908188498,0.2021498784337438,38.84913286056287,0.44340289701673485,,,,,,,,,,,,,,,,,,,,,,,,,,,,,,,,,,,,,,,,,,,,,,,,,,,,,,,,,,,,,,,,,
latency_critical,congestion_burst,Intent-PPO-CMDP-FullPolicy-NoShield,Intent-PPO-CMDP,12,1729653623,2128646545,1621075116,fc604e43c5d11a5118bd,stochastic,150,300,250,1,500,1,800,1,150-step training / 300-step arrival window + >= 250-step no-arrival drain adaptively extended to cohort maturity (cap 500),1165520472,1,320.63457950000884,latency_critical,200,0.0,0.8349512677381122,0.7945711152158854,0.015,1.0,0.16504873226188777,0.20542888478411453,0.21197721312528728,33.009746452377556,0.16504873226188777,0.00012546096433568293,-0.03894927536231884,0.09987453903566433,0.13894927536231882,0.15107863154634496,0.24428025751797414,0.2645329864009944,0.2698980882181449,0.8793637114928292,0.9401582974754839,,0.9001254609643357,0.0,0.0,0.0,0.6513023897437301,0.8229832047636468,0.2717115271072642,0.07333188356819853,0.07698608314900574,3.2790673917705937,47.12,10.63,51.465,250.0,250.0,250.0,0.0,0.0,550.0,278.0,278.0,1.0,0.0,,80.35899206204165,102.04252489331436,110.4970588235294,107.05092034830143,3.2790673917705937,3.013749802722509,3.0044604296020183,0.04745865717770331,22419773.184482962,21405101.231205713,0.04457800901394022,4.620607942035019,0.6519266876853287,0.5985756381318136,0.0,0.18217041065392187,0.1954262187357665,33.53405628351357,0.43227497716227226,,,,,,,,,,,,,,,,,,,,,,,,,,,,,,,,,,,,,,,,,,,,,,,,,,,,,,,,,,,,,,,,,
latency_critical,congestion_burst,MaxWeight,MaxWeight,13,1025721121,372372750,1471723720,,stochastic,150,300,250,1,500,1,800,1,150-step training / 300-step arrival window + >= 250-step no-arrival drain adaptively extended to cohort maturity (cap 500),2007586720,0,1.4600111171603203e-05,latency_critical,200,0.0,0.7278495753746017,0.6992497624294988,0.0,1.0,0.27215042462539824,0.30075023757050123,0.3060594742673236,54.43008492507965,0.27215042462539824,0.1,0.1,0.0,0.0,0.0,0.11324239897866145,0.1382306598407281,0.1458264956314636,0.9666862473972722,0.9884625664526198,,0.7364625753439884,0.2635374246560115,0.0,0.2635374246560115,0.40446788688698004,0.8584472723657778,0.5955321131130199,0.10827042157237499,0.0,2.105984568879155,61.375,20.03,61.375,250.0,261.98,325.0,11.98,75.0,561.98,326.0,326.0,1.0,0.0,,148.75544467554778,169.99058165548098,178.56466082207524,176.48726456156163,2.105984568879155,1.9160758232809505,1.9118922434516505,0.057340052057607296,17158528.424002312,16338666.41496044,0.05828156391341407,9.644295870431,0.5352628794622304,0.497358041064649,0.0006428447293006793,0.11699914271550864,0.12804987465754444,-160.49365951167132,0.24435792217712818,,,,,,,,,,,,,,,,,,,,,,,,,,,,,,,,,,,,,,,,,,,,,,,,,,,,,,,,,,,,,,,,,
latency_critical,congestion_burst,PPO,PPO,13,1025721121,372372750,535536204,3cabdc2e2c3a75659a16,stochastic,150,300,250,1,500,1,800,1,150-step training / 300-step arrival window + >= 250-step no-arrival drain adaptively extended to cohort maturity (cap 500),2007586720,1,262.1022107999888,latency_critical,200,0.0,0.8489759644370348,0.8239709847601293,0.015,1.0,0.1510240355629653,0.17602901523987066,0.18014175972220917,30.204807112593056,0.1510240355629653,0.07745341055432471,0.056329970472440906,0.0011608376179034355,0.005681818181818182,0.008011633247214602,0.2722547470859113,0.29367002952755905,0.30138653292671286,0.8679087893570983,0.9196303542550475,,0.9988391623820965,0.0,0.0,0.0,0.7104847228681096,0.8218483540779511,0.2893074209351529,0.057108137046540663,0.00020785619673754753,3.30501698371807,53.95,8.555,54.125,250.0,250.0,250.0,0.0,0.0,550.0,326.0,326.0,1.0,0.0,,87.7405757404193,108.52343249427915,131.65521975246273,120.06927961742367,3.30501698371807,3.0682927758868956,3.040228045388016,0.043180844460788105,23975365.799207915,23238905.921901062,0.04171516967867793,4.951974587532984,0.6720506873593913,0.6183038964483266,0.0,0.18361205465100386,0.1954668826644125,11.910739236418316,2.0466540591842763,,,,,,,,,,,,,,,,,,,,,,,,,,,,,,,,,,,,,,,,,,,,,,,,,,,,,,,,,,,,,,,,,
latency_critical,congestion_burst,PPO-Lagrangian,PPO-Lagrangian,13,1025721121,372372750,535536204,454f28c68eb87e33907f,stochastic,150,300,250,1,500,1,800,1,150-step training / 300-step arrival window + >= 250-step no-arrival drain adaptively extended to cohort maturity (cap 500),2007586720,1,254.03850810002768,latency_critical,200,0.0,0.8303021501747005,0.8058842600169663,0.0,1.0,0.1696978498252996,0.19411573998303366,0.19885244008416808,33.93956996505992,0.1696978498252996,0.09956292851982934,0.09470472776924391,0.00043707148017067083,0.0052952722307561,0.006769717111280713,0.16573582021646005,0.18992007951956466,0.19467565549344532,0.8901787470335276,0.9393161177365508,,0.9992610362450068,0.0003018922748224163,0.0,0.0003018922748224163,0.6175553896088966,0.8321504000601577,0.38241997984923154,0.07154260795745263,2.4630541871921184e-05,2.925085437452027,70.84,10.73,70.915,250.0,250.0,250.0,0.0,0.0,550.0,326.0,326.0,1.0,0.0,,116.76157447308658,141.1154710907515,154.8490897343862,150.19621260411128,2.925085437452027,2.7193405614313253,2.6977050379844782,0.044548466309621865,28935951.299093854,27807532.965218075,0.0345460893285551,5.406848077626019,0.6768529961672018,0.6232407989718683,0.0,0.16250474652511263,0.17425303653871,37.041267337009984,0.5770921950244784,,,,,,,,,,,,,,,,,,,,,,,,,,,,,,,,,,,,,,,,,,,,,,,,,,,,,,,,,,,,,,,,,
latency_critical,congestion_burst,PPO_CMDP,PPO_CMDP,13,1025721121,372372750,535536204,a070e26e29e031606ad8,stochastic,150,300,250,1,500,1,800,1,150-step training / 300-step arrival window + >= 250-step no-arrival drain adaptively extended to cohort maturity (cap 500),2007586720,1,277.9400926999515,latency_critical,200,0.0,0.8400048554043531,0.8174453513247097,0.0,1.0,0.15999514459564682,0.18255464867529034,0.19001414670752376,31.999028919129366,0.15999514459564682,0.0998134815641426,0.1,0.00018651843585739563,0.0,0.00018651843585739563,0.14344574884532954,0.17664292418553953,0.18076405679328916,0.8632343941538453,0.9196167869519851,,0.993969396786878,0.005844084777264555,0.0,0.005844084777264555,0.6059969616213607,0.8123270358875945,0.3939243534765849,0.06330561776771904,7.868490205446728e-05,2.825664377629168,71.635,9.385,71.655,250.0,250.0,250.0,0.0,0.0,550.0,326.0,326.0,1.0,0.0,,119.17100980105334,145.2700769230769,153.36903397768035,149.5919575262405,2.825664377629168,2.582377189281031,2.5726870141854308,0.053197390780033854,31235163.767880145,29818580.15514957,0.031995827275613835,5.072376072832984,0.6739668150594724,0.6175414034206177,0.0,0.15698135431273152,0.17120895358658111,26.42369863428091,0.9894407253660229,,,,,,,,,,,,,,,,,,,,,,,,,,,,,,,,,,,,,,,,,,,,,,,,,,,,,,,,,,,,,,,,,
latency_critical,congestion_burst,Intent-PPO-CMDP-NoRisk,Intent-PPO-CMDP-NoRisk,13,1025721121,372372750,535536204,4606dec7f3efe1c94a9c,stochastic,150,300,250,1,500,1,800,1,150-step training / 300-step arrival window + >= 250-step no-arrival drain adaptively extended to cohort maturity (cap 500),2007586720,1,283.62103929999284,latency_critical,200,0.0,0.8639928156310752,0.8331816965480331,0.09,1.0,0.1360071843689248,0.16681830345196683,0.17576690685749202,27.201436873784964,0.1360071843689248,0.09562948259004965,0.0781902851736944,0.00022237953808929413,0.0,0.00022237953808929413,0.24779596075849594,0.27180971482630556,0.27785280095658405,0.8414127522548415,0.9119862596720483,,0.9997776204619108,0.0,0.0,0.0,0.7751466402616788,0.7914074756833189,0.22465423601418547,0.07082871491496973,0.00019912372413580576,3.6069392761347387,41.97,9.305,41.975,250.0,250.0,250.0,0.0,0.0,550.0,326.0,326.0,1.0,0.0,,71.05342304844591,93.82271810567774,100.29818119380617,98.1385678578394,3.6069392761347387,3.3103983851144116,3.306979428668155,0.04947381888442552,25308879.13484742,24348862.364584584,0.03948414663804813,3.760985019294555,0.6753738439588132,0.6249929751484612,0.0,0.20038551534081883,0.21882137685699057,55.052532728216505,0.2566991496388274,,,,,,,,,,,,,,,,,,,,,,,,,,,,,,,,,,,,,,,,,,,,,,,,,,,,,,,,,,,,,,,,,
latency_critical,congestion_burst,Intent-PPO-CMDP,Intent-PPO-CMDP,13,1025721121,372372750,535536204,09d0d30da2ff448dad2f,stochastic,150,300,250,1,500,1,800,1,150-step training / 300-step arrival window + >= 250-step no-arrival drain adaptively extended to cohort maturity (cap 500),2007586720,1,309.3859143999871,latency_critical,200,0.0,0.8402614443459572,0.8106830639006453,0.02,1.0,0.1597385556540427,0.18931693609935474,0.19633481602034575,31.947711130808543,0.1597385556540427,0.056354042914781195,0.035321919812701205,0.04364595708521881,0.0646780801872988,0.07252828991930489,0.247068506902424,0.2668013557732277,0.2715436525531053,0.8835359362859257,0.9484942984361137,,0.9563540429147812,0.0,0.0,0.0,0.7367055206635555,0.8352611121427529,0.21991778611353008,0.061195050165204636,0.04337669322291427,3.506253526109284,40.86,8.935,40.91,250.0,250.0,250.0,0.0,0.0,550.0,326.0,326.0,1.0,0.0,,71.89137190127407,90.67242980007973,96.42153542510121,94.28174034967851,3.506253526109284,3.264716178358859,3.255379598765372,0.04107424610965493,25374744.74891133,24317131.316720832,0.03939480504163719,3.7173234201685816,0.647464226848634,0.6008016510406821,0.0,0.19479186256162692,0.2079514776778627,61.17409735758456,0.20624127446192572,,,,,,,,,,,,,,,,,,,,,,,,,,,,,,,,,,,,,,,,,,,,,,,,,,,,,,,,,,,,,,,,,
latency_critical,congestion_burst,Intent-PPO-CMDP-FullPolicy-NoShield,Intent-PPO-CMDP,13,1025721121,372372750,535536204,09d0d30da2ff448dad2f,stochastic,150,300,250,1,500,1,800,1,150-step training / 300-step arrival window + >= 250-step no-arrival drain adaptively extended to cohort maturity (cap 500),2007586720,1,309.3859143999871,latency_critical,200,0.0,0.6779239045026404,0.626701862785096,0.0,1.0,0.49228911200318476,0.6195040618171269,0.6494514428644458,98.45782240063696,0.49228911200318476,-0.31972953039842883,-0.42222360248447205,0.41972953039842875,0.5222236024844719,0.5518823187428715,0.2597983261405112,0.28628299447927613,0.2961871738460588,0.8759603672179905,0.9423871646407054,,0.5802704696015712,0.0,0.0,0.0,0.49595737019240177,0.8488363614422711,0.10800144455311905,0.036834098526916506,0.3960411852544792,2.4272805326456366,15.85,5.08,20.315,250.0,250.0,250.0,0.0,0.0,550.0,326.0,326.0,1.0,0.0,,51.12319948526203,68.80723478260867,78.14806293706292,74.1539413915279,2.4272805326456366,1.9775390108454372,1.949038271501837,0.1171231130275602,24031384.808644,22695467.390715174,0.041538391687717356,1.7609175195766833,0.5699923640958984,0.49408298248984833,0.0015899382402430782,0.13484891848031313,0.1622175255042712,7.2741636257827125,2.1483119649173164,,,,,,,,,,,,,,,,,,,,,,,,,,,,,,,,,,,,,,,,,,,,,,,,,,,,,,,,,,,,,,,,,
latency_critical,congestion_burst,MaxWeight,MaxWeight,14,1103526060,1905340783,514380716,,stochastic,150,300,250,1,500,1,800,1,150-step training / 300-step arrival window + >= 250-step no-arrival drain adaptively extended to cohort maturity (cap 500),483994200,0,1.550000160932541e-05,latency_critical,200,0.0,0.735600946555877,0.7063817742874234,0.005,1.0,0.26439905344412296,0.29361822571257656,0.30108895637560085,52.87981068882459,0.26439905344412296,0.1,0.1,0.0,0.0,0.0,0.11589953676928808,0.14341885371307517,0.15032969915513975,0.9640717228245523,0.986105711520667,,0.7460408573598355,0.25395914264016445,0.0,0.25395914264016445,0.40923427845755783,0.8556219871205414,0.5907657215424422,0.10844973570401102,0.0,2.1732502398568267,63.475,20.485,63.475,250.0,253.28,276.0,3.28,26.0,553.28,277.0,277.0,1.0,0.0,,147.46682352952047,162.88270942083022,166.64026368159202,165.607458780051,2.1732502398568267,1.9838472379378898,1.9632349957812554,0.06240045751406016,20232792.636582986,18945316.79641418,0.049434287924629484,8.381047147218574,0.5405277850360085,0.5053420171454837,0.00012533437222088134,0.12073612443649036,0.1343539290482587,-138.31546240484371,0.24125610437631312,,,,,,,,,,,,,,,,,,,,,,,,,,,,,,,,,,,,,,,,,,,,,,,,,,,,,,,,,,,,,,,,,
latency_critical,congestion_burst,PPO,PPO,14,1103526060,1905340783,1823775964,0a65909e93fb2c778ea0,stochastic,150,300,250,1,500,1,800,1,150-step training / 300-step arrival window + >= 250-step no-arrival drain adaptively extended to cohort maturity (cap 500),483994200,1,272.0849051999976,latency_critical,200,0.0,0.8543355022312467,0.8304266606238089,0.035,1.0,0.14566449776875331,0.16957333937619118,0.17468458684517393,29.13289955375066,0.14566449776875331,0.09844309719978815,0.09407929702724728,0.001398698170995606,0.005785447126827607,0.007827150943745694,0.2271106699710065,0.24889915934055362,0.25419762059183665,0.8580649765513957,0.9085050380497719,,0.9986013018290043,0.0,0.0,0.0,0.6757023368147995,0.8028023423952607,0.3237883758147177,0.06704194281474289,0.0005092873704827829,3.2180631062150793,61.215,10.42,61.38,250.0,250.0,250.0,0.0,0.0,550.0,277.0,277.0,1.0,0.0,,93.01868632463407,115.68750811942165,122.09740942028986,119.36912583730471,3.2180631062150793,2.9654658496988544,2.961941785135603,0.044736305142774345,27175889.343942337,26240025.938697297,0.036784974060037265,4.695077789276444,0.6725206114236301,0.6331798339787847,0.0,0.17878128367861554,0.19109374061536288,35.30208336494424,0.6012356633885533,,,,,,,,,,,,,,,,,,,,,,,,,,,,,,,,,,,,,,,,,,,,,,,,,,,,,,,,,,,,,,,,,
latency_critical,congestion_burst,PPO-Lagrangian,PPO-Lagrangian,14,1103526060,1905340783,1823775964,337f5a10e02765106fee,stochastic,150,300,250,1,500,1,800,1,150-step training / 300-step arrival window + >= 250-step no-arrival drain adaptively extended to cohort maturity (cap 500),483994200,1,284.58887489995686,latency_critical,200,0.0,0.8393740715734234,0.8147969443398331,0.0,1.0,0.16062592842657683,0.18520305566016684,0.1936394244395608,32.125185685315365,0.16062592842657683,0.09929242405000835,0.0946222028480093,0.0007075759499916571,0.0053777971519907005,0.007060534993223916,0.1406635633537328,0.16647660318546392,0.17402721860230286,0.8664612607219851,0.916737694351675,,0.9945406439037096,0.004751780146298801,0.0,0.004751780146298801,0.5887898866179533,0.8117245811557633,0.41092246774691477,0.0675913328718521,0.0002876456351319572,2.8395131380536656,76.665,10.33,76.745,250.0,250.0,250.0,0.0,0.0,550.0,277.0,277.0,1.0,0.0,,124.50131393666919,149.926173725435,154.2637264705882,153.13821511719178,2.8395131380536656,2.6374341382541475,2.6048951325500833,0.04443729347778597,34672356.82632142,33281983.642601855,0.028826312364898812,4.921734241800086,0.6684025029240139,0.6263186168284252,0.0,0.1577507298918703,0.16914725924228363,34.408167586880424,0.6128700719517844,,,,,,,,,,,,,,,,,,,,,,,,,,,,,,,,,,,,,,,,,,,,,,,,,,,,,,,,,,,,,,,,,
latency_critical,congestion_burst,PPO_CMDP,PPO_CMDP,14,1103526060,1905340783,1823775964,dadb88684cb84768bf3a,stochastic,150,300,250,1,500,1,800,1,150-step training / 300-step arrival window + >= 250-step no-arrival drain adaptively extended to cohort maturity (cap 500),483994200,1,264.74071779998485,latency_critical,200,0.005,0.8839317756413381,0.8506875662577618,0.22,0.995,0.11606822435866194,0.1493124337422384,0.1524741313545248,23.213644871732388,0.11665148176749944,0.08998297749519268,0.07059759481961143,0.0003943932922067417,0.0050517869045787825,0.00590467404669422,0.2577862941741565,0.27940240518038856,0.28665028890154726,0.8056644103385358,0.8706415831542815,,0.9996056067077933,0.0,0.0,0.0,0.762828045876191,0.7643156373412119,0.23703550508691495,0.05474618100059017,0.00013644903689397572,3.5646054431021525,44.92,7.79,44.97,250.0,250.0,250.0,0.0,0.0,550.0,277.0,277.0,1.0,0.0,,70.23647243013045,89.38807409829468,92.6530365931462,91.37131769156187,3.5646054431021525,3.3143745481954974,3.2912959217015363,0.042914711064793866,28452131.197142888,27617458.146015547,0.035141342961808056,3.3842135287064563,0.6679743567367725,0.6162348507764059,0.0,0.1980336357278974,0.21237299310857755,60.197547360020636,0.22537770893421374,,,,,,,,,,,,,,,,,,,,,,,,,,,,,,,,,,,,,,,,,,,,,,,,,,,,,,,,,,,,,,,,,
latency_critical,congestion_burst,Intent-PPO-CMDP-NoRisk,Intent-PPO-CMDP-NoRisk,14,1103526060,1905340783,1823775964,72924e27f6df7ecb428f,stochastic,150,300,250,1,500,1,800,1,150-step training / 300-step arrival window + >= 250-step no-arrival drain adaptively extended to cohort maturity (cap 500),483994200,1,270.7660398000153,latency_critical,200,0.005,0.8770139440997827,0.8442726044002017,0.175,0.995,0.12298605590021733,0.15572739559979834,0.16208513639424332,24.597211180043466,0.12360407628162545,0.08971185334859837,0.0723624067164179,0.0003546448010671173,0.005041249025878048,0.005607529075529,0.2587570239967313,0.27763759328358206,0.28267559134750275,0.8180331684775441,0.8877011170997819,,0.9996453551989329,0.0,0.0,0.0,0.7583494761098541,0.7721201013537157,0.24143204509763064,0.058968804996941175,0.00021847879251534394,3.5941336973687608,46.095,8.7,46.12,250.0,250.0,250.0,0.0,0.0,550.0,277.0,277.0,1.0,0.0,,71.26199434482383,89.77959365850174,97.11512931034478,94.75467773378297,3.5941336973687608,3.3739739997709894,3.3463562781596137,0.03876238850341677,28058587.325322837,27200168.052959815,0.035629968526882494,3.5075028533173285,0.6704052324904366,0.6231087178211221,0.0,0.19967409429826447,0.21111979267124661,56.778523421083754,0.2408839103364652,,,,,,,,,,,,,,,,,,,,,,,,,,,,,,,,,,,,,,,,,,,,,,,,,,,,,,,,,,,,,,,,,
latency_critical,congestion_burst,Intent-PPO-CMDP,Intent-PPO-CMDP,14,1103526060,1905340783,1823775964,fd2a9bdca11bd34bca64,stochastic,150,300,250,1,500,1,800,1,150-step training / 300-step arrival window + >= 250-step no-arrival drain adaptively extended to cohort maturity (cap 500),483994200,1,319.06714920001104,latency_critical,200,0.0,0.816612119252579,0.7952942608287998,0.0,1.0,0.18338788074742102,0.20470573917120016,0.20744166038657297,36.6775761494842,0.18338788074742102,0.06224641425342694,0.03881258908975723,0.037753585746573066,0.061187410910242754,0.06642429229547187,0.19415689667728386,0.21655301493638207,0.22433832051923944,0.924314284328044,0.967470626090565,,0.9622464142534269,0.0,0.0,0.0,0.6273150982214769,0.8622351973385628,0.3362961056436947,0.06844800113892084,0.036388796134828295,3.155571721071084,64.255,11.86,64.52,250.0,250.0,250.0,0.0,0.0,550.0,277.0,277.0,1.0,0.0,,103.64888985089945,125.92149358974356,134.5190546511894,131.050583028192,3.155571721071084,2.9064346322059578,2.9000926045729685,0.04404797336062184,31896786.126467437,30634411.93292371,0.031338079205306436,4.4469037473736694,0.6461333390874858,0.6002594408936587,0.0,0.17530954005950464,0.18826215343121339,62.834911670824404,0.23222006860849945,,,,,,,,,,,,,,,,,,,,,,,,,,,,,,,,,,,,,,,,,,,,,,,,,,,,,,,,,,,,,,,,,
latency_critical,congestion_burst,Intent-PPO-CMDP-FullPolicy-NoShield,Intent-PPO-CMDP,14,1103526060,1905340783,1823775964,fd2a9bdca11bd34bca64,stochastic,150,300,250,1,500,1,800,1,150-step training / 300-step arrival window + >= 250-step no-arrival drain adaptively extended to cohort maturity (cap 500),483994200,1,319.06714920001104,latency_critical,200,0.0,0.6060020228088114,0.5607976330264769,0.0,1.0,0.6429184657058592,0.7383904074058989,0.7586858601412846,128.58369314117184,0.6429184657058592,-0.4213337215371201,-0.48351449275362324,0.5213337215371202,0.5835144927536232,0.6009202206373458,0.2107935809981474,0.2418539358532725,0.24822339785275563,0.906159093362859,0.9479080489842243,,0.47866627846287996,0.0,0.0,0.0,0.4035704408269696,0.8728484199174875,0.12764784823314898,0.03999284907620316,0.4687817109398814,2.061474498496707,14.35,6.33,24.455,250.0,250.0,250.0,0.0,0.0,550.0,277.0,277.0,1.0,0.0,,59.876819676259835,78.01494949494948,82.56123575565104,81.7649943162908,2.061474498496707,1.7593717759795349,1.7533017216845344,0.07956553781728617,29248696.34252053,27605631.008489072,0.03418052456278401,1.4614455525314847,0.5577309480690953,0.4636985325964159,0.004689220745819142,0.11452636102759482,0.13146699916735818,-8.259555854337382,1.6661310399695728,,,,,,,,,,,,,,,,,,,,,,,,,,,,,,,,,,,,,,,,,,,,,,,,,,,,,,,,,,,,,,,,,
latency_critical,congestion_burst,MaxWeight,MaxWeight,15,1481178426,1997781942,690194795,,stochastic,150,300,250,1,500,1,800,1,150-step training / 300-step arrival window + >= 250-step no-arrival drain adaptively extended to cohort maturity (cap 500),1953385204,0,5.67000824958086e-05,latency_critical,200,0.015,0.804254616315577,0.7526814314559,0.125,0.985,0.1957453836844229,0.24731856854410003,0.2515337172228976,39.14907673688458,0.19872627785220603,0.1,0.1,0.0,0.0,0.0,0.1339396358007531,0.1698556053570949,0.18143517294304762,0.9014630594476408,0.9758511242552126,,0.8788999283409418,0.12110007165905824,0.0,0.12110007165905824,0.5236885299770434,0.7956311345928881,0.47631147002295665,0.10747206673553517,0.0,2.634375761567955,66.715,19.915,66.715,250.0,256.135,297.0,6.135,47.0,556.135,298.0,298.0,1.0,0.0,,125.25705536765366,151.49907407407406,157.61697402946913,155.5142291503619,2.634375761567955,2.3280780172659146,2.3121208221211598,0.11310413759101341,19916663.395022646,18282309.385640044,0.05038428954388868,7.931881635525176,0.6010653466342306,0.5280870493103209,0.0,0.14635420897599746,0.17935029010234183,-123.312817651905,0.5806665204033444,,,,,,,,,,,,,,,,,,,,,,,,,,,,,,,,,,,,,,,,,,,,,,,,,,,,,,,,,,,,,,,,,
latency_critical,congestion_burst,PPO,PPO,15,1481178426,1997781942,1596015111,461e22a59e6f436fac36,stochastic,150,300,250,1,500,1,800,1,150-step training / 300-step arrival window + >= 250-step no-arrival drain adaptively extended to cohort maturity (cap 500),1953385204,1,258.87767640000675,latency_critical,200,0.0,0.8526721542817411,0.827899310758166,0.015,1.0,0.14732784571825883,0.172100689241834,0.18111628568530141,29.465569143651766,0.14732784571825883,0.09951315639388245,0.09481176276044538,0.00048684360611755067,0.005188237239554623,0.006242221870497237,0.1571212032014087,0.1847160708991762,0.1916008077186711,0.86140324250261,0.92148140709141,,0.9995131563938824,0.0,0.0,0.0,0.6947608775847276,0.7993463577384975,0.30497154717576774,0.07732889156498994,0.00026757523950456347,3.3201708247432715,57.805,11.76,57.845,250.0,250.0,250.0,0.0,0.0,550.0,298.0,298.0,1.0,0.0,,92.21123126145125,110.31240273338476,122.23380714285713,119.98304747273639,3.3201708247432715,3.0859274681776534,3.059011583060948,0.044991944325336174,32999988.931402244,31948839.44997775,0.03030680560010185,3.7998274411502484,0.6806841209049906,0.6362069136455684,0.0,0.18445393470795948,0.19772729175579132,89.53984988626021,0.15289090803013086,,,,,,,,,,,,,,,,,,,,,,,,,,,,,,,,,,,,,,,,,,,,,,,,,,,,,,,,,,,,,,,,,
latency_critical,congestion_burst,PPO-Lagrangian,PPO-Lagrangian,15,1481178426,1997781942,1596015111,c54dc7a9b9a68be549b7,stochastic,150,300,250,1,500,1,800,1,150-step training / 300-step arrival window + >= 250-step no-arrival drain adaptively extended to cohort maturity (cap 500),1953385204,1,254.7300168000511,latency_critical,200,0.0,0.8262608567479038,0.7873339632479885,0.0,1.0,0.1737391432520961,0.21266603675201148,0.21787255429130803,34.74782865041922,0.1737391432520961,0.09831475808359227,0.0940403600464576,0.001685241916407737,0.00595963995354239,0.010321015432802394,0.11104618326224429,0.15926999814096293,0.17202432178030086,0.8532131888998177,0.913506995852237,,0.9801412673398332,0.01817349074375919,0.0,0.01817349074375919,0.5355267631850738,0.8040450531399204,0.46418003229459837,0.05915703116358505,0.0002932045203278686,2.509920873079188,83.805,9.285,84.06,250.0,250.0,250.0,0.0,0.0,550.0,298.0,298.0,1.0,0.0,,142.54323820030638,166.92701712611043,172.73022848574186,170.41593716817835,2.509920873079188,2.225712765098187,2.1885375562604787,0.07690824174388268,35143111.17502171,32634395.970341384,0.028455531739892317,5.420220402856143,0.6789139561391256,0.6294254307144806,0.0,0.1394400485043993,0.15823294054133674,26.608066106787238,1.1779922561009448,,,,,,,,,,,,,,,,,,,,,,,,,,,,,,,,,,,,,,,,,,,,,,,,,,,,,,,,,,,,,,,,,
latency_critical,congestion_burst,PPO_CMDP,PPO_CMDP,15,1481178426,1997781942,1596015111,fc83225982e20e56ecdd,stochastic,150,300,250,1,500,1,800,1,150-step training / 300-step arrival window + >= 250-step no-arrival drain adaptively extended to cohort maturity (cap 500),1953385204,1,273.55554740002844,latency_critical,200,0.0,0.8437502425852376,0.8219966548174461,0.0,1.0,0.15624975741476255,0.17800334518255384,0.18488320620891935,31.249951482952508,0.15624975741476255,0.09930391679123343,0.09459312573443009,0.0006960832087665875,0.0054068742655699175,0.006313006570457575,0.14255881471320606,0.16641810570381999,0.17370056115929958,0.8705975185871617,0.921821159329036,,0.9993039167912334,0.0,0.0,0.0,0.6398527490604612,0.8078579263446113,0.35961652327384264,0.07347692668409783,0.0005307276656961453,3.03477557452523,67.785,11.81,67.815,250.0,250.0,250.0,0.0,0.0,550.0,298.0,298.0,1.0,0.0,,109.94462391524695,128.25375307125304,139.7591023932889,134.68018392395413,3.03477557452523,2.714700934155965,2.6868834821179313,0.06378114910920203,34494033.49864564,33372300.236630082,0.02899658954092616,4.311838407083313,0.6813067463786295,0.6319803431408271,0.0,0.1685986430291794,0.18634965131112863,77.76344229002531,0.20036091671153788,,,,,,,,,,,,,,,,,,,,,,,,,,,,,,,,,,,,,,,,,,,,,,,,,,,,,,,,,,,,,,,,,
latency_critical,congestion_burst,Intent-PPO-CMDP-NoRisk,Intent-PPO-CMDP-NoRisk,15,1481178426,1997781942,1596015111,8c806f3e428ad93e5ba2,stochastic,150,300,250,1,500,1,800,1,150-step training / 300-step arrival window + >= 250-step no-arrival drain adaptively extended to cohort maturity (cap 500),1953385204,1,275.68097020004643,latency_critical,200,0.0,0.8113779893015631,0.7764078312783977,0.0,1.0,0.18862201069843693,0.22359216872160242,0.2289870005729505,37.724402139687385,0.18862201069843693,0.0994403252803427,0.0948426761168385,0.0005596747196573049,0.005157323883161511,0.006688697356255861,0.1298778015147458,0.17095717623399284,0.1841719354790764,0.8666179588564712,0.9185761120413363,,0.9547802691243363,0.044660056156006364,0.0,0.044660056156006364,0.5087435870884146,0.8115947430225754,0.4911506414553189,0.06337875133034686,0.00010577145626650578,2.3939012432599616,84.155,10.4,84.24,250.0,250.0,250.0,0.0,0.0,550.0,298.0,298.0,1.0,0.0,,150.53989805089182,168.84328434179548,174.85661778398512,172.66941063838374,2.3939012432599616,2.178869380530634,2.1275696442170178,0.07224993891286245,34739504.20646386,32708686.496871956,0.0287812484347667,5.664483284728538,0.6750196417125999,0.6229338216289939,0.0,0.1329945135144423,0.15119410395280358,-0.6370399225229926,45.13443686198176,,,,,,,,,,,,,,,,,,,,,,,,,,,,,,,,,,,,,,,,,,,,,,,,,,,,,,,,,,,,,,,,,
latency_critical,congestion_burst,Intent-PPO-CMDP,Intent-PPO-CMDP,15,1481178426,1997781942,1596015111,618554fca77aa7604c32,stochastic,150,300,250,1,500,1,800,1,150-step training / 300-step arrival window + >= 250-step no-arrival drain adaptively extended to cohort maturity (cap 500),1953385204,1,332.33217309997417,latency_critical,200,0.0,0.8309732309038776,0.7990694544524316,0.0,1.0,0.16902676909612235,0.20093054554756853,0.21066975941964872,33.80535381922447,0.16902676909612235,0.0966979730008714,0.08875113005295106,0.0033020269991286015,0.011248869947048943,0.01600075038514183,0.10678205866560614,0.15643398506151135,0.1751782145611404,0.8544354023806565,0.907347068492642,,0.9910688747710946,0.005629098229776868,0.0,0.005629098229776868,0.5532477890411672,0.8038697005946577,0.4434766389861592,0.06097203040424002,0.0032755719726735755,2.596360721095436,82.41,9.525,82.415,250.0,250.0,250.0,0.0,0.0,550.0,298.0,298.0,1.0,0.0,,136.17435766452962,158.09570066823898,171.79414787258776,165.9929079432166,2.596360721095436,2.2581305095050164,2.2391362169521005,0.07921765982423144,35308333.88485945,33010145.73530355,0.028332412276291772,5.198900974143372,0.678601269938799,0.6367624479281407,0.0,0.1442422622830798,0.1622484480112847,38.554792064449714,0.7879261306275189,,,,,,,,,,,,,,,,,,,,,,,,,,,,,,,,,,,,,,,,,,,,,,,,,,,,,,,,,,,,,,,,,
latency_critical,congestion_burst,Intent-PPO-CMDP-FullPolicy-NoShield,Intent-PPO-CMDP,15,1481178426,1997781942,1596015111,618554fca77aa7604c32,stochastic,150,300,250,1,500,1,800,1,150-step training / 300-step arrival window + >= 250-step no-arrival drain adaptively extended to cohort maturity (cap 500),1953385204,1,332.33217309997417,latency_critical,200,0.0,0.8264899802509624,0.7918734992160098,0.0,1.0,0.1735100197490376,0.20812650078399028,0.22134848365701135,34.70200394980752,0.1735100197490376,0.036052586089384865,0.0075890856118332704,0.06394741391061513,0.09241091438816673,0.10229398525696123,0.10780057226834176,0.15181571257546694,0.16199442131838604,0.8557538818129448,0.9193023789111867,,0.9311193801211383,0.004933205968246631,0.0,0.004933205968246631,0.5359106481582414,0.8046461130362167,0.4294701842670943,0.06140393566236286,0.0346191675746643,2.538998779907853,74.36,9.605,79.93,250.0,250.0,250.0,0.0,0.0,550.0,298.0,298.0,1.0,0.0,,130.38004411281923,157.14899458731801,169.26518289402898,167.18549891737578,2.538998779907853,2.1803142620582587,2.1870539806439635,0.07945484508737939,35274906.79423114,33038923.214709986,0.02836285282900446,4.723986156550497,0.6792210326494623,0.6269043979759723,0.0,0.1410554877726585,0.157419869771594,32.74635277659435,1.0021616863078437,,,,,,,,,,,,,,,,,,,,,,,,,,,,,,,,,,,,,,,,,,,,,,,,,,,,,,,,,,,,,,,,,
latency_critical,mixed_stress,MaxWeight,MaxWeight,11,471540437,1073362871,2051675913,,stochastic,150,300,250,1,500,1,800,1,150-step training / 300-step arrival window + >= 250-step no-arrival drain adaptively extended to cohort maturity (cap 500),1815919587,0,3.3800024539232254e-05,latency_critical,200,0.0,0.6607399469537318,0.6300923025173956,0.0,1.0,0.3392600530462682,0.36990769748260444,0.376411163672168,67.85201060925364,0.3392600530462682,0.1,0.1,0.0,0.0,0.0,0.13407426807729064,0.15923782851720264,0.1678171288063172,0.9790107253870483,0.992449308272228,,0.5982800421561066,0.40171995784389336,0.0,0.40171995784389336,0.3068235971262879,0.9020395316323777,0.6931764028737122,0.07697119375467051,0.0,1.7778245039150717,62.16,16.495,62.16,250.0,250.03,252.0,0.03,2.0,550.03,252.0,252.0,1.0,0.0,,176.1885346472982,187.43703106433543,195.091147664965,192.16995156096917,1.7778245039150717,1.6094972681642816,1.6050164525673793,0.05768391581570113,19110588.329616223,18257956.807823945,0.05233301259708505,9.332434382295634,0.5110313222749189,0.46606911587703836,0.004985439177792227,0.09876802799528177,0.1090986856563403,-104.10854176945413,0.15771470066923074,,,,,,,,,,,,,,,,,,,,,,,,,,,,,,,,,,,,,,,,,,,,,,,,,,,,,,,,,,,,,,,,,
latency_critical,mixed_stress,PPO,PPO,11,471540437,1073362871,1897045420,b9c1e1a3273f0ff06c77,stochastic,150,300,250,1,500,1,800,1,150-step training / 300-step arrival window + >= 250-step no-arrival drain adaptively extended to cohort maturity (cap 500),1815919587,1,259.96485530002974,latency_critical,200,0.0,0.7846380912322632,0.7641770475938731,0.0,1.0,0.21536190876773692,0.23582295240612697,0.239259276587832,43.07238175354738,0.21536190876773692,0.0998252981401885,0.1,0.00017470185981150203,0.0,0.00017470185981150203,0.1749342314820909,0.19685320822544455,0.20388602268961925,0.9224337259459713,0.9631709784409974,,0.9713772008926866,0.02844809724750167,0.0,0.02844809724750167,0.45896851735257616,0.8735636019208222,0.5410080084690201,0.057432113719618844,2.347417840375587e-05,2.4681452256287866,109.015,10.43,109.045,250.0,250.0,250.0,0.0,0.0,550.0,252.0,252.0,1.0,0.0,,169.6552506417186,186.12126223903022,191.46696906354512,188.67936433119053,2.4681452256287866,2.2282314959783855,2.214574806821769,0.057569339098045486,32932336.80919146,32004732.908478625,0.030367844482158096,7.734239606827183,0.6455147614761964,0.6051438532745157,0.0,0.13711917920159922,0.14975533513307296,35.85943420247555,0.4165886075607875,,,,,,,,,,,,,,,,,,,,,,,,,,,,,,,,,,,,,,,,,,,,,,,,,,,,,,,,,,,,,,,,,
latency_critical,mixed_stress,PPO-Lagrangian,PPO-Lagrangian,11,471540437,1073362871,1897045420,97597eec01eed730a745,stochastic,150,300,250,1,500,1,800,1,150-step training / 300-step arrival window + >= 250-step no-arrival drain adaptively extended to cohort maturity (cap 500),1815919587,1,273.0232358999783,latency_critical,200,0.0,0.7400734028549601,0.7054763156154505,0.0,1.0,0.25992659714503996,0.2945236843845494,0.3099270218494777,51.98531942900799,0.25992659714503996,0.1,0.1,0.0,0.0,0.0,0.11519613795457545,0.16790044733950713,0.1750538940192801,0.9250017647672371,0.9584870329318639,,0.7259756776196435,0.27402432238035657,0.0,0.27402432238035657,0.3658805627044093,0.8779043329191265,0.6341194372955906,0.05492086344418261,0.0,1.971435971396023,77.09,10.115,77.09,250.0,250.0,250.0,0.0,0.0,550.0,252.0,252.0,1.0,0.0,,183.8618131965265,198.74187097503108,200.577894149589,200.2547179880227,1.971435971396023,1.7320430522442234,1.715758907580294,0.07237882211533417,34390473.79634276,32472966.38722885,0.029063063315389347,6.139708584714427,0.6393087615250248,0.5804702208096678,0.0,0.10952422063311237,0.1216710980432567,-24.56750660559835,0.9211026567540649,,,,,,,,,,,,,,,,,,,,,,,,,,,,,,,,,,,,,,,,,,,,,,,,,,,,,,,,,,,,,,,,,
latency_critical,mixed_stress,PPO_CMDP,PPO_CMDP,11,471540437,1073362871,1897045420,3e02143445d692cb208a,stochastic,150,300,250,1,500,1,800,1,150-step training / 300-step arrival window + >= 250-step no-arrival drain adaptively extended to cohort maturity (cap 500),1815919587,1,273.6423236000119,latency_critical,200,0.0,0.8012414803185004,0.7831200074983471,0.0,1.0,0.1987585196814996,0.21687999250165296,0.22611294950459976,39.75170393629992,0.1987585196814996,0.09714697220312438,0.08683015440508628,0.000325582839058774,0.004466296653796653,0.005215925465707323,0.24462168206568685,0.2631698455949137,0.26852348771356704,0.9293118421843922,0.9599895365429776,,0.9990195717956439,0.0006548453652972172,0.0,0.0006548453652972172,0.5149189132714781,0.8750108444571302,0.48484889423539484,0.0651354480685426,0.0002321924931270232,2.7996993209599044,103.915,11.635,103.935,250.0,250.0,250.0,0.0,0.0,550.0,252.0,252.0,1.0,0.0,,147.9991994611372,173.32193430392581,180.55165728077228,179.49472321538744,2.7996993209599044,2.5509376375883557,2.531311077429318,0.05488634152307717,30238024.235377334,29431500.29173383,0.033073916247362264,7.526919264518616,0.6427995318389352,0.5983183366959772,0.0,0.15553885116443913,0.17103076194995398,37.55053584966397,0.5573192659919977,,,,,,,,,,,,,,,,,,,,,,,,,,,,,,,,,,,,,,,,,,,,,,,,,,,,,,,,,,,,,,,,,
latency_critical,mixed_stress,Intent-PPO-CMDP-NoRisk,Intent-PPO-CMDP-NoRisk,11,471540437,1073362871,1897045420,7d2ee40999bb1a6afe16,stochastic,150,300,250,1,500,1,800,1,150-step training / 300-step arrival window + >= 250-step no-arrival drain adaptively extended to cohort maturity (cap 500),1815919587,1,275.69379829999525,latency_critical,200,0.0,0.7441049621011244,0.7050894225453266,0.0,1.0,0.25589503789887574,0.29491057745467353,0.3049634950728355,51.179007579775146,0.25589503789887574,0.09985549478404727,0.1,0.00014450521595272094,0.0,0.00014450521595272094,0.11488667798723455,0.161333914559721,0.16750940198879058,0.9220629800871262,0.9579929075745269,,0.7344290468877746,0.2654264478962728,0.0,0.2654264478962728,0.373076928076504,0.8766218247627315,0.6268028385522035,0.05262244646766673,0.00012023337129252673,1.988771417605533,77.075,9.73,77.08,250.0,250.0,250.0,0.0,0.0,550.0,252.0,252.0,1.0,0.0,,181.73777133483838,194.92647282657356,204.5367478327384,201.2981895243956,1.988771417605533,1.78620384042637,1.7822673092498023,0.06691362939406997,34451995.60482179,32817560.78352914,0.02901396944265838,6.09081237355194,0.643982102413692,0.5851715830115621,0.0,0.11048730097808517,0.1234622007803856,-21.827660827284927,1.0153116744555073,,,,,,,,,,,,,,,,,,,,,,,,,,,,,,,,,,,,,,,,,,,,,,,,,,,,,,,,,,,,,,,,,
latency_critical,mixed_stress,Intent-PPO-CMDP,Intent-PPO-CMDP,11,471540437,1073362871,1897045420,b12c9f3440d9c22ff923,stochastic,150,300,250,1,500,1,800,1,150-step training / 300-step arrival window + >= 250-step no-arrival drain adaptively extended to cohort maturity (cap 500),1815919587,1,319.3185737999738,latency_critical,200,0.0,0.7574339520926078,0.7317533737837928,0.0,1.0,0.24256604790739228,0.26824662621620726,0.2779672644695429,48.513209581478456,0.24256604790739228,0.08104500518712784,0.06313084112149533,0.01895499481287217,0.03686915887850466,0.04243619194836964,0.11824688831551562,0.15879878663162325,0.1722556692213082,0.9275132494118489,0.9688042253084147,,0.7963064302091181,0.18473857497800986,0.0,0.18473857497800986,0.3926206844420315,0.8854001370081142,0.5886128173944425,0.048740879122823814,0.018766498163525994,2.1165543197367445,86.045,9.035,86.085,250.0,250.0,250.0,0.0,0.0,550.0,252.0,252.0,1.0,0.0,,178.14186512814535,192.03108501314637,200.97952305194804,197.07398725247504,2.1165543197367445,1.8816019674597122,1.8680199211149655,0.0663864574376166,34389050.081273936,32626631.913023926,0.0290725653651732,6.521181218746789,0.6448374430989836,0.6000578854276373,0.0,0.1175863510964858,0.12979726773369965,5.756327986855369,3.260875470731177,,,,,,,,,,,,,,,,,,,,,,,,,,,,,,,,,,,,,,,,,,,,,,,,,,,,,,,,,,,,,,,,,
latency_critical,mixed_stress,Intent-PPO-CMDP-FullPolicy-NoShield,Intent-PPO-CMDP,11,471540437,1073362871,1897045420,b12c9f3440d9c22ff923,stochastic,150,300,250,1,500,1,800,1,150-step training / 300-step arrival window + >= 250-step no-arrival drain adaptively extended to cohort maturity (cap 500),1815919587,1,319.3185737999738,latency_critical,200,0.0,0.6365380005060212,0.5906313369160858,0.0,1.0,0.4154491046945267,0.5008204238801006,0.5264172913399209,83.08982093890535,0.4154491046945267,-0.16658582699863003,-0.23484266677736723,0.26658582699863004,0.33484266677736724,0.3576558604119847,0.14439757457254976,0.18805577479610625,0.2037781055059499,0.9235523227272764,0.9608180714479196,,0.6549109852130159,0.07850318778835398,0.0,0.07850318778835398,0.3357159535470639,0.8893603335372721,0.5226962723081471,0.04056926030591999,0.14158777414478899,1.8356155439082544,67.395,7.23,93.725,250.0,250.0,250.0,0.0,0.0,550.0,252.0,252.0,1.0,0.0,,163.32187449136404,180.15513874614592,188.24970806865792,185.54554396051657,1.8356155439082544,1.596230057863101,1.5723311493714074,0.08214127679603024,32974871.558371697,31200252.94786356,0.03030707687887679,5.194052115084003,0.6049176251765267,0.5373721475446939,1.7875693097499645e-05,0.10197864132823636,0.11597182734062529,-46.35092495654908,0.5434557700014396,,,,,,,,,,,,,,,,,,,,,,,,,,,,,,,,,,,,,,,,,,,,,,,,,,,,,,,,,,,,,,,,,
latency_critical,mixed_stress,MaxWeight,MaxWeight,12,1729653623,2128646545,19904408,,stochastic,150,300,250,1,500,1,800,1,150-step training / 300-step arrival window + >= 250-step no-arrival drain adaptively extended to cohort maturity (cap 500),1762585239,0,1.3600103557109833e-05,latency_critical,200,0.0,0.6871858873962862,0.6543747252085547,0.0,1.0,0.31281411260371383,0.34562527479144545,0.3532674830011783,62.56282252074277,0.31281411260371383,0.1,0.1,0.0,0.0,0.0,0.12244376603672741,0.14830151533229924,0.1594376857448613,0.9759884507497242,0.9942810718546408,,0.6414741116182583,0.3585258883817417,0.0,0.3585258883817417,0.3184518630240049,0.8943160559416813,0.681548136975995,0.0816723948080427,0.0,1.9415062892105777,67.4,17.1,67.4,250.0,251.83,278.0,1.83,28.0,551.83,278.0,278.0,1.0,0.0,,177.99861235646014,192.62683823529412,197.4450733568075,195.65146909896868,1.9415062892105777,1.7598324641822034,1.7478331720489213,0.05853408651605439,15951101.150235755,15141147.022067484,0.0626921076241725,12.679660245292771,0.5327228334949445,0.49488762978597417,0.0008579430498335033,0.10786146051169876,0.11808835372804989,-72.20993036033,0.260101128649818,,,,,,,,,,,,,,,,,,,,,,,,,,,,,,,,,,,,,,,,,,,,,,,,,,,,,,,,,,,,,,,,,
latency_critical,mixed_stress,PPO,PPO,12,1729653623,2128646545,1621075116,2fb07c1ee95b181950c4,stochastic,150,300,250,1,500,1,800,1,150-step training / 300-step arrival window + >= 250-step no-arrival drain adaptively extended to cohort maturity (cap 500),1762585239,1,284.739809300052,latency_critical,200,0.0,0.7852809337282158,0.7610674024573547,0.0,1.0,0.21471906627178405,0.23893259754264534,0.2448121290131265,42.94381325435681,0.21471906627178405,0.09972920927627715,0.0997716894977169,0.0002707907237228454,0.00022831050228302714,0.0054158144744569075,0.1277162006026305,0.16002125037188145,0.1733200738834618,0.9045348101931177,0.9481546067115552,,0.8375610082027026,0.1621682010735745,0.0,0.1621682010735745,0.42101159848310377,0.8626687048729133,0.5788194826856005,0.051773959922813015,0.00016891883129579796,2.3255432224745123,86.905,8.79,86.925,250.0,250.07,264.0,0.07,14.0,550.07,278.0,278.0,1.0,0.0,,171.32865684784446,186.12903571428572,189.58121345029238,188.36230220303474,2.3255432224745123,2.089611199050478,2.0811433532698955,0.06268572632187394,28915016.136669945,27454513.46177714,0.03457997771286159,8.066647187520184,0.6539174678088873,0.5981209288974535,0.0,0.12919684569302847,0.14323085570863664,25.181455180502915,0.8194680951611913,,,,,,,,,,,,,,,,,,,,,,,,,,,,,,,,,,,,,,,,,,,,,,,,,,,,,,,,,,,,,,,,,
latency_critical,mixed_stress,PPO-Lagrangian,PPO-Lagrangian,12,1729653623,2128646545,1621075116,5ff4062933b4dfa3978e,stochastic,150,300,250,1,500,1,800,1,150-step training / 300-step arrival window + >= 250-step no-arrival drain adaptively extended to cohort maturity (cap 500),1762585239,1,266.70855040004244,latency_critical,200,0.0,0.7520116827062128,0.726016232205394,0.0,1.0,0.24798831729378723,0.2739837677946061,0.28558736950716435,49.597663458757445,0.24798831729378723,0.09904712998228417,0.0949736054007411,0.0009528700177158414,0.00502639459925892,0.0064766307657715795,0.08398944775183116,0.11618183563748076,0.12840451395021385,0.9266233241513663,0.9639423435789775,,0.7628016103394564,0.23624551964282794,0.0,0.23624551964282794,0.3623869460674902,0.8787701875887483,0.637188356007553,0.0564331266402227,0.0004246979249567924,2.058597552242723,84.54,10.165,84.65,250.0,250.14,278.0,0.14,28.0,550.14,278.0,278.0,1.0,0.0,,192.3674932902708,204.06681818181815,208.10652132228867,206.3365324841308,2.058597552242723,1.8312889761035234,1.8073699605469957,0.06844399613167843,27991388.027114306,26974670.809004687,0.03573594634078337,8.768766908193033,0.6603990963353101,0.6130212664091366,0.0,0.11436653068015128,0.12696933901665292,-0.015063369978312036,1158.628424973677,,,,,,,,,,,,,,,,,,,,,,,,,,,,,,,,,,,,,,,,,,,,,,,,,,,,,,,,,,,,,,,,,
latency_critical,mixed_stress,PPO_CMDP,PPO_CMDP,12,1729653623,2128646545,1621075116,c2c338dd9800f45e9834,stochastic,150,300,250,1,500,1,800,1,150-step training / 300-step arrival window + >= 250-step no-arrival drain adaptively extended to cohort maturity (cap 500),1762585239,1,270.83158040000126,latency_critical,200,0.0,0.8141097473455718,0.7970287088391522,0.0,1.0,0.18589025265442827,0.20297129116084786,0.208949028947006,37.178050530885656,0.18589025265442827,0.09524040434820832,0.07772002126453303,2.4271844660194173e-05,0.0,2.4271844660194173e-05,0.24990231482109299,0.27227997873546694,0.27778368234508033,0.9227468548904924,0.9585425412677877,,0.9992783535913312,0.000697374564008639,0.0,0.000697374564008639,0.5244570891124457,0.8695099708569406,0.47554291088755435,0.06482952378086992,0.0,2.979002745637306,99.6,11.16,99.605,250.0,250.015,253.0,0.015,3.0,550.015,278.0,278.0,1.0,0.0,,143.11145002716842,167.02988265485627,175.84115599090174,172.16130705186885,2.979002745637306,2.7471409395918087,2.7243538999913097,0.047381439409698765,24578263.6639434,23922577.331453715,0.040686563657738366,9.364666235994596,0.6336687467148268,0.5869493235999039,0.0,0.1655001525354059,0.17752940247739346,53.54325471812136,0.3698696204619666,,,,,,,,,,,,,,,,,,,,,,,,,,,,,,,,,,,,,,,,,,,,,,,,,,,,,,,,,,,,,,,,,
latency_critical,mixed_stress,Intent-PPO-CMDP-NoRisk,Intent-PPO-CMDP-NoRisk,12,1729653623,2128646545,1621075116,53b75815fc19ab3c700d,stochastic,150,300,250,1,500,1,800,1,150-step training / 300-step arrival window + >= 250-step no-arrival drain adaptively extended to cohort maturity (cap 500),1762585239,1,267.30905749998055,latency_critical,200,0.0,0.7827716500190723,0.7643030100884532,0.0,1.0,0.21722834998092758,0.2356969899115468,0.24286292863275755,43.445669996185515,0.21722834998092758,0.09989797203364432,0.1,0.00010202796635568265,0.0,0.00010202796635568265,0.14693828814756882,0.17697356335915254,0.18618124815808482,0.9145350539830265,0.9531705640355165,,0.8825476979141476,0.11735027411949674,0.0,0.11735027411949674,0.4251275471198725,0.8719198063736681,0.5747988340046808,0.05240322512700226,7.361887544659172e-05,2.3684865134833784,95.36,8.97,95.365,250.0,250.0,250.0,0.0,0.0,550.0,278.0,278.0,1.0,0.0,,176.47770283105413,193.4202429206778,199.9031502388189,197.32664542424757,2.3684865134833784,2.0933094502531526,2.081588596891301,0.06882288693495471,28363311.763976075,27195499.402745083,0.0352547677582555,8.943519612362149,0.6535343881169707,0.6084032753769968,0.0,0.1315825840824099,0.1467586175068766,28.872073000892975,0.6033310688774493,,,,,,,,,,,,,,,,,,,,,,,,,,,,,,,,,,,,,,,,,,,,,,,,,,,,,,,,,,,,,,,,,
latency_critical,mixed_stress,Intent-PPO-CMDP,Intent-PPO-CMDP,12,1729653623,2128646545,1621075116,fc604e43c5d11a5118bd,stochastic,150,300,250,1,500,1,800,1,150-step training / 300-step arrival window + >= 250-step no-arrival drain adaptively extended to cohort maturity (cap 500),1762585239,1,320.63457950000884,latency_critical,200,0.0,0.8172275428335621,0.7984729273069473,0.0,1.0,0.18277245716643784,0.20152707269305276,0.2097003728290837,36.554491433287566,0.18277245716643784,0.06301569021002928,0.04395719000420915,0.009282305690961489,0.021285727330837362,0.024505200904125647,0.28686469240429974,0.3060428099957908,0.3083925830001332,0.9216478094083703,0.9631239147628152,,0.9880489370602532,0.0026687572487852527,0.0,0.0026687572487852527,0.5372816388440755,0.8650439576943535,0.4544736908897296,0.06748551515688707,0.00824467026619498,3.070247932159358,94.465,11.84,94.68,250.0,250.0,250.0,0.0,0.0,550.0,278.0,278.0,1.0,0.0,,134.9350729169871,158.97453570934118,165.41343868520858,163.44923541452334,3.070247932159358,2.8751493523040628,2.834485341088752,0.04469569953884338,22256358.632155243,21530245.956141543,0.04491910994636809,9.671145787829502,0.6288250139809213,0.5873372220201735,0.0,0.1705693295644088,0.18287603927251952,19.09666805739153,1.191476604475921,,,,,,,,,,,,,,,,,,,,,,,,,,,,,,,,,,,,,,,,,,,,,,,,,,,,,,,,,,,,,,,,,
latency_critical,mixed_stress,Intent-PPO-CMDP-FullPolicy-NoShield,Intent-PPO-CMDP,12,1729653623,2128646545,1621075116,fc604e43c5d11a5118bd,stochastic,150,300,250,1,500,1,800,1,150-step training / 300-step arrival window + >= 250-step no-arrival drain adaptively extended to cohort maturity (cap 500),1762585239,1,320.63457950000884,latency_critical,200,0.0,0.8071500029777396,0.7764565150316849,0.0,1.0,0.19284999702226038,0.22354348496831505,0.23801566223149612,38.569999404452076,0.19284999702226038,0.0003242127291527174,-0.03504611650485437,0.09967578727084728,0.13504611650485437,0.144922253401442,0.28702198602445345,0.30673959238867965,0.3130069411674762,0.9223904909338101,0.9570949485820164,,0.9002801290672957,4.408366185695144e-05,0.0,4.408366185695144e-05,0.5066696017828666,0.8673761105430073,0.42901188671288315,0.0656032264203942,0.06431851150425028,2.9644398560377914,83.665,11.655,91.18,250.0,250.0,250.0,0.0,0.0,550.0,278.0,278.0,1.0,0.0,,127.53801618496269,153.45107766259082,162.09994531534812,159.10013892520578,2.9644398560377914,2.7400593477134034,2.7235513273004575,0.04943812099298454,22235080.139005862,21497893.321347352,0.04496550929837181,8.55883586366984,0.6228711546738771,0.5791590448356514,0.0,0.16469110311321064,0.17887895425310907,14.281294177276445,1.6640101912656193,,,,,,,,,,,,,,,,,,,,,,,,,,,,,,,,,,,,,,,,,,,,,,,,,,,,,,,,,,,,,,,,,
latency_critical,mixed_stress,MaxWeight,MaxWeight,13,1025721121,372372750,1474210622,,stochastic,150,300,250,1,500,1,800,1,150-step training / 300-step arrival window + >= 250-step no-arrival drain adaptively extended to cohort maturity (cap 500),602361182,0,1.209997572004795e-05,latency_critical,200,0.0,0.7048375179765093,0.674799861521535,0.0,1.0,0.29516248202349077,0.3252001384784649,0.33667474213704435,59.03249640469815,0.29516248202349077,0.1,0.1,0.0,0.0,0.0,0.12967369501917334,0.15711657719363198,0.1657704949050555,0.9708956510718316,0.9891465226847072,,0.684599228880108,0.3154007711198919,0.0,0.3154007711198919,0.33676145836939514,0.8841923296391784,0.6632385416306047,0.08670332143265327,0.0,1.9781280462873472,71.555,17.885,71.555,250.0,261.3,325.0,11.3,75.0,561.3,326.0,326.0,1.0,0.0,,174.5288845284382,193.34772727272727,201.54955279503105,199.16372474307292,1.9781280462873472,1.7864577231326562,1.7780973391812132,0.062304274570293895,17891412.524756897,17124545.767224558,0.05589548978827463,11.417733138622639,0.5289272050595746,0.49053553641008885,0.0011982770123954308,0.10989600257151927,0.12113947330377062,-84.60518872113367,0.3605398129040193,,,,,,,,,,,,,,,,,,,,,,,,,,,,,,,,,,,,,,,,,,,,,,,,,,,,,,,,,,,,,,,,,
latency_critical,mixed_stress,PPO,PPO,13,1025721121,372372750,535536204,3cabdc2e2c3a75659a16,stochastic,150,300,250,1,500,1,800,1,150-step training / 300-step arrival window + >= 250-step no-arrival drain adaptively extended to cohort maturity (cap 500),602361182,1,262.1022107999888,latency_critical,200,0.0,0.8162144070589342,0.7918687375676232,0.0,1.0,0.18378559294106583,0.2081312624323768,0.21531282830024337,36.75711858821317,0.18378559294106583,0.022287944160333,0.0013075539884379484,0.0006169032030458405,0.005103349031920459,0.007617515137982639,0.32771205583966695,0.348692446011562,0.35273610183121423,0.9010236729891044,0.9435700518111874,,0.995186493286011,0.004196603510943187,0.0,0.004196603510943187,0.5279358763875853,0.8626943267718938,0.4719489548274035,0.049792393171550334,0.00011516878501122708,2.7811827657939614,97.185,7.965,97.285,250.0,250.0,250.0,0.0,0.0,550.0,326.0,326.0,1.0,0.0,,140.78261429428738,164.4580959594953,173.22423777292576,169.93528920344733,2.7811827657939614,2.5438556617465373,2.5282609964647955,0.050518097733743154,23081525.54819834,22197942.73113126,0.043324628419557074,9.445554143379002,0.638385746680196,0.5971268631227893,0.0,0.15451015365522008,0.16772398984134101,-35.73675421570933,0.7732845783212856,,,,,,,,,,,,,,,,,,,,,,,,,,,,,,,,,,,,,,,,,,,,,,,,,,,,,,,,,,,,,,,,,
latency_critical,mixed_stress,PPO-Lagrangian,PPO-Lagrangian,13,1025721121,372372750,535536204,454f28c68eb87e33907f,stochastic,150,300,250,1,500,1,800,1,150-step training / 300-step arrival window + >= 250-step no-arrival drain adaptively extended to cohort maturity (cap 500),602361182,1,254.03850810002768,latency_critical,200,0.0,0.7984414563806282,0.7772621305182877,0.0,1.0,0.20155854361937173,0.22273786948171223,0.22579319759722988,40.31170872387435,0.20155854361937173,0.09972862064926687,0.09977678571428572,0.0002713793507331402,0.00022321428571420957,0.005427587014662805,0.19770432666062182,0.22300183961464912,0.2289771890050508,0.9238654174068234,0.9624256310523261,,0.9772868186799587,0.022441801969308103,0.0,0.022441801969308103,0.49684176570753436,0.8729216883803794,0.5031336037505938,0.06171732038012971,2.4630541871921184e-05,2.7002967889284544,99.415,10.58,99.465,250.0,250.0,250.0,0.0,0.0,550.0,326.0,326.0,1.0,0.0,,156.11027952176707,177.31567206592783,181.1023621668851,180.07516043050933,2.7002967889284544,2.440611172397016,2.428940629759934,0.05606859196502906,28581858.712289657,27461378.985114016,0.03497874243014126,8.307463030371894,0.6420740210560577,0.6021990646677134,0.0,0.150016488273803,0.16323694691617174,38.38921566375012,0.5074118329254349,,,,,,,,,,,,,,,,,,,,,,,,,,,,,,,,,,,,,,,,,,,,,,,,,,,,,,,,,,,,,,,,,
latency_critical,mixed_stress,PPO_CMDP,PPO_CMDP,13,1025721121,372372750,535536204,a070e26e29e031606ad8,stochastic,150,300,250,1,500,1,800,1,150-step training / 300-step arrival window + >= 250-step no-arrival drain adaptively extended to cohort maturity (cap 500),602361182,1,277.9400926999515,latency_critical,200,0.0,0.8049455548971991,0.7841877691516977,0.0,1.0,0.1950544451028008,0.2158122308483023,0.21964455750958356,39.01088902056016,0.1950544451028008,0.09979978078404343,0.1,0.0002002192159565475,0.0,0.0002002192159565475,0.16165576186040545,0.19748571340788987,0.20385403275000535,0.9053988575542633,0.945504206469851,,0.9363311491013391,0.06346863168270431,0.0,0.06346863168270431,0.48764405799342697,0.8587536928879573,0.5123076317003743,0.0570117133789593,4.8310306198655715e-05,2.637130822193705,92.895,9.675,92.925,250.0,250.015,253.0,0.015,3.0,550.015,326.0,326.0,1.0,0.0,,155.44952017130112,171.85080351728317,179.58864254130157,176.44482500486527,2.637130822193705,2.4109659955929623,2.390091076274459,0.05460158415733027,31298841.619003892,30012962.3781789,0.031942753423277785,7.303348236229037,0.6473507297752519,0.6020695092501507,0.0,0.14650726789965027,0.15892196753924684,44.65319251577258,0.3603255508174327,,,,,,,,,,,,,,,,,,,,,,,,,,,,,,,,,,,,,,,,,,,,,,,,,,,,,,,,,,,,,,,,,
latency_critical,mixed_stress,Intent-PPO-CMDP-NoRisk,Intent-PPO-CMDP-NoRisk,13,1025721121,372372750,535536204,4606dec7f3efe1c94a9c,stochastic,150,300,250,1,500,1,800,1,150-step training / 300-step arrival window + >= 250-step no-arrival drain adaptively extended to cohort maturity (cap 500),602361182,1,283.62103929999284,latency_critical,200,0.0,0.8262714006900791,0.8088679343121886,0.0,1.0,0.17372859930992085,0.19113206568781144,0.194625719820751,34.74571986198417,0.17372859930992085,0.05245985380945454,0.03448375524915415,0.00010260356301555485,0.0,0.00010260356301555485,0.2975401461905454,0.31551624475084583,0.3198362310715017,0.908063925791474,0.9454606526818331,,0.9998973964369844,0.0,0.0,0.0,0.5968380340650882,0.8558979722072177,0.4030866847762678,0.06416915222742821,7.528115864397015e-05,3.2661266685889894,83.955,10.82,83.96,250.0,250.0,250.0,0.0,0.0,550.0,326.0,326.0,1.0,0.0,,115.39173359407403,136.3548578842556,141.2700080145024,140.2419473509884,3.2661266685889894,3.015367836144075,2.996224319434265,0.04519626354568175,24914537.624117192,24129636.418757513,0.04012976373686099,7.221704479440907,0.6383001872109441,0.5992635035080782,0.0,0.1814514815882772,0.19487266543123305,42.17459809288579,0.4071193659429521,,,,,,,,,,,,,,,,,,,,,,,,,,,,,,,,,,,,,,,,,,,,,,,,,,,,,,,,,,,,,,,,,
latency_critical,mixed_stress,Intent-PPO-CMDP,Intent-PPO-CMDP,13,1025721121,372372750,535536204,09d0d30da2ff448dad2f,stochastic,150,300,250,1,500,1,800,1,150-step training / 300-step arrival window + >= 250-step no-arrival drain adaptively extended to cohort maturity (cap 500),602361182,1,309.3859143999871,latency_critical,200,0.0,0.8104650287895327,0.7951059894721867,0.0,1.0,0.18953497121046733,0.20489401052781336,0.20904806504710116,37.90699424209347,0.18953497121046733,0.05214357500658227,0.03410188541275078,0.03044924664627735,0.04981032039855568,0.05539953786829434,0.2959846679695784,0.31589811458724915,0.32262273028966837,0.9358303290682756,0.9678236538097993,,0.9695507533537228,0.0,0.0,0.0,0.5812818744114977,0.8867486074134541,0.38873267687753327,0.052842478580977126,0.029985448710968973,3.209159216092753,80.48,10.155,80.58,250.0,250.0,250.0,0.0,0.0,550.0,326.0,326.0,1.0,0.0,,114.80469276961256,136.47203667657004,145.1727584331851,141.21231094037893,3.209159216092753,3.011762577226377,2.959096486549926,0.046948313997825473,24980693.730925508,24057002.812785927,0.04002185150566135,7.0283236134217315,0.6190358229399524,0.5761666466715142,0.0,0.17828662311626406,0.1918990435368304,49.72412561684574,0.38757829250889037,,,,,,,,,,,,,,,,,,,,,,,,,,,,,,,,,,,,,,,,,,,,,,,,,,,,,,,,,,,,,,,,,
latency_critical,mixed_stress,Intent-PPO-CMDP-FullPolicy-NoShield,Intent-PPO-CMDP,13,1025721121,372372750,535536204,09d0d30da2ff448dad2f,stochastic,150,300,250,1,500,1,800,1,150-step training / 300-step arrival window + >= 250-step no-arrival drain adaptively extended to cohort maturity (cap 500),602361182,1,309.3859143999871,latency_critical,200,0.0,0.6596230798529935,0.60582415754511,0.0,1.0,0.4680994527353894,0.5941673228732958,0.6237190133969657,93.61989054707787,0.4680994527353894,-0.26487817843227596,-0.3663554351542569,0.36487817843227605,0.4663554351542568,0.49096331031262314,0.3113719663427296,0.3389694925724494,0.34770201281723534,0.9365760171518125,0.9756201207427209,,0.635121821567724,0.0,0.0,0.0,0.4199778019519421,0.9029629800439247,0.2731339920176251,0.03801360770596606,0.3068882060304329,2.4127503353276567,44.835,6.98,56.945,250.0,250.0,250.0,0.0,0.0,550.0,326.0,326.0,1.0,0.0,,93.05751735568163,113.7854062722737,120.38074473297402,117.97303755104542,2.4127503353276567,2.035034870739638,2.0283599130955148,0.0928152230516422,23817403.479101364,22649105.203217063,0.041933556488216304,4.1126660126065735,0.5326577499268492,0.4721373146314803,0.0045235060216535046,0.13404168529598093,0.1552828790206208,6.244778885132464,3.238714144796088,,,,,,,,,,,,,,,,,,,,,,,,,,,,,,,,,,,,,,,,,,,,,,,,,,,,,,,,,,,,,,,,,
latency_critical,mixed_stress,MaxWeight,MaxWeight,14,1103526060,1905340783,72068080,,stochastic,150,300,250,1,500,1,800,1,150-step training / 300-step arrival window + >= 250-step no-arrival drain adaptively extended to cohort maturity (cap 500),1682226612,0,1.3800105080008507e-05,latency_critical,200,0.0,0.7115725902502493,0.6802501168620778,0.0,1.0,0.2884274097497508,0.31974988313792224,0.32524102536545546,57.68548194995016,0.2884274097497508,0.1,0.1,0.0,0.0,0.0,0.1308415784118132,0.15686443542934414,0.1607364653187414,0.9678905217661976,0.9865885627980195,,0.6868947133774868,0.3131052866225133,0.0,0.3131052866225133,0.3384654096328943,0.8832838580240218,0.6615345903671057,0.08460666374217578,0.0,2.045223245179298,73.725,17.97,73.725,250.0,254.75,277.0,4.75,27.0,554.75,277.0,277.0,1.0,0.0,,175.03889707813144,190.2229406130268,192.9749002849003,192.10070473077698,2.045223245179298,1.8355578406128652,1.8218664484922642,0.06937413717664268,21442603.475791585,20494009.180664707,0.0466417544161058,9.862460511339634,0.536248500359436,0.5066625751861109,0.0003469047317377902,0.1136235136210721,0.12508905749543034,-63.47231360995653,0.39600028961732453,,,,,,,,,,,,,,,,,,,,,,,,,,,,,,,,,,,,,,,,,,,,,,,,,,,,,,,,,,,,,,,,,
latency_critical,mixed_stress,PPO,PPO,14,1103526060,1905340783,1823775964,0a65909e93fb2c778ea0,stochastic,150,300,250,1,500,1,800,1,150-step training / 300-step arrival window + >= 250-step no-arrival drain adaptively extended to cohort maturity (cap 500),1682226612,1,272.0849051999976,latency_critical,200,0.0,0.8187235631945751,0.7968786373365618,0.0,1.0,0.18127643680542502,0.20312136266343814,0.20831054987901157,36.255287361085,0.18127643680542502,0.07772026782052963,0.0552744257459687,0.0011621562468653796,0.005050505050505051,0.006780552219103716,0.2720898937985081,0.2947255742540313,0.2981507434715077,0.8958931271489825,0.9359852309435001,,0.9934682624459481,0.005369581307186625,0.0,0.005369581307186625,0.5135070185212866,0.8538190308921146,0.4860237877487114,0.0524862486173569,0.00046919373000203475,2.77282183021487,101.165,8.885,101.31,250.0,250.0,250.0,0.0,0.0,550.0,277.0,277.0,1.0,0.0,,144.84777760182703,166.45973451327433,171.8311964374072,170.05768323598585,2.77282183021487,2.557540163844401,2.558687795517334,0.04674830857329017,26828647.225707818,25987037.841306474,0.03726839619084626,8.486390583791211,0.638338579478696,0.5936627012772792,0.0,0.15404565723415947,0.1666843291814911,11.84695501900605,1.9767871818364209,,,,,,,,,,,,,,,,,,,,,,,,,,,,,,,,,,,,,,,,,,,,,,,,,,,,,,,,,,,,,,,,,
latency_critical,mixed_stress,PPO-Lagrangian,PPO-Lagrangian,14,1103526060,1905340783,1823775964,337f5a10e02765106fee,stochastic,150,300,250,1,500,1,800,1,150-step training / 300-step arrival window + >= 250-step no-arrival drain adaptively extended to cohort maturity (cap 500),1682226612,1,284.58887489995686,latency_critical,200,0.0,0.806784085311557,0.7843035353287988,0.0,1.0,0.19321591468844318,0.21569646467120113,0.22007218777594764,38.643182937688636,0.19321591468844318,0.09981147724870398,0.1,0.00018852275129601593,0.0,0.00018852275129601593,0.15795009549504369,0.18955808907810706,0.19692462889996382,0.9002296394857777,0.9362333890716024,,0.9253387856758337,0.0744726915728703,0.0,0.0744726915728703,0.4721706239405337,0.8551949058978358,0.527737026486618,0.05660377886887806,9.234957284829409e-05,2.620190141455921,95.54,9.54,95.56,250.0,250.0,250.0,0.0,0.0,550.0,277.0,277.0,1.0,0.0,,159.47619249057797,176.65415202394897,181.09019702397353,179.2428024049836,2.620190141455921,2.3947116275202722,2.379345882742723,0.05096335968439679,35157242.88298133,33395635.902672827,0.028447054628512082,6.7503068417645915,0.6406158347838636,0.5955516354340064,0.0,0.1455661189697734,0.15693984919821077,50.38626567580693,0.29922890359667403,,,,,,,,,,,,,,,,,,,,,,,,,,,,,,,,,,,,,,,,,,,,,,,,,,,,,,,,,,,,,,,,,
latency_critical,mixed_stress,PPO_CMDP,PPO_CMDP,14,1103526060,1905340783,1823775964,dadb88684cb84768bf3a,stochastic,150,300,250,1,500,1,800,1,150-step training / 300-step arrival window + >= 250-step no-arrival drain adaptively extended to cohort maturity (cap 500),1682226612,1,264.74071779998485,latency_critical,200,0.0,0.8496847812317426,0.8285869904845488,0.015,1.0,0.15031521876825735,0.1714130095154513,0.17882663649749753,30.06304375365147,0.15031521876825735,0.04005027679638549,0.019451427502834632,0.0003658361159039611,0.0043908819133034365,0.004741015190543722,0.30994972320361447,0.33054857249716535,0.3361408884197496,0.8634435569474473,0.9059236531819103,,0.9995314471563793,0.00010271672771672772,0.0,0.00010271672771672772,0.565637740943147,0.8287791466111983,0.43431338250573437,0.04554298991042525,4.887655111870358e-05,3.0566260042445346,92.885,7.41,92.955,250.0,250.0,250.0,0.0,0.0,550.0,277.0,277.0,1.0,0.0,,123.0437546949038,144.07859328908552,154.39756907563026,150.46805422830184,3.0566260042445346,2.8320194228738886,2.8156984078882514,0.04409257540720398,27887193.572165165,27105124.760118723,0.035851261292770366,7.066591471791385,0.6382167523240372,0.5949427717586032,0.0,0.16981255579136303,0.18342226812389156,28.429172663082326,0.7794360039313698,,,,,,,,,,,,,,,,,,,,,,,,,,,,,,,,,,,,,,,,,,,,,,,,,,,,,,,,,,,,,,,,,
latency_critical,mixed_stress,Intent-PPO-CMDP-NoRisk,Intent-PPO-CMDP-NoRisk,14,1103526060,1905340783,1823775964,72924e27f6df7ecb428f,stochastic,150,300,250,1,500,1,800,1,150-step training / 300-step arrival window + >= 250-step no-arrival drain adaptively extended to cohort maturity (cap 500),1682226612,1,270.7660398000153,latency_critical,200,0.0,0.8460477349118082,0.8242849165477447,0.0,1.0,0.15395226508819174,0.1757150834522554,0.18072866779100663,30.79045301763835,0.15395226508819174,0.03951165180669756,0.02044333102033055,0.0005335124411793668,0.0046104383238666806,0.004947715006243428,0.3104883481933024,0.32955666897966945,0.33247175679962293,0.8710614010248874,0.9188830317366449,,0.9994464875588206,2e-05,0.0,2e-05,0.5697499724329479,0.8316348761081406,0.429947866056585,0.05078966374301052,0.00030216151046691387,3.0836662837313367,91.54,8.39,91.59,250.0,250.0,250.0,0.0,0.0,550.0,277.0,277.0,1.0,0.0,,121.88912524926607,143.2509504608295,148.6586382978723,148.31577100349995,3.0836662837313367,2.894571720367898,2.8678866634241396,0.043287445968446525,27560994.958908163,26740807.292591278,0.03627679506375872,7.036485935592032,0.6387659078881183,0.5977525103449934,0.0,0.1713147935406298,0.18268753142038952,29.93053866580698,0.6509888655615012,,,,,,,,,,,,,,,,,,,,,,,,,,,,,,,,,,,,,,,,,,,,,,,,,,,,,,,,,,,,,,,,,
latency_critical,mixed_stress,Intent-PPO-CMDP,Intent-PPO-CMDP,14,1103526060,1905340783,1823775964,fd2a9bdca11bd34bca64,stochastic,150,300,250,1,500,1,800,1,150-step training / 300-step arrival window + >= 250-step no-arrival drain adaptively extended to cohort maturity (cap 500),1682226612,1,319.06714920001104,latency_critical,200,0.0,0.7946386920517287,0.7760648485044764,0.0,1.0,0.20536130794827134,0.2239351514955236,0.22864595961321404,41.07226158965427,0.20536130794827134,0.0717472259532264,0.053087797619047625,0.02822083274704222,0.04691220238095237,0.05536638207418335,0.22705212717756518,0.25104807167545934,0.25694982086728324,0.9475360457989065,0.9774040085479377,,0.9709162732280815,0.0008628940248762653,0.0,0.0008628940248762653,0.5037251578029074,0.8937208585136384,0.4695380582016786,0.058392226092027516,0.026736783995414043,2.862203536486388,98.565,11.355,98.88,250.0,250.0,250.0,0.0,0.0,550.0,277.0,277.0,1.0,0.0,,145.20772141294708,166.51132108758821,171.71086987778577,169.67721536734444,2.862203536486388,2.6317848055865403,2.603877055423717,0.05117048354691756,31741042.258945316,30486143.115270462,0.031496587943562096,7.127710567476266,0.6232981616088878,0.5836869332076747,0.0,0.1590113075825771,0.17185972459875767,63.33176162969996,0.31083845661581955,,,,,,,,,,,,,,,,,,,,,,,,,,,,,,,,,,,,,,,,,,,,,,,,,,,,,,,,,,,,,,,,,
latency_critical,mixed_stress,Intent-PPO-CMDP-FullPolicy-NoShield,Intent-PPO-CMDP,14,1103526060,1905340783,1823775964,fd2a9bdca11bd34bca64,stochastic,150,300,250,1,500,1,800,1,150-step training / 300-step arrival window + >= 250-step no-arrival drain adaptively extended to cohort maturity (cap 500),1682226612,1,319.06714920001104,latency_critical,200,0.0,0.5619909255062822,0.5243778564214583,0.0,1.0,0.7129705659839041,0.7957650757319255,0.8167369270037952,142.59411319678082,0.7129705659839041,-0.454950289014604,-0.5096859169199596,0.554950289014604,0.6096859169199594,0.6286489855562765,0.26184004348269413,0.3017360027980225,0.3103687163809086,0.9420782621339262,0.9731414860342309,,0.4450497109853961,0.0,0.0,0.0,0.3116477979010145,0.9073263219807104,0.26914778841617865,0.039609929403483846,0.4192044136828069,1.8623879928297091,28.28,7.35,57.145,250.0,250.0,250.0,0.0,0.0,550.0,277.0,277.0,1.0,0.0,,90.29409710974713,112.0675544588155,115.83079147877467,115.56702761255276,1.8623879928297091,1.630956328222689,1.596463624918034,0.08230717106759079,29032102.870164566,27475367.73377247,0.03442275114436808,2.3940239376485017,0.5330816940255633,0.4468284316721919,0.008229841191145261,0.10346599960165051,0.11768063982670858,-29.34295450077908,0.6647633896400533,,,,,,,,,,,,,,,,,,,,,,,,,,,,,,,,,,,,,,,,,,,,,,,,,,,,,,,,,,,,,,,,,
latency_critical,mixed_stress,MaxWeight,MaxWeight,15,1481178426,1997781942,1256340035,,stochastic,150,300,250,1,500,1,800,1,150-step training / 300-step arrival window + >= 250-step no-arrival drain adaptively extended to cohort maturity (cap 500),1235393843,0,1.1499971151351929e-05,latency_critical,200,0.0,0.7799640321391391,0.7364638573707918,0.015,1.0,0.2200359678608609,0.2635361426292082,0.26933047308258695,44.007193572172184,0.2200359678608609,0.1,0.1,0.0,0.0,0.0,0.1537441472680514,0.18354434185514218,0.19076670044250943,0.9288564415415336,0.9755664129024754,,0.8242507167768145,0.17574928322318548,0.0,0.17574928322318548,0.4280343666033933,0.8422842437289242,0.5719656333966067,0.08670087926239106,0.0,2.4704141325998488,83.605,18.325,83.605,250.0,255.435,298.0,5.435,48.0,555.435,298.0,298.0,1.0,0.0,,150.91679171798415,172.10740302370354,177.64033918595368,176.44558231876368,2.4704141325998488,2.184671751273679,2.161296986290225,0.09551793311827365,20409736.577279236,19030012.546447676,0.04901223165434086,10.155375586367262,0.5648007534727689,0.5253946896996978,1.742958597008182e-05,0.1372452295888805,0.16570238645128707,-42.154357448719836,1.0954615747328214,,,,,,,,,,,,,,,,,,,,,,,,,,,,,,,,,,,,,,,,,,,,,,,,,,,,,,,,,,,,,,,,,
latency_critical,mixed_stress,PPO,PPO,15,1481178426,1997781942,1596015111,461e22a59e6f436fac36,stochastic,150,300,250,1,500,1,800,1,150-step training / 300-step arrival window + >= 250-step no-arrival drain adaptively extended to cohort maturity (cap 500),1235393843,1,258.87767640000675,latency_critical,200,0.0,0.8268898549531678,0.8094747008742559,0.0,1.0,0.17311014504683214,0.1905252991257441,0.19416259183062776,34.62202900936643,0.17311014504683214,0.09949530748009656,0.09529836020956658,0.000501359186570089,0.00470163979043342,0.005510600111430336,0.1955477526942979,0.22298928742276428,0.23197143448858792,0.90454501757761,0.9434496627116393,,0.9994986408134298,0.0,0.0,0.0,0.5708301890848801,0.8513795326318863,0.42893186233470987,0.06439299388075197,0.00023794858040998467,3.1145498897967685,89.97,11.15,90.025,250.0,250.0,250.0,0.0,0.0,550.0,298.0,298.0,1.0,0.0,,126.53379318907402,149.05894746593108,154.0002714481141,152.2948419480536,3.1145498897967685,2.8547201535178925,2.842221041632927,0.05161895682569013,32195482.716025725,31144354.773192685,0.031065271888621977,6.084556286791352,0.6426223078270684,0.5992158206789148,0.0,0.17303054943315374,0.18694890464743064,107.05534753541599,0.16846173930665606,,,,,,,,,,,,,,,,,,,,,,,,,,,,,,,,,,,,,,,,,,,,,,,,,,,,,,,,,,,,,,,,,
latency_critical,mixed_stress,PPO-Lagrangian,PPO-Lagrangian,15,1481178426,1997781942,1596015111,c54dc7a9b9a68be549b7,stochastic,150,300,250,1,500,1,800,1,150-step training / 300-step arrival window + >= 250-step no-arrival drain adaptively extended to cohort maturity (cap 500),1235393843,1,254.7300168000511,latency_critical,200,0.0,0.7936525702355243,0.7686518762024089,0.0,1.0,0.20634742976447573,0.23134812379759118,0.23841912470928417,41.269485952895145,0.20634742976447573,0.0991576059461006,0.09499874371859297,0.0008423940538994243,0.005001256281407035,0.008917729981934235,0.12472155998864576,0.16782669101746758,0.17652907844852486,0.8944675008746931,0.9380196443426151,,0.9177587052363791,0.08139890070972132,0.0,0.08139890070972132,0.4416065700257948,0.8517550734010715,0.5580334255801677,0.05155467298978755,0.00036000439403752855,2.3618623606612825,100.02,8.985,100.12,250.0,250.0,250.0,0.0,0.0,550.0,298.0,298.0,1.0,0.0,,169.40634167586538,185.24995519583754,190.2727260469543,188.6924630584711,2.3618623606612825,2.1073814627618424,2.0887432030700404,0.07693592236698713,35263481.77177105,33187963.936888486,0.028344162750675295,6.927628398877311,0.6483219972999325,0.5997130038578461,0.0,0.13121457559229344,0.14765328383504858,47.94232670516265,0.5703179408537469,,,,,,,,,,,,,,,,,,,,,,,,,,,,,,,,,,,,,,,,,,,,,,,,,,,,,,,,,,,,,,,,,
latency_critical,mixed_stress,PPO_CMDP,PPO_CMDP,15,1481178426,1997781942,1596015111,fc83225982e20e56ecdd,stochastic,150,300,250,1,500,1,800,1,150-step training / 300-step arrival window + >= 250-step no-arrival drain adaptively extended to cohort maturity (cap 500),1235393843,1,273.55554740002844,latency_critical,200,0.0,0.8178975156736044,0.7967087826358783,0.0,1.0,0.1821024843263956,0.20329121736412176,0.2111416871714485,36.42049686527912,0.1821024843263956,0.09928139271066311,0.09514444707553872,0.0007186072893368989,0.004855552924461283,0.005102729054163797,0.1754168042840199,0.20774267866695362,0.2141484701933996,0.9059307329322173,0.9404057373275174,,0.9991741587903143,0.00010723392034867816,0.0,0.00010723392034867816,0.5295250020550801,0.8543626196667792,0.47011067960051806,0.05980715475436368,0.0003643183444017926,2.8768683770224652,98.86,10.835,98.935,250.0,250.0,250.0,0.0,0.0,550.0,298.0,298.0,1.0,0.0,,140.7276661421004,161.809126984127,166.28409158878503,164.8847601457922,2.8768683770224652,2.5245527673832595,2.4740325321997547,0.0720870075679491,33598257.36779056,32595768.294828415,0.029768782668029355,6.499232626523541,0.6473117272360984,0.6082768414357045,0.0,0.1598260209456925,0.17687293618591352,98.26810022974536,0.20543233710133157,,,,,,,,,,,,,,,,,,,,,,,,,,,,,,,,,,,,,,,,,,,,,,,,,,,,,,,,,,,,,,,,,
latency_critical,mixed_stress,Intent-PPO-CMDP-NoRisk,Intent-PPO-CMDP-NoRisk,15,1481178426,1997781942,1596015111,8c806f3e428ad93e5ba2,stochastic,150,300,250,1,500,1,800,1,150-step training / 300-step arrival window + >= 250-step no-arrival drain adaptively extended to cohort maturity (cap 500),1235393843,1,275.68097020004643,latency_critical,200,0.0,0.7843199680718514,0.7572282251767587,0.0,1.0,0.21568003192814852,0.24277177482324133,0.24919383881414273,43.136006385629706,0.21568003192814852,0.09974392784842108,0.1,0.0002560721515789167,0.0,0.0002560721515789167,0.14265818406719027,0.1834455912182317,0.1929648442701566,0.9015652287249648,0.9429601831625648,,0.8725528557082556,0.12719107214016553,0.0,0.12719107214016553,0.4260589860582668,0.8547288775706852,0.5738915174406238,0.0549436758912425,4.949650110940434e-05,2.2799674506663745,93.745,9.885,93.785,250.0,250.0,250.0,0.0,0.0,550.0,298.0,298.0,1.0,0.0,,171.81878717885644,187.61089015151515,195.3798536036036,192.29120532338294,2.2799674506663745,2.0322391321641518,2.0145926282286792,0.06943255784305444,34900887.347960345,32983310.663651455,0.02863776330312626,6.760619358423793,0.6435511984926541,0.5942039066149077,0.0,0.12666485837035413,0.14165900751260324,25.27378931912167,1.035128716698694,,,,,,,,,,,,,,,,,,,,,,,,,,,,,,,,,,,,,,,,,,,,,,,,,,,,,,,,,,,,,,,,,
latency_critical,mixed_stress,Intent-PPO-CMDP,Intent-PPO-CMDP,15,1481178426,1997781942,1596015111,618554fca77aa7604c32,stochastic,150,300,250,1,500,1,800,1,150-step training / 300-step arrival window + >= 250-step no-arrival drain adaptively extended to cohort maturity (cap 500),1235393843,1,332.33217309997417,latency_critical,200,0.0,0.7967108405885389,0.7704839507611841,0.0,1.0,0.20328915941146108,0.22951604923881586,0.24199552759272486,40.657831882292214,0.20328915941146108,0.09700359141277325,0.09023665781212269,0.002996408587226763,0.009763342187877323,0.012097641490745058,0.12622009684909044,0.17991367540662861,0.19577521897008104,0.8976955466923039,0.9406138709502887,,0.9460443649944886,0.050959226418284424,0.0,0.050959226418284424,0.4508536897051048,0.8543128498672659,0.5462419372188643,0.05185025977274727,0.0029043730760308726,2.4388748923088697,104.36,9.17,104.38,250.0,250.0,250.0,0.0,0.0,550.0,298.0,298.0,1.0,0.0,,167.12925224781068,185.43656994047618,191.476711834991,189.41928900100623,2.4388748923088697,2.1042905157271647,2.0971247745357373,0.08691296361097954,35187922.54280879,33185913.89600648,0.028405810635648034,7.068223455077404,0.6433190784731735,0.5943350542142551,0.0,0.135493049572715,0.15549641056710917,59.926991518553386,0.45828330454179866,,,,,,,,,,,,,,,,,,,,,,,,,,,,,,,,,,,,,,,,,,,,,,,,,,,,,,,,,,,,,,,,,
latency_critical,mixed_stress,Intent-PPO-CMDP-FullPolicy-NoShield,Intent-PPO-CMDP,15,1481178426,1997781942,1596015111,618554fca77aa7604c32,stochastic,150,300,250,1,500,1,800,1,150-step training / 300-step arrival window + >= 250-step no-arrival drain adaptively extended to cohort maturity (cap 500),1235393843,1,332.33217309997417,latency_critical,200,0.0,0.7933302390951098,0.762272375602032,0.0,1.0,0.20666976090489025,0.23772762439796793,0.241776138551636,41.33395218097805,0.20666976090489025,0.03466820613534968,0.007380174291939008,0.06533179386465032,0.09261982570806099,0.10433258006324361,0.13038662305459522,0.17408195043577776,0.1823361185812182,0.8963105438855443,0.9353846429265499,,0.8945731011162195,0.04009510501913011,0.0,0.04009510501913011,0.43756984135556787,0.8519261988444721,0.5327647295776782,0.05386351613179041,0.029665429066753984,2.377689798482194,96.255,9.37,103.77,250.0,250.0,250.0,0.0,0.0,550.0,298.0,298.0,1.0,0.0,,162.38316505654151,182.04290150077625,188.8297461066023,187.727077916977,2.377689798482194,2.063193492433132,2.0516152143118136,0.08307791048115018,35012874.60936445,32946176.27013974,0.028552103793715644,6.588490843584629,0.6483342542007859,0.6075588930027767,0.0,0.1320938776934552,0.15067889790926586,44.630227393552076,0.6014161245355656,,,,,,,,,,,,,,,,,,,,,,,,,,,,,,,,,,,,,,,,,,,,,,,,,,,,,,,,,,,,,,,,,
