intent,scenario,scheme,num_seeds,training_steps_mean,training_steps_std,evaluation_steps_mean,evaluation_steps_std,terminal_drain_steps_mean,terminal_drain_steps_std,terminal_drain_auto_extend_mean,terminal_drain_auto_extend_std,terminal_drain_max_steps_mean,terminal_drain_max_steps_std,terminal_drain_rng_replay_preserved_mean,terminal_drain_rng_replay_preserved_std,effective_environment_steps_mean,effective_environment_steps_std,terminal_drain_enabled_mean,terminal_drain_enabled_std,evaluation_action_sampling_seed_mean,evaluation_action_sampling_seed_std,universal_training_reused_mean,universal_training_reused_std,train_time_s_mean,train_time_s_std,episodes_mean,episodes_std,intent_satisfaction_rate_mean,intent_satisfaction_rate_std,soft_intent_compliance_score_mean,soft_intent_compliance_score_std,soft_intent_compliance_p05_mean,soft_intent_compliance_p05_std,relaxed_intent_satisfaction_rate_mean,relaxed_intent_satisfaction_rate_std,intent_violation_rate_mean,intent_violation_rate_std,weighted_violation_mean_mean,weighted_violation_mean_std,weighted_violation_p95_mean,weighted_violation_p95_std,weighted_violation_cvar95_mean,weighted_violation_cvar95_std,intent_regret_auc_mean,intent_regret_auc_std,positive_violation_mean_mean,positive_violation_mean_std,reliability_safety_margin_mean_mean,reliability_safety_margin_mean_std,reliability_safety_margin_p05_mean,reliability_safety_margin_p05_std,blocking_mean_mean,blocking_mean_std,blocking_p95_mean,blocking_p95_std,blocking_cvar95_mean,blocking_cvar95_std,interruption_mean_mean,interruption_mean_std,interruption_p95_mean,interruption_p95_std,interruption_cvar95_mean,interruption_cvar95_std,deadline_exposure_mean_mean,deadline_exposure_mean_std,deadline_exposure_cvar95_mean,deadline_exposure_cvar95_std,deadline_miss_proxy_mean_mean,deadline_miss_proxy_mean_std,service_success_rate_mean_mean,service_success_rate_mean_std,unfinished_rate_mean_mean,unfinished_rate_mean_std,right_censored_rate_mean_mean,right_censored_rate_mean_std,pending_after_deadline_rate_mean_mean,pending_after_deadline_rate_mean_std,measurement_service_success_rate_mean_mean,measurement_service_success_rate_mean_std,measurement_deadline_exposure_mean_mean,measurement_deadline_exposure_mean_std,measurement_unfinished_rate_mean_mean,measurement_unfinished_rate_mean_std,measurement_right_censored_rate_mean_mean,measurement_right_censored_rate_mean_std,measurement_blocking_mean_mean,measurement_blocking_mean_std,measurement_throughput_mean_mbps_mean,measurement_throughput_mean_mbps_std,drain_added_completions_mean_mean,drain_added_completions_mean_std,drain_added_deadline_exposures_mean_mean,drain_added_deadline_exposures_mean_std,drain_removed_unfinished_requests_mean_mean,drain_removed_unfinished_requests_mean_std,terminal_drain_requested_steps_mean_mean,terminal_drain_requested_steps_mean_std,terminal_drain_actual_steps_mean_mean,terminal_drain_actual_steps_mean_std,terminal_drain_actual_steps_max_mean,terminal_drain_actual_steps_max_std,terminal_drain_extension_steps_mean_mean,terminal_drain_extension_steps_mean_std,terminal_drain_extension_steps_max_mean,terminal_drain_extension_steps_max_std,terminal_total_steps_mean_mean,terminal_total_steps_mean_std,max_realized_device_deadline_steps_mean_mean,max_realized_device_deadline_steps_mean_std,max_realized_device_deadline_steps_max_mean,max_realized_device_deadline_steps_max_std,measurement_rng_stream_preserved_mean,measurement_rng_stream_preserved_std,request_conservation_error_max_abs_mean,request_conservation_error_max_abs_std,shield_override_rate_mean_mean,shield_override_rate_mean_std,delay_mean_ms_mean,delay_mean_ms_std,delay_p95_ms_mean,delay_p95_ms_std,delay_p99_ms_mean,delay_p99_ms_std,delay_cvar95_ms_mean,delay_cvar95_ms_std,throughput_mean_mbps_mean,throughput_mean_mbps_std,throughput_p05_mbps_mean,throughput_p05_mbps_std,throughput_cvar_low10_mbps_mean,throughput_cvar_low10_mbps_std,throughput_stability_cv_mean,throughput_stability_cv_std,energy_eff_mean_bpj_mean,energy_eff_mean_bpj_std,energy_eff_p05_bpj_mean,energy_eff_p05_bpj_std,energy_per_mbit_j_mean,energy_per_mbit_j_std,energy_delay_product_mean,energy_delay_product_std,fairness_mean_mean,fairness_mean_std,fairness_p05_mean,fairness_p05_std,fairness_deficit_mean_mean,fairness_deficit_mean_std,utilization_mean_mean,utilization_mean_std,utilization_p95_mean,utilization_p95_std,reward_mean_mean,reward_mean_std,reward_stability_cv_mean,reward_stability_cv_std,qmax_terminal_mean,qmax_terminal_std,qmax_oscillation_std_mean,qmax_oscillation_std_std,lambda_pressure_mean_mean,lambda_pressure_mean_std,lambda_terminal_pressure_mean,lambda_terminal_pressure_std,action_entropy_norm_mean,action_entropy_norm_std,dynamic_violation_mean_mean,dynamic_violation_mean_std,dynamic_violation_step_cvar95_mean,dynamic_violation_step_cvar95_std,grant_like_action_rate_mean,grant_like_action_rate_std,preempt_action_rate_mean,preempt_action_rate_std,deny_action_rate_mean,deny_action_rate_std,feasibility_filter_active_rate_mean,feasibility_filter_active_rate_std,feasibility_filtered_action_fraction_mean,feasibility_filtered_action_fraction_std,shield_filter_active_rate_mean,shield_filter_active_rate_std,shield_filtered_action_fraction_mean,shield_filtered_action_fraction_std,shock_action_shift_l1_mean,shock_action_shift_l1_std,shock_throughput_bits_mean_mean,shock_throughput_bits_mean_std,pre_shock_throughput_bits_mean_mean,pre_shock_throughput_bits_mean_std,shock_delay_ms_mean_mean,shock_delay_ms_mean_std,pre_shock_delay_ms_mean_mean,pre_shock_delay_ms_mean_std,shock_block_rate_mean,shock_block_rate_std,shock_interruption_rate_mean,shock_interruption_rate_std,queue_load_mean_mean,queue_load_mean_std,energy_per_delivered_bit_step_mean,energy_per_delivered_bit_step_std,intent_switch_active_mean,intent_switch_active_std,intent_action_shift_l1_mean,intent_action_shift_l1_std,intent_mode_shift_l1_mean,intent_mode_shift_l1_std,counterfactual_intent_policy_l1_mean,counterfactual_intent_policy_l1_std,counterfactual_mode_policy_l1_mean,counterfactual_mode_policy_l1_std,counterfactual_argmax_change_rate_mean,counterfactual_argmax_change_rate_std,frozen_policy_entropy_norm_mean,frozen_policy_entropy_norm_std,pre_mask_reject_probability_mean,pre_mask_reject_probability_std,feasible_reject_probability_mean,feasible_reject_probability_std,physical_infeasible_probability_mass_mean,physical_infeasible_probability_mass_std,pre_mask_unsafe_probability_mass_mean,pre_mask_unsafe_probability_mass_std,shield_filtered_probability_mass_mean,shield_filtered_probability_mass_std,shield_filtered_raw_probability_mass_mean,shield_filtered_raw_probability_mass_std,actual_shield_prevention_rate_mean,actual_shield_prevention_rate_std,stochastic_action_entropy_mean,stochastic_action_entropy_std,stochastic_action_entropy_nats_mean,stochastic_action_entropy_nats_std,policy_mode_prob_defer_mean,policy_mode_prob_defer_std,policy_mode_prob_grant_mean,policy_mode_prob_grant_std,policy_mode_prob_protect_mean,policy_mode_prob_protect_std,policy_mode_prob_coexist_mean,policy_mode_prob_coexist_std,policy_mode_prob_reject_mean,policy_mode_prob_reject_std,intent_mode_prob__balanced_agentic__defer_mean,intent_mode_prob__balanced_agentic__defer_std,intent_mode_prob__balanced_agentic__grant_mean,intent_mode_prob__balanced_agentic__grant_std,intent_mode_prob__balanced_agentic__protect_mean,intent_mode_prob__balanced_agentic__protect_std,intent_mode_prob__balanced_agentic__coexist_mean,intent_mode_prob__balanced_agentic__coexist_std,intent_mode_prob__balanced_agentic__reject_mean,intent_mode_prob__balanced_agentic__reject_std,intent_mode_prob__reliability_first__defer_mean,intent_mode_prob__reliability_first__defer_std,intent_mode_prob__reliability_first__grant_mean,intent_mode_prob__reliability_first__grant_std,intent_mode_prob__reliability_first__protect_mean,intent_mode_prob__reliability_first__protect_std,intent_mode_prob__reliability_first__coexist_mean,intent_mode_prob__reliability_first__coexist_std,intent_mode_prob__reliability_first__reject_mean,intent_mode_prob__reliability_first__reject_std,intent_mode_prob__latency_critical__defer_mean,intent_mode_prob__latency_critical__defer_std,intent_mode_prob__latency_critical__grant_mean,intent_mode_prob__latency_critical__grant_std,intent_mode_prob__latency_critical__protect_mean,intent_mode_prob__latency_critical__protect_std,intent_mode_prob__latency_critical__coexist_mean,intent_mode_prob__latency_critical__coexist_std,intent_mode_prob__latency_critical__reject_mean,intent_mode_prob__latency_critical__reject_std,post_switch_violation_mean_mean,post_switch_violation_mean_std,switch_adaptation_time_steps_mean,switch_adaptation_time_steps_std,switch_adaptation_success_mean,switch_adaptation_success_std,switch_pre_violation_reference_mean,switch_pre_violation_reference_std,switch_post_violation_reference_mean,switch_post_violation_reference_std,switch_settling_band_mean,switch_settling_band_std
balanced_agentic,congestion_burst,Intent-PPO-CMDP,5,150.0,0.0,300.0,0.0,250.0,0.0,1.0,0.0,500.0,0.0,1.0,0.0,800.0,0.0,1.0,0.0,1237083495.6,630466756.5427245,1.0,0.0,320.147677999991,7.298897258581943,200.0,0.0,0.0,0.0,0.9308176548703676,0.017839349940766133,0.9131263114759186,0.021736343456124126,0.9,0.12649110640673517,1.0,0.0,0.06918234512963238,0.017839349940766188,0.08687368852408134,0.021736343456124043,0.09240363068432121,0.022550158737241574,13.836469025926485,3.5678699881532325,0.06918234512963238,0.017839349940766188,0.002418948700069079,0.04181779223730728,-0.014754721955844718,0.0450839400228174,0.02179421813017776,0.012885037733768132,0.03648282681000032,0.016242353631930592,0.0405240346083972,0.015766661905299774,0.17747601890696546,0.06384874569195255,0.20548985019035762,0.05505466666607501,0.2122109667880827,0.05395694556892001,0.8856825259779214,0.023355333639140538,0.9413501357864064,0.01973805624606888,,,0.9641685082088485,0.02853291110798583,0.014037273660973782,0.026619482509129395,0.0,0.0,0.014037273660973782,0.026619482509129395,0.6230997163962438,0.08885621616788765,0.8314933407925136,0.02149899406050234,0.35579157870249234,0.09511161007085503,0.06437045021333966,0.006549502717915556,0.021108704901263816,0.012606785515789238,2.991844858463607,0.4608575049112404,64.199,14.830136681770671,10.184000000000001,1.048891796135331,64.329,14.8078892486404,250.0,0.0,250.0,0.0,250.0,0.0,0.0,0.0,0.0,0.0,550.0,0.0,286.2,24.67711490429949,286.2,24.67711490429949,1.0,0.0,0.0,0.0,,,110.243327228884,29.73946134873621,131.16754052631285,29.541289193093412,137.65735585331691,29.790205552751242,135.86592179993437,29.43722471806028,2.991844858463607,0.4608575049112404,2.7451502431080934,0.4764400512007615,2.724047624567194,0.47180691158074695,0.0520947522087963,0.013137123819394024,29978239.020432703,5108910.865052428,28726651.81029448,4824521.951788915,0.0344212248458847,0.006311509618311385,4.817857027888546,0.6715485289101578,0.665347319915851,0.010556568792203987,0.6151817181527102,0.006794162350786044,0.0,0.0,0.16621360324797813,0.025603194717291146,0.18002719821358362,0.02581480225359477,38.34157235462624,29.004851524628723,0.4992200810937789,0.2968683625457329,,,,,,,,,,,,,,,,,,,,,,,,,,,,,,,,,,,,,,,,,,,,,,,,,,,,,,,,,,,,,,,,,,,,,,,,,,,,,,,,,,,,,,,,,,,,,,,,,,,,,,,,,,,,,,,,,,,,,,,,,,,,,,,,,,
balanced_agentic,congestion_burst,Intent-PPO-CMDP-FullPolicy-NoShield,5,150.0,0.0,300.0,0.0,250.0,0.0,1.0,0.0,500.0,0.0,1.0,0.0,800.0,0.0,1.0,0.0,1237083495.6,630466756.5427245,1.0,0.0,320.147677999991,7.298897258581943,200.0,0.0,0.0,0.0,0.7853274705071845,0.07502523756620325,0.7336243491558396,0.06382739143461086,0.151,0.2921027216579811,1.0,0.0,0.6667597712392935,0.47898938332435786,0.8489101004187791,0.551593678114798,0.9103199922644585,0.5816701172367861,133.3519542478587,95.79787666487157,0.6667597712392935,0.47898938332435786,-0.2219445039196435,0.17242998670245735,-0.2810051254175839,0.19375421808857543,0.27990859639375404,0.1744256149464019,0.34082306950952723,0.19393901576485797,0.36444740962416455,0.2035318518581131,0.18848335315804904,0.06261035201189939,0.22086480843492212,0.0566130729232988,0.23046140852797717,0.05491325729300174,0.8809126376007264,0.01775830709375531,0.9381641695835947,0.015173657944394178,,,0.7171664711899168,0.17444914595100564,0.0029249324163291603,0.005634253661833755,0.0,0.0,0.0029249324163291603,0.005634253661833755,0.4997609221647572,0.09124228529408322,0.8394736052027042,0.02379852133134678,0.26966783413594164,0.13137847887686707,0.05108587793405792,0.012320942492293232,0.2305712436993011,0.1699653962356012,2.4581972023727685,0.4546665744827903,41.162,22.026888250499663,7.840999999999999,1.7587421641616492,50.589,24.06064367385046,250.0,0.0,250.0,0.0,250.0,0.0,0.0,0.0,0.0,0.0,550.0,0.0,286.2,24.67711490429949,286.2,24.67711490429949,1.0,0.0,0.0,0.0,,,90.39664727619953,32.91009565444315,111.71545772953827,34.10509046229319,120.55020509771639,34.968752322690634,117.54149160147021,35.17418680816678,2.4581972023727685,0.4546665744827903,2.139291756912876,0.4771173111310553,2.1101360710984,0.48109901924315135,0.08129685713641342,0.025874557887567044,28814210.687517714,5004798.269277554,27210477.055201113,4674639.118834964,0.03577154804539042,0.006334357637789363,3.276288535334646,1.3482259137075492,0.6189346644481388,0.05150568153271657,0.5527560055464562,0.0657235877150518,0.0013904289383199,0.0019791771538954445,0.1365665112429315,0.02525925413793279,0.15457308192699326,0.025718048502673157,3.094971305384064,34.08377182124122,1.0831343642187212,0.6488989831036713,,,,,,,,,,,,,,,,,,,,,,,,,,,,,,,,,,,,,,,,,,,,,,,,,,,,,,,,,,,,,,,,,,,,,,,,,,,,,,,,,,,,,,,,,,,,,,,,,,,,,,,,,,,,,,,,,,,,,,,,,,,,,,,,,,
balanced_agentic,congestion_burst,Intent-PPO-CMDP-NoRisk,5,150.0,0.0,300.0,0.0,250.0,0.0,1.0,0.0,500.0,0.0,1.0,0.0,800.0,0.0,1.0,0.0,1237083495.6,630466756.5427245,1.0,0.0,274.6141810200061,5.506362305433448,200.0,0.0,0.0,0.0,0.931459369900167,0.01476846270681527,0.9120903804168095,0.01867950150337515,0.943,0.06675327707311456,1.0,0.0,0.06854063009983291,0.014768462706815337,0.0879096195831904,0.018679501503375197,0.09276448528987824,0.02022778624294411,13.70812601996659,2.9536925413630692,0.06854063009983291,0.014768462706815337,0.011854624474632081,0.05337832541139326,-0.008935324898153778,0.0545423331703853,0.00041027533930827997,0.0002609520574509418,0.0032061977846108607,0.00262418458870867,0.00427548894309256,0.003700358152588251,0.17424972009158465,0.0650459746242455,0.20893532489815375,0.05454233317038535,0.2173743246994781,0.05274608106505401,0.8586347648748471,0.028391998639706137,0.9180885211015914,0.019923822700086413,,,0.9528416466314997,0.06438648220644023,0.0467480780291918,0.06444530014281419,0.0,0.0,0.0467480780291918,0.06444530014281419,0.6029687268562969,0.13273886310387845,0.8065671940295605,0.026203620327586663,0.39689648690493023,0.13282387965653514,0.06404132196508897,0.003274600470762845,0.00013478623877278,0.00011757119265304932,2.850787076991959,0.6208039711303791,66.066,17.927930834315486,9.837,0.46336378796794203,66.11699999999999,17.955135365682985,250.0,0.0,250.0,0.0,250.0,0.0,0.0,0.0,0.0,0.0,550.0,0.0,286.2,24.67711490429949,286.2,24.67711490429949,1.0,0.0,0.0,0.0,,,121.05874433591438,40.796322988523336,141.22721624945464,40.20439515332411,148.068531210579,39.47394569195591,146.00820222909428,39.69375520053949,2.850787076991959,0.6208039711303791,2.604158058514116,0.6360233542365256,2.5891285441124587,0.6233513436722964,0.05661101925363934,0.013841128991096043,30267022.372633964,3772489.5273022894,28773571.985971887,3113093.1195881693,0.0335456439108723,0.004152261939381944,5.097216781959331,1.3338488361914584,0.674172729255503,0.0027082634052241522,0.6210179326752117,0.004699020764158069,0.0,0.0,0.15837705983288658,0.03448910950724329,0.1723776812275939,0.03424806063724936,14.071506220997398,39.90482640509631,1.8422873024411281,2.3083062128125054,,,,,,,,,,,,,,,,,,,,,,,,,,,,,,,,,,,,,,,,,,,,,,,,,,,,,,,,,,,,,,,,,,,,,,,,,,,,,,,,,,,,,,,,,,,,,,,,,,,,,,,,,,,,,,,,,,,,,,,,,,,,,,,,,,
balanced_agentic,congestion_burst,MaxWeight,5,150.0,0.0,300.0,0.0,250.0,0.0,1.0,0.0,500.0,0.0,1.0,0.0,800.0,0.0,1.0,0.0,1237083495.6,630466756.5427245,0.0,0.0,1.1879997327923774e-05,1.165160214394368e-06,200.0,0.0,0.011,0.019595917942265426,0.9093312939483494,0.01768292768222003,0.8949373966665461,0.014192147592149788,0.615,0.33792010890149765,0.9890000000000001,0.01959591794226544,0.09066870605165055,0.017682927682219962,0.10506260333345374,0.01419214759214984,0.10854943832906365,0.014688715890325292,18.13374121033011,3.536585536443991,0.09137741339843827,0.016616313531956584,0.05862742598189742,0.0020961019000451716,0.05334510818596596,0.011675682478275273,0.0,0.0,0.0,0.0,0.0,0.0,0.11649145875990821,0.009092143139876503,0.14351744227015673,0.013766681329073775,0.15250724707531707,0.014794760118820114,0.9561344009685383,0.027633044390530062,0.9866928422205158,0.005813314482359269,,,0.7460906602920152,0.07122302756391077,0.2539093397079846,0.0712230275639108,0.0,0.0,0.2539093397079846,0.0712230275639108,0.4184126324553102,0.054293173227174786,0.8505674563965379,0.028244756567716255,0.5815873675446899,0.05429317322717479,0.10590126225633303,0.002694553756625815,0.0,0.0,2.1715200797339933,0.24796357775957206,61.419000000000004,3.451472729140418,19.816000000000003,0.4439639625014619,61.419000000000004,3.451472729140418,250.0,0.0,254.623,4.1939666188466544,285.6,24.335981591051553,4.623,4.19396661884665,35.6,24.335981591051553,554.6229999999999,4.193966618846655,286.2,24.67711490429949,286.2,24.67711490429949,1.0,0.0,0.0,0.0,,,146.03596322860426,10.77878247529793,164.40614085334792,6.960510393292651,169.8405413255466,7.186248099289946,168.4207481415749,7.350727387288674,2.1715200797339933,0.24796357775957206,1.9682951362691177,0.19819447969791304,1.9551610535415658,0.19617936248877044,0.06891471975637267,0.02226561379626927,18252571.373879023,1862485.527430206,17135995.928764336,1615908.480924957,0.05543976896360714,0.005994748196114457,9.04250140984114,1.1070209590568199,0.5474033120368409,0.027128148776652587,0.5037636353078117,0.012947510442864593,0.00055768029398852,0.0004643654439207022,0.12064000442966624,0.013775754319976217,0.1356879487588573,0.022816931042261453,-143.29185043896177,12.394669591577104,0.2791565524638554,0.1550189691288807,,,,,,,,,,,,,,,,,,,,,,,,,,,,,,,,,,,,,,,,,,,,,,,,,,,,,,,,,,,,,,,,,,,,,,,,,,,,,,,,,,,,,,,,,,,,,,,,,,,,,,,,,,,,,,,,,,,,,,,,,,,,,,,,,,
balanced_agentic,congestion_burst,PPO,5,150.0,0.0,300.0,0.0,250.0,0.0,1.0,0.0,500.0,0.0,1.0,0.0,800.0,0.0,1.0,0.0,1237083495.6,630466756.5427245,1.0,0.0,267.553891400015,9.782401107503151,200.0,0.0,0.0,0.0,0.9360131800870309,0.023736398121500548,0.9193355930449988,0.029147881301409946,0.851,0.29550634510954243,1.0,0.0,0.0639868199129691,0.023736398121500545,0.0806644069550011,0.029147881301409974,0.085203298508396,0.03062491741770711,12.797363982593826,4.747279624300106,0.0639868199129691,0.023736398121500545,0.010004766466956498,0.05073605276664545,-0.009173317001548963,0.053868068315897265,0.0007598645481407,0.00041358263721583637,0.004530560861729279,0.002153493441861861,0.00662758595838594,0.0012067291442344863,0.18369718327377355,0.057364443461609245,0.2083899213504798,0.0547987750279224,0.2166441486445954,0.05251416265217003,0.870705892834218,0.010306090659666329,0.9258543395608815,0.008043290467742006,,,0.9897794514920101,0.018439331470054686,0.00946068395984936,0.018587289703912598,0.0,0.0,0.00946068395984936,0.018587289703912598,0.6351394509850836,0.07587518503140832,0.8164126986683133,0.012196751190497393,0.3646123045730737,0.07592854142263884,0.06609980303724962,0.007870371043854118,0.00024824444184264657,0.00017514257925093128,3.012312197164305,0.3352123072845682,67.16,12.170533266870436,10.261,1.2391384103480934,67.256,12.128622922656966,250.0,0.0,250.0,0.0,250.0,0.0,0.0,0.0,0.0,0.0,550.0,0.0,286.2,24.67711490429949,286.2,24.67711490429949,1.0,0.0,0.0,0.0,,,110.75143066708415,25.018846006975718,132.75451419135968,23.894834343852345,142.65175808787862,23.83687138877961,139.6699724862435,23.578761661022412,3.012312197164305,0.3352123072845682,2.7724442451648996,0.34048034545185346,2.7523007552050167,0.33724908222998545,0.05029023130222286,0.006444144442100452,29328832.003394842,3533521.160240049,28231083.89774103,3392485.7209282513,0.03461607287883284,0.004346427120068159,5.105828204637326,0.9643676529213914,0.6777403470545807,0.006583515554147085,0.6282158207670976,0.0058162097858523495,0.0,0.0,0.16735067762023914,0.018622905960253774,0.18047177162773442,0.0185156399381141,33.001790017404204,29.25628265725744,9.721766265359664,17.91736219704959,,,,,,,,,,,,,,,,,,,,,,,,,,,,,,,,,,,,,,,,,,,,,,,,,,,,,,,,,,,,,,,,,,,,,,,,,,,,,,,,,,,,,,,,,,,,,,,,,,,,,,,,,,,,,,,,,,,,,,,,,,,,,,,,,,
balanced_agentic,congestion_burst,PPO-Lagrangian,5,150.0,0.0,300.0,0.0,250.0,0.0,1.0,0.0,500.0,0.0,1.0,0.0,800.0,0.0,1.0,0.0,1237083495.6,630466756.5427245,1.0,0.0,266.61783722001127,11.520029096061073,200.0,0.0,0.0,0.0,0.9416640350819823,0.01460371118969452,0.9264167866001518,0.016368432232977275,0.99,0.020000000000000018,1.0,0.0,0.058335964918017624,0.014603711189694618,0.07358321339984811,0.01636843223297725,0.07671694076901517,0.01648701597170491,11.667192983603533,2.920742237938917,0.058335964918017624,0.014603711189694618,0.051775957319765156,0.009621440340640375,0.03574575860722652,0.015608844855031894,0.0007847788365739699,0.0005908018990608422,0.004434103008322541,0.0022353546421806426,0.00570016850163747,0.0032845891533772095,0.11627006640777778,0.03524241984023577,0.15279063110395366,0.034610079937381216,0.16225382816708422,0.03431328813756312,0.8821691373430806,0.018666629128736564,0.9325583329263321,0.014540434376187487,,,0.9366318317630583,0.07273913214527579,0.06258338940036777,0.0729568877822057,0.0,0.0,0.06258338940036777,0.0729568877822057,0.5286740723417509,0.0726873076487654,0.8253345198226881,0.016069421613728516,0.4711211727809502,0.07266311268015306,0.06764765464265779,0.0034754803807893198,0.0002047548772987583,0.00016184558875529444,2.5161757094474453,0.34263934383166345,76.671,4.741446403788614,10.709,0.5774980519447662,76.779,4.816008097999835,250.0,0.0,250.003,0.005999999999994543,250.6,1.2,0.003,0.006,0.6,1.2000000000000002,550.0029999999999,0.005999999999994543,286.2,24.67711490429949,286.2,24.67711490429949,1.0,0.0,0.0,0.0,,,144.38627054326133,22.53267187540994,166.60606100282996,19.65003355205549,173.99475703643708,19.629978063775738,171.3268871959866,19.83875376193791,2.5161757094474453,0.34263934383166345,2.2588600539699883,0.3275223004631032,2.2430903516267504,0.328087870422316,0.06469664029405658,0.012107521681310811,32429435.68593105,2996105.88160868,30750300.418015003,2509214.611479726,0.03110844971065014,0.0029842456761057464,5.761424998194002,1.016651703909012,0.6746456127680027,0.00535567540420765,0.6228052875915695,0.006789546665337949,0.0,0.0,0.13978753941374691,0.01903551910175907,0.1544349719145248,0.018946477344511867,5.361896830350668,37.720011986073885,0.6745794498026395,0.18350477961601572,,,,,,,,,,,,,,,,,,,,,,,,,,,,,,,,,,,,,,,,,,,,,,,,,,,,,,,,,,,,,,,,,,,,,,,,,,,,,,,,,,,,,,,,,,,,,,,,,,,,,,,,,,,,,,,,,,,,,,,,,,,,,,,,,,
balanced_agentic,congestion_burst,PPO_CMDP,5,150.0,0.0,300.0,0.0,250.0,0.0,1.0,0.0,500.0,0.0,1.0,0.0,800.0,0.0,1.0,0.0,1237083495.6,630466756.5427245,1.0,0.0,272.14205237999556,4.344263892369205,200.0,0.0,0.0,0.0,0.9426697299123988,0.012915426892946084,0.9250143993260258,0.017687123752475407,0.9780000000000001,0.044,1.0,0.0,0.05733027008760093,0.0129154268929461,0.07498560067397406,0.017687123752475355,0.0787769188952687,0.018706393027873996,11.466054017520193,2.5830853785892205,0.05733027008760093,0.0129154268929461,0.007634659940431218,0.041213929855071565,-0.01488255381374656,0.04027872974643363,0.00040314922188601715,0.00019424080903370476,0.0032697743530235397,0.002571012983796748,0.004900635280321277,0.0024663041234314655,0.19006628837286252,0.0437215848497106,0.2148825538137465,0.04027872974643367,0.22016249933329335,0.04007964200745326,0.8640602999936299,0.03160816762663775,0.9192999911422708,0.023388753305930148,,,0.9984580951479384,0.0022193391627583687,0.0011387556301755799,0.0022775112603511598,0.0,0.0,0.0011387556301755799,0.0022775112603511598,0.6623764509454718,0.05099296492492361,0.810186229226305,0.0264529147963,0.3374505619940547,0.05101930775395296,0.06727314464097087,0.007205388732538885,0.00017298706047339999,0.00011115022281257251,3.1515734352226294,0.25051282522500534,63.345000000000006,8.914009759922859,10.132000000000001,1.218099339134539,63.388,8.90951098545818,250.0,0.0,250.0,0.0,250.0,0.0,0.0,0.0,0.0,0.0,550.0,0.0,286.2,24.67711490429949,286.2,24.67711490429949,1.0,0.0,0.0,0.0,,,102.09403139668929,16.239280025730633,124.48574877802062,17.69837584262534,132.30217930415054,17.219812596310422,129.747259821956,17.521279396835126,3.1515734352226294,0.25051282522500534,2.8888167086443914,0.268286451974561,2.8667598390467743,0.27109604695174433,0.05071648265307575,0.008940342408149067,30102585.64130383,3035109.214301364,29042100.674860615,2847872.2940777806,0.033570836047178934,0.003519878312282404,4.629555208233844,0.7358574075535019,0.6751881330366556,0.004650389161029744,0.6263160431224295,0.01009488810791477,0.0,0.0,0.1750874130679238,0.01391737917916696,0.1895330622065667,0.013157242475910266,53.09677220730989,15.76739937886224,0.3965086721718284,0.2318198902845153,,,,,,,,,,,,,,,,,,,,,,,,,,,,,,,,,,,,,,,,,,,,,,,,,,,,,,,,,,,,,,,,,,,,,,,,,,,,,,,,,,,,,,,,,,,,,,,,,,,,,,,,,,,,,,,,,,,,,,,,,,,,,,,,,,
balanced_agentic,mixed_stress,Intent-PPO-CMDP,5,150.0,0.0,300.0,0.0,250.0,0.0,1.0,0.0,500.0,0.0,1.0,0.0,800.0,0.0,1.0,0.0,690961281.2,261278220.8318473,1.0,0.0,320.147677999991,7.298897258581943,200.0,0.0,0.0,0.0,0.8982045873172606,0.034111067541397054,0.8793254727995257,0.03674179167511709,0.572,0.4650763378199325,1.0,0.0,0.10179541268273933,0.03411106754139707,0.12067452720047445,0.03674179167511702,0.12632208564331662,0.03686441238038798,20.35908253654787,6.8222135082794155,0.10179541268273933,0.03411106754139707,-0.020935026608564396,0.06150866464300722,-0.04056429646123408,0.06488667236389034,0.01658053275141364,0.009494673588581925,0.03057356128672436,0.013315864339498794,0.034848146077686604,0.01386622476873687,0.20782245743837743,0.07637867158030615,0.2364885669782036,0.0694218725907987,0.2461172374761583,0.06658839243371915,0.9245828038507051,0.017243385324857075,0.9632627577006266,0.014654794610491573,,,0.9405270255741505,0.06458239205351131,0.0428924416744358,0.06485042356577658,0.0,0.0,0.0428924416744358,0.06485042356577658,0.4947780161263231,0.06186061368748087,0.8765489261655273,0.014813437104666892,0.4893646293979771,0.06590278947478381,0.054914493114271115,0.006435261159589609,0.0158573544756998,0.009273085312579313,2.7486333315338234,0.39562804471761,93.925,8.416361446611,10.128,1.302975824794919,94.077,8.442339486185094,250.0,0.0,250.0,0.0,250.0,0.0,0.0,0.0,0.0,0.0,550.0,0.0,286.2,24.67711490429949,286.2,24.67711490429949,1.0,0.0,0.0,0.0,,,148.6498486872794,21.251036598475114,168.89799293734072,18.096271218422658,175.30480725314106,18.525144506139817,174.12853525709983,18.187301327715076,2.7486333315338234,0.39562804471761,2.499129560526412,0.4089162271988019,2.4832187646087416,0.4029796276942375,0.056328469755973984,0.014521834732435165,29761617.003578328,5182493.03292116,28558158.740971375,4806507.793910338,0.03472861293678834,0.006540634482519267,7.5773029918598525,1.1886539494433932,0.6332509876036576,0.009651381406565386,0.5889655033140458,0.009662990727296015,0.0,0.0,0.15270185175187906,0.021979335817645024,0.16641373866907827,0.021974712685655706,40.88748537615758,23.86148569795719,0.8894449651582075,0.6739358527088046,,,,,,,,,,,,,,,,,,,,,,,,,,,,,,,,,,,,,,,,,,,,,,,,,,,,,,,,,,,,,,,,,,,,,,,,,,,,,,,,,,,,,,,,,,,,,,,,,,,,,,,,,,,,,,,,,,,,,,,,,,,,,,,,,,
balanced_agentic,mixed_stress,Intent-PPO-CMDP-FullPolicy-NoShield,5,150.0,0.0,300.0,0.0,250.0,0.0,1.0,0.0,500.0,0.0,1.0,0.0,800.0,0.0,1.0,0.0,690961281.2,261278220.8318473,1.0,0.0,320.147677999991,7.298897258581943,200.0,0.0,0.0,0.0,0.7422077047152641,0.08881212043825903,0.6928733026494054,0.07769884477818233,0.118,0.236,1.0,0.0,0.6779710995104588,0.48781169186069057,0.8417788913871098,0.538594429843988,0.8950158532440199,0.5616839908881244,135.59421990209174,97.5623383721381,0.6779710995104588,0.48781169186069057,-0.21658984304913323,0.16548416961801574,-0.26999320712803054,0.1834354244946646,0.26798466910166086,0.17283322964286643,0.3257558567485094,0.18733456857473213,0.3439713817757501,0.19367360562008576,0.2261744757758634,0.07623351559677422,0.2608317060211657,0.0672731226437561,0.26972073206342495,0.06669072529996233,0.9251986212663249,0.016781635060732235,0.9624533704151828,0.013065672442484756,,,0.7096597842122657,0.1667749838695393,0.022355546686073383,0.03033195298093154,0.0,0.0,0.022355546686073383,0.03033195298093154,0.4021322766802703,0.07006785288385026,0.8853145965838294,0.020363416103925024,0.40969168359246577,0.11172737779492112,0.046875466993728944,0.009315315297396673,0.1881760397272639,0.14104318807641145,2.2932232124729905,0.3962842202184356,65.012,24.051465984425985,8.444999999999999,1.5087909066534035,81.996,19.12070275905151,250.0,0.0,250.0,0.0,250.0,0.0,0.0,0.0,0.0,0.0,550.0,0.0,286.2,24.67711490429949,286.2,24.67711490429949,1.0,0.0,0.0,0.0,,,128.5713127086952,31.036775271429256,148.5380272866906,29.514673294049043,156.93686485604997,27.99433127113034,154.21044482730704,28.714922898409565,2.2932232124729905,0.3962842202184356,2.00874630428173,0.3958625762339171,1.9992576719460495,0.3944053921849326,0.07735059889653212,0.014774530205773437,28639736.715560783,4977392.234226686,27185994.150695812,4586432.288699772,0.03601059677291346,0.006459433196314041,5.445671627908787,2.0553930448066553,0.5873753415508691,0.04424854202972097,0.531117920209144,0.055705706033215355,0.00205258070068048,0.0027632951837406974,0.12740128958183275,0.022015790012135304,0.14290770453212126,0.021886148860533063,-2.061970054178609,31.22529121557651,1.653920527013661,1.446060515854541,,,,,,,,,,,,,,,,,,,,,,,,,,,,,,,,,,,,,,,,,,,,,,,,,,,,,,,,,,,,,,,,,,,,,,,,,,,,,,,,,,,,,,,,,,,,,,,,,,,,,,,,,,,,,,,,,,,,,,,,,,,,,,,,,,
balanced_agentic,mixed_stress,Intent-PPO-CMDP-NoRisk,5,150.0,0.0,300.0,0.0,250.0,0.0,1.0,0.0,500.0,0.0,1.0,0.0,800.0,0.0,1.0,0.0,690961281.2,261278220.8318473,1.0,0.0,274.6141810200061,5.506362305433448,200.0,0.0,0.0,0.0,0.8977594748802114,0.03525117947981973,0.8801990650423551,0.03788972422043028,0.576,0.4704827308201652,1.0,0.0,0.10224052511978872,0.035251179479819705,0.11980093495764484,0.037889724220430285,0.1240563350888025,0.03923559610268729,20.448105023957748,7.050235895963941,0.10224052511978872,0.035251179479819705,-0.01105546436139104,0.07561121369831585,-0.03693691267613454,0.0720059027834786,0.00020117374785518551,0.00018167830544770118,0.00095763459841128,0.0019152691968225598,0.0013724645122507656,0.002519892389763302,0.20269641005856404,0.0830331893108693,0.23693691267613448,0.07200590278347867,0.243616699527897,0.07055755373788136,0.9037247847451267,0.01638891613612664,0.9472349800196973,0.013320893109736864,,,0.8966105826125956,0.09781698145072416,0.10318824363954915,0.09794154355094697,0.0,0.0,0.10318824363954915,0.09794154355094697,0.47921723897784735,0.08993944490142794,0.8592344624913123,0.014906052277905344,0.5206773953219577,0.09000548680846943,0.054069107077181724,0.0038238647692469974,0.00010536570019492987,9.580654947334913e-05,2.603663421141042,0.4935335988561754,87.85800000000002,6.935973327515037,9.379000000000001,0.7183550654098572,87.87800000000001,6.937958345219436,250.0,0.0,250.02399999999997,0.04800000000000182,254.8,9.600000000000001,0.024,0.048,4.8,9.600000000000001,550.024,0.04800000000000182,286.2,24.67711490429949,286.2,24.67711490429949,1.0,0.0,0.0,0.0,,,153.38335206952212,29.209770301254544,170.59359370199283,25.726812785130388,179.34322119170469,25.592539306706996,176.22416409411932,25.039985319885567,2.603663421141042,0.4935335988561754,2.365797454330914,0.5002813328618706,2.3505477337191776,0.49756501119285595,0.05944783296030685,0.012616226416153106,29996051.73209376,3944826.1228632685,28749509.46470182,3503267.051017804,0.033911048699619056,0.0044321142044585135,7.209954553000081,0.9749940575333397,0.6419722499683357,0.009520999054508832,0.5935488099518321,0.010335349565924436,0.0,0.0,0.14464796784116896,0.027418533269787517,0.15875447259912415,0.026883535987218984,20.94675493905715,21.962446540009097,0.7487740181115317,0.25871963793678754,,,,,,,,,,,,,,,,,,,,,,,,,,,,,,,,,,,,,,,,,,,,,,,,,,,,,,,,,,,,,,,,,,,,,,,,,,,,,,,,,,,,,,,,,,,,,,,,,,,,,,,,,,,,,,,,,,,,,,,,,,,,,,,,,,
balanced_agentic,mixed_stress,MaxWeight,5,150.0,0.0,300.0,0.0,250.0,0.0,1.0,0.0,500.0,0.0,1.0,0.0,800.0,0.0,1.0,0.0,690961281.2,261278220.8318473,0.0,0.0,1.61999836564064e-05,5.67763925776364e-06,200.0,0.0,0.0,0.0,0.8991857609000089,0.018491643014110375,0.8819031994862039,0.01891483987336208,0.382,0.3466064050187186,1.0,0.0,0.10081423909999102,0.018491643014110402,0.11809680051379598,0.018914839873362045,0.12336034320256997,0.019732518994453975,20.162847819998206,3.6983286028220754,0.10081423909999102,0.018491643014110402,0.05469369547604465,0.00532562394918719,0.03898706033447592,0.011872549353095936,0.0,0.0,0.0,0.0,0.0,0.0,0.13415549096261117,0.010506712759205738,0.161012939665524,0.011872549353095929,0.16890569504349698,0.011360435975712757,0.964528358103267,0.018250506190453226,0.9876063757024142,0.006578362481037973,,,0.6870997625617549,0.07587795689515858,0.31290023743824513,0.0758779568951586,0.0,0.0,0.31290023743824513,0.0758779568951586,0.3457073389511951,0.042813596317068665,0.8812232037932366,0.020659365416806193,0.6542926610488049,0.04281359631706868,0.08333089059998662,0.0036757057192437163,0.0,0.0,2.0426192434384287,0.23130691564222797,71.68900000000001,7.146351096888538,17.555,0.6640256019160701,71.68900000000001,7.146351096888538,250.0,0.0,254.669,3.8508108237097307,286.0,24.355697485393435,4.669,3.850810823709729,36.0,24.355697485393435,554.669,3.8508108237097116,286.2,24.67711490429949,286.2,24.67711490429949,1.0,0.0,0.0,0.0,,,170.93434406566243,10.079492881244184,187.14838804181744,7.800162075816209,192.94020265753153,8.162455027827455,191.10628649051029,7.779942081638518,2.0426192434384287,0.23130691564222797,1.8352034094731373,0.19033046582070867,1.8228220797160006,0.1841896335400426,0.06868286943939308,0.0140375193099024,18961088.41153594,1922658.5013304392,18009534.264845677,1804802.2221766857,0.05331491921599574,0.005632040415851563,10.68953277278359,1.2084677568358317,0.5347461229323287,0.017354441681793262,0.49670990939178195,0.019504737832736773,0.0014811987115457763,0.0017987460320235855,0.11347884685769043,0.012850384202346025,0.1278235913269756,0.019658866562318817,-73.31006638191884,20.711329039213833,0.45396350131464275,0.33134678784766536,,,,,,,,,,,,,,,,,,,,,,,,,,,,,,,,,,,,,,,,,,,,,,,,,,,,,,,,,,,,,,,,,,,,,,,,,,,,,,,,,,,,,,,,,,,,,,,,,,,,,,,,,,,,,,,,,,,,,,,,,,,,,,,,,,
balanced_agentic,mixed_stress,PPO,5,150.0,0.0,300.0,0.0,250.0,0.0,1.0,0.0,500.0,0.0,1.0,0.0,800.0,0.0,1.0,0.0,690961281.2,261278220.8318473,1.0,0.0,267.553891400015,9.782401107503151,200.0,0.0,0.0,0.0,0.906070381416178,0.04161997440724669,0.8890107821568399,0.04526002628664296,0.624,0.4620649305021968,1.0,0.0,0.09392961858382202,0.04161997440724669,0.11098921784315981,0.045260026286642975,0.11592035450535065,0.04612599433841507,18.78592371676441,8.323994881449334,0.09392961858382202,0.04161997440724669,-0.02164674192744542,0.06599257916931517,-0.043213519731650676,0.06536262447558241,0.0006045578114302236,0.0004889899115076133,0.00458123767457016,0.00270644215793999,0.005211906650811264,0.003021052863251211,0.21824722678416597,0.07018602712708132,0.2432135197316506,0.06536262447558243,0.2507636616435451,0.06574563482491105,0.9083795171808473,0.008705617959831274,0.9490582620782035,0.007460225209330836,,,0.96186382122934,0.05605312751765046,0.03753162095922976,0.05614068495560795,0.0,0.0,0.03753162095922976,0.05614068495560795,0.49883441540605944,0.04856804289819342,0.8626668793600161,0.006771133248024444,0.500899300548969,0.048565502263211685,0.056059286249831086,0.00645928715219375,0.00026628404497147765,0.00020743285761718537,2.707733385149221,0.26327866978332254,97.584,7.058742380906109,9.647,1.518517698283428,97.655,7.070981544311935,250.0,0.0,250.0,0.0,250.0,0.0,0.0,0.0,0.0,0.0,550.0,0.0,286.2,24.67711490429949,286.2,24.67711490429949,1.0,0.0,0.0,0.0,,,150.98281245699724,16.595707358944225,170.58595281530262,14.062458347391887,177.58591754927187,11.935450080641678,175.90098792070594,12.398370128284853,2.707733385149221,0.26327866978332254,2.476661255376299,0.2783354374917475,2.4546906354653295,0.2725381480892579,0.05375611287055352,0.0062254886350122714,28790526.801032227,3616441.1448657094,27838610.62160782,3579237.2148189535,0.0353180962078685,0.0047145309124042275,8.017536461825662,0.9884522260231705,0.643738067748979,0.005571630380294116,0.5995879677326246,0.004954532843203177,0.0,0.0,0.15042963250828997,0.014626592765740135,0.16384203607731654,0.015140633020480118,29.718920723085468,43.83875134779218,0.8105456636407489,0.6095556389254936,,,,,,,,,,,,,,,,,,,,,,,,,,,,,,,,,,,,,,,,,,,,,,,,,,,,,,,,,,,,,,,,,,,,,,,,,,,,,,,,,,,,,,,,,,,,,,,,,,,,,,,,,,,,,,,,,,,,,,,,,,,,,,,,,,
balanced_agentic,mixed_stress,PPO-Lagrangian,5,150.0,0.0,300.0,0.0,250.0,0.0,1.0,0.0,500.0,0.0,1.0,0.0,800.0,0.0,1.0,0.0,690961281.2,261278220.8318473,1.0,0.0,266.61783722001127,11.520029096061073,200.0,0.0,0.0,0.0,0.9281517973117737,0.014664760972110922,0.9134391569272717,0.015762394183047177,0.951,0.08126499861564015,1.0,0.0,0.07184820268822613,0.01466476097211086,0.0865608430727283,0.01576239418304722,0.09190420776872986,0.01543898755065648,14.369640537645239,2.932952194422176,0.07184820268822613,0.01466476097211086,0.04262117879301852,0.020651842131702472,0.020692499385438816,0.027233260668881168,0.00045093999002388164,0.00036237226978381407,0.00283450426667516,0.002336274957753729,0.004126047863210201,0.0034011679082406716,0.13621008143840135,0.038697783984733315,0.17219318026411998,0.03785443422635492,0.1824876652481347,0.036994380369211606,0.9152250320915444,0.013740188233375677,0.954183261636057,0.011405541826510856,,,0.8630902289032619,0.10013104805946067,0.13645883110671417,0.10013640888544256,0.0,0.0,0.13645883110671417,0.10013640888544256,0.42966078938400265,0.05399403734109269,0.8677127727861957,0.011303919362604964,0.5701467705232033,0.05397002634064241,0.05706219602693706,0.0039120204385435795,0.0001924400927939148,0.00012867068457144253,2.355792561962853,0.29238203011376335,91.06899999999999,9.647124131055845,10.035,0.5867537814109083,91.122,9.663464492613402,250.0,0.0,250.016,0.032000000000005004,253.0,6.0,0.016,0.032,3.0,6.0,550.016,0.03200000000001637,286.2,24.67711490429949,286.2,24.67711490429949,1.0,0.0,0.0,0.0,,,171.78003088894707,13.619058658067749,188.33407889368362,12.094065221000491,193.5981558807799,12.733582518408063,191.74281978204087,12.634619468546262,2.355792561962853,0.29238203011376335,2.121525529194452,0.28423007743983947,2.102801919846398,0.27212849557476865,0.06501989356112522,0.010274774812540969,32239748.679760806,3293524.2229029625,30722054.932033658,3050842.092947032,0.031358265801419,0.003344788187056711,7.375064382454352,1.01184570201812,0.6440640771479178,0.0071413905088623586,0.5986396169750432,0.009586291230395167,0.0,0.0,0.1308773645534918,0.016243446117431313,0.14511418480578608,0.017270185961150156,23.287889996152806,31.35872143766757,1.4216292361145215,1.8067926178083473,,,,,,,,,,,,,,,,,,,,,,,,,,,,,,,,,,,,,,,,,,,,,,,,,,,,,,,,,,,,,,,,,,,,,,,,,,,,,,,,,,,,,,,,,,,,,,,,,,,,,,,,,,,,,,,,,,,,,,,,,,,,,,,,,,
balanced_agentic,mixed_stress,PPO_CMDP,5,150.0,0.0,300.0,0.0,250.0,0.0,1.0,0.0,500.0,0.0,1.0,0.0,800.0,0.0,1.0,0.0,690961281.2,261278220.8318473,1.0,0.0,272.14205237999556,4.344263892369205,200.0,0.0,0.0,0.0,0.9089766777847487,0.031838352907199025,0.8925241766116023,0.037421471477517135,0.591,0.3767545620161752,1.0,0.0,0.09102332221525115,0.031838352907199045,0.10747582338839753,0.0374214714775172,0.11211997313981766,0.039093476388640504,18.20466444305024,6.367670581439804,0.09102332221525115,0.031838352907199045,-0.02878207189725294,0.05168202691316947,-0.05227822175697908,0.05014433699501668,0.00034871555643906327,0.00017545940386113772,0.0036273913873830594,0.0018256081709353304,0.004279931865978643,0.002153247057197895,0.22872807497741512,0.05174785759923895,0.2522782217569791,0.050144336995016706,0.2584553574757833,0.048349864067373204,0.9053008585399679,0.02278976888506476,0.9433635338632536,0.019177476412868214,,,0.9879676960786133,0.022305981891886716,0.01168358836494742,0.022348611651011884,0.0,0.0,0.01168358836494742,0.022348611651011884,0.5250286399323023,0.026457218866781405,0.8572513597063001,0.016083729989593433,0.4748236776834071,0.026458070110214848,0.05874666972803054,0.006798173085438055,0.0001476823842905,8.034599915912079e-05,2.875068582591169,0.13567797384581495,97.841,4.381182945278594,10.148,1.4630604908888762,97.884,4.37456672140225,250.0,0.0,250.00100000000003,0.001999999999998181,250.2,0.4,0.001,0.002,0.2,0.4000000000000001,550.001,0.0019999999999981808,286.2,24.67711490429949,286.2,24.67711490429949,1.0,0.0,0.0,0.0,,,142.13303309409,11.179529370499738,163.45206952071499,9.504858228837332,171.1852839928768,11.160924722596052,168.5110671017091,10.193241590191962,2.875068582591169,0.13567797384581495,2.6341884020014072,0.1517111797839756,2.616826543561228,0.15342263307453255,0.0532885647697553,0.006016341671729,29498613.949125875,2967623.3864664207,28529958.101986825,2831453.3994473997,0.03426119942886024,0.0036153356361956863,7.570287234823903,1.021357049370334,0.6422426489977169,0.0030239945870996453,0.6016832187327444,0.004275089073904564,0.0,0.0,0.15972603236617602,0.007537665213656361,0.17340078600139544,0.007543635639315525,52.69388113192032,21.997137100449077,0.43295698258384585,0.15972293913985086,,,,,,,,,,,,,,,,,,,,,,,,,,,,,,,,,,,,,,,,,,,,,,,,,,,,,,,,,,,,,,,,,,,,,,,,,,,,,,,,,,,,,,,,,,,,,,,,,,,,,,,,,,,,,,,,,,,,,,,,,,,,,,,,,,
balanced_agentic,nominal,Intent-PPO-CMDP,5,150.0,0.0,300.0,0.0,250.0,0.0,1.0,0.0,500.0,0.0,1.0,0.0,800.0,0.0,1.0,0.0,999083877.0,498709197.5315023,1.0,0.0,320.147677999991,7.298897258581943,200.0,0.0,0.001,0.002,0.9463203530873179,0.014507301257697185,0.9205696743530923,0.01817811433991315,0.9800000000000001,0.029154759474226483,0.999,0.0020000000000000018,0.05367964691268209,0.014507301257697214,0.07943032564690741,0.01817811433991313,0.08566015472466475,0.018116944944527025,10.73592938253643,2.9014602515394436,0.05372711217532603,0.014486488094485248,-0.00887000751128272,0.04718145244080157,-0.03401549761981752,0.04891239537592116,0.018572151299302418,0.009919927155365939,0.035228034378128895,0.012269575397943197,0.03899284246275392,0.01154012956209962,0.19788389653734095,0.05962739242231473,0.23215247356394864,0.05106388336959601,0.24069095286349929,0.04881831512582522,0.7644628035963923,0.07227200137082253,0.8880567541894393,0.031230872139561633,,,0.9812730845207114,0.009946048341240682,0.00015476417998608,0.00030952835997216,0.0,0.0,0.00015476417998608,0.00030952835997216,0.8137855268150073,0.09332335623195055,0.7276199571253271,0.0620538729614771,0.1677278722459104,0.09615458678520215,0.0585391971747138,0.006448754574270523,0.0184866009390822,0.009881983985662385,2.682122976336836,0.31681188104807645,22.472,12.85182967518633,4.939,1.408188197649732,22.484,12.848399666884589,250.0,0.0,250.0,0.0,250.0,0.0,0.0,0.0,0.0,0.0,550.0,0.0,286.2,24.67711490429949,286.2,24.67711490429949,1.0,0.0,0.0,0.0,,,65.67074368582254,24.168267746528368,85.00486496023254,28.602143210766986,94.20559001795037,29.468759809152562,90.69699029342584,29.10883845689818,2.682122976336836,0.31681188104807645,2.3839849382159306,0.27078050840166606,2.3670760801950825,0.26640878529894146,0.06448476905460285,0.004743613339818972,27854329.70410387,4933893.278687073,26166872.992684446,4528928.599239989,0.03711984595044032,0.006993716771842535,2.1710424132022093,0.47769594153888345,0.6483535604320249,0.009377048717163074,0.5867316947251189,0.010558202031354453,0.0,0.0,0.14900683201871306,0.01760066005822646,0.16352298256289471,0.018732231900405735,51.411281033915444,18.699214473114896,0.5717201728731569,0.723161408562875,,,,,,,,,,,,,,,,,,,,,,,,,,,,,,,,,,,,,,,,,,,,,,,,,,,,,,,,,,,,,,,,,,,,,,,,,,,,,,,,,,,,,,,,,,,,,,,,,,,,,,,,,,,,,,,,,,,,,,,,,,,,,,,,,,
balanced_agentic,nominal,Intent-PPO-CMDP-FullPolicy-NoShield,5,150.0,0.0,300.0,0.0,250.0,0.0,1.0,0.0,500.0,0.0,1.0,0.0,800.0,0.0,1.0,0.0,999083877.0,498709197.5315023,1.0,0.0,320.147677999991,7.298897258581943,200.0,0.0,0.0,0.0,0.7859102703493329,0.08142349777111671,0.7257598198390427,0.07366256163156118,0.17099999999999999,0.3035852433831394,1.0,0.0,0.6686002429858563,0.4697203638915694,0.8801045247710922,0.5427232518147704,0.949323625259377,0.5730740614663217,133.72004859717126,93.94407277831388,0.6686002429858563,0.4697203638915694,-0.22482316161020108,0.16447502559553837,-0.292560817393528,0.1862947404669987,0.2808172009030431,0.16831907457365772,0.35208681130075686,0.1867695170053848,0.37529010469853097,0.19508137374799656,0.21187915740953814,0.062463146201917015,0.2500454285659909,0.05643882315680022,0.26194030643181554,0.0555340592043213,0.7499261865464585,0.06022323652282923,0.8747998440769955,0.03779919970265507,,,0.7191827990969569,0.16831907457365772,0.0,0.0,0.0,0.0,0.0,0.0,0.6179406858558646,0.12866877665739257,0.7240804162685708,0.04841280720614335,0.11946536714228144,0.09535933722839166,0.04317197251696638,0.013623276642481811,0.2625939470018539,0.17179978304397409,2.0878419915380237,0.43733640663328827,13.681999999999999,10.883286544054604,3.4939999999999998,1.998650544742627,16.168,12.922321231110145,250.0,0.0,250.0,0.0,250.0,0.0,0.0,0.0,0.0,0.0,550.0,0.0,286.2,24.67711490429949,286.2,24.67711490429949,1.0,0.0,0.0,0.0,,,50.68429561904405,23.84039900341178,67.75302492396645,29.12986452515089,76.53772572433442,30.898537440653122,74.34294172675239,30.23099077118981,2.0878419915380237,0.43733640663328827,1.7798896723053166,0.41270837329795784,1.7401721712302325,0.40991976397185276,0.09831463367438649,0.025294117439238165,26556955.580445256,5052474.302964652,24661506.972149115,4497803.493043755,0.03901057320806476,0.0073184330497260116,1.3671247103437913,0.6293183022496589,0.6099779176697626,0.048812031160208144,0.5370664682041465,0.058106275364037126,0.0021991093372549604,0.003594490886748613,0.1159912217521124,0.0242964670351827,0.13393300238797923,0.024577895078231805,24.908047191127856,22.223059913717748,1.7836089730694435,1.744507164787495,,,,,,,,,,,,,,,,,,,,,,,,,,,,,,,,,,,,,,,,,,,,,,,,,,,,,,,,,,,,,,,,,,,,,,,,,,,,,,,,,,,,,,,,,,,,,,,,,,,,,,,,,,,,,,,,,,,,,,,,,,,,,,,,,,
balanced_agentic,nominal,Intent-PPO-CMDP-NoRisk,5,150.0,0.0,300.0,0.0,250.0,0.0,1.0,0.0,500.0,0.0,1.0,0.0,800.0,0.0,1.0,0.0,999083877.0,498709197.5315023,1.0,0.0,274.6141810200061,5.506362305433448,200.0,0.0,0.0,0.0,0.9409485900378508,0.012511081195662552,0.9185747066321099,0.01506181521225195,0.99,0.010488088481701525,1.0,0.0,0.05905140996214916,0.012511081195662485,0.08142529336788992,0.015061815212251977,0.08699138135910071,0.015677102322743917,11.810281992429841,2.5022162391324945,0.05905140996214916,0.012511081195662485,-0.0015430741482842,0.055847733542535055,-0.032102933433859,0.052315987586915094,0.0008677065092579401,0.0004375567141421761,0.00621344763841126,0.003114635743373605,0.007467732327752221,0.003626170292363919,0.19630262357677536,0.06017359536564422,0.232102933433859,0.05231598758691515,0.24036802043367564,0.05110257918376338,0.7289704129505303,0.1333556785172319,0.8773939443325858,0.03828268546785006,,,0.9964563152929653,0.005241701384387066,0.002675978197776591,0.005269557085681991,0.0,0.0,0.002675978197776591,0.005269557085681991,0.7815505750605433,0.13702868597869,0.6911687076636122,0.11452611861933677,0.21807212747813018,0.13737635097913697,0.05844033483146148,0.01158312588343317,0.0003772974613265544,0.0004053706633392176,2.5553507411480796,0.4345094092202597,28.769,17.803543018174782,5.071,2.5431681029770723,28.833999999999996,17.846912169896505,250.0,0.0,250.0,0.0,250.0,0.0,0.0,0.0,0.0,0.0,550.0,0.0,286.2,24.67711490429949,286.2,24.67711490429949,1.0,0.0,0.0,0.0,,,78.60817374709207,36.40975207089674,100.98652055220045,40.179717247469426,109.6937368839364,41.09098123864666,107.08298982294164,40.77577781985018,2.5553507411480796,0.4345094092202597,2.269426670372815,0.36448940332211127,2.2476554797173582,0.3544832163488804,0.06774846030954575,0.008357852086954696,28154598.721819997,3423546.2484294786,26505232.685197126,3030015.2509754114,0.03605176895098945,0.004390463108073172,2.571927978576415,0.9899285583576435,0.6600447611485577,0.0048556635647881525,0.6033136254394222,0.008215357715939134,0.0,0.0,0.14196393006378213,0.02413941162334773,0.15751569185481093,0.027195305873728266,30.013429838005596,34.85617434999875,0.6116535828761629,0.4261355165686264,,,,,,,,,,,,,,,,,,,,,,,,,,,,,,,,,,,,,,,,,,,,,,,,,,,,,,,,,,,,,,,,,,,,,,,,,,,,,,,,,,,,,,,,,,,,,,,,,,,,,,,,,,,,,,,,,,,,,,,,,,,,,,,,,,
balanced_agentic,nominal,MaxWeight,5,150.0,0.0,300.0,0.0,250.0,0.0,1.0,0.0,500.0,0.0,1.0,0.0,800.0,0.0,1.0,0.0,999083877.0,498709197.5315023,0.0,0.0,1.5600002370774746e-05,4.608659391763459e-06,200.0,0.0,0.005,0.007745966692414835,0.9065423055288184,0.01679221241713775,0.8915158528602933,0.013476636060295281,0.531,0.3179056463795508,0.9949999999999999,0.007745966692414841,0.09345769447118152,0.016792212417137707,0.10848414713970655,0.013476636060295316,0.11241973375668939,0.014115995456297593,18.691538894236313,3.358442483427539,0.09380412394754369,0.016313986711574666,0.05357206802919544,0.011119043417258763,0.030426099924251014,0.048837645533444024,0.0,0.0,0.0,0.0,0.0,0.0,0.12862762232940214,0.015939987995597277,0.16957390007574888,0.048837645533444024,0.1802418920873925,0.05163576632412177,0.9166930148649666,0.07652304203367033,0.9800037321512839,0.009955045584620065,,,0.9393898713902937,0.03596678370261106,0.060610128609706306,0.03596678370261107,0.0,0.0,0.060610128609706306,0.03596678370261107,0.5772301453780126,0.0745245317858054,0.8026301860177837,0.06367220830114145,0.42276985462198713,0.07452453178580536,0.11904112352617129,0.008306566730087398,0.0,0.0,2.0514142732106757,0.2132423444461716,47.816,5.620902418651297,15.12,1.6834607212525035,47.816,5.620902418651297,250.0,0.0,252.564,2.5880367076222113,279.4,22.720915474513784,2.5639999999999996,2.588036707622208,29.4,22.720915474513784,552.564,2.5880367076221895,286.2,24.67711490429949,286.2,24.67711490429949,1.0,0.0,0.0,0.0,,,129.02106553343486,20.551194864534846,153.56624373648202,11.506379618194618,162.91926606239497,12.363690593521195,160.23180504936045,11.829124717092615,2.0514142732106757,0.2132423444461716,1.8552220619621402,0.16781699464511024,1.841471885626678,0.16659556566793565,0.07043468678071454,0.023187851549448135,17868578.38000196,2067378.351553987,16732750.063088957,1852904.1641216716,0.05692431819565744,0.006842236164338532,6.839128580589318,1.5468364971498936,0.6253971737673772,0.023306264331487823,0.5523325935375496,0.033766812855256303,0.00016646219302467999,0.00013823514194272123,0.11396745962281525,0.011846796913676155,0.12921198642813275,0.02190480815199579,-190.55328124917816,52.23861497941828,0.3687495504965265,0.400501275197443,,,,,,,,,,,,,,,,,,,,,,,,,,,,,,,,,,,,,,,,,,,,,,,,,,,,,,,,,,,,,,,,,,,,,,,,,,,,,,,,,,,,,,,,,,,,,,,,,,,,,,,,,,,,,,,,,,,,,,,,,,,,,,,,,,
balanced_agentic,nominal,PPO,5,150.0,0.0,300.0,0.0,250.0,0.0,1.0,0.0,500.0,0.0,1.0,0.0,800.0,0.0,1.0,0.0,999083877.0,498709197.5315023,1.0,0.0,267.553891400015,9.782401107503151,200.0,0.0,0.028000000000000004,0.05600000000000001,0.9505063325631544,0.025444034207883045,0.925551838310829,0.033480086304540496,0.924,0.1398356177803066,0.9720000000000001,0.05600000000000001,0.04949366743684548,0.025444034207883007,0.07444816168917086,0.0334800863045405,0.07964434069158562,0.035140990786801024,9.898733487369107,5.0888068415765995,0.05002629589054142,0.02476362327965033,0.0009742146534674811,0.053587730043901424,-0.02751538466649007,0.05223205846326667,0.00107767833017046,0.00036306213260484024,0.00779858134727202,0.00038339397297030577,0.010274742888588399,0.002537933111548634,0.1960607516460388,0.05624358487146216,0.22751538466649004,0.05223205846326673,0.23783799354209512,0.050842372767197816,0.7713812706920311,0.04406467784096471,0.8837123206272347,0.019634485033770906,,,0.9988044395716411,0.00045712055103602924,0.0001178820981884,0.0002357641963768,0.0,0.0,0.0001178820981884,0.0002357641963768,0.8275817360908497,0.08272503465972066,0.7324122059277638,0.03674646565689434,0.17173496846367026,0.08296051561991354,0.06285585131270491,0.005255509177068413,0.0006832954454799438,0.00038535362986201493,2.703120793452308,0.23908608766004272,23.052,11.059557224410026,5.247,1.08250912236341,23.106,11.075914138345421,250.0,0.0,250.0,0.0,250.0,0.0,0.0,0.0,0.0,0.0,550.0,0.0,286.2,24.67711490429949,286.2,24.67711490429949,1.0,0.0,0.0,0.0,,,66.64583097712193,20.131760073085772,87.28376987670443,22.37873824741553,95.66091495429298,23.419948884310386,93.06529111757045,23.981514601681376,2.703120793452308,0.23908608766004272,2.443137960762025,0.21108685321804466,2.413999149037518,0.19741138094227498,0.058966496917852364,0.004368645489449484,27844812.291870713,3573120.752901611,26464153.967195332,3358235.5138048623,0.036503214408371495,0.004697378941406211,2.2884494040560335,0.6481990089643753,0.6619139647207957,0.005856147865702331,0.60302463127251,0.012354828263814347,0.0,0.0,0.1501733774140171,0.013282560425557956,0.16369650062089758,0.014629618963700429,52.021502828097184,19.18037675985206,0.38189830539001396,0.2860155252524274,,,,,,,,,,,,,,,,,,,,,,,,,,,,,,,,,,,,,,,,,,,,,,,,,,,,,,,,,,,,,,,,,,,,,,,,,,,,,,,,,,,,,,,,,,,,,,,,,,,,,,,,,,,,,,,,,,,,,,,,,,,,,,,,,,
balanced_agentic,nominal,PPO-Lagrangian,5,150.0,0.0,300.0,0.0,250.0,0.0,1.0,0.0,500.0,0.0,1.0,0.0,800.0,0.0,1.0,0.0,999083877.0,498709197.5315023,1.0,0.0,266.61783722001127,11.520029096061073,200.0,0.0,0.002,0.004,0.9528179474977275,0.020176806625242173,0.932339674395742,0.021208807609796536,0.991,0.013564659966250548,0.998,0.0040000000000000036,0.047182052502272295,0.020176806625242235,0.06766032560425807,0.021208807609796536,0.07436775566634726,0.022368465285023422,9.43641050045447,4.035361325048445,0.047244188438662696,0.020126545478792043,0.03961030998182404,0.014339388433028066,0.00934435088079532,0.019474761552004907,0.00148921211871198,0.000678601949878419,0.00811691127824388,0.0007229119691051207,0.01135527852572554,0.0028060487092225234,0.14466908899526193,0.029899750798773463,0.1893245486960046,0.021827231837217617,0.20171325033952012,0.017208309730804942,0.823610615376731,0.029701369756718467,0.901059607428856,0.02331964853427651,,,0.9945040687098633,0.006921773516310274,0.004006719171424586,0.006430109429617509,0.0,0.0,0.004006719171424586,0.006430109429617509,0.709452457211188,0.09011738544185689,0.7726044080331989,0.02348778998030381,0.29014238026424416,0.09002968204934216,0.06845924817881859,0.004893303925082705,0.0004051625245679487,0.0003212233441460022,2.339527734091074,0.28031459951348076,38.184,11.314757796789111,6.804,0.9288455199870429,38.32599999999999,11.386183908579731,250.0,0.0,250.0,0.0,250.0,0.0,0.0,0.0,0.0,0.0,550.0,0.0,286.2,24.67711490429949,286.2,24.67711490429949,1.0,0.0,0.0,0.0,,,97.2432148292228,26.816741052820426,121.28381827304013,28.280362591282508,127.78165999145372,28.55698084034287,126.68609029480005,28.86187843133541,2.339527734091074,0.28031459951348076,2.09850177425603,0.2933628987519758,2.078043358694685,0.2920193431660214,0.06594149316936182,0.011299517595042887,30229028.106676005,2682217.0218049777,28043544.836790938,2318313.8937082575,0.033350833755042136,0.0030271424009222633,3.106198755264656,0.9678844377037575,0.6602003236963417,0.002873728639447059,0.6021919076352116,0.0024250020453768046,0.0,0.0,0.1299737630050596,0.015573033306304482,0.14328178401492644,0.015099995942254106,28.23012057187979,42.00233372707881,9.977907017584434,19.115047738157653,,,,,,,,,,,,,,,,,,,,,,,,,,,,,,,,,,,,,,,,,,,,,,,,,,,,,,,,,,,,,,,,,,,,,,,,,,,,,,,,,,,,,,,,,,,,,,,,,,,,,,,,,,,,,,,,,,,,,,,,,,,,,,,,,,
balanced_agentic,nominal,PPO_CMDP,5,150.0,0.0,300.0,0.0,250.0,0.0,1.0,0.0,500.0,0.0,1.0,0.0,800.0,0.0,1.0,0.0,999083877.0,498709197.5315023,1.0,0.0,272.14205237999556,4.344263892369205,200.0,0.0,0.013000000000000001,0.013266499161421601,0.96050280459951,0.01705977567990549,0.9355362231472262,0.02194464739136582,0.9879999999999999,0.021587033144922923,0.9869999999999999,0.013266499161421611,0.03949719540048982,0.01705977567990547,0.06446377685277366,0.021944647391365826,0.07221336635179534,0.02346475661002554,7.899439080097973,3.4119551359810965,0.03989025430898166,0.016879967588589253,-0.0012790109418788,0.042420294680223104,-0.030365606610207162,0.04018772972006668,0.00061179007268552,0.0003848407157908082,0.0045586683299558995,0.0037322852619559293,0.0058016985523961,0.004625248142387595,0.19939345266860725,0.04473805398449874,0.23036560661020716,0.040187729720066706,0.2392453146690099,0.03987191532560555,0.7449940667238273,0.09802219971766288,0.871852200520277,0.024012191029651873,,,0.9993882099273144,0.00038484071579080294,0.0,0.0,0.0,0.0,0.0,0.0,0.8519666132426611,0.04806112107444426,0.7079217891752069,0.08760134613362192,0.1476374669838385,0.048202473493020405,0.0611470548714428,0.008169738787803615,0.00039591977350030336,0.0003083120718773004,2.790675056410886,0.18225471792536568,19.843,6.331928300288942,4.986,1.397517083974289,19.872,6.333872117433379,250.0,0.0,250.0,0.0,250.0,0.0,0.0,0.0,0.0,0.0,550.0,0.0,286.2,24.67711490429949,286.2,24.67711490429949,1.0,0.0,0.0,0.0,,,59.871199154799214,12.96684063088691,77.15899588490115,13.732701917564693,83.31103088531738,14.587956372438116,81.29487996188932,13.580506036490597,2.790675056410886,0.18225471792536568,2.479954036281568,0.13577723060515193,2.4662594160147187,0.13475683497738306,0.06286427709829626,0.004033529435155598,28646677.036393363,3062472.467257114,27198879.546395916,2869243.010964838,0.035301641268722816,0.0038304633559638262,2.0049319043532967,0.4038762198325047,0.6593666850927292,0.005021738063954617,0.5960383779733819,0.0034516578764466183,0.0,0.0,0.15503750313393805,0.010125262106964756,0.1700717221944604,0.011746683396606917,65.488854490976,9.264774258564055,0.18809119643857575,0.06357580415900752,,,,,,,,,,,,,,,,,,,,,,,,,,,,,,,,,,,,,,,,,,,,,,,,,,,,,,,,,,,,,,,,,,,,,,,,,,,,,,,,,,,,,,,,,,,,,,,,,,,,,,,,,,,,,,,,,,,,,,,,,,,,,,,,,,
latency_critical,congestion_burst,Intent-PPO-CMDP,5,150.0,0.0,300.0,0.0,250.0,0.0,1.0,0.0,500.0,0.0,1.0,0.0,800.0,0.0,1.0,0.0,1254729370.2,633539124.5077837,1.0,0.0,320.147677999991,7.298897258581943,200.0,0.0,0.0,0.0,0.8241314357554502,0.019014531207447175,0.796614084406792,0.0158882876362679,0.01,0.012649110640673518,1.0,0.0,0.17586856424454966,0.0190145312074472,0.2033859155932079,0.01588828763626787,0.20950610941785403,0.016057288072107722,35.17371284890994,3.8029062414894366,0.17586856424454966,0.0190145312074472,0.0759670000250508,0.014896644289574894,0.058365574317233306,0.020226778534762502,0.02381818496978726,0.015046369668988044,0.04160471109941696,0.020247869199892403,0.04652298601608912,0.021084500071560527,0.17885375350844684,0.06322257855330707,0.20902366943778672,0.05325780339303074,0.21840172921682463,0.05021142420529287,0.8864477369407068,0.02243732571849779,0.9437811737912012,0.01982656900264763,,,0.9607779138055992,0.030009071651773425,0.015403901224613539,0.02807802066158751,0.0,0.0,0.015403901224613539,0.02807802066158751,0.6182617160534859,0.09043313921752162,0.8324443730636165,0.019765570161539812,0.3585663119917065,0.09845636922127977,0.0644314991192705,0.006690375291167191,0.02317197195480744,0.014958193053210568,2.9911451762416763,0.48004605272405154,64.78699999999999,15.380799264017456,10.198,1.189447771026538,64.91,15.339124812061478,250.0,0.0,250.0,0.0,250.0,0.0,0.0,0.0,0.0,0.0,550.0,0.0,286.2,24.67711490429949,286.2,24.67711490429949,1.0,0.0,0.0,0.0,,,110.89100737580353,30.502705382476172,131.40263742716343,29.69318676632671,140.89354566969777,30.82040023538075,137.45605199189444,30.076699174652827,2.9911451762416763,0.48004605272405154,2.737020398653365,0.4931240307894437,2.720915177027045,0.5009687783295895,0.05325378522502816,0.015015153120469435,29952310.668151986,5073513.32249648,28550038.0290292,4614130.950304492,0.034440185272568855,0.00628533555366909,4.860285397256905,0.6837621754273845,0.6619958067381757,0.013032116280222224,0.6148624436010283,0.013765460730154654,0.0,0.0,0.16617473201342642,0.02666922515133621,0.1797548791632531,0.026097372079882327,37.077695130843054,28.52798384060973,0.5547172071136067,0.3445879598518097,,,,,,,,,,,,,,,,,,,,,,,,,,,,,,,,,,,,,,,,,,,,,,,,,,,,,,,,,,,,,,,,,,,,,,,,,,,,,,,,,,,,,,,,,,,,,,,,,,,,,,,,,,,,,,,,,,,,,,,,,,,,,,,,,,
latency_critical,congestion_burst,Intent-PPO-CMDP-FullPolicy-NoShield,5,150.0,0.0,300.0,0.0,250.0,0.0,1.0,0.0,500.0,0.0,1.0,0.0,800.0,0.0,1.0,0.0,1254729370.2,633539124.5077837,1.0,0.0,320.147677999991,7.298897258581943,200.0,0.0,0.0,0.0,0.7250745168003127,0.0903223783940868,0.6827885936630116,0.09407797412126319,0.003,0.006,1.0,0.0,0.37220185425334384,0.1845673473541138,0.45104094875594997,0.2151057640958304,0.4752914664043317,0.2227240204633799,74.44037085066877,36.913469470822754,0.37220185425334384,0.1845673473541138,-0.17833521860172688,0.17715669173693538,-0.2418476141385592,0.1976068805026796,0.27833521860172683,0.17715669173693543,0.34184761413855913,0.1976068805026796,0.3614891099065584,0.20328013346857576,0.18953598669286906,0.06201654549924457,0.22281222740402215,0.05292711990375967,0.2298891022676924,0.05322062034466734,0.8804154112338811,0.016195423417845106,0.9380672964565662,0.009780723317188355,,,0.7187496072451102,0.1760937962667513,0.00291517415316304,0.003868495930127453,0.0,0.0,0.00291517415316304,0.003868495930127453,0.49974864896907417,0.09081877885964192,0.8382449400039442,0.023172474342960544,0.27078917429706595,0.13680716814725613,0.05231984941480862,0.01357205507587462,0.22946217673385988,0.17301255078986685,2.4515262539212475,0.4681710594654954,41.352999999999994,23.198505038040707,7.953999999999999,2.0402583169785147,50.63099999999999,25.132316526735057,250.0,0.0,250.0,0.0,250.0,0.0,0.0,0.0,0.0,0.0,550.0,0.0,286.2,24.67711490429949,286.2,24.67711490429949,1.0,0.0,0.0,0.0,,,90.60124457513704,34.186196773591234,112.1108850576632,37.33050537703737,119.74869069075012,37.77574191677129,117.51776354934934,38.284156952149544,2.4515262539212475,0.4681710594654954,2.1270760704346023,0.4743928337485654,2.11652183430244,0.47673346634222413,0.07935832922284398,0.022279473797240077,28805724.195105415,4973286.463030621,27225819.89977456,4596336.669436605,0.03577912548522204,0.00630672710789437,3.282529768914493,1.4012175139167649,0.6211863870992235,0.04822840961704418,0.5513836197839976,0.06228739102415254,0.00125583179721242,0.0018237942480640935,0.13619590299562484,0.026009503303638624,0.15359204254977374,0.025934879208154713,2.1438419640316417,32.476233431455455,1.1723578401732988,0.6459055984124932,,,,,,,,,,,,,,,,,,,,,,,,,,,,,,,,,,,,,,,,,,,,,,,,,,,,,,,,,,,,,,,,,,,,,,,,,,,,,,,,,,,,,,,,,,,,,,,,,,,,,,,,,,,,,,,,,,,,,,,,,,,,,,,,,,
latency_critical,congestion_burst,Intent-PPO-CMDP-NoRisk,5,150.0,0.0,300.0,0.0,250.0,0.0,1.0,0.0,500.0,0.0,1.0,0.0,800.0,0.0,1.0,0.0,1254729370.2,633539124.5077837,1.0,0.0,274.6141810200061,5.506362305433448,200.0,0.0,0.001,0.002,0.8282286516452972,0.037243924546509835,0.797194920011087,0.03807777599702274,0.053000000000000005,0.07025667228100119,0.999,0.0020000000000000018,0.1717713483547028,0.03724392454650982,0.2028050799889129,0.038077775997022785,0.21138477524296198,0.04036205359073471,34.354269670940575,7.448784909301968,0.17189495243098443,0.03708248785446952,0.0968964437283567,0.003927990669990993,0.08907907360139017,0.011573807030791885,0.00028722832720412,0.00015569345309185357,0.0020397145818079,0.002498399627783554,0.0025636097094162,0.0029467702670922516,0.1756096771406266,0.06387010004579156,0.20694243125800424,0.05560280210683965,0.21556276488471582,0.05325056788261658,0.8608069240144308,0.027790837636346443,0.9214244965241368,0.02154267649944581,,,0.9520317970261354,0.06349171080350997,0.04768097464666042,0.06353048901442422,0.0,0.0,0.04768097464666042,0.06353048901442422,0.6038408501181582,0.13532664090016894,0.808295237102627,0.0238583780135464,0.3960331137874495,0.13539398340205847,0.06474895552091502,0.003830014632542477,0.00012603609439235347,7.050016070822915e-05,2.8529667560985503,0.6306402369403363,65.724,18.40645278156549,9.908999999999999,0.8543383404717361,65.75399999999999,18.421241923388337,250.0,0.0,250.0,0.0,250.0,0.0,0.0,0.0,0.0,0.0,550.0,0.0,286.2,24.67711490429949,286.2,24.67711490429949,1.0,0.0,0.0,0.0,,,121.36868764751632,41.33735437716826,140.90820331326177,40.37185461008172,146.8597621700943,39.51088507860477,144.80972799354637,39.769121842919745,2.8529667560985503,0.6306402369403363,2.604126912512873,0.6220500712754684,2.580699796224829,0.6276236002024362,0.059113510328173725,0.013284393691241786,30231739.858941525,3747177.6475859573,28800363.173409563,3207473.332685969,0.03357644892926212,0.0041306092540362455,5.106550216718979,1.3594175526466807,0.6741103855189168,0.002838380982356691,0.6212050304505207,0.007067585808192414,0.0,0.0,0.1584981531165861,0.03503556871890757,0.17390584827211114,0.034896125313158444,12.664904946522654,41.0554201107518,9.859242784968602,17.6744002637561,,,,,,,,,,,,,,,,,,,,,,,,,,,,,,,,,,,,,,,,,,,,,,,,,,,,,,,,,,,,,,,,,,,,,,,,,,,,,,,,,,,,,,,,,,,,,,,,,,,,,,,,,,,,,,,,,,,,,,,,,,,,,,,,,,
latency_critical,congestion_burst,MaxWeight,5,150.0,0.0,300.0,0.0,250.0,0.0,1.0,0.0,500.0,0.0,1.0,0.0,800.0,0.0,1.0,0.0,1254729370.2,633539124.5077837,0.0,0.0,2.502007409930229e-05,1.5967900056310744e-05,200.0,0.0,0.003,0.006,0.7346892723851995,0.03738104572450296,0.7016801059762099,0.028920918164927107,0.027000000000000003,0.049050993873722894,0.9970000000000001,0.006000000000000005,0.26531072761480046,0.037381045724502994,0.29831989402379006,0.028920918164927093,0.3041272845458622,0.029688975503279504,53.0621455229601,7.476209144900599,0.26590690644835707,0.03627419916501193,0.1,0.0,0.1,0.0,0.0,0.0,0.0,0.0,0.0,0.0,0.11649145875990821,0.009092143139876503,0.14351744227015673,0.013766681329073775,0.15250724707531707,0.014794760118820114,0.9561344009685383,0.027633044390530062,0.9866928422205158,0.005813314482359269,,,0.7460906602920152,0.07122302756391077,0.2539093397079846,0.0712230275639108,0.0,0.0,0.2539093397079846,0.0712230275639108,0.4184126324553102,0.054293173227174786,0.8505674563965379,0.028244756567716255,0.5815873675446899,0.05429317322717479,0.10590126225633303,0.002694553756625815,0.0,0.0,2.1715200797339933,0.24796357775957206,61.419000000000004,3.451472729140418,19.816000000000003,0.4439639625014619,61.419000000000004,3.451472729140418,250.0,0.0,254.623,4.1939666188466544,285.6,24.335981591051553,4.623,4.19396661884665,35.6,24.335981591051553,554.6229999999999,4.193966618846655,286.2,24.67711490429949,286.2,24.67711490429949,1.0,0.0,0.0,0.0,,,146.03596322860426,10.77878247529793,164.40614085334792,6.960510393292651,169.8405413255466,7.186248099289946,168.4207481415749,7.350727387288674,2.1715200797339933,0.24796357775957206,1.9682951362691177,0.19819447969791304,1.9551610535415658,0.19617936248877044,0.06891471975637267,0.02226561379626927,18252571.373879023,1862485.527430206,17135995.928764336,1615908.480924957,0.05543976896360714,0.005994748196114457,9.04250140984114,1.1070209590568199,0.5474033120368409,0.027128148776652587,0.5037636353078117,0.012947510442864593,0.00055768029398852,0.0004643654439207022,0.12064000442966624,0.013775754319976217,0.1356879487588573,0.022816931042261453,-143.29185043896177,12.394669591577104,0.2791565524638554,0.1550189691288807,,,,,,,,,,,,,,,,,,,,,,,,,,,,,,,,,,,,,,,,,,,,,,,,,,,,,,,,,,,,,,,,,,,,,,,,,,,,,,,,,,,,,,,,,,,,,,,,,,,,,,,,,,,,,,,,,,,,,,,,,,,,,,,,,,
latency_critical,congestion_burst,PPO,5,150.0,0.0,300.0,0.0,250.0,0.0,1.0,0.0,500.0,0.0,1.0,0.0,800.0,0.0,1.0,0.0,1254729370.2,633539124.5077837,1.0,0.0,267.553891400015,9.782401107503151,200.0,0.0,0.0,0.0,0.8379678997770144,0.01726659725163183,0.8134776265473228,0.017218095332254362,0.013000000000000001,0.012884098726725126,1.0,0.0,0.1620321002229855,0.017266597251631845,0.18652237345267728,0.017218095332254418,0.19214518765447025,0.016688709503245903,32.40642004459711,3.453319450326373,0.1620321002229855,0.017266597251631845,0.09492246691391397,0.00874568540834299,0.08703333002836292,0.01535598918601791,0.00076874179468834,0.00042853619754866767,0.00534197653330378,0.00036037686927257144,0.006912749714153241,0.0008686705915264991,0.1831941902696061,0.058177487244948506,0.20773920263909368,0.05553252438319701,0.2148115822145154,0.05525378297028238,0.8695122011423125,0.010858799126859253,0.9217539503680097,0.009787846418823342,,,0.9879131847028043,0.02194702562692779,0.0113180735025072,0.022174613802852853,0.0,0.0,0.0113180735025072,0.022174613802852853,0.634374845007827,0.07547719423456253,0.8156552557834568,0.01253523004386871,0.36538695168331414,0.07555775935918642,0.06577612835112037,0.007145275771334539,0.00023820330885876943,0.0001574820827374727,3.009527481814964,0.3385836373117763,66.90200000000002,11.559894290174109,10.167,1.1465059964954392,67.0,11.525253576386076,250.0,0.0,250.0,0.0,250.0,0.0,0.0,0.0,0.0,0.0,550.0,0.0,286.2,24.67711490429949,286.2,24.67711490429949,1.0,0.0,0.0,0.0,,,110.80871469860878,24.833609085388776,132.01520881784774,25.468847108327417,142.71192674824414,21.97342678946929,138.68063947063226,23.403335001674105,3.009527481814964,0.3385836373117763,2.768500881944882,0.3378439659137034,2.746778471554774,0.3406966392586098,0.04994433424944254,0.006951247014170666,29389829.488647543,3595023.420893952,28360041.438169897,3499746.386705673,0.03456050656542238,0.0044048916085883665,5.095210592567088,0.9655488939737175,0.6774334388834433,0.004236590403352642,0.6271385911752851,0.010145672007591734,0.0,0.0,0.1671959712119424,0.018810202072876446,0.17993621294328366,0.018527875119137394,32.904121242597384,30.942294122343533,8.6344323582603,15.536900938574533,,,,,,,,,,,,,,,,,,,,,,,,,,,,,,,,,,,,,,,,,,,,,,,,,,,,,,,,,,,,,,,,,,,,,,,,,,,,,,,,,,,,,,,,,,,,,,,,,,,,,,,,,,,,,,,,,,,,,,,,,,,,,,,,,,
latency_critical,congestion_burst,PPO-Lagrangian,5,150.0,0.0,300.0,0.0,250.0,0.0,1.0,0.0,500.0,0.0,1.0,0.0,800.0,0.0,1.0,0.0,1254729370.2,633539124.5077837,1.0,0.0,266.61783722001127,11.520029096061073,200.0,0.0,0.0,0.0,0.8099998830776964,0.027281184249081786,0.7790125424702765,0.030570980807916984,0.0,0.0,1.0,0.0,0.1900001169223035,0.027281184249081755,0.22098745752972349,0.03057098080791706,0.2275627871851124,0.031030054701010716,38.000023384460704,5.456236849816353,0.1900001169223035,0.027281184249081755,0.09917784829520374,0.0005987811355992938,0.0954373274873288,0.002306013469408169,0.0008221517047961801,0.0005987811355992668,0.00456267251267116,0.0023060134694081417,0.00701931941004994,0.003889719706272591,0.11768219023114797,0.034178749245845436,0.15323593148753575,0.03113254681739475,0.16155122898768942,0.030403158266844227,0.8805604676072031,0.017756824525107434,0.9322926083495503,0.01438384406295242,,,0.9379385199912089,0.0686373601047696,0.061239328303994846,0.06886054932488227,0.0,0.0,0.061239328303994846,0.06886054932488227,0.5271566131049319,0.0705798518818046,0.825729104577519,0.015377842443290938,0.47262961922659635,0.0705367915051461,0.06521746201960534,0.0041437422856491785,0.00021376766847170425,0.00017637051484288766,2.506583072743678,0.3396603544236997,77.071,5.350676032054268,10.311000000000002,0.5525341618397908,77.183,5.426461646413803,250.0,0.0,250.0,0.0,250.0,0.0,0.0,0.0,0.0,0.0,550.0,0.0,286.2,24.67711490429949,286.2,24.67711490429949,1.0,0.0,0.0,0.0,,,144.6500216937699,22.345865712165956,166.52155912343275,18.976179200991957,174.3506169816088,18.199059610252913,171.86214361563776,18.52929929761049,2.506583072743678,0.3396603544236997,2.2778432366773367,0.3498553574654205,2.2533199013324143,0.3453335175411194,0.06018147114179114,0.013261989221361563,32386128.5130843,2961341.598285147,30644109.078670252,2532389.7935301955,0.031141532577855104,0.0029614701613992493,5.782921642494516,1.0262070837326052,0.673730639223554,0.004148190781395791,0.6231728804635737,0.005407022077183766,0.0,0.0,0.13925461515242657,0.01887001969020554,0.15304874510004907,0.0182280788074888,5.030631795456317,35.63641009493139,0.7337157583250196,0.2563649424386232,,,,,,,,,,,,,,,,,,,,,,,,,,,,,,,,,,,,,,,,,,,,,,,,,,,,,,,,,,,,,,,,,,,,,,,,,,,,,,,,,,,,,,,,,,,,,,,,,,,,,,,,,,,,,,,,,,,,,,,,,,,,,,,,,,
latency_critical,congestion_burst,PPO_CMDP,5,150.0,0.0,300.0,0.0,250.0,0.0,1.0,0.0,500.0,0.0,1.0,0.0,800.0,0.0,1.0,0.0,1254729370.2,633539124.5077837,1.0,0.0,272.14205237999556,4.344263892369205,200.0,0.0,0.001,0.002,0.8471571602606982,0.018815680622732683,0.8230587731331298,0.014280373929560426,0.044,0.088,0.999,0.0020000000000000018,0.15284283973930166,0.0188156806227327,0.17694122686687033,0.014280373929560377,0.18351695910810012,0.016121301448902198,30.568567947860338,3.763136124546538,0.15295949122106917,0.01858775513122308,0.09772142330118283,0.003875200383013786,0.09213302717120858,0.010997911884803145,0.00035103880810418456,0.00022013135717495035,0.0029968491736294,0.0024629345206195015,0.004013446281977645,0.0032289270780723094,0.19120859100415846,0.04376157155498824,0.215746757353504,0.040883442032537215,0.22198438600813195,0.04139841425225211,0.8649385758803841,0.03190973690422201,0.91993573837557,0.026822708913691037,,,0.9984801442364428,0.0022645974729804496,0.0011688169554529,0.0023376339109058,0.0,0.0,0.0011688169554529,0.0023376339109058,0.6655243515760183,0.05256418496463141,0.8108256379026214,0.025811770856795934,0.33428878484665925,0.05253673504982533,0.06801223782950405,0.007830327537785831,0.00018686357732237345,0.00018297939565985468,3.1554013370304297,0.2518479818730223,62.626999999999995,9.284979590715318,10.156,1.4228401175114513,62.657999999999994,9.276225309898418,250.0,0.0,250.0,0.0,250.0,0.0,0.0,0.0,0.0,0.0,550.0,0.0,286.2,24.67711490429949,286.2,24.67711490429949,1.0,0.0,0.0,0.0,,,101.47844260652013,16.62674787223067,122.3914750009279,18.215602437470974,131.74742001069484,20.52414828869128,127.32698569602663,19.303125805512565,3.1554013370304297,0.2518479818730223,2.8919794652796917,0.2576114680640355,2.8751316727348915,0.2546780782585237,0.05036411960064724,0.007515460021647797,30072494.666068513,3101476.2192412326,29072755.978461765,2962672.140265413,0.03361902233279814,0.003600915509641848,4.594061978353284,0.7640503363081126,0.6748639234708598,0.004333737193303475,0.6217563703641718,0.005534454340524782,0.0,0.0,0.17530007427946825,0.013991554548501272,0.18943099015834713,0.013902328920872392,52.379672375958776,17.060317663433548,0.4124748213381876,0.2930039563364863,,,,,,,,,,,,,,,,,,,,,,,,,,,,,,,,,,,,,,,,,,,,,,,,,,,,,,,,,,,,,,,,,,,,,,,,,,,,,,,,,,,,,,,,,,,,,,,,,,,,,,,,,,,,,,,,,,,,,,,,,,,,,,,,,,
latency_critical,mixed_stress,Intent-PPO-CMDP,5,150.0,0.0,300.0,0.0,250.0,0.0,1.0,0.0,500.0,0.0,1.0,0.0,800.0,0.0,1.0,0.0,1419697292.6,457272779.23266584,1.0,0.0,320.147677999991,7.298897258581943,200.0,0.0,0.0,0.0,0.795295211271194,0.02072226098541894,0.7743762179657174,0.023854068378499637,0.0,0.0,1.0,0.0,0.2047047887288059,0.020722260985418937,0.22562378203428252,0.023854068378499634,0.2334714379103333,0.025445583522529628,40.940957745761196,4.144452197083791,0.2047047887288059,0.020722260985418937,0.07299101755394775,0.015343666146335606,0.056902874393925065,0.019245567490552222,0.01798075769687594,0.010596841767353237,0.03292815023534542,0.015285596330660777,0.03796099085714356,0.017187490298431342,0.21087369454320984,0.07619213616970348,0.24234029165935017,0.0639075192260941,0.2511992044696948,0.05951364902845281,0.926044596075941,0.01663009475600851,0.9635539346758512,0.01236165070150349,,,0.9341733517691327,0.07021736327448995,0.04784589053399112,0.0711152648711281,0.0,0.0,0.04784589053399112,0.0711152648711281,0.4931526090411234,0.06591173478825223,0.8770452820993653,0.014851452683874843,0.4895198361164496,0.07045902483482364,0.05586227174509252,0.006594392771259273,0.017327554842426898,0.010405319724195745,2.7394079793568222,0.40582431305893363,92.783,8.567987278235185,10.311000000000002,1.1297937864938008,92.92099999999999,8.590036321227052,250.0,0.0,250.0,0.0,250.0,0.0,0.0,0.0,0.0,0.0,550.0,0.0,286.2,24.67711490429949,286.2,24.67711490429949,1.0,0.0,0.0,0.0,,,148.04372089510053,22.604726624722996,167.8851096854244,19.794689495751282,174.9506603766237,19.691573594794807,172.1664075951456,19.79086006052845,2.7394079793568222,0.40582431305893363,2.5009178436607713,0.4379504806197312,2.4725207157426192,0.42222557527775895,0.05922278362643646,0.015777215238258587,29711013.44922176,5175893.739200245,28377187.538645666,4715377.51181948,0.0347831850792825,0.006546211146672448,7.483316928510339,1.1151751103877665,0.6318631040203837,0.010456578739778788,0.588316748308251,0.008295708965869864,0.0,0.0,0.15218933218649014,0.022545795169940746,0.16638569714178325,0.021955031009396497,39.5671749618692,22.998505961980964,1.1218104257747215,1.1151227057057533,,,,,,,,,,,,,,,,,,,,,,,,,,,,,,,,,,,,,,,,,,,,,,,,,,,,,,,,,,,,,,,,,,,,,,,,,,,,,,,,,,,,,,,,,,,,,,,,,,,,,,,,,,,,,,,,,,,,,,,,,,,,,,,,,,
latency_critical,mixed_stress,Intent-PPO-CMDP-FullPolicy-NoShield,5,150.0,0.0,300.0,0.0,250.0,0.0,1.0,0.0,500.0,0.0,1.0,0.0,800.0,0.0,1.0,0.0,1419697292.6,457272779.23266584,1.0,0.0,320.147677999991,7.298897258581943,200.0,0.0,0.0,0.0,0.6917264495876292,0.09439663573294745,0.6519124483032741,0.09983497923569408,0.0,0.0,1.0,0.0,0.39920777626819415,0.1913694607094094,0.47040478637032096,0.21779841972504949,0.48933300650476275,0.22408613548884843,79.84155525363883,38.27389214188187,0.39920777626819415,0.1913694607094094,-0.1702843751162015,0.1795044290416537,-0.22770999221289978,0.19553547575791314,0.27028437511620146,0.17950442904165376,0.32770999221289976,0.1955354757579131,0.34530459794911394,0.19993681680506484,0.2270036386954044,0.07495652255251205,0.26191656259820706,0.06738275877924725,0.2714383788905576,0.06569137507054959,0.9241815273664737,0.01583863581594553,0.9604118539466875,0.014358712179903341,,,0.7059871495899301,0.17264613470096302,0.02372847529386819,0.03148068355020045,0.0,0.0,0.02372847529386819,0.03148068355020045,0.40231619930769097,0.07085299689182861,0.8837903889898773,0.021153287320365605,0.4053509338065024,0.11540941124842763,0.047531907993510855,0.010662983252999891,0.19233286688580656,0.1483354707548192,2.290576705317121,0.4163992950671411,64.086,24.82660637300233,8.517,1.7863527087336362,80.553,19.650628132454187,250.0,0.0,250.0,0.0,250.0,0.0,0.0,0.0,0.0,0.0,550.0,0.0,286.2,24.67711490429949,286.2,24.67711490429949,1.0,0.0,0.0,0.0,,,127.3189340396594,31.84475855722698,148.3004157281204,30.606908228483622,155.0781871404714,31.727253890140393,153.1825651932595,31.401729051615714,2.290576705317121,0.4163992950671411,2.013094819394393,0.412619612759472,1.9944642457994455,0.41775207173559836,0.07795594047787954,0.014810463404196766,28614466.53120159,4976656.763612488,27153759.095268033,4523502.308675881,0.036036199520709675,0.0064179302437272585,5.36961375451871,2.10341024496644,0.5883724956007204,0.047371968313056616,0.5286111663373588,0.06122466492165002,0.00255424458117924,0.003333823192594109,0.1272542614065067,0.02313329417039672,0.14369863967006585,0.02394278838556491,-2.107515800273434,32.31723667896962,1.3424719240477532,1.0340213524933308,,,,,,,,,,,,,,,,,,,,,,,,,,,,,,,,,,,,,,,,,,,,,,,,,,,,,,,,,,,,,,,,,,,,,,,,,,,,,,,,,,,,,,,,,,,,,,,,,,,,,,,,,,,,,,,,,,,,,,,,,,,,,,,,,,
latency_critical,mixed_stress,Intent-PPO-CMDP-NoRisk,5,150.0,0.0,300.0,0.0,250.0,0.0,1.0,0.0,500.0,0.0,1.0,0.0,800.0,0.0,1.0,0.0,1419697292.6,457272779.23266584,1.0,0.0,274.6141810200061,5.506362305433448,200.0,0.0,0.0,0.0,0.7967031431587872,0.03584178780591005,0.7719547017340944,0.04206523785653152,0.0,0.0,1.0,0.0,0.20329685684121285,0.03584178780591011,0.22804529826590567,0.04206523785653151,0.23447493002629866,0.044118619328164355,40.65937136824259,7.168357561182023,0.20329685684121285,0.03584178780591011,0.0782937800564529,0.02669532809386167,0.07098541725389693,0.03581176299972158,0.0002277442676164,0.0001629049839915051,0.00092208766477332,0.00184417532954664,0.00111058478062922,0.0019193896378533351,0.20250232891716827,0.08371183149177935,0.2333651965735241,0.07329677068501618,0.2397926964576313,0.07111720670539931,0.9034577179222957,0.01756805720185265,0.9436934678382171,0.013516713486217533,,,0.8977746969011966,0.09830157976922385,0.101997558831187,0.09836904520560454,0.0,0.0,0.101997558831187,0.09836904520560454,0.47817029355053586,0.08836583842996651,0.8581606714044885,0.015815453272641174,0.5217055481660722,0.0884054521110166,0.05498563269127003,0.004779088298289574,0.00012415828339187323,9.188921655644671e-05,2.5974036668151226,0.49137436133805834,88.33500000000001,6.853652310994482,9.559000000000001,0.8293515539263189,88.356,6.86340833697078,250.0,0.0,250.0,0.0,250.0,0.0,0.0,0.0,0.0,0.0,550.0,0.0,286.2,24.67711490429949,286.2,24.67711490429949,1.0,0.0,0.0,0.0,,,153.46302403761783,28.67892974264462,171.11268284877033,25.773231080305393,177.9496795975071,27.18823806089899,175.89475172530288,26.096846734944616,2.5974036668151226,0.49137436133805834,2.3643383958711293,0.49456503819534564,2.3485119034456376,0.48839831890125845,0.058730556737241445,0.011874488595369494,30038345.459956713,3957803.2123940657,28773362.912254892,3528861.794958433,0.03386261186093192,0.004423843283108267,7.210628351874165,0.9476134551512093,0.6436267568244759,0.0054825784738058376,0.5969589557713076,0.007529217393607429,0.0,0.0,0.14430020371195124,0.027298575629892158,0.15788800453029755,0.026665562958521804,20.884667650284495,22.10201329252538,0.7423759383072207,0.2450633172941009,,,,,,,,,,,,,,,,,,,,,,,,,,,,,,,,,,,,,,,,,,,,,,,,,,,,,,,,,,,,,,,,,,,,,,,,,,,,,,,,,,,,,,,,,,,,,,,,,,,,,,,,,,,,,,,,,,,,,,,,,,,,,,,,,,
latency_critical,mixed_stress,MaxWeight,5,150.0,0.0,300.0,0.0,250.0,0.0,1.0,0.0,500.0,0.0,1.0,0.0,800.0,0.0,1.0,0.0,1419697292.6,457272779.23266584,0.0,0.0,1.6960036009550095e-05,8.465128676134671e-06,200.0,0.0,0.0,0.0,0.7088599949431831,0.039660127474007906,0.675196172696071,0.03534775913732411,0.003,0.006,1.0,0.0,0.29114000505681686,0.0396601274740079,0.324803827303929,0.035347759137324096,0.33218497745168657,0.03583153015109452,58.22800101136338,7.932025494801583,0.29114000505681686,0.0396601274740079,0.1,0.0,0.1,0.0,0.0,0.0,0.0,0.0,0.0,0.0,0.13415549096261117,0.010506712759205738,0.161012939665524,0.011872549353095929,0.16890569504349698,0.011360435975712757,0.964528358103267,0.018250506190453226,0.9876063757024142,0.006578362481037973,,,0.6870997625617549,0.07587795689515858,0.31290023743824513,0.0758779568951586,0.0,0.0,0.31290023743824513,0.0758779568951586,0.3457073389511951,0.042813596317068665,0.8812232037932366,0.020659365416806193,0.6542926610488049,0.04281359631706868,0.08333089059998662,0.0036757057192437163,0.0,0.0,2.0426192434384287,0.23130691564222797,71.68900000000001,7.146351096888538,17.555,0.6640256019160701,71.68900000000001,7.146351096888538,250.0,0.0,254.669,3.8508108237097307,286.0,24.355697485393435,4.669,3.850810823709729,36.0,24.355697485393435,554.669,3.8508108237097116,286.2,24.67711490429949,286.2,24.67711490429949,1.0,0.0,0.0,0.0,,,170.93434406566243,10.079492881244184,187.14838804181744,7.800162075816209,192.94020265753153,8.162455027827455,191.10628649051029,7.779942081638518,2.0426192434384287,0.23130691564222797,1.8352034094731373,0.19033046582070867,1.8228220797160006,0.1841896335400426,0.06868286943939308,0.0140375193099024,18961088.41153594,1922658.5013304392,18009534.264845677,1804802.2221766857,0.05331491921599574,0.005632040415851563,10.68953277278359,1.2084677568358317,0.5347461229323287,0.017354441681793262,0.49670990939178195,0.019504737832736773,0.0014811987115457763,0.0017987460320235855,0.11347884685769043,0.012850384202346025,0.1278235913269756,0.019658866562318817,-73.31006638191884,20.711329039213833,0.45396350131464275,0.33134678784766536,,,,,,,,,,,,,,,,,,,,,,,,,,,,,,,,,,,,,,,,,,,,,,,,,,,,,,,,,,,,,,,,,,,,,,,,,,,,,,,,,,,,,,,,,,,,,,,,,,,,,,,,,,,,,,,,,,,,,,,,,,,,,,,,,,
latency_critical,mixed_stress,PPO,5,150.0,0.0,300.0,0.0,250.0,0.0,1.0,0.0,500.0,0.0,1.0,0.0,800.0,0.0,1.0,0.0,1419697292.6,457272779.23266584,1.0,0.0,267.553891400015,9.782401107503151,200.0,0.0,0.0,0.0,0.8063493700334312,0.017819145704386245,0.7846933051659337,0.0189377233429501,0.0,0.0,1.0,0.0,0.19365062996656876,0.017819145704386256,0.21530669483406623,0.018937723342950106,0.2203714751221682,0.019037100596485394,38.73012599331376,3.5638291408772504,0.19365062996656876,0.017819145704386256,0.07981160537548494,0.02999350684443628,0.070330405888338,0.03837006479209689,0.0005451822440030801,0.00034648743065487535,0.00301676087502836,0.0023750824880710716,0.005099836760557,0.002595728456576215,0.21960002688343888,0.07135766201088771,0.2446563532571367,0.06818817865881599,0.2520128752728782,0.06509113845836632,0.9056860707709571,0.008952665022536126,0.9468661061237759,0.009038125904790384,,,0.9594183211281557,0.061704800766175634,0.04003649662784116,0.06187028082969959,0.0,0.0,0.04003649662784116,0.06187028082969959,0.4984506399658864,0.05270771477599921,0.8608250394179262,0.007841760849078144,0.5013464192130891,0.052759793823165715,0.05517554186241817,0.005250426381443075,0.00020294082102451116,0.00015045654300212768,2.69244858678178,0.27474885512913455,96.848,7.91146105343381,9.443999999999999,1.1670706919462934,96.918,7.922903255751644,250.0,0.0,250.01399999999998,0.02799999999999727,252.8,5.6,0.014000000000000002,0.028000000000000004,2.8,5.6,550.014,0.028000000000020005,286.2,24.67711490429949,286.2,24.67711490429949,1.0,0.0,0.0,0.0,,,150.6296185149503,17.328743984093595,170.44541517840332,14.147952340828851,176.02077763445692,13.658302732667774,173.8658961843424,13.600346789399666,2.69244858678178,0.27474885512913455,2.4547917348275385,0.2694879323300543,2.4449775987413442,0.2694918517542483,0.053828085710528516,0.005628752779410673,28790601.687158655,3611245.7481129435,27757716.343177237,3567766.4307821854,0.03532122373880892,0.004712632065504497,7.963477561661787,1.1012291488681518,0.6437557726542088,0.00575885393927042,0.5986540334501905,0.0037406740776481854,0.0,0.0,0.14958047704343214,0.015263825284951911,0.16286868290239445,0.015333586585660537,28.84128754433824,46.12855677620626,0.8309180404372682,0.6208036785117385,,,,,,,,,,,,,,,,,,,,,,,,,,,,,,,,,,,,,,,,,,,,,,,,,,,,,,,,,,,,,,,,,,,,,,,,,,,,,,,,,,,,,,,,,,,,,,,,,,,,,,,,,,,,,,,,,,,,,,,,,,,,,,,,,,
latency_critical,mixed_stress,PPO-Lagrangian,5,150.0,0.0,300.0,0.0,250.0,0.0,1.0,0.0,500.0,0.0,1.0,0.0,800.0,0.0,1.0,0.0,1419697292.6,457272779.23266584,1.0,0.0,266.61783722001127,11.520029096061073,200.0,0.0,0.0,0.0,0.7781926394977765,0.026851493507983222,0.752342017974068,0.03097742122955543,0.0,0.0,1.0,0.0,0.2218073605022235,0.026851493507983226,0.247657982025932,0.030977421229555456,0.25595978028782074,0.03548485257226175,44.361472100444715,5.370298701596641,0.2218073605022235,0.026851493507983226,0.09954896676527107,0.00037672846940931654,0.09794982696672395,0.0024211974039825097,0.00045103323472886004,0.0003767284694093113,0.00205017303327602,0.002421197403982498,0.004202094102732899,0.0035405909533637306,0.13591231357014352,0.03886976615979734,0.17289378053744228,0.03480048916492019,0.18117786086460666,0.0327929162065797,0.9140375293371795,0.013775688075380968,0.9518216081954771,0.012143081944477635,,,0.8618323195102544,0.09874682956775806,0.1377166472550168,0.098739553831277,0.0,0.0,0.1377166472550168,0.098739553831277,0.4277772936891525,0.054843451420676946,0.8673092376374324,0.011522135910892892,0.5720423698241046,0.054781737523612026,0.056245952464640106,0.0032821610197409316,0.00018033648674288305,0.00017691826142779665,2.342476562936881,0.29113377277794716,91.321,9.027610093485428,9.876999999999999,0.5555231768342346,91.37700000000001,9.04128508565016,250.0,0.0,250.02799999999996,0.05599999999999454,255.6,11.2,0.028000000000000004,0.05600000000000001,5.6,11.2,550.028,0.05599999999999454,286.2,24.67711490429949,286.2,24.67711490429949,1.0,0.0,0.0,0.0,,,172.24442403500157,13.937680686583887,188.4056936885127,11.163810978430961,192.22994014193813,10.709824661765882,190.92033527322351,10.804960369895461,2.342476562936881,0.29113377277794716,2.1012072582053754,0.2865365744728548,2.0840317167399975,0.28926161250055044,0.06495813845268505,0.009854571799997693,32276889.038099818,3277260.5322931833,30698523.20418177,2862396.200248778,0.0313137938931002,0.0033193364191158314,7.378774752784251,0.9928071339093844,0.6461439422000378,0.007769134675388195,0.598191038235674,0.010576484674099036,0.0,0.0,0.13013758682982665,0.016174098487663765,0.1432941034018681,0.01635223613329231,22.42704761382861,29.663697080074243,232.18529726156143,463.2216071238794,,,,,,,,,,,,,,,,,,,,,,,,,,,,,,,,,,,,,,,,,,,,,,,,,,,,,,,,,,,,,,,,,,,,,,,,,,,,,,,,,,,,,,,,,,,,,,,,,,,,,,,,,,,,,,,,,,,,,,,,,,,,,,,,,,
latency_critical,mixed_stress,PPO_CMDP,5,150.0,0.0,300.0,0.0,250.0,0.0,1.0,0.0,500.0,0.0,1.0,0.0,800.0,0.0,1.0,0.0,1419697292.6,457272779.23266584,1.0,0.0,272.14205237999556,4.344263892369205,200.0,0.0,0.0,0.0,0.8175758158933236,0.01714314316880834,0.7979264517219248,0.016433742646228988,0.003,0.006,1.0,0.0,0.18242418410667632,0.017143143168808356,0.2020735482780752,0.016433742646228978,0.20893497192602703,0.016255213250600725,36.484836821335264,3.428628633761666,0.18242418410667632,0.017143143168808356,0.0863037653684849,0.023183550631132692,0.0758292100495985,0.02919025788460231,0.00032690346098321885,0.0002291655200699129,0.00274254629831224,0.0022448270751486625,0.003056832154206279,0.0024100004175485468,0.22830925724696388,0.05410697006517435,0.25424535778047785,0.04818968978086313,0.26009011228436035,0.047835208607942506,0.9053663689017624,0.02294911200182635,0.9420731349580087,0.01956310961584824,,,0.9866669360870016,0.025168445230841427,0.013006160452015077,0.02523253202804575,0.0,0.0,0.013006160452015077,0.02523253202804575,0.5244365606751156,0.025170235510439436,0.857283254896001,0.016043294561775442,0.4754246997859151,0.025169661501638383,0.058465365978632125,0.007153933265907783,0.00013873953896921185,0.00013792803522086978,2.8698654540115833,0.14555286843771809,97.631,4.238638224713217,10.142999999999999,1.5117890064423674,97.671,4.227077477406821,250.0,0.0,250.006,0.0073484692283428505,251.2,1.469693845669907,0.006,0.007348469228349534,1.2,1.4696938456699067,550.006,0.007348469228342851,286.2,24.67711490429949,286.2,24.67711490429949,1.0,0.0,0.0,0.0,,,142.0663180993222,10.761518361616899,163.61806814985556,10.570210727875468,171.3326232954782,9.856602277639002,168.6907339292431,10.348415169745268,2.8698654540115833,0.14555286843771809,2.613123352606055,0.15391920732233152,2.587097398756618,0.15862221616273586,0.05460978961305181,0.009678745136074515,29520116.091656066,3078923.0014575566,28613586.611262716,2924586.517997753,0.034264655457835566,0.003762450905220958,7.552151567011435,0.9687265964228396,0.64186949757783,0.005312656517946075,0.598111356548068,0.007122889942984191,0.0,0.0,0.15943696966731016,0.008086270468762135,0.17355546725527982,0.008302589613536129,52.48885119527712,24.332161237046243,0.45447655566081957,0.19708933714599144,,,,,,,,,,,,,,,,,,,,,,,,,,,,,,,,,,,,,,,,,,,,,,,,,,,,,,,,,,,,,,,,,,,,,,,,,,,,,,,,,,,,,,,,,,,,,,,,,,,,,,,,,,,,,,,,,,,,,,,,,,,,,,,,,,
latency_critical,nominal,Intent-PPO-CMDP,5,150.0,0.0,300.0,0.0,250.0,0.0,1.0,0.0,500.0,0.0,1.0,0.0,800.0,0.0,1.0,0.0,1301421336.2,566560547.8782212,1.0,0.0,320.147677999991,7.298897258581943,200.0,0.0,0.016,0.019849433241279208,0.8785122647261823,0.051053091313453584,0.8242153225094192,0.03189399551773837,0.31500000000000006,0.33292641829689634,0.984,0.01984943324127923,0.12148773527381777,0.05105309131345367,0.17578467749058074,0.031893995517738416,0.18524102366403244,0.031241352011410154,24.297547054763562,10.210618262690735,0.12255712433564514,0.04987833401637822,0.07623655808049347,0.011972440196570238,0.05411599757200099,0.018673814267687175,0.021754989664736924,0.012419450202904782,0.04354894877734974,0.019513741031395672,0.0487519591488895,0.02030222666996826,0.19863335395351417,0.060409755618234785,0.23488962917919443,0.04816743210192392,0.24358430085599309,0.04734633072168734,0.7651524271500334,0.07471354004380075,0.8929119960301583,0.026374808177512178,,,0.9780146490490156,0.012450981291511449,0.00023036128624738,0.00046072257249476,0.0,0.0,0.00023036128624738,0.00046072257249476,0.8065864575095683,0.09635758651286032,0.7288978250041583,0.06439901463666395,0.17175451425496907,0.10092573116172626,0.05888743303847066,0.00598562475172283,0.021659028235462518,0.012359425182453952,2.67019007843699,0.32425803796837616,23.103,13.515864234298892,4.877999999999999,1.4522554871647069,23.116,13.513081957865865,250.0,0.0,250.0,0.0,250.0,0.0,0.0,0.0,0.0,0.0,550.0,0.0,286.2,24.67711490429949,286.2,24.67711490429949,1.0,0.0,0.0,0.0,,,66.66451788894412,26.018716934152298,86.74070288084525,31.224838874550656,96.02835812058159,33.109201845822405,93.1614191286201,32.803280549356124,2.67019007843699,0.32425803796837616,2.383039295066361,0.3019187320160247,2.358675168045669,0.3003777069235888,0.06538995825860425,0.009211450471300854,27825025.840378452,4911831.502208589,26033805.157472093,4369235.315269926,0.037155579204341496,0.006990928187721444,2.195504757578919,0.5259081222923079,0.6482744978616077,0.009634988100088856,0.5945421616563291,0.011909904928362894,0.0,0.0,0.1483438932464994,0.01801433544268758,0.1642919078122258,0.019728120510164253,49.85665120967849,17.874027787922095,0.5988240841431871,0.7292537315309331,,,,,,,,,,,,,,,,,,,,,,,,,,,,,,,,,,,,,,,,,,,,,,,,,,,,,,,,,,,,,,,,,,,,,,,,,,,,,,,,,,,,,,,,,,,,,,,,,,,,,,,,,,,,,,,,,,,,,,,,,,,,,,,,,,
latency_critical,nominal,Intent-PPO-CMDP-FullPolicy-NoShield,5,150.0,0.0,300.0,0.0,250.0,0.0,1.0,0.0,500.0,0.0,1.0,0.0,800.0,0.0,1.0,0.0,1301421336.2,566560547.8782212,1.0,0.0,320.147677999991,7.298897258581943,200.0,0.0,0.002,0.004,0.7721049752872859,0.09157905822793021,0.7085153178554845,0.08988107596504509,0.123,0.22417850030723283,0.998,0.0040000000000000036,0.3269120591319966,0.17691383307762182,0.43086545621724603,0.20940472521232895,0.4551743041349711,0.2212220224019093,65.38241182639932,35.38276661552435,0.32708932496231696,0.17667438494179244,-0.18283092753086272,0.17192170446556138,-0.25588400242351067,0.1978985645341079,0.2828309275308627,0.1719217044655614,0.3558840024235106,0.19789856453410795,0.36913386563806083,0.20036634090365266,0.2106088791033757,0.06254562809141712,0.2483734277308399,0.05554310715525764,0.25657432490173815,0.05211641251851628,0.7488769556282119,0.06342242789755659,0.8668905890942489,0.04062671588685935,,,0.7171690724691372,0.17192170446556132,0.0,0.0,0.0,0.0,0.0,0.0,0.6161987666131468,0.13088344295643678,0.723621712456463,0.0532490285055997,0.11970957458981342,0.09684916042015401,0.04239016422371156,0.013054660867795937,0.2640916587970397,0.17451841750868305,2.074641533443222,0.4401105141988054,13.632,11.140557705967867,3.4229999999999996,1.8679657384438293,16.189,13.110879604359122,250.0,0.0,250.0,0.0,250.0,0.0,0.0,0.0,0.0,0.0,550.0,0.0,286.2,24.67711490429949,286.2,24.67711490429949,1.0,0.0,0.0,0.0,,,51.462321369983805,24.38261307337991,69.3797403367403,29.715821997180225,76.05903500596109,32.60239586415232,74.11335920845049,31.79360003626458,2.074641533443222,0.4401105141988054,1.7460860964631795,0.4154203723454388,1.7209142312733057,0.40796610245549,0.0956257598636677,0.021245421217573772,26544600.839550618,5072398.274530108,24691463.704263534,4597569.131713757,0.03905133298905165,0.007393214128166516,1.3782068275128032,0.6389329548779904,0.6132154496706177,0.04681561605013608,0.536649318882277,0.05562375021532707,0.0017834327259008999,0.0030884972922310796,0.11525786296906784,0.02445058412215585,0.13177062652170912,0.02363258418024149,23.907130585762975,22.243098436026962,2.9078951905225603,3.8752618904967857,,,,,,,,,,,,,,,,,,,,,,,,,,,,,,,,,,,,,,,,,,,,,,,,,,,,,,,,,,,,,,,,,,,,,,,,,,,,,,,,,,,,,,,,,,,,,,,,,,,,,,,,,,,,,,,,,,,,,,,,,,,,,,,,,,
latency_critical,nominal,Intent-PPO-CMDP-NoRisk,5,150.0,0.0,300.0,0.0,250.0,0.0,1.0,0.0,500.0,0.0,1.0,0.0,800.0,0.0,1.0,0.0,1301421336.2,566560547.8782212,1.0,0.0,274.6141810200061,5.506362305433448,200.0,0.0,0.093,0.12952219886953745,0.8787829264853299,0.07692848571976436,0.8241414460100559,0.0541344787643067,0.371,0.4543830982772136,0.907,0.12952219886953745,0.12121707351467023,0.07692848571976439,0.17585855398994407,0.05413447876430673,0.18662617648389818,0.0513505551487453,24.243414702934057,15.385697143952878,0.12470432855068234,0.07270778612632604,0.09037181859087066,0.011212957312575527,0.07713435641025615,0.021807618913229118,0.0009705803393018799,0.0005069753322003824,0.006460016684112201,0.0030670182129506496,0.0098278122782515,0.001894927350320192,0.19788930000592592,0.0605700704017564,0.23514155099496642,0.05274153490729566,0.24238632167956276,0.05257339627154906,0.7217163630253728,0.1428613206303308,0.8751172963403466,0.042646465530707806,,,0.9955810408975868,0.006776237929996604,0.00344837876311122,0.0068425392009274204,0.0,0.0,0.00344837876311122,0.0068425392009274204,0.7813096036091578,0.13817669410156316,0.6838621839192864,0.12359241554710247,0.21826685844357607,0.13849379287449376,0.05862106687654769,0.011290028688004623,0.0004235379472658684,0.00036643877724972516,2.5455908701485104,0.4254863685446134,28.617999999999995,17.945750360461385,5.058999999999999,2.581752118232887,28.690000000000005,17.996390471425098,250.0,0.0,250.0,0.0,250.0,0.0,0.0,0.0,0.0,0.0,550.0,0.0,286.2,24.67711490429949,286.2,24.67711490429949,1.0,0.0,0.0,0.0,,,78.25968189197395,36.978428990359006,99.31214857021106,42.42786164713096,106.06547284810804,44.10109024290408,104.29014539173656,43.21390982025756,2.5455908701485104,0.4254863685446134,2.268919813579809,0.36824865079019775,2.2469336237341517,0.35968937905834464,0.0678365106540224,0.005406703759232322,28162932.13212795,3462230.0470543597,26521648.455508903,3020137.942085018,0.03605152167517816,0.004462454126280324,2.549561235249084,1.011376591105865,0.6573564926799242,0.004587002213794028,0.6008852030449428,0.0062459354733387425,0.0,0.0,0.14142171500825057,0.023638131585811878,0.15688997779941738,0.026163951302766532,30.076349760627245,34.463796740641314,0.6034522004921083,0.4316564252790306,,,,,,,,,,,,,,,,,,,,,,,,,,,,,,,,,,,,,,,,,,,,,,,,,,,,,,,,,,,,,,,,,,,,,,,,,,,,,,,,,,,,,,,,,,,,,,,,,,,,,,,,,,,,,,,,,,,,,,,,,,,,,,,,,,
latency_critical,nominal,MaxWeight,5,150.0,0.0,300.0,0.0,250.0,0.0,1.0,0.0,500.0,0.0,1.0,0.0,800.0,0.0,1.0,0.0,1301421336.2,566560547.8782212,0.0,0.0,1.8699979409575463e-05,6.632349850922432e-06,200.0,0.0,0.016,0.032,0.7524469976163131,0.03925271719306404,0.7211430614367413,0.01812612642842558,0.051000000000000004,0.09216289925995166,0.984,0.03199999999999998,0.247553002383687,0.039252717193064064,0.27885693856325877,0.018126126428425614,0.28271542181843434,0.01865605191787539,49.5106004767374,7.8505434386128155,0.25052550839267046,0.03347431071170184,0.09952473231927397,0.0009505353614520818,0.09655827344757692,0.00688345310484616,0.0,0.0,0.0,0.0,0.0,0.0,0.12862762232940214,0.015939987995597277,0.16957390007574888,0.048837645533444024,0.1802418920873925,0.05163576632412177,0.9166930148649666,0.07652304203367033,0.9800037321512839,0.009955045584620065,,,0.9393898713902937,0.03596678370261106,0.060610128609706306,0.03596678370261107,0.0,0.0,0.060610128609706306,0.03596678370261107,0.5772301453780126,0.0745245317858054,0.8026301860177837,0.06367220830114145,0.42276985462198713,0.07452453178580536,0.11904112352617129,0.008306566730087398,0.0,0.0,2.0514142732106757,0.2132423444461716,47.816,5.620902418651297,15.12,1.6834607212525035,47.816,5.620902418651297,250.0,0.0,252.564,2.5880367076222113,279.4,22.720915474513784,2.5639999999999996,2.588036707622208,29.4,22.720915474513784,552.564,2.5880367076221895,286.2,24.67711490429949,286.2,24.67711490429949,1.0,0.0,0.0,0.0,,,129.02106553343486,20.551194864534846,153.56624373648202,11.506379618194618,162.91926606239497,12.363690593521195,160.23180504936045,11.829124717092615,2.0514142732106757,0.2132423444461716,1.8552220619621402,0.16781699464511024,1.841471885626678,0.16659556566793565,0.07043468678071454,0.023187851549448135,17868578.38000196,2067378.351553987,16732750.063088957,1852904.1641216716,0.05692431819565744,0.006842236164338532,6.839128580589318,1.5468364971498936,0.6253971737673772,0.023306264331487823,0.5523325935375496,0.033766812855256303,0.00016646219302467999,0.00013823514194272123,0.11396745962281525,0.011846796913676155,0.12921198642813275,0.02190480815199579,-190.55328124917816,52.23861497941828,0.3687495504965265,0.400501275197443,,,,,,,,,,,,,,,,,,,,,,,,,,,,,,,,,,,,,,,,,,,,,,,,,,,,,,,,,,,,,,,,,,,,,,,,,,,,,,,,,,,,,,,,,,,,,,,,,,,,,,,,,,,,,,,,,,,,,,,,,,,,,,,,,,
latency_critical,nominal,PPO,5,150.0,0.0,300.0,0.0,250.0,0.0,1.0,0.0,500.0,0.0,1.0,0.0,800.0,0.0,1.0,0.0,1301421336.2,566560547.8782212,1.0,0.0,267.553891400015,9.782401107503151,200.0,0.0,0.012,0.017492855684535902,0.8828179406207894,0.036554264170216254,0.8337251333380618,0.024466577001651318,0.314,0.2521586801995918,0.9879999999999999,0.017492855684535916,0.11718205937921049,0.03655426417021628,0.16627486666193816,0.02446657700165134,0.17494605027108062,0.024969912223773143,23.43641187584211,7.310852834043253,0.11816007448778545,0.035547978037705374,0.09195682482459688,0.012664373079869225,0.07939329973591266,0.019907732147921527,0.0007810425593697,0.00013967023648113055,0.0074818619303142,0.0002811616004157349,0.009048318006317401,0.0006458955449213629,0.19667540987331017,0.056423018251176044,0.2291042864196143,0.05177174827750591,0.2369152230624461,0.04842578898184353,0.7638368774052411,0.04778416460671954,0.8813227269497432,0.018493963562888502,,,0.9989971831892582,0.0005185069614866114,0.00022177425137208,0.00044354850274415993,0.0,0.0,0.00022177425137208,0.00044354850274415993,0.8270603666751425,0.0829725539456578,0.7251016313137695,0.03950469043800223,0.17253039724198552,0.08316346621782511,0.06424055697444817,0.004504235616053795,0.0004092360828720186,0.00026044407677392416,2.7002546026056318,0.25712079266472765,23.071,10.880890312837456,5.211,1.1287975903588738,23.119999999999997,10.90535785749372,250.0,0.0,250.0,0.0,250.0,0.0,0.0,0.0,0.0,0.0,550.0,0.0,286.2,24.67711490429949,286.2,24.67711490429949,1.0,0.0,0.0,0.0,,,66.46923406536092,20.94119256940064,87.08482870848992,24.811323203963507,95.83011295781797,26.243546266264577,92.95910300561769,25.58315098912441,2.7002546026056318,0.25712079266472765,2.440178211355875,0.23313419588051842,2.4088755362447456,0.23510549273500947,0.059787519014487624,0.005256215610658037,27857756.02157085,3595070.855702316,26420725.785354454,3511747.1057611792,0.03649264385778398,0.004724216302523351,2.2769027299753035,0.683447190430591,0.6606358221478292,0.006985342220919026,0.6018292088408856,0.01042457177152781,0.0,0.0,0.15001414458920173,0.014284488481373746,0.16432751507181242,0.015255261417281804,51.37334555550119,20.554251463185327,0.4433446124379229,0.43576268869488044,,,,,,,,,,,,,,,,,,,,,,,,,,,,,,,,,,,,,,,,,,,,,,,,,,,,,,,,,,,,,,,,,,,,,,,,,,,,,,,,,,,,,,,,,,,,,,,,,,,,,,,,,,,,,,,,,,,,,,,,,,,,,,,,,,
latency_critical,nominal,PPO-Lagrangian,5,150.0,0.0,300.0,0.0,250.0,0.0,1.0,0.0,500.0,0.0,1.0,0.0,800.0,0.0,1.0,0.0,1301421336.2,566560547.8782212,1.0,0.0,266.61783722001127,11.520029096061073,200.0,0.0,0.0,0.0,0.8300727547334702,0.03375629472316797,0.7962452121672189,0.031315714776265546,0.035,0.032557641192199414,1.0,0.0,0.1699272452665297,0.03375629472316807,0.20375478783278114,0.03131571477626552,0.21460411345929295,0.02993670018832971,33.98544905330594,6.751258944633614,0.1699272452665297,0.03375629472316807,0.09857229177184142,0.0006400341248763032,0.09188174037033925,0.0007047244177543231,0.00142770822815852,0.0006400341248763249,0.008118259629660661,0.0007047244177543281,0.01102597580817312,0.00259728387434325,0.14739002359121553,0.02955693973871499,0.18693811408900537,0.022009388627210223,0.1974095076065904,0.021934692661202664,0.8256284655693198,0.03029762160444627,0.9024093952050734,0.023373016152885458,,,0.9941117832538172,0.007882042003785826,0.004460508518024329,0.0078068883689940095,0.0,0.0,0.004460508518024329,0.0078068883689940095,0.7049441889865931,0.09115560348675869,0.7745855898292038,0.024718369665482645,0.2946168071196168,0.09103459648277445,0.06873699487450426,0.00437115024186899,0.00043900389379004446,0.0004249815211890593,2.3250553215154506,0.28585016425814436,38.612,11.338881161737255,6.803999999999999,0.9290823429599767,38.742000000000004,11.38333501220095,250.0,0.0,250.0,0.0,250.0,0.0,0.0,0.0,0.0,0.0,550.0,0.0,286.2,24.67711490429949,286.2,24.67711490429949,1.0,0.0,0.0,0.0,,,98.0651902364249,26.87992784609648,122.0717511536074,28.948190123962938,130.12713517123876,28.439807011356955,127.55539803227612,28.308971060167185,2.3250553215154506,0.28585016425814436,2.0972642517599804,0.28899930118602235,2.0797021268885496,0.28408390409729645,0.06335493524994418,0.01075665987041962,30128962.983197235,2631439.002013253,27858847.694742203,2199217.897369331,0.03345251016175794,0.0029907135071231957,3.1290920319749684,0.9507028969302188,0.6594148139429286,0.004611538337196534,0.6016983117945228,0.006455159175129528,0.0,0.0,0.1291697400841917,0.015880564681008007,0.14246819304368435,0.015590944741249724,25.972626859157117,41.68506663944815,17.14666059757474,33.39600517817899,,,,,,,,,,,,,,,,,,,,,,,,,,,,,,,,,,,,,,,,,,,,,,,,,,,,,,,,,,,,,,,,,,,,,,,,,,,,,,,,,,,,,,,,,,,,,,,,,,,,,,,,,,,,,,,,,,,,,,,,,,,,,,,,,,
latency_critical,nominal,PPO_CMDP,5,150.0,0.0,300.0,0.0,250.0,0.0,1.0,0.0,500.0,0.0,1.0,0.0,800.0,0.0,1.0,0.0,1301421336.2,566560547.8782212,1.0,0.0,272.14205237999556,4.344263892369205,200.0,0.0,0.063,0.126,0.8928855236579084,0.039985729392809644,0.8506896646570977,0.0226373457341984,0.29900000000000004,0.3266251674320275,0.937,0.12599999999999997,0.1071144763420917,0.039985729392809685,0.14931033534290225,0.022637345734198372,0.15866686510559697,0.02089257024920897,21.422895268418344,7.997145878561935,0.10977874559249774,0.03479725261940362,0.09433369141014478,0.010020192342980329,0.086976760235075,0.018614247571023774,0.0006317099678383399,0.00035149677059841366,0.00458893594831092,0.003748990875240172,0.00562035078666394,0.004395603731192453,0.19993997796771715,0.04587449760906566,0.2293902449352781,0.04226247165595097,0.23955431105628938,0.040179804062381905,0.744895847351233,0.09421159739806664,0.8633319643376669,0.02950363430394565,,,0.9993682900321617,0.0003514967705983574,0.0,0.0,0.0,0.0,0.0,0.0,0.8540606727758956,0.05340377954720403,0.7090596817763266,0.08325223688672938,0.14553094548652765,0.05346365224582206,0.060108547165412654,0.007616184597469134,0.00040838173757675974,0.00025455850333722915,2.791564124766704,0.19224970502797656,19.462,7.049501117100415,4.787000000000001,1.4397173333679079,19.492,7.059659056923358,250.0,0.0,250.0,0.0,250.0,0.0,0.0,0.0,0.0,0.0,550.0,0.0,286.2,24.67711490429949,286.2,24.67711490429949,1.0,0.0,0.0,0.0,,,60.09796019877874,13.60010539841878,77.16254670471491,15.172786094432444,84.66528827721729,16.25015161966354,82.56919313685961,15.46605709882086,2.791564124766704,0.19224970502797656,2.5040920449391626,0.15375340344761818,2.48227941145391,0.14858553587070267,0.0598406007951139,0.005865766853667348,28652278.32616078,3192722.2559859543,27143930.86644032,2985903.336002802,0.03533903638006662,0.004033876656197327,2.0022557485209997,0.39685059947464496,0.6602877016225096,0.0051921041688749595,0.5985324712527056,0.00814192532011368,0.0,0.0,0.15508689582037236,0.010680539168220933,0.16982078477267903,0.011708724728472585,64.480870413214,8.741220880976106,0.18757582080847185,0.05777509883906809,,,,,,,,,,,,,,,,,,,,,,,,,,,,,,,,,,,,,,,,,,,,,,,,,,,,,,,,,,,,,,,,,,,,,,,,,,,,,,,,,,,,,,,,,,,,,,,,,,,,,,,,,,,,,,,,,,,,,,,,,,,,,,,,,,
reliability_first,congestion_burst,Intent-PPO-CMDP,5,150.0,0.0,300.0,0.0,250.0,0.0,1.0,0.0,500.0,0.0,1.0,0.0,800.0,0.0,1.0,0.0,1143451358.2,709705252.9090999,1.0,0.0,320.147677999991,7.298897258581943,200.0,0.0,0.0,0.0,0.8849214861977327,0.07438712199107667,0.853127731444254,0.08890931770344608,0.503,0.4472538429125008,1.0,0.0,0.11507851380226737,0.07438712199107667,0.1468722685557458,0.08890931770344614,0.15519792910162758,0.08982037723276415,23.015702760453472,14.877424398215334,0.11507851380226737,0.07438712199107667,-0.03128368021026022,0.0462540396827993,-0.04890624944802317,0.050275958580673956,0.01505157273749474,0.0070323024798836726,0.023842260302372697,0.006390650109732551,0.0259596314663794,0.0054507376603025815,0.1767071507983351,0.06280654285729734,0.20308424478830145,0.05688153026677498,0.21320598575515337,0.05220171598023099,0.8801977175026694,0.017794043278139833,0.9346735814876105,0.017355660594387465,,,0.9709933542785312,0.02655105775665407,0.01395507298397404,0.02647972030085436,0.0,0.0,0.01395507298397404,0.02647972030085436,0.623773022060188,0.08642288772264982,0.8267023485134045,0.015601054176812441,0.36170327554389714,0.08990700855031358,0.06533841949505084,0.006051600261416731,0.014523702395914582,0.006822446829210009,3.0033048842196366,0.46809821836892684,65.648,13.408369624976784,10.104000000000001,0.8390256253536004,65.749,13.369851682049434,250.0,0.0,250.0,0.0,250.0,0.0,0.0,0.0,0.0,0.0,550.0,0.0,286.2,24.67711490429949,286.2,24.67711490429949,1.0,0.0,0.0,0.0,,,111.09911675046806,28.166202217249957,133.08249845023354,27.838900965500734,140.77718547768853,26.922098704606753,138.33854618877453,27.06788502571269,3.0033048842196366,0.46809821836892684,2.7549896880258844,0.48817731041280515,2.7353802343524762,0.49634796666107533,0.05157042485626514,0.012580065090070383,29965329.069384854,5049798.36321057,28705130.315269522,4626798.121737289,0.034409774657719445,0.00624570724970026,4.9157408249696255,0.6474223843380036,0.6682816991661091,0.008980519832257188,0.619215962916823,0.005401715460122769,0.0,0.0,0.16685027134553537,0.02600545657605149,0.18009531633742132,0.026204430315264052,37.137533441232144,28.10677836239575,0.5304039526172971,0.3114034296315626,,,,,,,,,,,,,,,,,,,,,,,,,,,,,,,,,,,,,,,,,,,,,,,,,,,,,,,,,,,,,,,,,,,,,,,,,,,,,,,,,,,,,,,,,,,,,,,,,,,,,,,,,,,,,,,,,,,,,,,,,,,,,,,,,,
reliability_first,congestion_burst,Intent-PPO-CMDP-FullPolicy-NoShield,5,150.0,0.0,300.0,0.0,250.0,0.0,1.0,0.0,500.0,0.0,1.0,0.0,800.0,0.0,1.0,0.0,1143451358.2,709705252.9090999,1.0,0.0,320.147677999991,7.298897258581943,200.0,0.0,0.0,0.0,0.6710108619257623,0.08865392510233702,0.6253024241624057,0.10758384164207517,0.007000000000000001,0.014000000000000002,1.0,0.0,1.6966410132025562,1.1059656237866458,2.113049245871944,1.2507379373749146,2.2407725420337834,1.2889542487729164,339.3282026405112,221.19312475732912,1.6966410132025562,1.1059656237866458,-0.2497756419498279,0.1665383032911656,-0.31033199101104403,0.18830644141364214,0.2773022147877032,0.16894493983072956,0.3401830662798612,0.1884586036505618,0.35995153448486095,0.19431224639748346,0.18880518258151596,0.06223630122252773,0.22147819461538432,0.05501625919035459,0.23133483237506725,0.05174701802655004,0.8816409951503307,0.016941830474775325,0.9371661121093002,0.014771644847147092,,,0.7198268954453825,0.16877584276985846,0.00287088976691426,0.005276611952113427,0.0,0.0,0.00287088976691426,0.005276611952113427,0.49840241737760904,0.08799298026584912,0.8393898402074729,0.022537396937911708,0.27400717520084467,0.12968679520072596,0.05200327687126281,0.011992072445432293,0.22759040742154618,0.164599988878311,2.4571239023529907,0.45175061670415956,41.991,21.88511855119821,7.996,1.8584412823654128,51.477999999999994,23.874695935236538,250.0,0.0,250.0,0.0,250.0,0.0,0.0,0.0,0.0,0.0,550.0,0.0,286.2,24.67711490429949,286.2,24.67711490429949,1.0,0.0,0.0,0.0,,,91.26911411997408,33.18482429765454,112.48769300006697,34.42224527207512,121.34656453315499,34.6915888654743,118.01036854584079,34.894599867368655,2.4571239023529907,0.45175061670415956,2.1525399086186487,0.4785464195518679,2.130563881048114,0.48442505097505983,0.07940429150967232,0.026131588579061164,28818652.549863964,4965913.520143558,27195217.235058557,4493949.716057053,0.03576126495753296,0.006310312366153358,3.3242390475483723,1.352499332416397,0.6197814989383856,0.04636812784173088,0.554312420181405,0.061329853329990754,0.00108186188580558,0.0014334628520993138,0.13650688346405498,0.025097256483564454,0.15362145584896242,0.025644098560685183,3.720793174016574,33.89273619014717,1.172246368129253,0.7247620834866464,,,,,,,,,,,,,,,,,,,,,,,,,,,,,,,,,,,,,,,,,,,,,,,,,,,,,,,,,,,,,,,,,,,,,,,,,,,,,,,,,,,,,,,,,,,,,,,,,,,,,,,,,,,,,,,,,,,,,,,,,,,,,,,,,,
reliability_first,congestion_burst,Intent-PPO-CMDP-NoRisk,5,150.0,0.0,300.0,0.0,250.0,0.0,1.0,0.0,500.0,0.0,1.0,0.0,800.0,0.0,1.0,0.0,1143451358.2,709705252.9090999,1.0,0.0,274.6141810200061,5.506362305433448,200.0,0.0,0.0,0.0,0.8907814191149968,0.08394906127387275,0.8612013046308643,0.0960148139554406,0.5980000000000001,0.48827860899285763,1.0,0.0,0.10921858088500332,0.08394906127387275,0.13879869536913553,0.09601481395544063,0.1501553617652244,0.09883786632614043,21.84371617700067,16.78981225477455,0.10921858088500332,0.08394906127387275,-0.023280467784182118,0.05732162977095073,-0.04581997743692172,0.05641717874564367,0.00039880920740230613,0.0002950685245227199,0.00222302866474186,0.0026265026088682824,0.003914319321539327,0.003137206568396383,0.17376078129555345,0.06547453599487234,0.20581997743692168,0.056417178745643705,0.21250798685534109,0.05650632986173823,0.8601780246748468,0.025014539972440738,0.9180470970613295,0.018354528497770334,,,0.956025780051292,0.06128283151617884,0.04357541074130574,0.06137796310078865,0.0,0.0,0.04357541074130574,0.06137796310078865,0.6052255765980242,0.12875536300268334,0.8069743570358238,0.023341771973849772,0.39459421836196046,0.1288516720339855,0.06574388550936781,0.0033330038494372013,0.00018020504001526794,0.00012376841522041118,2.855723156684608,0.6104551324758666,66.00899999999999,17.47621709638559,10.017,0.4300186042486996,66.049,17.492473067007992,250.0,0.0,250.0,0.0,250.0,0.0,0.0,0.0,0.0,0.0,550.0,0.0,286.2,24.67711490429949,286.2,24.67711490429949,1.0,0.0,0.0,0.0,,,120.38240850052935,39.73289424036382,140.0776127419912,39.554914239653115,145.22029689991524,40.30734115077751,144.48363008316102,40.035621935262135,2.855723156684608,0.6104551324758666,2.601958502826206,0.6197651419467558,2.590930726500429,0.6191487553591007,0.058861509737879104,0.01484140449030226,30263142.764854044,3790584.243134766,28858971.517919607,3233800.4538932424,0.03355327172374032,0.004159752114996314,5.07728845278338,1.3077837004447193,0.673527998134661,0.0036296726288862053,0.6195645600864307,0.004727875057710951,0.0,0.0,0.1586512864824782,0.033914174026437045,0.17425964290267623,0.03284038467277625,14.744894627179434,38.35755461542987,1.5311568088739027,1.4915958711661452,,,,,,,,,,,,,,,,,,,,,,,,,,,,,,,,,,,,,,,,,,,,,,,,,,,,,,,,,,,,,,,,,,,,,,,,,,,,,,,,,,,,,,,,,,,,,,,,,,,,,,,,,,,,,,,,,,,,,,,,,,,,,,,,,,
reliability_first,congestion_burst,MaxWeight,5,150.0,0.0,300.0,0.0,250.0,0.0,1.0,0.0,500.0,0.0,1.0,0.0,800.0,0.0,1.0,0.0,1143451358.2,709705252.9090999,0.0,0.0,1.5999935567378997e-05,5.947394018108972e-06,200.0,0.0,0.003,0.006,0.9358066859947158,0.010752670754302883,0.9262061294370374,0.009266901498677147,1.0,0.0,0.9970000000000001,0.006000000000000005,0.0641933140052842,0.010752670754302904,0.07379387056296245,0.009266901498677198,0.07726322327753554,0.007791412796721922,12.838662801056847,2.1505341508605795,0.06432898285438632,0.010505337555083184,0.0271811669125643,0.0036122430452917654,0.01648255772984324,0.013766681329073775,0.0,0.0,0.0,0.0,0.0,0.0,0.11649145875990821,0.009092143139876503,0.14351744227015673,0.013766681329073775,0.15250724707531707,0.014794760118820114,0.9561344009685383,0.027633044390530062,0.9866928422205158,0.005813314482359269,,,0.7460906602920152,0.07122302756391077,0.2539093397079846,0.0712230275639108,0.0,0.0,0.2539093397079846,0.0712230275639108,0.4184126324553102,0.054293173227174786,0.8505674563965379,0.028244756567716255,0.5815873675446899,0.05429317322717479,0.10590126225633303,0.002694553756625815,0.0,0.0,2.1715200797339933,0.24796357775957206,61.419000000000004,3.451472729140418,19.816000000000003,0.4439639625014619,61.419000000000004,3.451472729140418,250.0,0.0,254.623,4.1939666188466544,285.6,24.335981591051553,4.623,4.19396661884665,35.6,24.335981591051553,554.6229999999999,4.193966618846655,286.2,24.67711490429949,286.2,24.67711490429949,1.0,0.0,0.0,0.0,,,146.03596322860426,10.77878247529793,164.40614085334792,6.960510393292651,169.8405413255466,7.186248099289946,168.4207481415749,7.350727387288674,2.1715200797339933,0.24796357775957206,1.9682951362691177,0.19819447969791304,1.9551610535415658,0.19617936248877044,0.06891471975637267,0.02226561379626927,18252571.373879023,1862485.527430206,17135995.928764336,1615908.480924957,0.05543976896360714,0.005994748196114457,9.04250140984114,1.1070209590568199,0.5474033120368409,0.027128148776652587,0.5037636353078117,0.012947510442864593,0.00055768029398852,0.0004643654439207022,0.12064000442966624,0.013775754319976217,0.1356879487588573,0.022816931042261453,-143.29185043896177,12.394669591577104,0.2791565524638554,0.1550189691288807,,,,,,,,,,,,,,,,,,,,,,,,,,,,,,,,,,,,,,,,,,,,,,,,,,,,,,,,,,,,,,,,,,,,,,,,,,,,,,,,,,,,,,,,,,,,,,,,,,,,,,,,,,,,,,,,,,,,,,,,,,,,,,,,,,
reliability_first,congestion_burst,PPO,5,150.0,0.0,300.0,0.0,250.0,0.0,1.0,0.0,500.0,0.0,1.0,0.0,800.0,0.0,1.0,0.0,1143451358.2,709705252.9090999,1.0,0.0,267.553891400015,9.782401107503151,200.0,0.0,0.0,0.0,0.8915831796566971,0.08803078119933677,0.8565748509149916,0.09871519780785334,0.598,0.48421689355081365,1.0,0.0,0.10841682034330273,0.08803078119933684,0.14342514908500836,0.09871519780785336,0.15264084927851984,0.1016620002773033,21.68336406866056,17.606156239867364,0.10841682034330273,0.08803078119933684,-0.0285970652380007,0.05254322184330046,-0.049821764435517904,0.05460777575353026,0.0007471380681776,0.00044341733792334836,0.00444292758318726,0.0022325583205315726,0.005949859443616,0.0031514278972394867,0.18461239662694734,0.05709078918942093,0.2098217644355179,0.05460777575353026,0.2159035865508016,0.054394229278729715,0.8713857554095789,0.010157494997424387,0.9239818153381532,0.014706769772674919,,,0.9905702779865513,0.016934326382626288,0.00868258394527106,0.01703164596077167,0.0,0.0,0.00868258394527106,0.01703164596077167,0.6356996853256474,0.07317862289981988,0.8155779760553326,0.011951988275922412,0.36399467181418854,0.07327582938944453,0.06757583995014588,0.006783120398353961,0.0003056428601641902,0.00023928797627780594,3.009751481077895,0.32602364901918607,66.937,11.749567481401177,10.493,1.0949091286494965,67.019,11.715786102519965,250.0,0.0,250.0,0.0,250.0,0.0,0.0,0.0,0.0,0.0,550.0,0.0,286.2,24.67711490429949,286.2,24.67711490429949,1.0,0.0,0.0,0.0,,,110.3786176979083,24.314556782856524,131.47943266494596,25.454815485394214,140.51876973258837,25.517067444411634,137.54473115152177,25.351542400750738,3.009751481077895,0.32602364901918607,2.757360255057144,0.3230140957374029,2.744761593628105,0.32279944675523636,0.04972497003669911,0.005107514128240708,29296152.764872752,3490248.086349624,28339719.952374555,3455184.2323958017,0.0346407389751335,0.004276864422666652,5.093284857134717,0.9765872049327782,0.6773491098927492,0.003599209757192164,0.6272697608326921,0.006088376048033672,0.0,0.0,0.1672084156154386,0.018112424945510346,0.18110734782809917,0.018718340904479873,33.605080354077934,29.39965468944077,1.4556960216730048,1.4180434995795266,,,,,,,,,,,,,,,,,,,,,,,,,,,,,,,,,,,,,,,,,,,,,,,,,,,,,,,,,,,,,,,,,,,,,,,,,,,,,,,,,,,,,,,,,,,,,,,,,,,,,,,,,,,,,,,,,,,,,,,,,,,,,,,,,,
reliability_first,congestion_burst,PPO-Lagrangian,5,150.0,0.0,300.0,0.0,250.0,0.0,1.0,0.0,500.0,0.0,1.0,0.0,800.0,0.0,1.0,0.0,1143451358.2,709705252.9090999,1.0,0.0,266.61783722001127,11.520029096061073,200.0,0.0,0.0,0.0,0.9560644135916337,0.009745432621268557,0.9377956519886593,0.018045950988187932,0.9940000000000001,0.009695359714832666,1.0,0.0,0.04393558640836619,0.009745432621268584,0.06220434801134063,0.01804595098818786,0.07208526044814083,0.016811746324740622,8.78711728167324,1.949086524253716,0.04393558640836619,0.009745432621268584,0.01862072848005542,0.012566304214608979,-0.0007535825531164997,0.017192219191871753,0.0007598403334157164,0.0004856277625614039,0.0044398449307733795,0.0022240079740269846,0.005463903283077836,0.0028178505354852284,0.11660478397297955,0.03422447699497124,0.15223501380463977,0.03184282018487367,0.1600460948397017,0.0314623396142562,0.879859798972728,0.019631197093600113,0.9301905234809873,0.01845399671593877,,,0.938155759276705,0.07146791015598011,0.06108440038987902,0.07164878459835729,0.0,0.0,0.06108440038987902,0.07164878459835729,0.5295497155325891,0.07192165152793079,0.8236136689802194,0.01745336162465349,0.47018379458397364,0.07186692907502411,0.06694270328388305,0.0030515447861007975,0.000266489883437254,0.0002151341227205594,2.5137491478351444,0.3399375745652246,76.61,5.546695412585768,10.562000000000001,0.4004697241989708,76.70200000000001,5.603726081813781,250.0,0.0,250.01399999999998,0.02799999999999727,252.6,5.2,0.014000000000000002,0.028000000000000004,2.6,5.2,550.014,0.028000000000020005,286.2,24.67711490429949,286.2,24.67711490429949,1.0,0.0,0.0,0.0,,,143.95451708700938,22.525878351237175,165.37847049288342,19.84247128232734,174.4156596464283,17.57840229992534,171.62865899278307,18.29087161880648,2.5137491478351444,0.3399375745652246,2.250083091180993,0.34012109327412154,2.242273245141899,0.3399887517706039,0.06337208705163339,0.010627517809313558,32409517.015788596,3046414.4876385136,30739559.972321033,2572689.3936107783,0.031135597151014837,0.003042488127556755,5.74130840532825,1.030071891872677,0.674422241822155,0.005807495466454595,0.6230680281782506,0.011523616974165074,0.0,0.0,0.13965273043528573,0.018885420809179147,0.15341286556106806,0.01900114306126804,5.084062240089071,37.438466427179215,0.6870540004570003,0.17657594466112253,,,,,,,,,,,,,,,,,,,,,,,,,,,,,,,,,,,,,,,,,,,,,,,,,,,,,,,,,,,,,,,,,,,,,,,,,,,,,,,,,,,,,,,,,,,,,,,,,,,,,,,,,,,,,,,,,,,,,,,,,,,,,,,,,,
reliability_first,congestion_burst,PPO_CMDP,5,150.0,0.0,300.0,0.0,250.0,0.0,1.0,0.0,500.0,0.0,1.0,0.0,800.0,0.0,1.0,0.0,1143451358.2,709705252.9090999,1.0,0.0,272.14205237999556,4.344263892369205,200.0,0.0,0.0,0.0,0.8909058265018807,0.06663832664005838,0.8546769746148909,0.07557623603338007,0.45099999999999996,0.44578470139743465,1.0,0.0,0.10909417349811934,0.06663832664005834,0.14532302538510905,0.07557623603338008,0.1590539818450985,0.07422760082576449,21.818834699623874,13.32766532801167,0.10909417349811934,0.06663832664005834,-0.03178988353648261,0.042242361672558126,-0.056021574874990376,0.03846016494255671,0.0003757265755580699,0.0001391662388854661,0.0040597387885454,0.0020298976450084665,0.00496686247851673,0.0024528051804514695,0.19096729052448147,0.04315010897640235,0.21602157487499038,0.03846016494255672,0.2223709888111355,0.03844533843920665,0.8667609756963739,0.03046301402007779,0.9196320842760983,0.02338888864612126,,,0.9989096581766519,0.0014593240605375924,0.00071461524778984,0.00142923049557968,0.0,0.0,0.00071461524778984,0.00142923049557968,0.6639303559375425,0.05074020921155452,0.8123793823695907,0.025445411123044902,0.33589831574251666,0.05075028557952789,0.06865660985221664,0.007291388224310342,0.00017132831994088002,0.00010336036709132137,3.1674159170796683,0.23150921830491367,63.321000000000005,9.106864114501764,10.262,1.2736820639390352,63.36,9.104093584756255,250.0,0.0,250.0,0.0,250.0,0.0,0.0,0.0,0.0,0.0,550.0,0.0,286.2,24.67711490429949,286.2,24.67711490429949,1.0,0.0,0.0,0.0,,,101.99374278362288,16.021252677464663,122.15048244974643,17.51159682261329,130.70940347407222,17.66985961552555,128.09588791360744,17.454783765878336,3.1674159170796683,0.23150921830491367,2.9074117554159393,0.2552428996006973,2.878310877622364,0.2538520432025975,0.05106889173090214,0.0072627193324941225,30085227.13730042,3048911.90404129,29095984.697217684,2950668.626045481,0.033593055651587884,0.0035298382495821193,4.650333297860697,0.8149986583122014,0.676513345667826,0.0071510108655674694,0.6262186909420314,0.008846366714496927,0.0,0.0,0.1759675509488704,0.012861623239161839,0.1910703279276045,0.012719572244506306,52.755602027967214,15.629173228625493,0.38234542072443967,0.21500567728759254,,,,,,,,,,,,,,,,,,,,,,,,,,,,,,,,,,,,,,,,,,,,,,,,,,,,,,,,,,,,,,,,,,,,,,,,,,,,,,,,,,,,,,,,,,,,,,,,,,,,,,,,,,,,,,,,,,,,,,,,,,,,,,,,,,
reliability_first,mixed_stress,Intent-PPO-CMDP,5,150.0,0.0,300.0,0.0,250.0,0.0,1.0,0.0,500.0,0.0,1.0,0.0,800.0,0.0,1.0,0.0,1168319045.8,286271988.0296697,1.0,0.0,320.147677999991,7.298897258581943,200.0,0.0,0.0,0.0,0.8237204313044362,0.11385194596492285,0.794158503217931,0.12852512398008106,0.396,0.4850092782617669,1.0,0.0,0.17637398125592163,0.11396491769183495,0.2058414967820689,0.1285251239800811,0.224312071789059,0.12406842747723965,35.27479625118434,22.79298353836699,0.17637398125592163,0.11396491769183495,-0.057329542165144874,0.06627454502723515,-0.07838243096148402,0.06767448301947361,0.012159718094048741,0.006341637408804148,0.02191424679309146,0.007084962894507426,0.02343044216482022,0.006557167092430681,0.2087155145256693,0.07628143574970855,0.23756782263517887,0.06865857588727392,0.24719186821349376,0.06459321314666214,0.9209497412123191,0.014678519056413228,0.9624339130140307,0.01300372116943368,,,0.9441239005665665,0.06642573952020299,0.04371638133938474,0.06736609849982249,0.0,0.0,0.04371638133938474,0.06736609849982249,0.4990654761911718,0.06343947658305797,0.8726899103801848,0.011488856981912132,0.4893825919043794,0.06617996113166107,0.05541640603437564,0.005835176795525556,0.01155193190444874,0.006182694511675523,2.7609581013773488,0.38857670588164606,93.79899999999999,8.314263888042044,10.156,1.1246528353229723,93.92599999999999,8.332580872694843,250.0,0.0,250.0,0.0,250.0,0.0,0.0,0.0,0.0,0.0,550.0,0.0,286.2,24.67711490429949,286.2,24.67711490429949,1.0,0.0,0.0,0.0,,,148.17067018656854,21.403712936527445,169.3676705320104,18.608389635086898,176.8239445847435,17.592055151616304,174.19675452586188,18.629525298607106,2.7609581013773488,0.38857670588164606,2.523388926249833,0.39652979109775083,2.5052427225360576,0.40266083052997736,0.055237625764192645,0.012433370215544508,29749720.127788454,5169534.560477217,28626067.744384598,4886731.1989065735,0.03473216172863064,0.00651347639877179,7.563258075655456,1.160821184920893,0.6345172907902559,0.008692786217902227,0.593719061561065,0.008395778676953769,0.0,0.0,0.15338656118763044,0.02158759477120257,0.16664400035241453,0.02107317144232013,40.66665907563616,23.273179627233425,0.8793333748166802,0.7039155913118308,,,,,,,,,,,,,,,,,,,,,,,,,,,,,,,,,,,,,,,,,,,,,,,,,,,,,,,,,,,,,,,,,,,,,,,,,,,,,,,,,,,,,,,,,,,,,,,,,,,,,,,,,,,,,,,,,,,,,,,,,,,,,,,,,,
reliability_first,mixed_stress,Intent-PPO-CMDP-FullPolicy-NoShield,5,150.0,0.0,300.0,0.0,250.0,0.0,1.0,0.0,500.0,0.0,1.0,0.0,800.0,0.0,1.0,0.0,1168319045.8,286271988.0296697,1.0,0.0,320.147677999991,7.298897258581943,200.0,0.0,0.0,0.0,0.5998094675639243,0.12997302671110283,0.5532854173766356,0.13399866124004245,0.003,0.006,1.0,0.0,1.7065028664801787,1.1446819759626257,2.1111284113075035,1.2450389399789592,2.266559930573103,1.3032915908827478,341.3005732960357,228.93639519252508,1.7065028664801787,1.1446819759626257,-0.2484150659900742,0.16170376664692834,-0.3073009480507294,0.18022812013232364,0.26747448507887595,0.17105572666471328,0.3297966305621986,0.18727561264794307,0.3513007685504717,0.1933715379694306,0.22538746922817202,0.07643130051080459,0.25889690286782735,0.06584081846825728,0.26804619949021846,0.06520825502247944,0.9239185674587634,0.015155648723769628,0.9620189569218682,0.013887351885409866,,,0.7102750103734065,0.16597633388223737,0.022250504547717598,0.03143972103744887,0.0,0.0,0.022250504547717598,0.03143972103744887,0.40364036958234095,0.06757932570382144,0.8838537325065792,0.019596355890260025,0.40725260567322347,0.11086475365453044,0.04704813779141262,0.0096902957716852,0.18910702474443536,0.1414287077706169,2.29151966963338,0.3832902854437477,64.67999999999999,23.77256275625327,8.43,1.5993342364871708,81.272,19.049381774745342,250.0,0.0,250.0,0.0,250.0,0.0,0.0,0.0,0.0,0.0,550.0,0.0,286.2,24.67711490429949,286.2,24.67711490429949,1.0,0.0,0.0,0.0,,,127.66298654241398,30.84603410334494,149.1592669028657,29.758851516983846,156.31297147006967,28.715506654174245,154.6391322000439,28.328840860356056,2.29151966963338,0.3832902854437477,2.018691062815715,0.39645635741018986,1.988606762724767,0.397361655026707,0.07755788311479164,0.01687644466456597,28608009.493631817,4990333.266585144,27097978.01689447,4603400.451420146,0.036053592188947776,0.006466443881732724,5.397884753597246,2.02864093505442,0.5879333170489207,0.045607686120392205,0.5287932228283087,0.05546389611502745,0.00201980247171952,0.0025413403106639013,0.1273066483129655,0.021293904746874846,0.14289980768634863,0.021677132313081455,-0.7755066257274308,30.47558449558228,1.9639443701912143,1.9196978706243137,,,,,,,,,,,,,,,,,,,,,,,,,,,,,,,,,,,,,,,,,,,,,,,,,,,,,,,,,,,,,,,,,,,,,,,,,,,,,,,,,,,,,,,,,,,,,,,,,,,,,,,,,,,,,,,,,,,,,,,,,,,,,,,,,,
reliability_first,mixed_stress,Intent-PPO-CMDP-NoRisk,5,150.0,0.0,300.0,0.0,250.0,0.0,1.0,0.0,500.0,0.0,1.0,0.0,800.0,0.0,1.0,0.0,1168319045.8,286271988.0296697,1.0,0.0,274.6141810200061,5.506362305433448,200.0,0.0,0.0,0.0,0.8380219279539836,0.12997205041193258,0.8004534074331477,0.1293436192957275,0.5780000000000001,0.4728488130470457,1.0,0.0,0.16255079596703176,0.1306902083388791,0.20257746426836737,0.13312497383204036,0.21582857089432816,0.13145762228613606,32.51015919340636,26.138041667775816,0.16255079596703176,0.1306902083388791,-0.04787696855573641,0.0776261465436943,-0.07615945099463603,0.07225198923835048,0.00021953689676580944,0.00020572257269450164,0.0010018106893106599,0.001893988268426312,0.0023195260485407297,0.0027853152300434227,0.2016360017543391,0.08327752296125154,0.236159450994636,0.07225198923835048,0.24228975825215562,0.07101369655823793,0.903520708111647,0.015522555390282128,0.9452416678523559,0.011657734571442938,,,0.8997202604853648,0.09798247583959219,0.1000602026178693,0.09809116112203797,0.0,0.0,0.1000602026178693,0.09809116112203797,0.47899149784749256,0.08829780173305936,0.8584675418201341,0.015242289292272537,0.5209084940970647,0.08833264373357205,0.05419942013106112,0.003533846509794211,0.00010000805544258686,8.061784642213226e-05,2.606076373783007,0.4881366490267078,88.764,7.296033442905812,9.517999999999999,0.5116600433881855,88.78900000000002,7.308680729105631,250.0,0.0,250.0,0.0,250.0,0.0,0.0,0.0,0.0,0.0,550.0,0.0,286.2,24.67711490429949,286.2,24.67711490429949,1.0,0.0,0.0,0.0,,,153.6645321442408,28.657035897026955,171.26434107185779,24.913466993823615,177.79657219475024,23.204869296279263,176.05494514873277,23.335677725892936,2.606076373783007,0.4881366490267078,2.3548228605155943,0.5045308188609648,2.3342925423879657,0.49599319866933417,0.06188843952677296,0.012951912371177564,30032711.25935006,3963068.5431257263,28634842.21193912,3386641.079509551,0.03386807816733004,0.004430033363065065,7.24988729666231,0.9440226270727345,0.6430364843875891,0.009032296495032796,0.5941345529607222,0.01090878993061851,0.0,0.0,0.14478202076572258,0.02711870272370599,0.15903014408570826,0.026718652432671117,21.935922490072436,22.133552479646227,0.7717195239249424,0.26213930089452614,,,,,,,,,,,,,,,,,,,,,,,,,,,,,,,,,,,,,,,,,,,,,,,,,,,,,,,,,,,,,,,,,,,,,,,,,,,,,,,,,,,,,,,,,,,,,,,,,,,,,,,,,,,,,,,,,,,,,,,,,,,,,,,,,,
reliability_first,mixed_stress,MaxWeight,5,150.0,0.0,300.0,0.0,250.0,0.0,1.0,0.0,500.0,0.0,1.0,0.0,800.0,0.0,1.0,0.0,1168319045.8,286271988.0296697,0.0,0.0,1.3860035687685013e-05,5.539906477121751e-06,200.0,0.0,0.0,0.0,0.9272320094862309,0.01008981997783311,0.9094145506668738,0.009743571247129941,0.967,0.04781213235152768,1.0,0.0,0.072767990513769,0.010089819977833108,0.090585449333126,0.00974357124713001,0.09974808244150278,0.012955691320446255,14.553598102753819,2.017963995566617,0.072767990513769,0.010089819977833108,0.0200780861662013,0.007355568096930529,-0.0010129396655240597,0.011872549353095896,0.0,0.0,0.0,0.0,0.0,0.0,0.13415549096261117,0.010506712759205738,0.161012939665524,0.011872549353095929,0.16890569504349698,0.011360435975712757,0.964528358103267,0.018250506190453226,0.9876063757024142,0.006578362481037973,,,0.6870997625617549,0.07587795689515858,0.31290023743824513,0.0758779568951586,0.0,0.0,0.31290023743824513,0.0758779568951586,0.3457073389511951,0.042813596317068665,0.8812232037932366,0.020659365416806193,0.6542926610488049,0.04281359631706868,0.08333089059998662,0.0036757057192437163,0.0,0.0,2.0426192434384287,0.23130691564222797,71.68900000000001,7.146351096888538,17.555,0.6640256019160701,71.68900000000001,7.146351096888538,250.0,0.0,254.669,3.8508108237097307,286.0,24.355697485393435,4.669,3.850810823709729,36.0,24.355697485393435,554.669,3.8508108237097116,286.2,24.67711490429949,286.2,24.67711490429949,1.0,0.0,0.0,0.0,,,170.93434406566243,10.079492881244184,187.14838804181744,7.800162075816209,192.94020265753153,8.162455027827455,191.10628649051029,7.779942081638518,2.0426192434384287,0.23130691564222797,1.8352034094731373,0.19033046582070867,1.8228220797160006,0.1841896335400426,0.06868286943939308,0.0140375193099024,18961088.41153594,1922658.5013304392,18009534.264845677,1804802.2221766857,0.05331491921599574,0.005632040415851563,10.68953277278359,1.2084677568358317,0.5347461229323287,0.017354441681793262,0.49670990939178195,0.019504737832736773,0.0014811987115457763,0.0017987460320235855,0.11347884685769043,0.012850384202346025,0.1278235913269756,0.019658866562318817,-73.31006638191884,20.711329039213833,0.45396350131464275,0.33134678784766536,,,,,,,,,,,,,,,,,,,,,,,,,,,,,,,,,,,,,,,,,,,,,,,,,,,,,,,,,,,,,,,,,,,,,,,,,,,,,,,,,,,,,,,,,,,,,,,,,,,,,,,,,,,,,,,,,,,,,,,,,,,,,,,,,,
reliability_first,mixed_stress,PPO,5,150.0,0.0,300.0,0.0,250.0,0.0,1.0,0.0,500.0,0.0,1.0,0.0,800.0,0.0,1.0,0.0,1168319045.8,286271988.0296697,1.0,0.0,267.553891400015,9.782401107503151,200.0,0.0,0.0,0.0,0.8290505787710014,0.11578194970809452,0.7954199267692805,0.11251986379399075,0.40199999999999997,0.3965047288494804,1.0,0.0,0.1742520378779712,0.12108047165647819,0.21398722963207356,0.1268298473445031,0.22656102616340063,0.12383280700258323,34.85040757559425,24.216094331295633,0.1742520378779712,0.12108047165647819,-0.06176237895986122,0.0667014611828743,-0.08593859059846257,0.0648814947525719,0.00064360584875862,0.00027590788318187083,0.004850305378015759,0.00020064868029803483,0.00637428349020034,0.0010009008125296186,0.22027034844033172,0.06858602771990238,0.24593859059846257,0.06488149475257186,0.2519104116211463,0.0638862049992763,0.9072897618912688,0.007369405238389841,0.9485723542672414,0.007638267756199562,,,0.9606735689103953,0.05782667878622862,0.038682825240846,0.057931191674838525,0.0,0.0,0.038682825240846,0.057931191674838525,0.49964173625478886,0.05043823448958696,0.8612848325089839,0.007600682359017108,0.5000979023841045,0.05045095240221877,0.056318591610134715,0.006177520967320338,0.00026036136110656774,0.000142768550817148,2.709638467824562,0.2757389418672643,97.179,7.45107737176309,9.698,1.3489128956311445,97.259,7.459964745225006,250.0,0.0,250.0,0.0,250.0,0.0,0.0,0.0,0.0,0.0,550.0,0.0,286.2,24.67711490429949,286.2,24.67711490429949,1.0,0.0,0.0,0.0,,,150.52743056041902,17.2136998179091,170.31451751838702,15.612513593557708,177.76780478188368,16.118713328936792,174.94515173992153,15.827233305731962,2.709638467824562,0.2757389418672643,2.4811017174060135,0.27216193474412864,2.4520237352158656,0.2682414009347651,0.054832493426828756,0.006953190027155218,28732999.051611263,3556735.9737091246,27753367.86422496,3506053.0732507664,0.03537429447665694,0.004671311543439829,7.994568798066939,1.0447673526755246,0.6451678728846778,0.005653869218536695,0.5996389676844617,0.006439399255216806,0.0,0.0,0.15053547043469787,0.015318830103736905,0.1644173678688321,0.01529524900486026,29.404915621931558,45.168772066855354,0.811855113583537,0.5692621881005032,,,,,,,,,,,,,,,,,,,,,,,,,,,,,,,,,,,,,,,,,,,,,,,,,,,,,,,,,,,,,,,,,,,,,,,,,,,,,,,,,,,,,,,,,,,,,,,,,,,,,,,,,,,,,,,,,,,,,,,,,,,,,,,,,,
reliability_first,mixed_stress,PPO-Lagrangian,5,150.0,0.0,300.0,0.0,250.0,0.0,1.0,0.0,500.0,0.0,1.0,0.0,800.0,0.0,1.0,0.0,1168319045.8,286271988.0296697,1.0,0.0,266.61783722001127,11.520029096061073,200.0,0.0,0.0,0.0,0.9333553142777076,0.024286326622939787,0.9033867696066764,0.03579020870881137,0.8480000000000001,0.26177471230048177,1.0,0.0,0.06664468572229226,0.024286326622939815,0.09661323039332362,0.03579020870881138,0.1133161999252088,0.03439572322155074,13.328937144458461,4.857265324587959,0.06664468572229226,0.024286326622939815,0.00846179673551826,0.022744960387441997,-0.016873310089036603,0.027853386129594076,0.0006005559293026724,0.00047344208642602787,0.0030678628669367795,0.0024191398885247397,0.005555119718275152,0.0030893162039963293,0.13476368028333285,0.03759166069036336,0.17198337261952462,0.03576822756815733,0.18211582646298546,0.03387470329444809,0.9150904238969442,0.013983403178786994,0.9518538106978627,0.012385339695629029,,,0.8632406328745159,0.09807518586534617,0.13615881119618134,0.09812740824663234,0.0,0.0,0.13615881119618134,0.09812740824663234,0.42951100133840725,0.05293579284161271,0.8675861658780833,0.011746511155690613,0.5702732516077738,0.05291161466043417,0.056724598536205775,0.0029393858197701976,0.00021574705381899456,0.0001424764521522845,2.3535231392551417,0.2890723997798667,91.131,9.578565863426528,10.030999999999999,0.484142540993869,91.211,9.604050916149914,250.0,0.0,250.04700000000003,0.09400000000000547,254.0,8.0,0.047,0.09400000000000001,4.0,8.0,550.047,0.09400000000000547,286.2,24.67711490429949,286.2,24.67711490429949,1.0,0.0,0.0,0.0,,,171.653141573593,13.349221103488313,187.69447799671653,11.091459028720962,193.31363065126197,11.387818636347461,191.3451414069404,11.312198364013813,2.3535231392551417,0.2890723997798667,2.108296590185333,0.2855365685970277,2.0960994039990752,0.28196313889768104,0.06624105305849717,0.010310753916616138,32258225.17779662,3340581.2514158213,30744973.08760639,2912462.477903268,0.03134704761569472,0.003398114681432653,7.371629560233133,1.0285537610486544,0.6452805471525673,0.00654425119154714,0.5976528222462696,0.007835643162488807,0.0,0.0,0.1307512855141745,0.016059577765548158,0.1453005977687049,0.01647465104451727,23.116759121727846,30.34982958107702,1.686778117365968,2.270417466870025,,,,,,,,,,,,,,,,,,,,,,,,,,,,,,,,,,,,,,,,,,,,,,,,,,,,,,,,,,,,,,,,,,,,,,,,,,,,,,,,,,,,,,,,,,,,,,,,,,,,,,,,,,,,,,,,,,,,,,,,,,,,,,,,,,
reliability_first,mixed_stress,PPO_CMDP,5,150.0,0.0,300.0,0.0,250.0,0.0,1.0,0.0,500.0,0.0,1.0,0.0,800.0,0.0,1.0,0.0,1168319045.8,286271988.0296697,1.0,0.0,272.14205237999556,4.344263892369205,200.0,0.0,0.0,0.0,0.8181978873376246,0.09699669241780277,0.7725623655285186,0.09195712090968881,0.32599999999999996,0.40424497523160385,1.0,0.0,0.18226423861768737,0.09768365565925484,0.23114967391887054,0.09728851790904139,0.24411398022198388,0.09199768980596039,36.45284772353749,19.536731131850967,0.18226423861768737,0.09768365565925484,-0.06964085131410079,0.05147208035011555,-0.09420129404785269,0.04883167021648311,0.00042316113100304947,0.00026892281721399846,0.00371542307877104,0.001870150821839428,0.00494568605649429,0.0026017090832093155,0.22961456610866512,0.051504622465063564,0.25420129404785274,0.0488316702164831,0.26103016385939387,0.04656889728241907,0.9063192180001975,0.021648747895886375,0.9456310513208465,0.018478735480987638,,,0.9874064291561027,0.023015402743606254,0.0121704097128941,0.02309403229703428,0.0,0.0,0.0121704097128941,0.02309403229703428,0.5250880570335114,0.025691611961744704,0.8577953709179559,0.01477952056201945,0.4747501980242966,0.025685056362934222,0.059353712955476166,0.006627184043640746,0.00016174494219194945,0.00010333646219976208,2.8724621274272484,0.1381781613575978,97.63199999999999,4.078328824408351,10.247,1.4981742221784486,97.687,4.064936161860356,250.0,0.0,250.0,0.0,250.0,0.0,0.0,0.0,0.0,0.0,550.0,0.0,286.2,24.67711490429949,286.2,24.67711490429949,1.0,0.0,0.0,0.0,,,142.05317449072382,10.583772332562438,164.13810865643015,9.702906948480582,173.6460808371263,8.223683818457753,169.89975877520504,8.624344763044443,2.8724621274272484,0.1381781613575978,2.600343008466873,0.1558241967182557,2.5860087916609893,0.15569973985523716,0.054562212414504006,0.007874653615871372,29464442.203707337,2938123.326637307,28428101.23968469,2756858.5809071087,0.03429431867241271,0.003591255170467515,7.557267029669676,0.9671202404876449,0.6423143569684739,0.004028487423507614,0.5992616996480995,0.008633097690876354,0.0,0.0,0.15958122930151378,0.007676564519866549,0.17366893661343769,0.007403192562552661,52.0322332848193,21.831250677408168,0.45883627311492037,0.17331306078299888,,,,,,,,,,,,,,,,,,,,,,,,,,,,,,,,,,,,,,,,,,,,,,,,,,,,,,,,,,,,,,,,,,,,,,,,,,,,,,,,,,,,,,,,,,,,,,,,,,,,,,,,,,,,,,,,,,,,,,,,,,,,,,,,,,
reliability_first,nominal,Intent-PPO-CMDP,5,150.0,0.0,300.0,0.0,250.0,0.0,1.0,0.0,500.0,0.0,1.0,0.0,800.0,0.0,1.0,0.0,982597998.0,371222976.5002785,1.0,0.0,320.147677999991,7.298897258581943,200.0,0.0,0.005,0.01,0.8835010782601792,0.07999809941825514,0.8423922897578372,0.09351379173212293,0.465,0.45117624050918287,0.9949999999999999,0.010000000000000009,0.11649892173982075,0.07999809941825511,0.15760771024216277,0.09351379173212293,0.172563251191711,0.08811813321196194,23.299784347964156,15.999619883651018,0.11659315215145274,0.07988265706522443,-0.04254008445012776,0.05176518578757687,-0.06676719535645365,0.0510561453100005,0.0113259819621263,0.005014402763790172,0.022760811956414977,0.004699355022758697,0.02430830638481158,0.00417309031604177,0.19516639671125244,0.060210163276122323,0.22676719535645362,0.05105614531000052,0.23600441390513677,0.049904716751289734,0.7609419072349565,0.0676485693614335,0.8854239312583241,0.020529620446170276,,,0.9884048596498914,0.005037442437490969,0.00026915838798235997,0.0005383167759647199,0.0,0.0,0.00026915838798235997,0.0005383167759647199,0.8192135901145674,0.09211532130169062,0.7226451251524069,0.05726687499580953,0.1696581089247194,0.09366385319320136,0.061701743375701376,0.007591662736895605,0.01112830096071306,0.004893613030697176,2.702328434283141,0.3265248917059026,22.743,12.403009554136446,5.144,1.4416254714730867,22.771,12.397577747285961,250.0,0.0,250.0,0.0,250.0,0.0,0.0,0.0,0.0,0.0,550.0,0.0,286.2,24.67711490429949,286.2,24.67711490429949,1.0,0.0,0.0,0.0,,,65.92463759617651,23.640493676802897,86.35526108158557,27.05540119873618,95.93943502512518,27.922889586024155,92.65368881179272,27.29711216554438,2.702328434283141,0.3265248917059026,2.4170202405224597,0.3038864303049282,2.4001171214176686,0.29849548229239553,0.062143329438366826,0.00786183576309485,27981357.776459754,4958609.705638943,26320138.31896785,4492184.995090664,0.03695918712392382,0.006977637163845279,2.1837931128490795,0.44423339305136667,0.6532455199895024,0.009112940555453416,0.5908404273341459,0.009634787916631775,0.0,0.0,0.15012935746017442,0.018140271761439033,0.16568548569435304,0.019148525808234593,51.92675766470834,19.59888854187842,0.58649033343954,0.794472581874568,,,,,,,,,,,,,,,,,,,,,,,,,,,,,,,,,,,,,,,,,,,,,,,,,,,,,,,,,,,,,,,,,,,,,,,,,,,,,,,,,,,,,,,,,,,,,,,,,,,,,,,,,,,,,,,,,,,,,,,,,,,,,,,,,,
reliability_first,nominal,Intent-PPO-CMDP-FullPolicy-NoShield,5,150.0,0.0,300.0,0.0,250.0,0.0,1.0,0.0,500.0,0.0,1.0,0.0,800.0,0.0,1.0,0.0,982597998.0,371222976.5002785,1.0,0.0,320.147677999991,7.298897258581943,200.0,0.0,0.0,0.0,0.6560344835377986,0.10947185252969847,0.591609801272355,0.12348791200105254,0.025,0.05,1.0,0.0,1.7503805536054529,1.121197594587799,2.205706941771284,1.2460842183230194,2.3279658684883158,1.2532485179281376,350.0761107210905,224.2395189175598,1.7503805536054529,1.121197594587799,-0.2582026291202769,0.16321142569688218,-0.3238035844943576,0.18437420792335374,0.28303924365811284,0.1681195469824486,0.3532617635231162,0.18490515893518517,0.37021203302188843,0.18726910902782978,0.2112338604624529,0.06337982456204572,0.2477104586465985,0.057025808469589975,0.2573626456314878,0.0543119277622147,0.7531400463902667,0.05859518502719412,0.8734374183596098,0.02771477032355817,,,0.7169607563418872,0.16811954698244855,0.0,0.0,0.0,0.0,0.0,0.0,0.618813730769008,0.13129963729814165,0.7277787949837216,0.047857437304978684,0.11726330732703527,0.09428538016345726,0.041745139350095786,0.013469919396078393,0.26392296190395653,0.17155293131628757,2.093938551381444,0.4457616935218881,13.311000000000002,10.594040966505652,3.434,1.9233080876448267,15.927000000000001,12.85963397612856,250.0,0.0,250.0,0.0,250.0,0.0,0.0,0.0,0.0,0.0,550.0,0.0,286.2,24.67711490429949,286.2,24.67711490429949,1.0,0.0,0.0,0.0,,,51.06937570979201,23.47999712537618,68.18908076695917,28.051175546387185,76.12460590833314,29.454208673318995,73.41725197601161,29.07233853456456,2.093938551381444,0.4457616935218881,1.773786692214338,0.4385223680907004,1.7424742955231107,0.42203797570180207,0.09791925428112853,0.025148585162072284,26573719.5023918,5068805.032958934,24886397.47306405,4714308.441644621,0.03899554954369872,0.00737428006347386,1.3742967429721424,0.6127494518801243,0.6119222087102367,0.04560755362478999,0.5388793923492736,0.05057230406226234,0.0016399070710790401,0.0022935600469200187,0.11632991952119127,0.024764538528993758,0.1334282727917077,0.02473157768386521,24.547230347451904,24.222554257080674,6.17301977612085,9.86752232694774,,,,,,,,,,,,,,,,,,,,,,,,,,,,,,,,,,,,,,,,,,,,,,,,,,,,,,,,,,,,,,,,,,,,,,,,,,,,,,,,,,,,,,,,,,,,,,,,,,,,,,,,,,,,,,,,,,,,,,,,,,,,,,,,,,
reliability_first,nominal,Intent-PPO-CMDP-NoRisk,5,150.0,0.0,300.0,0.0,250.0,0.0,1.0,0.0,500.0,0.0,1.0,0.0,800.0,0.0,1.0,0.0,982597998.0,371222976.5002785,1.0,0.0,274.6141810200061,5.506362305433448,200.0,0.0,0.0,0.0,0.8834052403095652,0.08570458217372977,0.8303591320985321,0.08605644337836675,0.549,0.4507593593038307,1.0,0.0,0.11659475969043456,0.08570458217372978,0.1696408679014678,0.08605644337836682,0.18833485236744077,0.08156978733998746,23.31895193808692,17.140916434745957,0.11659475969043456,0.08570458217372978,-0.04027311310382396,0.05677055742265001,-0.07354330849098031,0.05173394991873934,0.00129378020506036,0.0006880841539327915,0.006667617650659161,0.0033666487243039084,0.009026653016433761,0.004962465086015762,0.1968893189420416,0.059626386733965676,0.23354330849098032,0.05173394991873939,0.24075409378235588,0.0499872243728557,0.7256324998513148,0.13227529343167327,0.8745969470959304,0.04588828778439995,,,0.9962088926827137,0.005250617002895138,0.00249732711222594,0.00499465422445188,0.0,0.0,0.00249732711222594,0.00499465422445188,0.7826070018039974,0.1351581592363542,0.6879203264672548,0.1146630476002809,0.21686319302663995,0.135446117594647,0.05942110273846918,0.010097890962963764,0.0005298051693626332,0.00035765441872634315,2.55401424284943,0.42553904848039803,28.508999999999997,17.60364689489084,5.048,2.3439978668932273,28.610000000000003,17.678619572806017,250.0,0.0,250.0,0.0,250.0,0.0,0.0,0.0,0.0,0.0,550.0,0.0,286.2,24.67711490429949,286.2,24.67711490429949,1.0,0.0,0.0,0.0,,,77.92083140509325,36.25362174336493,98.86519493862455,41.127587379293786,108.67223050308783,43.706287791052354,104.7691185671815,41.76088335529185,2.55401424284943,0.42553904848039803,2.277490131491247,0.3752254421575242,2.2405474696246737,0.350457248976683,0.06986236408846276,0.0071851806859297524,28195020.1747424,3495346.972512467,26589688.48431846,3049503.8324039206,0.0360202786700398,0.00447371563175682,2.5362574305378813,0.9768263787517559,0.6603876705503839,0.004452326597464442,0.5976314795479039,0.006825162660056331,0.0,0.0,0.1418896801583016,0.023641058248910985,0.15794463314288823,0.025441024112792955,30.762524232242328,34.711630139092755,0.5858840745469702,0.40826068659870524,,,,,,,,,,,,,,,,,,,,,,,,,,,,,,,,,,,,,,,,,,,,,,,,,,,,,,,,,,,,,,,,,,,,,,,,,,,,,,,,,,,,,,,,,,,,,,,,,,,,,,,,,,,,,,,,,,,,,,,,,,,,,,,,,,
reliability_first,nominal,MaxWeight,5,150.0,0.0,300.0,0.0,250.0,0.0,1.0,0.0,500.0,0.0,1.0,0.0,800.0,0.0,1.0,0.0,982597998.0,371222976.5002785,0.0,0.0,1.1140061542391776e-05,6.711249689807989e-07,200.0,0.0,0.0,0.0,0.9281528090327231,0.004922060173486452,0.8933235988487743,0.053607116161000744,0.959,0.07952358140828415,1.0,0.0,0.07184719096727668,0.004922060173486556,0.1066764011512257,0.053607116161000716,0.11569454369989644,0.06432851475672609,14.369438193455338,0.9844120346973134,0.07184719096727668,0.004922060173486556,0.02109209111473268,0.012694347939468206,-0.009573900075748982,0.04883764553344401,0.0,0.0,0.0,0.0,0.0,0.0,0.12862762232940214,0.015939987995597277,0.16957390007574888,0.048837645533444024,0.1802418920873925,0.05163576632412177,0.9166930148649666,0.07652304203367033,0.9800037321512839,0.009955045584620065,,,0.9393898713902937,0.03596678370261106,0.060610128609706306,0.03596678370261107,0.0,0.0,0.060610128609706306,0.03596678370261107,0.5772301453780126,0.0745245317858054,0.8026301860177837,0.06367220830114145,0.42276985462198713,0.07452453178580536,0.11904112352617129,0.008306566730087398,0.0,0.0,2.0514142732106757,0.2132423444461716,47.816,5.620902418651297,15.12,1.6834607212525035,47.816,5.620902418651297,250.0,0.0,252.564,2.5880367076222113,279.4,22.720915474513784,2.5639999999999996,2.588036707622208,29.4,22.720915474513784,552.564,2.5880367076221895,286.2,24.67711490429949,286.2,24.67711490429949,1.0,0.0,0.0,0.0,,,129.02106553343486,20.551194864534846,153.56624373648202,11.506379618194618,162.91926606239497,12.363690593521195,160.23180504936045,11.829124717092615,2.0514142732106757,0.2132423444461716,1.8552220619621402,0.16781699464511024,1.841471885626678,0.16659556566793565,0.07043468678071454,0.023187851549448135,17868578.38000196,2067378.351553987,16732750.063088957,1852904.1641216716,0.05692431819565744,0.006842236164338532,6.839128580589318,1.5468364971498936,0.6253971737673772,0.023306264331487823,0.5523325935375496,0.033766812855256303,0.00016646219302467999,0.00013823514194272123,0.11396745962281525,0.011846796913676155,0.12921198642813275,0.02190480815199579,-190.55328124917816,52.23861497941828,0.3687495504965265,0.400501275197443,,,,,,,,,,,,,,,,,,,,,,,,,,,,,,,,,,,,,,,,,,,,,,,,,,,,,,,,,,,,,,,,,,,,,,,,,,,,,,,,,,,,,,,,,,,,,,,,,,,,,,,,,,,,,,,,,,,,,,,,,,,,,,,,,,
reliability_first,nominal,PPO,5,150.0,0.0,300.0,0.0,250.0,0.0,1.0,0.0,500.0,0.0,1.0,0.0,800.0,0.0,1.0,0.0,982597998.0,371222976.5002785,1.0,0.0,267.553891400015,9.782401107503151,200.0,0.0,0.01,0.02,0.8950060543725934,0.09189806397273492,0.8444461705829152,0.09348395757178955,0.587,0.47525361650386205,0.99,0.020000000000000018,0.10503711484721619,0.09196651297913916,0.15555382941708468,0.09348395757178955,0.17544740652985305,0.09352805304984767,21.007422969443244,18.39330259582783,0.10538065292135664,0.09169823653960271,-0.038163751490353434,0.052811914524279496,-0.0682980215392113,0.04965429063079723,0.00108699293744252,0.0004049702107878163,0.00781931146036248,0.00046477307807762995,0.00994903714455348,0.0018063372198621195,0.19717228400041117,0.05371267616782437,0.22829802153921128,0.04965429063079722,0.23753178150843715,0.04920224167640435,0.7732627555773476,0.042485939930352545,0.8815461831117558,0.019624682281823867,,,0.9987442987697162,0.0005242300501903111,0.00016870829284124,0.00033741658568248,0.0,0.0,0.00016870829284124,0.00033741658568248,0.8276712508539278,0.07912900973671269,0.7359581910950996,0.03612081820816652,0.17168717673770625,0.07949505827430292,0.06130355209565082,0.004672159059802135,0.0006415724083658515,0.0004529210057771856,2.7120766416616306,0.24347785030333424,23.033,10.440349898351108,5.023,0.9389121364643235,23.093,10.46058057662193,250.0,0.0,250.0,0.0,250.0,0.0,0.0,0.0,0.0,0.0,550.0,0.0,286.2,24.67711490429949,286.2,24.67711490429949,1.0,0.0,0.0,0.0,,,66.79283733728978,19.61683464781125,87.75425005906747,22.40662761218033,96.7713460401733,22.14392341493672,95.13704825126347,23.294136343003636,2.7120766416616306,0.24347785030333424,2.4280874830678494,0.20898358720668303,2.4115100770315836,0.20446535078529002,0.0603145831712731,0.0034871854024886135,27823029.68569259,3516117.904824643,26369936.998861063,3471452.6103949756,0.036505944075299064,0.004612652457756128,2.304475039126123,0.6495143315989993,0.657805222093144,0.006123956156046911,0.597456722043311,0.011392835321091054,0.0,0.0,0.15067092453675718,0.013526547239074116,0.16486340778005326,0.015127929818854396,51.832289902305796,19.97687310328817,0.4184091434206844,0.34048746629250176,,,,,,,,,,,,,,,,,,,,,,,,,,,,,,,,,,,,,,,,,,,,,,,,,,,,,,,,,,,,,,,,,,,,,,,,,,,,,,,,,,,,,,,,,,,,,,,,,,,,,,,,,,,,,,,,,,,,,,,,,,,,,,,,,,
reliability_first,nominal,PPO-Lagrangian,5,150.0,0.0,300.0,0.0,250.0,0.0,1.0,0.0,500.0,0.0,1.0,0.0,800.0,0.0,1.0,0.0,982597998.0,371222976.5002785,1.0,0.0,266.61783722001127,11.520029096061073,200.0,0.0,0.004,0.004898979485566357,0.9513517961753598,0.015734708388897355,0.9079681034024192,0.027354185819741004,0.9279999999999999,0.06786751800382859,0.9960000000000001,0.00489897948556636,0.04864820382464014,0.01573470838889734,0.09203189659758082,0.02735418581974098,0.11167557107701609,0.02951397478006291,9.729640764928035,3.14694167777947,0.048786694537332066,0.01563680546822295,0.00419032997486288,0.018330446792169493,-0.02579071806464962,0.023514829773818424,0.00132104002041196,0.0005573655948475594,0.00792082217986218,0.00035622635102538304,0.010822606346114897,0.0019093674584501983,0.14390322926591442,0.03042406490467994,0.1854022976478365,0.024172877213235626,0.1961735687551193,0.023807873349936514,0.8263290159535603,0.032055140497424556,0.9020438439327958,0.02530064393672462,,,0.9934579498406565,0.009533116732913646,0.00522101013893138,0.00936217650005343,0.0,0.0,0.00522101013893138,0.00936217650005343,0.7092943286622596,0.09072383586444303,0.7761516891923695,0.02697242666453788,0.29036134058573304,0.09073606217588255,0.06772960299129091,0.004054642437297016,0.0003443307520073244,0.0002097470132457131,2.3472151906889613,0.2821556284750201,38.056,11.324583171137027,6.703,0.9188177185927578,38.184,11.376283839637617,250.0,0.0,250.0,0.0,250.0,0.0,0.0,0.0,0.0,0.0,550.0,0.0,286.2,24.67711490429949,286.2,24.67711490429949,1.0,0.0,0.0,0.0,,,97.56652882294095,27.220241294650723,121.18961310320087,28.239144852270393,131.40025075124674,29.267812587544487,126.84296856839892,28.88640458749924,2.3472151906889613,0.2821556284750201,2.110270740378403,0.2893278327744737,2.0889831635596026,0.28848077821719986,0.06275763821542046,0.01140229877210682,30294060.505523145,2718877.5660915007,28152179.39842701,2305921.0025935834,0.03329094156997019,0.0030504819841255114,3.1151285041662375,0.9806335840067991,0.659301883061985,0.0032832320635880975,0.5989816979651567,0.009937891685677271,0.0,0.0,0.1304008439271645,0.015675312693056685,0.14312771728246385,0.015667488972236923,28.15481762786387,42.93029500005517,3.54000225459642,6.247567641596847,,,,,,,,,,,,,,,,,,,,,,,,,,,,,,,,,,,,,,,,,,,,,,,,,,,,,,,,,,,,,,,,,,,,,,,,,,,,,,,,,,,,,,,,,,,,,,,,,,,,,,,,,,,,,,,,,,,,,,,,,,,,,,,,,,
reliability_first,nominal,PPO_CMDP,5,150.0,0.0,300.0,0.0,250.0,0.0,1.0,0.0,500.0,0.0,1.0,0.0,800.0,0.0,1.0,0.0,982597998.0,371222976.5002785,1.0,0.0,272.14205237999556,4.344263892369205,200.0,0.0,0.006999999999999999,0.0116619037896906,0.8972206394819547,0.0719897983406036,0.8433807979620986,0.0758826896340735,0.537,0.3867893483538553,0.993,0.011661903789690611,0.10277936051804526,0.0719897983406036,0.1566192020379013,0.07588268963407357,0.17314539504845175,0.07227918251284156,20.55587210360906,14.397959668120711,0.10294660470180353,0.07181185522615835,-0.04021272831663856,0.042718276824322714,-0.07118996258156178,0.04013524310450486,0.0005401876299930079,0.00033339404783918404,0.0043633014989604,0.003612873551084431,0.005075018564339268,0.003987421395226404,0.1993539990068079,0.04380408829469054,0.2311899625815618,0.04013524310450487,0.23906233054380252,0.03835375323626561,0.7474866157635349,0.09749507036900285,0.8699491593090501,0.030230946072809847,,,0.999459812370007,0.0003333940478392044,0.0,0.0,0.0,0.0,0.0,0.0,0.8549130169758652,0.049147508418287376,0.7113539855123318,0.08722531191333788,0.1447223733333443,0.04933473114458073,0.06001330243052534,0.00647690927393247,0.00036460969079034003,0.0002902552369369547,2.7870142105446876,0.1863492131058072,19.360000000000003,6.458574920212662,4.821000000000001,1.3573334151931868,19.383000000000003,6.4677489128753285,250.0,0.0,250.0,0.0,250.0,0.0,0.0,0.0,0.0,0.0,550.0,0.0,286.2,24.67711490429949,286.2,24.67711490429949,1.0,0.0,0.0,0.0,,,60.072566250857605,13.350324472455458,77.34896658870349,16.033374706595517,84.92541989691031,15.080749745473096,82.86915714638857,15.454845557161105,2.7870142105446876,0.1863492131058072,2.509101792225777,0.15056531347354163,2.48153715949372,0.14055282707426678,0.059672986671584806,0.00569441817699562,28590051.558948528,3050438.144910835,27080599.660526246,2849811.2990546525,0.03537011835939548,0.003836511217292834,2.0047452236224634,0.41515306215168757,0.6570053111562475,0.0049259344304402085,0.5943952092210283,0.011829215795009729,5.331357388636492e-06,1.0662714777272983e-05,0.15483412280803815,0.010352734061433715,0.16926326319468968,0.012437761584738066,64.75942320929981,9.018482902022242,0.1940575971039156,0.08165190178828827,,,,,,,,,,,,,,,,,,,,,,,,,,,,,,,,,,,,,,,,,,,,,,,,,,,,,,,,,,,,,,,,,,,,,,,,,,,,,,,,,,,,,,,,,,,,,,,,,,,,,,,,,,,,,,,,,,,,,,,,,,,,,,,,,,
